ISO-10303-21;
HEADER;
FILE_DESCRIPTION(('Open CASCADE Model'),'2;1');
FILE_NAME('Open CASCADE Shape Model','2026-08-26T15:58:43',('Author'),(
    'Open CASCADE'),'Open CASCADE STEP processor 7.8','Open CASCADE 7.8'
  ,'Unknown');
FILE_SCHEMA(('AUTOMOTIVE_DESIGN { 1 0 10303 214 1 1 1 1 }'));
ENDSEC;
DATA;
#1 = APPLICATION_PROTOCOL_DEFINITION('international standard',
  'automotive_design',2000,#2);
#2 = APPLICATION_CONTEXT(
  'core data for automotive mechanical design processes');
#3 = SHAPE_DEFINITION_REPRESENTATION(#4,#10);
#4 = PRODUCT_DEFINITION_SHAPE('','',#5);
#5 = PRODUCT_DEFINITION('design','',#6,#9);
#6 = PRODUCT_DEFINITION_FORMATION('','',#7);
#7 = PRODUCT('Open CASCADE STEP translator 7.8 6',
  'Open CASCADE STEP translator 7.8 6','',(#8));
#8 = PRODUCT_CONTEXT('',#2,'mechanical');
#9 = PRODUCT_DEFINITION_CONTEXT('part definition',#2,'design');
#10 = ADVANCED_BREP_SHAPE_REPRESENTATION('',(#11,#15),#2178);
#11 = AXIS2_PLACEMENT_3D('',#12,#13,#14);
#12 = CARTESIAN_POINT('',(0.,0.,0.));
#13 = DIRECTION('',(0.,0.,1.));
#14 = DIRECTION('',(1.,0.,-0.));
#15 = MANIFOLD_SOLID_BREP('',#16);
#16 = CLOSED_SHELL('',(#17,#137,#213,#476,#525,#552,#705,#789,#838,#1680
    ,#1760,#1809,#1862,#1869,#1876,#1903,#2029,#2034,#2092,#2146,#2151)
  );
#17 = ADVANCED_FACE('',(#18),#32,.F.);
#18 = FACE_BOUND('',#19,.F.);
#19 = EDGE_LOOP('',(#20,#55,#83,#111));
#20 = ORIENTED_EDGE('',*,*,#21,.F.);
#21 = EDGE_CURVE('',#22,#24,#26,.T.);
#22 = VERTEX_POINT('',#23);
#23 = CARTESIAN_POINT('',(-12.,16.,0.));
#24 = VERTEX_POINT('',#25);
#25 = CARTESIAN_POINT('',(10.,16.,0.));
#26 = SURFACE_CURVE('',#27,(#31,#43),.PCURVE_S1.);
#27 = LINE('',#28,#29);
#28 = CARTESIAN_POINT('',(-150.,16.,0.));
#29 = VECTOR('',#30,1.);
#30 = DIRECTION('',(1.,0.,0.));
#31 = PCURVE('',#32,#37);
#32 = PLANE('',#33);
#33 = AXIS2_PLACEMENT_3D('',#34,#35,#36);
#34 = CARTESIAN_POINT('',(-70.,9.614285210933E-16,0.));
#35 = DIRECTION('',(0.,0.,1.));
#36 = DIRECTION('',(1.,0.,-0.));
#37 = DEFINITIONAL_REPRESENTATION('',(#38),#42);
#38 = LINE('',#39,#40);
#39 = CARTESIAN_POINT('',(-80.,16.));
#40 = VECTOR('',#41,1.);
#41 = DIRECTION('',(1.,0.));
#42 = ( GEOMETRIC_REPRESENTATION_CONTEXT(2) 
PARAMETRIC_REPRESENTATION_CONTEXT() REPRESENTATION_CONTEXT('2D SPACE',''
  ) );
#43 = PCURVE('',#44,#49);
#44 = PLANE('',#45);
#45 = AXIS2_PLACEMENT_3D('',#46,#47,#48);
#46 = CARTESIAN_POINT('',(-150.,16.,0.));
#47 = DIRECTION('',(0.,1.,0.));
#48 = DIRECTION('',(0.,0.,1.));
#49 = DEFINITIONAL_REPRESENTATION('',(#50),#54);
#50 = LINE('',#51,#52);
#51 = CARTESIAN_POINT('',(0.,0.));
#52 = VECTOR('',#53,1.);
#53 = DIRECTION('',(0.,1.));
#54 = ( GEOMETRIC_REPRESENTATION_CONTEXT(2) 
PARAMETRIC_REPRESENTATION_CONTEXT() REPRESENTATION_CONTEXT('2D SPACE',''
  ) );
#55 = ORIENTED_EDGE('',*,*,#56,.F.);
#56 = EDGE_CURVE('',#57,#22,#59,.T.);
#57 = VERTEX_POINT('',#58);
#58 = CARTESIAN_POINT('',(-12.,-16.,0.));
#59 = SURFACE_CURVE('',#60,(#64,#71),.PCURVE_S1.);
#60 = LINE('',#61,#62);
#61 = CARTESIAN_POINT('',(-12.,-16.,0.));
#62 = VECTOR('',#63,1.);
#63 = DIRECTION('',(0.,1.,0.));
#64 = PCURVE('',#32,#65);
#65 = DEFINITIONAL_REPRESENTATION('',(#66),#70);
#66 = LINE('',#67,#68);
#67 = CARTESIAN_POINT('',(58.,-16.));
#68 = VECTOR('',#69,1.);
#69 = DIRECTION('',(0.,1.));
#70 = ( GEOMETRIC_REPRESENTATION_CONTEXT(2) 
PARAMETRIC_REPRESENTATION_CONTEXT() REPRESENTATION_CONTEXT('2D SPACE',''
  ) );
#71 = PCURVE('',#72,#77);
#72 = PLANE('',#73);
#73 = AXIS2_PLACEMENT_3D('',#74,#75,#76);
#74 = CARTESIAN_POINT('',(-12.,-16.,0.));
#75 = DIRECTION('',(1.,0.,0.));
#76 = DIRECTION('',(0.,0.,1.));
#77 = DEFINITIONAL_REPRESENTATION('',(#78),#82);
#78 = LINE('',#79,#80);
#79 = CARTESIAN_POINT('',(0.,0.));
#80 = VECTOR('',#81,1.);
#81 = DIRECTION('',(0.,-1.));
#82 = ( GEOMETRIC_REPRESENTATION_CONTEXT(2) 
PARAMETRIC_REPRESENTATION_CONTEXT() REPRESENTATION_CONTEXT('2D SPACE',''
  ) );
#83 = ORIENTED_EDGE('',*,*,#84,.T.);
#84 = EDGE_CURVE('',#57,#85,#87,.T.);
#85 = VERTEX_POINT('',#86);
#86 = CARTESIAN_POINT('',(10.,-16.,0.));
#87 = SURFACE_CURVE('',#88,(#92,#99),.PCURVE_S1.);
#88 = LINE('',#89,#90);
#89 = CARTESIAN_POINT('',(-150.,-16.,0.));
#90 = VECTOR('',#91,1.);
#91 = DIRECTION('',(1.,0.,0.));
#92 = PCURVE('',#32,#93);
#93 = DEFINITIONAL_REPRESENTATION('',(#94),#98);
#94 = LINE('',#95,#96);
#95 = CARTESIAN_POINT('',(-80.,-16.));
#96 = VECTOR('',#97,1.);
#97 = DIRECTION('',(1.,0.));
#98 = ( GEOMETRIC_REPRESENTATION_CONTEXT(2) 
PARAMETRIC_REPRESENTATION_CONTEXT() REPRESENTATION_CONTEXT('2D SPACE',''
  ) );
#99 = PCURVE('',#100,#105);
#100 = PLANE('',#101);
#101 = AXIS2_PLACEMENT_3D('',#102,#103,#104);
#102 = CARTESIAN_POINT('',(-150.,-16.,0.));
#103 = DIRECTION('',(0.,1.,0.));
#104 = DIRECTION('',(0.,0.,1.));
#105 = DEFINITIONAL_REPRESENTATION('',(#106),#110);
#106 = LINE('',#107,#108);
#107 = CARTESIAN_POINT('',(0.,0.));
#108 = VECTOR('',#109,1.);
#109 = DIRECTION('',(0.,1.));
#110 = ( GEOMETRIC_REPRESENTATION_CONTEXT(2) 
PARAMETRIC_REPRESENTATION_CONTEXT() REPRESENTATION_CONTEXT('2D SPACE',''
  ) );
#111 = ORIENTED_EDGE('',*,*,#112,.T.);
#112 = EDGE_CURVE('',#85,#24,#113,.T.);
#113 = SURFACE_CURVE('',#114,(#118,#125),.PCURVE_S1.);
#114 = LINE('',#115,#116);
#115 = CARTESIAN_POINT('',(10.,-16.,0.));
#116 = VECTOR('',#117,1.);
#117 = DIRECTION('',(0.,1.,0.));
#118 = PCURVE('',#32,#119);
#119 = DEFINITIONAL_REPRESENTATION('',(#120),#124);
#120 = LINE('',#121,#122);
#121 = CARTESIAN_POINT('',(80.,-16.));
#122 = VECTOR('',#123,1.);
#123 = DIRECTION('',(0.,1.));
#124 = ( GEOMETRIC_REPRESENTATION_CONTEXT(2) 
PARAMETRIC_REPRESENTATION_CONTEXT() REPRESENTATION_CONTEXT('2D SPACE',''
  ) );
#125 = PCURVE('',#126,#131);
#126 = PLANE('',#127);
#127 = AXIS2_PLACEMENT_3D('',#128,#129,#130);
#128 = CARTESIAN_POINT('',(10.,-16.,0.));
#129 = DIRECTION('',(1.,0.,0.));
#130 = DIRECTION('',(0.,0.,1.));
#131 = DEFINITIONAL_REPRESENTATION('',(#132),#136);
#132 = LINE('',#133,#134);
#133 = CARTESIAN_POINT('',(0.,0.));
#134 = VECTOR('',#135,1.);
#135 = DIRECTION('',(0.,-1.));
#136 = ( GEOMETRIC_REPRESENTATION_CONTEXT(2) 
PARAMETRIC_REPRESENTATION_CONTEXT() REPRESENTATION_CONTEXT('2D SPACE',''
  ) );
#137 = ADVANCED_FACE('',(#138),#44,.T.);
#138 = FACE_BOUND('',#139,.T.);
#139 = EDGE_LOOP('',(#140,#141,#164,#192));
#140 = ORIENTED_EDGE('',*,*,#21,.F.);
#141 = ORIENTED_EDGE('',*,*,#142,.T.);
#142 = EDGE_CURVE('',#22,#143,#145,.T.);
#143 = VERTEX_POINT('',#144);
#144 = CARTESIAN_POINT('',(-12.,16.,7.5));
#145 = SURFACE_CURVE('',#146,(#150,#157),.PCURVE_S1.);
#146 = LINE('',#147,#148);
#147 = CARTESIAN_POINT('',(-12.,16.,0.));
#148 = VECTOR('',#149,1.);
#149 = DIRECTION('',(0.,0.,1.));
#150 = PCURVE('',#44,#151);
#151 = DEFINITIONAL_REPRESENTATION('',(#152),#156);
#152 = LINE('',#153,#154);
#153 = CARTESIAN_POINT('',(0.,138.));
#154 = VECTOR('',#155,1.);
#155 = DIRECTION('',(1.,0.));
#156 = ( GEOMETRIC_REPRESENTATION_CONTEXT(2) 
PARAMETRIC_REPRESENTATION_CONTEXT() REPRESENTATION_CONTEXT('2D SPACE',''
  ) );
#157 = PCURVE('',#72,#158);
#158 = DEFINITIONAL_REPRESENTATION('',(#159),#163);
#159 = LINE('',#160,#161);
#160 = CARTESIAN_POINT('',(0.,-32.));
#161 = VECTOR('',#162,1.);
#162 = DIRECTION('',(1.,0.));
#163 = ( GEOMETRIC_REPRESENTATION_CONTEXT(2) 
PARAMETRIC_REPRESENTATION_CONTEXT() REPRESENTATION_CONTEXT('2D SPACE',''
  ) );
#164 = ORIENTED_EDGE('',*,*,#165,.T.);
#165 = EDGE_CURVE('',#143,#166,#168,.T.);
#166 = VERTEX_POINT('',#167);
#167 = CARTESIAN_POINT('',(10.,16.,7.5));
#168 = SURFACE_CURVE('',#169,(#173,#180),.PCURVE_S1.);
#169 = LINE('',#170,#171);
#170 = CARTESIAN_POINT('',(-150.,16.,7.5));
#171 = VECTOR('',#172,1.);
#172 = DIRECTION('',(1.,0.,0.));
#173 = PCURVE('',#44,#174);
#174 = DEFINITIONAL_REPRESENTATION('',(#175),#179);
#175 = LINE('',#176,#177);
#176 = CARTESIAN_POINT('',(7.5,0.));
#177 = VECTOR('',#178,1.);
#178 = DIRECTION('',(0.,1.));
#179 = ( GEOMETRIC_REPRESENTATION_CONTEXT(2) 
PARAMETRIC_REPRESENTATION_CONTEXT() REPRESENTATION_CONTEXT('2D SPACE',''
  ) );
#180 = PCURVE('',#181,#186);
#181 = PLANE('',#182);
#182 = AXIS2_PLACEMENT_3D('',#183,#184,#185);
#183 = CARTESIAN_POINT('',(-150.,-16.,7.5));
#184 = DIRECTION('',(0.,0.,1.));
#185 = DIRECTION('',(1.,0.,0.));
#186 = DEFINITIONAL_REPRESENTATION('',(#187),#191);
#187 = LINE('',#188,#189);
#188 = CARTESIAN_POINT('',(0.,32.));
#189 = VECTOR('',#190,1.);
#190 = DIRECTION('',(1.,0.));
#191 = ( GEOMETRIC_REPRESENTATION_CONTEXT(2) 
PARAMETRIC_REPRESENTATION_CONTEXT() REPRESENTATION_CONTEXT('2D SPACE',''
  ) );
#192 = ORIENTED_EDGE('',*,*,#193,.F.);
#193 = EDGE_CURVE('',#24,#166,#194,.T.);
#194 = SURFACE_CURVE('',#195,(#199,#206),.PCURVE_S1.);
#195 = LINE('',#196,#197);
#196 = CARTESIAN_POINT('',(10.,16.,0.));
#197 = VECTOR('',#198,1.);
#198 = DIRECTION('',(0.,0.,1.));
#199 = PCURVE('',#44,#200);
#200 = DEFINITIONAL_REPRESENTATION('',(#201),#205);
#201 = LINE('',#202,#203);
#202 = CARTESIAN_POINT('',(0.,160.));
#203 = VECTOR('',#204,1.);
#204 = DIRECTION('',(1.,0.));
#205 = ( GEOMETRIC_REPRESENTATION_CONTEXT(2) 
PARAMETRIC_REPRESENTATION_CONTEXT() REPRESENTATION_CONTEXT('2D SPACE',''
  ) );
#206 = PCURVE('',#126,#207);
#207 = DEFINITIONAL_REPRESENTATION('',(#208),#212);
#208 = LINE('',#209,#210);
#209 = CARTESIAN_POINT('',(0.,-32.));
#210 = VECTOR('',#211,1.);
#211 = DIRECTION('',(1.,0.));
#212 = ( GEOMETRIC_REPRESENTATION_CONTEXT(2) 
PARAMETRIC_REPRESENTATION_CONTEXT() REPRESENTATION_CONTEXT('2D SPACE',''
  ) );
#213 = ADVANCED_FACE('',(#214),#126,.T.);
#214 = FACE_BOUND('',#215,.T.);
#215 = EDGE_LOOP('',(#216,#239,#240,#241,#264,#292,#320,#348,#371,#399,
    #427,#455));
#216 = ORIENTED_EDGE('',*,*,#217,.F.);
#217 = EDGE_CURVE('',#85,#218,#220,.T.);
#218 = VERTEX_POINT('',#219);
#219 = CARTESIAN_POINT('',(10.,-16.,7.5));
#220 = SURFACE_CURVE('',#221,(#225,#232),.PCURVE_S1.);
#221 = LINE('',#222,#223);
#222 = CARTESIAN_POINT('',(10.,-16.,0.));
#223 = VECTOR('',#224,1.);
#224 = DIRECTION('',(0.,0.,1.));
#225 = PCURVE('',#126,#226);
#226 = DEFINITIONAL_REPRESENTATION('',(#227),#231);
#227 = LINE('',#228,#229);
#228 = CARTESIAN_POINT('',(0.,0.));
#229 = VECTOR('',#230,1.);
#230 = DIRECTION('',(1.,0.));
#231 = ( GEOMETRIC_REPRESENTATION_CONTEXT(2) 
PARAMETRIC_REPRESENTATION_CONTEXT() REPRESENTATION_CONTEXT('2D SPACE',''
  ) );
#232 = PCURVE('',#100,#233);
#233 = DEFINITIONAL_REPRESENTATION('',(#234),#238);
#234 = LINE('',#235,#236);
#235 = CARTESIAN_POINT('',(0.,160.));
#236 = VECTOR('',#237,1.);
#237 = DIRECTION('',(1.,0.));
#238 = ( GEOMETRIC_REPRESENTATION_CONTEXT(2) 
PARAMETRIC_REPRESENTATION_CONTEXT() REPRESENTATION_CONTEXT('2D SPACE',''
  ) );
#239 = ORIENTED_EDGE('',*,*,#112,.T.);
#240 = ORIENTED_EDGE('',*,*,#193,.T.);
#241 = ORIENTED_EDGE('',*,*,#242,.F.);
#242 = EDGE_CURVE('',#243,#166,#245,.T.);
#243 = VERTEX_POINT('',#244);
#244 = CARTESIAN_POINT('',(10.,8.3,7.5));
#245 = SURFACE_CURVE('',#246,(#250,#257),.PCURVE_S1.);
#246 = LINE('',#247,#248);
#247 = CARTESIAN_POINT('',(10.,-16.,7.5));
#248 = VECTOR('',#249,1.);
#249 = DIRECTION('',(0.,1.,0.));
#250 = PCURVE('',#126,#251);
#251 = DEFINITIONAL_REPRESENTATION('',(#252),#256);
#252 = LINE('',#253,#254);
#253 = CARTESIAN_POINT('',(7.5,0.));
#254 = VECTOR('',#255,1.);
#255 = DIRECTION('',(0.,-1.));
#256 = ( GEOMETRIC_REPRESENTATION_CONTEXT(2) 
PARAMETRIC_REPRESENTATION_CONTEXT() REPRESENTATION_CONTEXT('2D SPACE',''
  ) );
#257 = PCURVE('',#181,#258);
#258 = DEFINITIONAL_REPRESENTATION('',(#259),#263);
#259 = LINE('',#260,#261);
#260 = CARTESIAN_POINT('',(160.,0.));
#261 = VECTOR('',#262,1.);
#262 = DIRECTION('',(0.,1.));
#263 = ( GEOMETRIC_REPRESENTATION_CONTEXT(2) 
PARAMETRIC_REPRESENTATION_CONTEXT() REPRESENTATION_CONTEXT('2D SPACE',''
  ) );
#264 = ORIENTED_EDGE('',*,*,#265,.T.);
#265 = EDGE_CURVE('',#243,#266,#268,.T.);
#266 = VERTEX_POINT('',#267);
#267 = CARTESIAN_POINT('',(10.,8.3,37.5));
#268 = SURFACE_CURVE('',#269,(#273,#280),.PCURVE_S1.);
#269 = LINE('',#270,#271);
#270 = CARTESIAN_POINT('',(10.,8.3,7.5));
#271 = VECTOR('',#272,1.);
#272 = DIRECTION('',(0.,0.,1.));
#273 = PCURVE('',#126,#274);
#274 = DEFINITIONAL_REPRESENTATION('',(#275),#279);
#275 = LINE('',#276,#277);
#276 = CARTESIAN_POINT('',(7.5,-24.3));
#277 = VECTOR('',#278,1.);
#278 = DIRECTION('',(1.,0.));
#279 = ( GEOMETRIC_REPRESENTATION_CONTEXT(2) 
PARAMETRIC_REPRESENTATION_CONTEXT() REPRESENTATION_CONTEXT('2D SPACE',''
  ) );
#280 = PCURVE('',#281,#286);
#281 = PLANE('',#282);
#282 = AXIS2_PLACEMENT_3D('',#283,#284,#285);
#283 = CARTESIAN_POINT('',(-10.,8.3,7.5));
#284 = DIRECTION('',(0.,1.,0.));
#285 = DIRECTION('',(0.,0.,1.));
#286 = DEFINITIONAL_REPRESENTATION('',(#287),#291);
#287 = LINE('',#288,#289);
#288 = CARTESIAN_POINT('',(0.,20.));
#289 = VECTOR('',#290,1.);
#290 = DIRECTION('',(1.,0.));
#291 = ( GEOMETRIC_REPRESENTATION_CONTEXT(2) 
PARAMETRIC_REPRESENTATION_CONTEXT() REPRESENTATION_CONTEXT('2D SPACE',''
  ) );
#292 = ORIENTED_EDGE('',*,*,#293,.F.);
#293 = EDGE_CURVE('',#294,#266,#296,.T.);
#294 = VERTEX_POINT('',#295);
#295 = CARTESIAN_POINT('',(10.,4.1,37.5));
#296 = SURFACE_CURVE('',#297,(#301,#308),.PCURVE_S1.);
#297 = LINE('',#298,#299);
#298 = CARTESIAN_POINT('',(10.,4.1,37.5));
#299 = VECTOR('',#300,1.);
#300 = DIRECTION('',(0.,1.,0.));
#301 = PCURVE('',#126,#302);
#302 = DEFINITIONAL_REPRESENTATION('',(#303),#307);
#303 = LINE('',#304,#305);
#304 = CARTESIAN_POINT('',(37.5,-20.1));
#305 = VECTOR('',#306,1.);
#306 = DIRECTION('',(0.,-1.));
#307 = ( GEOMETRIC_REPRESENTATION_CONTEXT(2) 
PARAMETRIC_REPRESENTATION_CONTEXT() REPRESENTATION_CONTEXT('2D SPACE',''
  ) );
#308 = PCURVE('',#309,#314);
#309 = PLANE('',#310);
#310 = AXIS2_PLACEMENT_3D('',#311,#312,#313);
#311 = CARTESIAN_POINT('',(-10.,4.1,37.5));
#312 = DIRECTION('',(0.,0.,1.));
#313 = DIRECTION('',(1.,0.,0.));
#314 = DEFINITIONAL_REPRESENTATION('',(#315),#319);
#315 = LINE('',#316,#317);
#316 = CARTESIAN_POINT('',(20.,0.));
#317 = VECTOR('',#318,1.);
#318 = DIRECTION('',(0.,1.));
#319 = ( GEOMETRIC_REPRESENTATION_CONTEXT(2) 
PARAMETRIC_REPRESENTATION_CONTEXT() REPRESENTATION_CONTEXT('2D SPACE',''
  ) );
#320 = ORIENTED_EDGE('',*,*,#321,.F.);
#321 = EDGE_CURVE('',#322,#294,#324,.T.);
#322 = VERTEX_POINT('',#323);
#323 = CARTESIAN_POINT('',(10.,4.1,7.5));
#324 = SURFACE_CURVE('',#325,(#329,#336),.PCURVE_S1.);
#325 = LINE('',#326,#327);
#326 = CARTESIAN_POINT('',(10.,4.1,7.5));
#327 = VECTOR('',#328,1.);
#328 = DIRECTION('',(0.,0.,1.));
#329 = PCURVE('',#126,#330);
#330 = DEFINITIONAL_REPRESENTATION('',(#331),#335);
#331 = LINE('',#332,#333);
#332 = CARTESIAN_POINT('',(7.5,-20.1));
#333 = VECTOR('',#334,1.);
#334 = DIRECTION('',(1.,0.));
#335 = ( GEOMETRIC_REPRESENTATION_CONTEXT(2) 
PARAMETRIC_REPRESENTATION_CONTEXT() REPRESENTATION_CONTEXT('2D SPACE',''
  ) );
#336 = PCURVE('',#337,#342);
#337 = PLANE('',#338);
#338 = AXIS2_PLACEMENT_3D('',#339,#340,#341);
#339 = CARTESIAN_POINT('',(-10.,4.1,7.5));
#340 = DIRECTION('',(0.,1.,0.));
#341 = DIRECTION('',(0.,0.,1.));
#342 = DEFINITIONAL_REPRESENTATION('',(#343),#347);
#343 = LINE('',#344,#345);
#344 = CARTESIAN_POINT('',(0.,20.));
#345 = VECTOR('',#346,1.);
#346 = DIRECTION('',(1.,0.));
#347 = ( GEOMETRIC_REPRESENTATION_CONTEXT(2) 
PARAMETRIC_REPRESENTATION_CONTEXT() REPRESENTATION_CONTEXT('2D SPACE',''
  ) );
#348 = ORIENTED_EDGE('',*,*,#349,.F.);
#349 = EDGE_CURVE('',#350,#322,#352,.T.);
#350 = VERTEX_POINT('',#351);
#351 = CARTESIAN_POINT('',(10.,-4.1,7.5));
#352 = SURFACE_CURVE('',#353,(#357,#364),.PCURVE_S1.);
#353 = LINE('',#354,#355);
#354 = CARTESIAN_POINT('',(10.,-16.,7.5));
#355 = VECTOR('',#356,1.);
#356 = DIRECTION('',(0.,1.,0.));
#357 = PCURVE('',#126,#358);
#358 = DEFINITIONAL_REPRESENTATION('',(#359),#363);
#359 = LINE('',#360,#361);
#360 = CARTESIAN_POINT('',(7.5,0.));
#361 = VECTOR('',#362,1.);
#362 = DIRECTION('',(0.,-1.));
#363 = ( GEOMETRIC_REPRESENTATION_CONTEXT(2) 
PARAMETRIC_REPRESENTATION_CONTEXT() REPRESENTATION_CONTEXT('2D SPACE',''
  ) );
#364 = PCURVE('',#181,#365);
#365 = DEFINITIONAL_REPRESENTATION('',(#366),#370);
#366 = LINE('',#367,#368);
#367 = CARTESIAN_POINT('',(160.,0.));
#368 = VECTOR('',#369,1.);
#369 = DIRECTION('',(0.,1.));
#370 = ( GEOMETRIC_REPRESENTATION_CONTEXT(2) 
PARAMETRIC_REPRESENTATION_CONTEXT() REPRESENTATION_CONTEXT('2D SPACE',''
  ) );
#371 = ORIENTED_EDGE('',*,*,#372,.T.);
#372 = EDGE_CURVE('',#350,#373,#375,.T.);
#373 = VERTEX_POINT('',#374);
#374 = CARTESIAN_POINT('',(10.,-4.1,37.5));
#375 = SURFACE_CURVE('',#376,(#380,#387),.PCURVE_S1.);
#376 = LINE('',#377,#378);
#377 = CARTESIAN_POINT('',(10.,-4.1,7.5));
#378 = VECTOR('',#379,1.);
#379 = DIRECTION('',(0.,0.,1.));
#380 = PCURVE('',#126,#381);
#381 = DEFINITIONAL_REPRESENTATION('',(#382),#386);
#382 = LINE('',#383,#384);
#383 = CARTESIAN_POINT('',(7.5,-11.9));
#384 = VECTOR('',#385,1.);
#385 = DIRECTION('',(1.,0.));
#386 = ( GEOMETRIC_REPRESENTATION_CONTEXT(2) 
PARAMETRIC_REPRESENTATION_CONTEXT() REPRESENTATION_CONTEXT('2D SPACE',''
  ) );
#387 = PCURVE('',#388,#393);
#388 = PLANE('',#389);
#389 = AXIS2_PLACEMENT_3D('',#390,#391,#392);
#390 = CARTESIAN_POINT('',(-10.,-4.1,7.5));
#391 = DIRECTION('',(0.,1.,0.));
#392 = DIRECTION('',(0.,0.,1.));
#393 = DEFINITIONAL_REPRESENTATION('',(#394),#398);
#394 = LINE('',#395,#396);
#395 = CARTESIAN_POINT('',(0.,20.));
#396 = VECTOR('',#397,1.);
#397 = DIRECTION('',(1.,0.));
#398 = ( GEOMETRIC_REPRESENTATION_CONTEXT(2) 
PARAMETRIC_REPRESENTATION_CONTEXT() REPRESENTATION_CONTEXT('2D SPACE',''
  ) );
#399 = ORIENTED_EDGE('',*,*,#400,.F.);
#400 = EDGE_CURVE('',#401,#373,#403,.T.);
#401 = VERTEX_POINT('',#402);
#402 = CARTESIAN_POINT('',(10.,-8.3,37.5));
#403 = SURFACE_CURVE('',#404,(#408,#415),.PCURVE_S1.);
#404 = LINE('',#405,#406);
#405 = CARTESIAN_POINT('',(10.,-8.3,37.5));
#406 = VECTOR('',#407,1.);
#407 = DIRECTION('',(0.,1.,0.));
#408 = PCURVE('',#126,#409);
#409 = DEFINITIONAL_REPRESENTATION('',(#410),#414);
#410 = LINE('',#411,#412);
#411 = CARTESIAN_POINT('',(37.5,-7.7));
#412 = VECTOR('',#413,1.);
#413 = DIRECTION('',(0.,-1.));
#414 = ( GEOMETRIC_REPRESENTATION_CONTEXT(2) 
PARAMETRIC_REPRESENTATION_CONTEXT() REPRESENTATION_CONTEXT('2D SPACE',''
  ) );
#415 = PCURVE('',#416,#421);
#416 = PLANE('',#417);
#417 = AXIS2_PLACEMENT_3D('',#418,#419,#420);
#418 = CARTESIAN_POINT('',(-10.,-8.3,37.5));
#419 = DIRECTION('',(0.,0.,1.));
#420 = DIRECTION('',(1.,0.,0.));
#421 = DEFINITIONAL_REPRESENTATION('',(#422),#426);
#422 = LINE('',#423,#424);
#423 = CARTESIAN_POINT('',(20.,0.));
#424 = VECTOR('',#425,1.);
#425 = DIRECTION('',(0.,1.));
#426 = ( GEOMETRIC_REPRESENTATION_CONTEXT(2) 
PARAMETRIC_REPRESENTATION_CONTEXT() REPRESENTATION_CONTEXT('2D SPACE',''
  ) );
#427 = ORIENTED_EDGE('',*,*,#428,.F.);
#428 = EDGE_CURVE('',#429,#401,#431,.T.);
#429 = VERTEX_POINT('',#430);
#430 = CARTESIAN_POINT('',(10.,-8.3,7.5));
#431 = SURFACE_CURVE('',#432,(#436,#443),.PCURVE_S1.);
#432 = LINE('',#433,#434);
#433 = CARTESIAN_POINT('',(10.,-8.3,7.5));
#434 = VECTOR('',#435,1.);
#435 = DIRECTION('',(0.,0.,1.));
#436 = PCURVE('',#126,#437);
#437 = DEFINITIONAL_REPRESENTATION('',(#438),#442);
#438 = LINE('',#439,#440);
#439 = CARTESIAN_POINT('',(7.5,-7.7));
#440 = VECTOR('',#441,1.);
#441 = DIRECTION('',(1.,0.));
#442 = ( GEOMETRIC_REPRESENTATION_CONTEXT(2) 
PARAMETRIC_REPRESENTATION_CONTEXT() REPRESENTATION_CONTEXT('2D SPACE',''
  ) );
#443 = PCURVE('',#444,#449);
#444 = PLANE('',#445);
#445 = AXIS2_PLACEMENT_3D('',#446,#447,#448);
#446 = CARTESIAN_POINT('',(-10.,-8.3,7.5));
#447 = DIRECTION('',(0.,1.,0.));
#448 = DIRECTION('',(0.,0.,1.));
#449 = DEFINITIONAL_REPRESENTATION('',(#450),#454);
#450 = LINE('',#451,#452);
#451 = CARTESIAN_POINT('',(0.,20.));
#452 = VECTOR('',#453,1.);
#453 = DIRECTION('',(1.,0.));
#454 = ( GEOMETRIC_REPRESENTATION_CONTEXT(2) 
PARAMETRIC_REPRESENTATION_CONTEXT() REPRESENTATION_CONTEXT('2D SPACE',''
  ) );
#455 = ORIENTED_EDGE('',*,*,#456,.F.);
#456 = EDGE_CURVE('',#218,#429,#457,.T.);
#457 = SURFACE_CURVE('',#458,(#462,#469),.PCURVE_S1.);
#458 = LINE('',#459,#460);
#459 = CARTESIAN_POINT('',(10.,-16.,7.5));
#460 = VECTOR('',#461,1.);
#461 = DIRECTION('',(0.,1.,0.));
#462 = PCURVE('',#126,#463);
#463 = DEFINITIONAL_REPRESENTATION('',(#464),#468);
#464 = LINE('',#465,#466);
#465 = CARTESIAN_POINT('',(7.5,0.));
#466 = VECTOR('',#467,1.);
#467 = DIRECTION('',(0.,-1.));
#468 = ( GEOMETRIC_REPRESENTATION_CONTEXT(2) 
PARAMETRIC_REPRESENTATION_CONTEXT() REPRESENTATION_CONTEXT('2D SPACE',''
  ) );
#469 = PCURVE('',#181,#470);
#470 = DEFINITIONAL_REPRESENTATION('',(#471),#475);
#471 = LINE('',#472,#473);
#472 = CARTESIAN_POINT('',(160.,0.));
#473 = VECTOR('',#474,1.);
#474 = DIRECTION('',(0.,1.));
#475 = ( GEOMETRIC_REPRESENTATION_CONTEXT(2) 
PARAMETRIC_REPRESENTATION_CONTEXT() REPRESENTATION_CONTEXT('2D SPACE',''
  ) );
#476 = ADVANCED_FACE('',(#477),#100,.F.);
#477 = FACE_BOUND('',#478,.F.);
#478 = EDGE_LOOP('',(#479,#480,#503,#524));
#479 = ORIENTED_EDGE('',*,*,#84,.F.);
#480 = ORIENTED_EDGE('',*,*,#481,.T.);
#481 = EDGE_CURVE('',#57,#482,#484,.T.);
#482 = VERTEX_POINT('',#483);
#483 = CARTESIAN_POINT('',(-12.,-16.,7.5));
#484 = SURFACE_CURVE('',#485,(#489,#496),.PCURVE_S1.);
#485 = LINE('',#486,#487);
#486 = CARTESIAN_POINT('',(-12.,-16.,0.));
#487 = VECTOR('',#488,1.);
#488 = DIRECTION('',(0.,0.,1.));
#489 = PCURVE('',#100,#490);
#490 = DEFINITIONAL_REPRESENTATION('',(#491),#495);
#491 = LINE('',#492,#493);
#492 = CARTESIAN_POINT('',(0.,138.));
#493 = VECTOR('',#494,1.);
#494 = DIRECTION('',(1.,0.));
#495 = ( GEOMETRIC_REPRESENTATION_CONTEXT(2) 
PARAMETRIC_REPRESENTATION_CONTEXT() REPRESENTATION_CONTEXT('2D SPACE',''
  ) );
#496 = PCURVE('',#72,#497);
#497 = DEFINITIONAL_REPRESENTATION('',(#498),#502);
#498 = LINE('',#499,#500);
#499 = CARTESIAN_POINT('',(0.,0.));
#500 = VECTOR('',#501,1.);
#501 = DIRECTION('',(1.,0.));
#502 = ( GEOMETRIC_REPRESENTATION_CONTEXT(2) 
PARAMETRIC_REPRESENTATION_CONTEXT() REPRESENTATION_CONTEXT('2D SPACE',''
  ) );
#503 = ORIENTED_EDGE('',*,*,#504,.T.);
#504 = EDGE_CURVE('',#482,#218,#505,.T.);
#505 = SURFACE_CURVE('',#506,(#510,#517),.PCURVE_S1.);
#506 = LINE('',#507,#508);
#507 = CARTESIAN_POINT('',(-150.,-16.,7.5));
#508 = VECTOR('',#509,1.);
#509 = DIRECTION('',(1.,0.,0.));
#510 = PCURVE('',#100,#511);
#511 = DEFINITIONAL_REPRESENTATION('',(#512),#516);
#512 = LINE('',#513,#514);
#513 = CARTESIAN_POINT('',(7.5,0.));
#514 = VECTOR('',#515,1.);
#515 = DIRECTION('',(0.,1.));
#516 = ( GEOMETRIC_REPRESENTATION_CONTEXT(2) 
PARAMETRIC_REPRESENTATION_CONTEXT() REPRESENTATION_CONTEXT('2D SPACE',''
  ) );
#517 = PCURVE('',#181,#518);
#518 = DEFINITIONAL_REPRESENTATION('',(#519),#523);
#519 = LINE('',#520,#521);
#520 = CARTESIAN_POINT('',(0.,0.));
#521 = VECTOR('',#522,1.);
#522 = DIRECTION('',(1.,0.));
#523 = ( GEOMETRIC_REPRESENTATION_CONTEXT(2) 
PARAMETRIC_REPRESENTATION_CONTEXT() REPRESENTATION_CONTEXT('2D SPACE',''
  ) );
#524 = ORIENTED_EDGE('',*,*,#217,.F.);
#525 = ADVANCED_FACE('',(#526),#72,.F.);
#526 = FACE_BOUND('',#527,.F.);
#527 = EDGE_LOOP('',(#528,#529,#530,#531));
#528 = ORIENTED_EDGE('',*,*,#481,.F.);
#529 = ORIENTED_EDGE('',*,*,#56,.T.);
#530 = ORIENTED_EDGE('',*,*,#142,.T.);
#531 = ORIENTED_EDGE('',*,*,#532,.F.);
#532 = EDGE_CURVE('',#482,#143,#533,.T.);
#533 = SURFACE_CURVE('',#534,(#538,#545),.PCURVE_S1.);
#534 = LINE('',#535,#536);
#535 = CARTESIAN_POINT('',(-12.,-16.,7.5));
#536 = VECTOR('',#537,1.);
#537 = DIRECTION('',(0.,1.,0.));
#538 = PCURVE('',#72,#539);
#539 = DEFINITIONAL_REPRESENTATION('',(#540),#544);
#540 = LINE('',#541,#542);
#541 = CARTESIAN_POINT('',(7.5,0.));
#542 = VECTOR('',#543,1.);
#543 = DIRECTION('',(0.,-1.));
#544 = ( GEOMETRIC_REPRESENTATION_CONTEXT(2) 
PARAMETRIC_REPRESENTATION_CONTEXT() REPRESENTATION_CONTEXT('2D SPACE',''
  ) );
#545 = PCURVE('',#181,#546);
#546 = DEFINITIONAL_REPRESENTATION('',(#547),#551);
#547 = LINE('',#548,#549);
#548 = CARTESIAN_POINT('',(138.,0.));
#549 = VECTOR('',#550,1.);
#550 = DIRECTION('',(0.,1.));
#551 = ( GEOMETRIC_REPRESENTATION_CONTEXT(2) 
PARAMETRIC_REPRESENTATION_CONTEXT() REPRESENTATION_CONTEXT('2D SPACE',''
  ) );
#552 = ADVANCED_FACE('',(#553),#181,.T.);
#553 = FACE_BOUND('',#554,.T.);
#554 = EDGE_LOOP('',(#555,#556,#557,#558,#559,#582,#610,#631,#632,#655,
    #683,#704));
#555 = ORIENTED_EDGE('',*,*,#165,.F.);
#556 = ORIENTED_EDGE('',*,*,#532,.F.);
#557 = ORIENTED_EDGE('',*,*,#504,.T.);
#558 = ORIENTED_EDGE('',*,*,#456,.T.);
#559 = ORIENTED_EDGE('',*,*,#560,.F.);
#560 = EDGE_CURVE('',#561,#429,#563,.T.);
#561 = VERTEX_POINT('',#562);
#562 = CARTESIAN_POINT('',(-10.,-8.3,7.5));
#563 = SURFACE_CURVE('',#564,(#568,#575),.PCURVE_S1.);
#564 = LINE('',#565,#566);
#565 = CARTESIAN_POINT('',(-10.,-8.3,7.5));
#566 = VECTOR('',#567,1.);
#567 = DIRECTION('',(1.,0.,0.));
#568 = PCURVE('',#181,#569);
#569 = DEFINITIONAL_REPRESENTATION('',(#570),#574);
#570 = LINE('',#571,#572);
#571 = CARTESIAN_POINT('',(140.,7.7));
#572 = VECTOR('',#573,1.);
#573 = DIRECTION('',(1.,0.));
#574 = ( GEOMETRIC_REPRESENTATION_CONTEXT(2) 
PARAMETRIC_REPRESENTATION_CONTEXT() REPRESENTATION_CONTEXT('2D SPACE',''
  ) );
#575 = PCURVE('',#444,#576);
#576 = DEFINITIONAL_REPRESENTATION('',(#577),#581);
#577 = LINE('',#578,#579);
#578 = CARTESIAN_POINT('',(0.,0.));
#579 = VECTOR('',#580,1.);
#580 = DIRECTION('',(0.,1.));
#581 = ( GEOMETRIC_REPRESENTATION_CONTEXT(2) 
PARAMETRIC_REPRESENTATION_CONTEXT() REPRESENTATION_CONTEXT('2D SPACE',''
  ) );
#582 = ORIENTED_EDGE('',*,*,#583,.T.);
#583 = EDGE_CURVE('',#561,#584,#586,.T.);
#584 = VERTEX_POINT('',#585);
#585 = CARTESIAN_POINT('',(-10.,-4.1,7.5));
#586 = SURFACE_CURVE('',#587,(#591,#598),.PCURVE_S1.);
#587 = LINE('',#588,#589);
#588 = CARTESIAN_POINT('',(-10.,-8.3,7.5));
#589 = VECTOR('',#590,1.);
#590 = DIRECTION('',(0.,1.,0.));
#591 = PCURVE('',#181,#592);
#592 = DEFINITIONAL_REPRESENTATION('',(#593),#597);
#593 = LINE('',#594,#595);
#594 = CARTESIAN_POINT('',(140.,7.7));
#595 = VECTOR('',#596,1.);
#596 = DIRECTION('',(0.,1.));
#597 = ( GEOMETRIC_REPRESENTATION_CONTEXT(2) 
PARAMETRIC_REPRESENTATION_CONTEXT() REPRESENTATION_CONTEXT('2D SPACE',''
  ) );
#598 = PCURVE('',#599,#604);
#599 = PLANE('',#600);
#600 = AXIS2_PLACEMENT_3D('',#601,#602,#603);
#601 = CARTESIAN_POINT('',(-10.,-8.3,7.5));
#602 = DIRECTION('',(1.,0.,0.));
#603 = DIRECTION('',(0.,0.,1.));
#604 = DEFINITIONAL_REPRESENTATION('',(#605),#609);
#605 = LINE('',#606,#607);
#606 = CARTESIAN_POINT('',(0.,0.));
#607 = VECTOR('',#608,1.);
#608 = DIRECTION('',(0.,-1.));
#609 = ( GEOMETRIC_REPRESENTATION_CONTEXT(2) 
PARAMETRIC_REPRESENTATION_CONTEXT() REPRESENTATION_CONTEXT('2D SPACE',''
  ) );
#610 = ORIENTED_EDGE('',*,*,#611,.T.);
#611 = EDGE_CURVE('',#584,#350,#612,.T.);
#612 = SURFACE_CURVE('',#613,(#617,#624),.PCURVE_S1.);
#613 = LINE('',#614,#615);
#614 = CARTESIAN_POINT('',(-10.,-4.1,7.5));
#615 = VECTOR('',#616,1.);
#616 = DIRECTION('',(1.,0.,0.));
#617 = PCURVE('',#181,#618);
#618 = DEFINITIONAL_REPRESENTATION('',(#619),#623);
#619 = LINE('',#620,#621);
#620 = CARTESIAN_POINT('',(140.,11.9));
#621 = VECTOR('',#622,1.);
#622 = DIRECTION('',(1.,0.));
#623 = ( GEOMETRIC_REPRESENTATION_CONTEXT(2) 
PARAMETRIC_REPRESENTATION_CONTEXT() REPRESENTATION_CONTEXT('2D SPACE',''
  ) );
#624 = PCURVE('',#388,#625);
#625 = DEFINITIONAL_REPRESENTATION('',(#626),#630);
#626 = LINE('',#627,#628);
#627 = CARTESIAN_POINT('',(0.,0.));
#628 = VECTOR('',#629,1.);
#629 = DIRECTION('',(0.,1.));
#630 = ( GEOMETRIC_REPRESENTATION_CONTEXT(2) 
PARAMETRIC_REPRESENTATION_CONTEXT() REPRESENTATION_CONTEXT('2D SPACE',''
  ) );
#631 = ORIENTED_EDGE('',*,*,#349,.T.);
#632 = ORIENTED_EDGE('',*,*,#633,.F.);
#633 = EDGE_CURVE('',#634,#322,#636,.T.);
#634 = VERTEX_POINT('',#635);
#635 = CARTESIAN_POINT('',(-10.,4.1,7.5));
#636 = SURFACE_CURVE('',#637,(#641,#648),.PCURVE_S1.);
#637 = LINE('',#638,#639);
#638 = CARTESIAN_POINT('',(-10.,4.1,7.5));
#639 = VECTOR('',#640,1.);
#640 = DIRECTION('',(1.,0.,0.));
#641 = PCURVE('',#181,#642);
#642 = DEFINITIONAL_REPRESENTATION('',(#643),#647);
#643 = LINE('',#644,#645);
#644 = CARTESIAN_POINT('',(140.,20.1));
#645 = VECTOR('',#646,1.);
#646 = DIRECTION('',(1.,0.));
#647 = ( GEOMETRIC_REPRESENTATION_CONTEXT(2) 
PARAMETRIC_REPRESENTATION_CONTEXT() REPRESENTATION_CONTEXT('2D SPACE',''
  ) );
#648 = PCURVE('',#337,#649);
#649 = DEFINITIONAL_REPRESENTATION('',(#650),#654);
#650 = LINE('',#651,#652);
#651 = CARTESIAN_POINT('',(0.,0.));
#652 = VECTOR('',#653,1.);
#653 = DIRECTION('',(0.,1.));
#654 = ( GEOMETRIC_REPRESENTATION_CONTEXT(2) 
PARAMETRIC_REPRESENTATION_CONTEXT() REPRESENTATION_CONTEXT('2D SPACE',''
  ) );
#655 = ORIENTED_EDGE('',*,*,#656,.T.);
#656 = EDGE_CURVE('',#634,#657,#659,.T.);
#657 = VERTEX_POINT('',#658);
#658 = CARTESIAN_POINT('',(-10.,8.3,7.5));
#659 = SURFACE_CURVE('',#660,(#664,#671),.PCURVE_S1.);
#660 = LINE('',#661,#662);
#661 = CARTESIAN_POINT('',(-10.,4.1,7.5));
#662 = VECTOR('',#663,1.);
#663 = DIRECTION('',(0.,1.,0.));
#664 = PCURVE('',#181,#665);
#665 = DEFINITIONAL_REPRESENTATION('',(#666),#670);
#666 = LINE('',#667,#668);
#667 = CARTESIAN_POINT('',(140.,20.1));
#668 = VECTOR('',#669,1.);
#669 = DIRECTION('',(0.,1.));
#670 = ( GEOMETRIC_REPRESENTATION_CONTEXT(2) 
PARAMETRIC_REPRESENTATION_CONTEXT() REPRESENTATION_CONTEXT('2D SPACE',''
  ) );
#671 = PCURVE('',#672,#677);
#672 = PLANE('',#673);
#673 = AXIS2_PLACEMENT_3D('',#674,#675,#676);
#674 = CARTESIAN_POINT('',(-10.,4.1,7.5));
#675 = DIRECTION('',(1.,0.,0.));
#676 = DIRECTION('',(0.,0.,1.));
#677 = DEFINITIONAL_REPRESENTATION('',(#678),#682);
#678 = LINE('',#679,#680);
#679 = CARTESIAN_POINT('',(0.,0.));
#680 = VECTOR('',#681,1.);
#681 = DIRECTION('',(0.,-1.));
#682 = ( GEOMETRIC_REPRESENTATION_CONTEXT(2) 
PARAMETRIC_REPRESENTATION_CONTEXT() REPRESENTATION_CONTEXT('2D SPACE',''
  ) );
#683 = ORIENTED_EDGE('',*,*,#684,.T.);
#684 = EDGE_CURVE('',#657,#243,#685,.T.);
#685 = SURFACE_CURVE('',#686,(#690,#697),.PCURVE_S1.);
#686 = LINE('',#687,#688);
#687 = CARTESIAN_POINT('',(-10.,8.3,7.5));
#688 = VECTOR('',#689,1.);
#689 = DIRECTION('',(1.,0.,0.));
#690 = PCURVE('',#181,#691);
#691 = DEFINITIONAL_REPRESENTATION('',(#692),#696);
#692 = LINE('',#693,#694);
#693 = CARTESIAN_POINT('',(140.,24.3));
#694 = VECTOR('',#695,1.);
#695 = DIRECTION('',(1.,0.));
#696 = ( GEOMETRIC_REPRESENTATION_CONTEXT(2) 
PARAMETRIC_REPRESENTATION_CONTEXT() REPRESENTATION_CONTEXT('2D SPACE',''
  ) );
#697 = PCURVE('',#281,#698);
#698 = DEFINITIONAL_REPRESENTATION('',(#699),#703);
#699 = LINE('',#700,#701);
#700 = CARTESIAN_POINT('',(0.,0.));
#701 = VECTOR('',#702,1.);
#702 = DIRECTION('',(0.,1.));
#703 = ( GEOMETRIC_REPRESENTATION_CONTEXT(2) 
PARAMETRIC_REPRESENTATION_CONTEXT() REPRESENTATION_CONTEXT('2D SPACE',''
  ) );
#704 = ORIENTED_EDGE('',*,*,#242,.T.);
#705 = ADVANCED_FACE('',(#706,#754),#281,.T.);
#706 = FACE_BOUND('',#707,.T.);
#707 = EDGE_LOOP('',(#708,#709,#732,#753));
#708 = ORIENTED_EDGE('',*,*,#684,.F.);
#709 = ORIENTED_EDGE('',*,*,#710,.T.);
#710 = EDGE_CURVE('',#657,#711,#713,.T.);
#711 = VERTEX_POINT('',#712);
#712 = CARTESIAN_POINT('',(-10.,8.3,37.5));
#713 = SURFACE_CURVE('',#714,(#718,#725),.PCURVE_S1.);
#714 = LINE('',#715,#716);
#715 = CARTESIAN_POINT('',(-10.,8.3,7.5));
#716 = VECTOR('',#717,1.);
#717 = DIRECTION('',(0.,0.,1.));
#718 = PCURVE('',#281,#719);
#719 = DEFINITIONAL_REPRESENTATION('',(#720),#724);
#720 = LINE('',#721,#722);
#721 = CARTESIAN_POINT('',(0.,0.));
#722 = VECTOR('',#723,1.);
#723 = DIRECTION('',(1.,0.));
#724 = ( GEOMETRIC_REPRESENTATION_CONTEXT(2) 
PARAMETRIC_REPRESENTATION_CONTEXT() REPRESENTATION_CONTEXT('2D SPACE',''
  ) );
#725 = PCURVE('',#672,#726);
#726 = DEFINITIONAL_REPRESENTATION('',(#727),#731);
#727 = LINE('',#728,#729);
#728 = CARTESIAN_POINT('',(0.,-4.2));
#729 = VECTOR('',#730,1.);
#730 = DIRECTION('',(1.,0.));
#731 = ( GEOMETRIC_REPRESENTATION_CONTEXT(2) 
PARAMETRIC_REPRESENTATION_CONTEXT() REPRESENTATION_CONTEXT('2D SPACE',''
  ) );
#732 = ORIENTED_EDGE('',*,*,#733,.T.);
#733 = EDGE_CURVE('',#711,#266,#734,.T.);
#734 = SURFACE_CURVE('',#735,(#739,#746),.PCURVE_S1.);
#735 = LINE('',#736,#737);
#736 = CARTESIAN_POINT('',(-10.,8.3,37.5));
#737 = VECTOR('',#738,1.);
#738 = DIRECTION('',(1.,0.,0.));
#739 = PCURVE('',#281,#740);
#740 = DEFINITIONAL_REPRESENTATION('',(#741),#745);
#741 = LINE('',#742,#743);
#742 = CARTESIAN_POINT('',(30.,0.));
#743 = VECTOR('',#744,1.);
#744 = DIRECTION('',(0.,1.));
#745 = ( GEOMETRIC_REPRESENTATION_CONTEXT(2) 
PARAMETRIC_REPRESENTATION_CONTEXT() REPRESENTATION_CONTEXT('2D SPACE',''
  ) );
#746 = PCURVE('',#309,#747);
#747 = DEFINITIONAL_REPRESENTATION('',(#748),#752);
#748 = LINE('',#749,#750);
#749 = CARTESIAN_POINT('',(0.,4.2));
#750 = VECTOR('',#751,1.);
#751 = DIRECTION('',(1.,0.));
#752 = ( GEOMETRIC_REPRESENTATION_CONTEXT(2) 
PARAMETRIC_REPRESENTATION_CONTEXT() REPRESENTATION_CONTEXT('2D SPACE',''
  ) );
#753 = ORIENTED_EDGE('',*,*,#265,.F.);
#754 = FACE_BOUND('',#755,.T.);
#755 = EDGE_LOOP('',(#756));
#756 = ORIENTED_EDGE('',*,*,#757,.T.);
#757 = EDGE_CURVE('',#758,#758,#760,.T.);
#758 = VERTEX_POINT('',#759);
#759 = CARTESIAN_POINT('',(2.2,8.3,25.));
#760 = SURFACE_CURVE('',#761,(#766,#777),.PCURVE_S1.);
#761 = CIRCLE('',#762,2.2);
#762 = AXIS2_PLACEMENT_3D('',#763,#764,#765);
#763 = CARTESIAN_POINT('',(0.,8.3,25.));
#764 = DIRECTION('',(0.,-1.,0.));
#765 = DIRECTION('',(1.,0.,0.));
#766 = PCURVE('',#281,#767);
#767 = DEFINITIONAL_REPRESENTATION('',(#768),#776);
#768 = ( BOUNDED_CURVE() B_SPLINE_CURVE(2,(#769,#770,#771,#772,#773,#774
,#775),.UNSPECIFIED.,.T.,.F.) B_SPLINE_CURVE_WITH_KNOTS((1,2,2,2,2,1),(
    -2.094395102393,0.,2.094395102393,4.188790204786,6.28318530718,
8.377580409573),.UNSPECIFIED.) CURVE() GEOMETRIC_REPRESENTATION_ITEM() 
RATIONAL_B_SPLINE_CURVE((1.,0.5,1.,0.5,1.,0.5,1.)) REPRESENTATION_ITEM(
  '') );
#769 = CARTESIAN_POINT('',(17.5,12.2));
#770 = CARTESIAN_POINT('',(21.310511776652,12.2));
#771 = CARTESIAN_POINT('',(19.405255888326,8.9));
#772 = CARTESIAN_POINT('',(17.5,5.6));
#773 = CARTESIAN_POINT('',(15.594744111674,8.9));
#774 = CARTESIAN_POINT('',(13.689488223348,12.2));
#775 = CARTESIAN_POINT('',(17.5,12.2));
#776 = ( GEOMETRIC_REPRESENTATION_CONTEXT(2) 
PARAMETRIC_REPRESENTATION_CONTEXT() REPRESENTATION_CONTEXT('2D SPACE',''
  ) );
#777 = PCURVE('',#778,#783);
#778 = CYLINDRICAL_SURFACE('',#779,2.2);
#779 = AXIS2_PLACEMENT_3D('',#780,#781,#782);
#780 = CARTESIAN_POINT('',(0.,0.,25.));
#781 = DIRECTION('',(0.,-1.,0.));
#782 = DIRECTION('',(1.,0.,0.));
#783 = DEFINITIONAL_REPRESENTATION('',(#784),#788);
#784 = LINE('',#785,#786);
#785 = CARTESIAN_POINT('',(0.,-8.3));
#786 = VECTOR('',#787,1.);
#787 = DIRECTION('',(1.,0.));
#788 = ( GEOMETRIC_REPRESENTATION_CONTEXT(2) 
PARAMETRIC_REPRESENTATION_CONTEXT() REPRESENTATION_CONTEXT('2D SPACE',''
  ) );
#789 = ADVANCED_FACE('',(#790),#309,.T.);
#790 = FACE_BOUND('',#791,.T.);
#791 = EDGE_LOOP('',(#792,#815,#836,#837));
#792 = ORIENTED_EDGE('',*,*,#793,.F.);
#793 = EDGE_CURVE('',#794,#711,#796,.T.);
#794 = VERTEX_POINT('',#795);
#795 = CARTESIAN_POINT('',(-10.,4.1,37.5));
#796 = SURFACE_CURVE('',#797,(#801,#808),.PCURVE_S1.);
#797 = LINE('',#798,#799);
#798 = CARTESIAN_POINT('',(-10.,4.1,37.5));
#799 = VECTOR('',#800,1.);
#800 = DIRECTION('',(0.,1.,0.));
#801 = PCURVE('',#309,#802);
#802 = DEFINITIONAL_REPRESENTATION('',(#803),#807);
#803 = LINE('',#804,#805);
#804 = CARTESIAN_POINT('',(0.,0.));
#805 = VECTOR('',#806,1.);
#806 = DIRECTION('',(0.,1.));
#807 = ( GEOMETRIC_REPRESENTATION_CONTEXT(2) 
PARAMETRIC_REPRESENTATION_CONTEXT() REPRESENTATION_CONTEXT('2D SPACE',''
  ) );
#808 = PCURVE('',#672,#809);
#809 = DEFINITIONAL_REPRESENTATION('',(#810),#814);
#810 = LINE('',#811,#812);
#811 = CARTESIAN_POINT('',(30.,0.));
#812 = VECTOR('',#813,1.);
#813 = DIRECTION('',(0.,-1.));
#814 = ( GEOMETRIC_REPRESENTATION_CONTEXT(2) 
PARAMETRIC_REPRESENTATION_CONTEXT() REPRESENTATION_CONTEXT('2D SPACE',''
  ) );
#815 = ORIENTED_EDGE('',*,*,#816,.T.);
#816 = EDGE_CURVE('',#794,#294,#817,.T.);
#817 = SURFACE_CURVE('',#818,(#822,#829),.PCURVE_S1.);
#818 = LINE('',#819,#820);
#819 = CARTESIAN_POINT('',(-10.,4.1,37.5));
#820 = VECTOR('',#821,1.);
#821 = DIRECTION('',(1.,0.,0.));
#822 = PCURVE('',#309,#823);
#823 = DEFINITIONAL_REPRESENTATION('',(#824),#828);
#824 = LINE('',#825,#826);
#825 = CARTESIAN_POINT('',(0.,0.));
#826 = VECTOR('',#827,1.);
#827 = DIRECTION('',(1.,0.));
#828 = ( GEOMETRIC_REPRESENTATION_CONTEXT(2) 
PARAMETRIC_REPRESENTATION_CONTEXT() REPRESENTATION_CONTEXT('2D SPACE',''
  ) );
#829 = PCURVE('',#337,#830);
#830 = DEFINITIONAL_REPRESENTATION('',(#831),#835);
#831 = LINE('',#832,#833);
#832 = CARTESIAN_POINT('',(30.,0.));
#833 = VECTOR('',#834,1.);
#834 = DIRECTION('',(0.,1.));
#835 = ( GEOMETRIC_REPRESENTATION_CONTEXT(2) 
PARAMETRIC_REPRESENTATION_CONTEXT() REPRESENTATION_CONTEXT('2D SPACE',''
  ) );
#836 = ORIENTED_EDGE('',*,*,#293,.T.);
#837 = ORIENTED_EDGE('',*,*,#733,.F.);
#838 = ADVANCED_FACE('',(#839,#865,#1650),#337,.F.);
#839 = FACE_BOUND('',#840,.F.);
#840 = EDGE_LOOP('',(#841,#842,#863,#864));
#841 = ORIENTED_EDGE('',*,*,#633,.F.);
#842 = ORIENTED_EDGE('',*,*,#843,.T.);
#843 = EDGE_CURVE('',#634,#794,#844,.T.);
#844 = SURFACE_CURVE('',#845,(#849,#856),.PCURVE_S1.);
#845 = LINE('',#846,#847);
#846 = CARTESIAN_POINT('',(-10.,4.1,7.5));
#847 = VECTOR('',#848,1.);
#848 = DIRECTION('',(0.,0.,1.));
#849 = PCURVE('',#337,#850);
#850 = DEFINITIONAL_REPRESENTATION('',(#851),#855);
#851 = LINE('',#852,#853);
#852 = CARTESIAN_POINT('',(0.,0.));
#853 = VECTOR('',#854,1.);
#854 = DIRECTION('',(1.,0.));
#855 = ( GEOMETRIC_REPRESENTATION_CONTEXT(2) 
PARAMETRIC_REPRESENTATION_CONTEXT() REPRESENTATION_CONTEXT('2D SPACE',''
  ) );
#856 = PCURVE('',#672,#857);
#857 = DEFINITIONAL_REPRESENTATION('',(#858),#862);
#858 = LINE('',#859,#860);
#859 = CARTESIAN_POINT('',(0.,0.));
#860 = VECTOR('',#861,1.);
#861 = DIRECTION('',(1.,0.));
#862 = ( GEOMETRIC_REPRESENTATION_CONTEXT(2) 
PARAMETRIC_REPRESENTATION_CONTEXT() REPRESENTATION_CONTEXT('2D SPACE',''
  ) );
#863 = ORIENTED_EDGE('',*,*,#816,.T.);
#864 = ORIENTED_EDGE('',*,*,#321,.F.);
#865 = FACE_BOUND('',#866,.F.);
#866 = EDGE_LOOP('',(#867,#967,#1072,#1165,#1270,#1368,#1459,#1552));
#867 = ORIENTED_EDGE('',*,*,#868,.F.);
#868 = EDGE_CURVE('',#869,#871,#873,.T.);
#869 = VERTEX_POINT('',#870);
#870 = CARTESIAN_POINT('',(-1.03073477989,4.1,17.170792056523));
#871 = VERTEX_POINT('',#872);
#872 = CARTESIAN_POINT('',(-3.02196146779,4.1,17.704339639493));
#873 = SURFACE_CURVE('',#874,(#879,#886),.PCURVE_S1.);
#874 = CIRCLE('',#875,1.322875655532);
#875 = AXIS2_PLACEMENT_3D('',#876,#877,#878);
#876 = CARTESIAN_POINT('',(-1.811733315718,4.1,18.238519215977));
#877 = DIRECTION('',(0.,1.,0.));
#878 = DIRECTION('',(0.59037940003,0.,-0.807125866281));
#879 = PCURVE('',#337,#880);
#880 = DEFINITIONAL_REPRESENTATION('',(#881),#885);
#881 = CIRCLE('',#882,1.322875655532);
#882 = AXIS2_PLACEMENT_2D('',#883,#884);
#883 = CARTESIAN_POINT('',(10.738519215977,8.188266684282));
#884 = DIRECTION('',(-0.807125866281,0.59037940003));
#885 = ( GEOMETRIC_REPRESENTATION_CONTEXT(2) 
PARAMETRIC_REPRESENTATION_CONTEXT() REPRESENTATION_CONTEXT('2D SPACE',''
  ) );
#886 = PCURVE('',#887,#892);
#887 = SPHERICAL_SURFACE('',#888,1.6);
#888 = AXIS2_PLACEMENT_3D('',#889,#890,#891);
#889 = CARTESIAN_POINT('',(-1.811733315718,3.2,18.238519215977));
#890 = DIRECTION('',(0.,0.,1.));
#891 = DIRECTION('',(1.,0.,0.));
#892 = DEFINITIONAL_REPRESENTATION('',(#893),#966);
#893 = B_SPLINE_CURVE_WITH_KNOTS('',8,(#894,#895,#896,#897,#898,#899,
    #900,#901,#902,#903,#904,#905,#906,#907,#908,#909,#910,#911,#912,
    #913,#914,#915,#916,#917,#918,#919,#920,#921,#922,#923,#924,#925,
    #926,#927,#928,#929,#930,#931,#932,#933,#934,#935,#936,#937,#938,
    #939,#940,#941,#942,#943,#944,#945,#946,#947,#948,#949,#950,#951,
    #952,#953,#954,#955,#956,#957,#958,#959,#960,#961,#962,#963,#964,
    #965),.UNSPECIFIED.,.F.,.F.,(9,7,7,7,7,7,7,7,7,7,9),(0.,0.3202265969
    ,0.751838456867,1.129498834337,1.790404494911,2.781762985771,
    3.277442231201,3.525281853916,3.773121476632,4.16582055833,
    4.666449687472),.UNSPECIFIED.);
#894 = CARTESIAN_POINT('',(0.856072401046,-0.730617259711));
#895 = CARTESIAN_POINT('',(0.883161514052,-0.756852179937));
#896 = CARTESIAN_POINT('',(0.912612574828,-0.78215113868));
#897 = CARTESIAN_POINT('',(0.944606142431,-0.806389593537));
#898 = CARTESIAN_POINT('',(0.979322540012,-0.829424984145));
#899 = CARTESIAN_POINT('',(1.016926990119,-0.851094860171));
#900 = CARTESIAN_POINT('',(1.057541576544,-0.871216590287));
#901 = CARTESIAN_POINT('',(1.101193455168,-0.889591930865));
#902 = CARTESIAN_POINT('',(1.210529438453,-0.928173353764));
#903 = CARTESIAN_POINT('',(1.278596126813,-0.946793168568));
#904 = CARTESIAN_POINT('',(1.351669596544,-0.961402161822));
#905 = CARTESIAN_POINT('',(1.428981435428,-0.971531257276));
#906 = CARTESIAN_POINT('',(1.509107380903,-0.976767639109));
#907 = CARTESIAN_POINT('',(1.589788031301,-0.976956167367));
#908 = CARTESIAN_POINT('',(1.669060110494,-0.972219515911));
#909 = CARTESIAN_POINT('',(1.812219794385,-0.954645197063));
#910 = CARTESIAN_POINT('',(1.876792349314,-0.942894455429));
#911 = CARTESIAN_POINT('',(1.938119070478,-0.9277874326));
#912 = CARTESIAN_POINT('',(1.995471156264,-0.909623232542));
#913 = CARTESIAN_POINT('',(2.048549304128,-0.888746861669));
#914 = CARTESIAN_POINT('',(2.097367941613,-0.865496790989));
#915 = CARTESIAN_POINT('',(2.142075430064,-0.840174326426));
#916 = CARTESIAN_POINT('',(2.254369802057,-0.765579523231));
#917 = CARTESIAN_POINT('',(2.313967159713,-0.712588021205));
#918 = CARTESIAN_POINT('',(2.362962775818,-0.655514853047));
#919 = CARTESIAN_POINT('',(2.403361801222,-0.595457942752));
#920 = CARTESIAN_POINT('',(2.436579231873,-0.533127727672));
#921 = CARTESIAN_POINT('',(2.463745233429,-0.469078398312));
#922 = CARTESIAN_POINT('',(2.485672829128,-0.403720021427));
#923 = CARTESIAN_POINT('',(2.528862164464,-0.237893676731));
#924 = CARTESIAN_POINT('',(2.54430817246,-0.136210081002));
#925 = CARTESIAN_POINT('',(2.551264924762,-3.347192566327E-02));
#926 = CARTESIAN_POINT('',(2.550507288932,6.959134517753E-02));
#927 = CARTESIAN_POINT('',(2.542068083678,0.17230713742));
#928 = CARTESIAN_POINT('',(2.525307297184,0.273962917581));
#929 = CARTESIAN_POINT('',(2.498636405897,0.373658812623));
#930 = CARTESIAN_POINT('',(2.43909944262,0.517883857296));
#931 = CARTESIAN_POINT('',(2.415998692347,0.565072209334));
#932 = CARTESIAN_POINT('',(2.389257340039,0.611176280532));
#933 = CARTESIAN_POINT('',(2.358389814676,0.65595186271));
#934 = CARTESIAN_POINT('',(2.322822815323,0.699100699849));
#935 = CARTESIAN_POINT('',(2.281858844724,0.740237630578));
#936 = CARTESIAN_POINT('',(2.234735396582,0.778862042876));
#937 = CARTESIAN_POINT('',(2.154018678994,0.832114008177));
#938 = CARTESIAN_POINT('',(2.125441079551,0.849083941329));
#939 = CARTESIAN_POINT('',(2.095126378506,0.865196905619));
#940 = CARTESIAN_POINT('',(2.063022498611,0.880370278965));
#941 = CARTESIAN_POINT('',(2.02910345716,0.894515241871));
#942 = CARTESIAN_POINT('',(1.993382328898,0.907538896315));
#943 = CARTESIAN_POINT('',(1.95592407475,0.919348325773));
#944 = CARTESIAN_POINT('',(1.877792397952,0.940364866997));
#945 = CARTESIAN_POINT('',(1.837118839275,0.949571888537));
#946 = CARTESIAN_POINT('',(1.794965871151,0.957391216966));
#947 = CARTESIAN_POINT('',(1.751523577571,0.963741127419));
#948 = CARTESIAN_POINT('',(1.707051178035,0.968553022571));
#949 = CARTESIAN_POINT('',(1.661868645118,0.971777761653));
#950 = CARTESIAN_POINT('',(1.616332577262,0.97338991015));
#951 = CARTESIAN_POINT('',(1.498644652471,0.97338991015));
#952 = CARTESIAN_POINT('',(1.4264932203,0.969342164704));
#953 = CARTESIAN_POINT('',(1.35574957305,0.961247109829));
#954 = CARTESIAN_POINT('',(1.287831666602,0.949258406267));
#955 = CARTESIAN_POINT('',(1.223810629943,0.933693645588));
#956 = CARTESIAN_POINT('',(1.164161904882,0.914929592137));
#957 = CARTESIAN_POINT('',(1.109050921052,0.893340145546));
#958 = CARTESIAN_POINT('',(0.993857933911,0.838595229225));
#959 = CARTESIAN_POINT('',(0.936572240303,0.803891494493));
#960 = CARTESIAN_POINT('',(0.886433507808,0.765888381422));
#961 = CARTESIAN_POINT('',(0.842719639581,0.725238840762));
#962 = CARTESIAN_POINT('',(0.804648963509,0.682448033186));
#963 = CARTESIAN_POINT('',(0.771518790137,0.637912272065));
#964 = CARTESIAN_POINT('',(0.742730925271,0.591947398186));
#965 = CARTESIAN_POINT('',(0.717788916358,0.544809259126));
#966 = ( GEOMETRIC_REPRESENTATION_CONTEXT(2) 
PARAMETRIC_REPRESENTATION_CONTEXT() REPRESENTATION_CONTEXT('2D SPACE',''
  ) );
#967 = ORIENTED_EDGE('',*,*,#968,.F.);
#968 = EDGE_CURVE('',#969,#869,#971,.T.);
#969 = VERTEX_POINT('',#970);
#970 = CARTESIAN_POINT('',(-0.780998535828,4.1,19.067727159454));
#971 = SURFACE_CURVE('',#972,(#977,#984),.PCURVE_S1.);
#972 = CIRCLE('',#973,1.322875655532);
#973 = AXIS2_PLACEMENT_3D('',#974,#975,#976);
#974 = CARTESIAN_POINT('',(0.,4.1,18.));
#975 = DIRECTION('',(0.,1.,-0.));
#976 = DIRECTION('',(-0.59037940003,0.,0.807125866281));
#977 = PCURVE('',#337,#978);
#978 = DEFINITIONAL_REPRESENTATION('',(#979),#983);
#979 = CIRCLE('',#980,1.322875655532);
#980 = AXIS2_PLACEMENT_2D('',#981,#982);
#981 = CARTESIAN_POINT('',(10.5,10.));
#982 = DIRECTION('',(0.807125866281,-0.59037940003));
#983 = ( GEOMETRIC_REPRESENTATION_CONTEXT(2) 
PARAMETRIC_REPRESENTATION_CONTEXT() REPRESENTATION_CONTEXT('2D SPACE',''
  ) );
#984 = PCURVE('',#985,#990);
#985 = SPHERICAL_SURFACE('',#986,1.6);
#986 = AXIS2_PLACEMENT_3D('',#987,#988,#989);
#987 = CARTESIAN_POINT('',(0.,3.2,18.));
#988 = DIRECTION('',(0.,0.,1.));
#989 = DIRECTION('',(1.,0.,0.));
#990 = DEFINITIONAL_REPRESENTATION('',(#991),#1071);
#991 = B_SPLINE_CURVE_WITH_KNOTS('',8,(#992,#993,#994,#995,#996,#997,
    #998,#999,#1000,#1001,#1002,#1003,#1004,#1005,#1006,#1007,#1008,
    #1009,#1010,#1011,#1012,#1013,#1014,#1015,#1016,#1017,#1018,#1019,
    #1020,#1021,#1022,#1023,#1024,#1025,#1026,#1027,#1028,#1029,#1030,
    #1031,#1032,#1033,#1034,#1035,#1036,#1037,#1038,#1039,#1040,#1041,
    #1042,#1043,#1044,#1045,#1046,#1047,#1048,#1049,#1050,#1051,#1052,
    #1053,#1054,#1055,#1056,#1057,#1058,#1059,#1060,#1061,#1062,#1063,
    #1064,#1065,#1066,#1067,#1068,#1069,#1070),.UNSPECIFIED.,.F.,.F.,(9,
    7,7,7,7,7,7,7,7,7,7,9),(0.,0.135849577612,0.383689200327,
    0.631528823042,1.02422790474,1.760538682926,2.404810613838,
    2.968548553386,3.46181925049,3.893431110456,4.271091487927,
    4.666449687472),.UNSPECIFIED.);
#992 = CARTESIAN_POINT('',(2.285520288893,0.730617272491));
#993 = CARTESIAN_POINT('',(2.274028294465,0.741746901684));
#994 = CARTESIAN_POINT('',(2.262111208022,0.752708081579));
#995 = CARTESIAN_POINT('',(2.249755240726,0.763491302745));
#996 = CARTESIAN_POINT('',(2.236946617814,0.774086474117));
#997 = CARTESIAN_POINT('',(2.223671786459,0.784482898565));
#998 = CARTESIAN_POINT('',(2.209917691839,0.794669255976));
#999 = CARTESIAN_POINT('',(2.195672138174,0.804633597312));
#1000 = CARTESIAN_POINT('',(2.154018678994,0.832114008177));
#1001 = CARTESIAN_POINT('',(2.125441079551,0.849083941329));
#1002 = CARTESIAN_POINT('',(2.095126378506,0.865196905619));
#1003 = CARTESIAN_POINT('',(2.063022498611,0.880370278965));
#1004 = CARTESIAN_POINT('',(2.02910345716,0.894515241871));
#1005 = CARTESIAN_POINT('',(1.993382328898,0.907538896315));
#1006 = CARTESIAN_POINT('',(1.95592407475,0.919348325773));
#1007 = CARTESIAN_POINT('',(1.877792397952,0.940364866997));
#1008 = CARTESIAN_POINT('',(1.837118839275,0.949571888537));
#1009 = CARTESIAN_POINT('',(1.794965871151,0.957391216966));
#1010 = CARTESIAN_POINT('',(1.751523577571,0.963741127419));
#1011 = CARTESIAN_POINT('',(1.707051178035,0.968553022571));
#1012 = CARTESIAN_POINT('',(1.661868645118,0.971777761653));
#1013 = CARTESIAN_POINT('',(1.616332577262,0.97338991015));
#1014 = CARTESIAN_POINT('',(1.498644652471,0.97338991015));
#1015 = CARTESIAN_POINT('',(1.4264932203,0.969342164704));
#1016 = CARTESIAN_POINT('',(1.35574957305,0.961247109829));
#1017 = CARTESIAN_POINT('',(1.287831666602,0.949258406267));
#1018 = CARTESIAN_POINT('',(1.223810629943,0.933693645588));
#1019 = CARTESIAN_POINT('',(1.164161904882,0.914929592137));
#1020 = CARTESIAN_POINT('',(1.109050921052,0.893340145546));
#1021 = CARTESIAN_POINT('',(0.963467229981,0.824152192502));
#1022 = CARTESIAN_POINT('',(0.884246462217,0.770324611387));
#1023 = CARTESIAN_POINT('',(0.820360990184,0.71009804328));
#1024 = CARTESIAN_POINT('',(0.768615428592,0.645442230201));
#1025 = CARTESIAN_POINT('',(0.72672516288,0.577468106207));
#1026 = CARTESIAN_POINT('',(0.692969303155,0.507067973512));
#1027 = CARTESIAN_POINT('',(0.666073622172,0.434850978935));
#1028 = CARTESIAN_POINT('',(0.626857938173,0.296964519402));
#1029 = CARTESIAN_POINT('',(0.613135820966,0.231605023866));
#1030 = CARTESIAN_POINT('',(0.603399677573,0.165559669997));
#1031 = CARTESIAN_POINT('',(0.597279469749,9.908063569156E-02));
#1032 = CARTESIAN_POINT('',(0.59457336436,3.23783832312E-02));
#1033 = CARTESIAN_POINT('',(0.59521979129,-3.435086591052E-02));
#1034 = CARTESIAN_POINT('',(0.599295877399,-0.100902910688));
#1035 = CARTESIAN_POINT('',(0.613820338296,-0.224926086655));
#1036 = CARTESIAN_POINT('',(0.623408698424,-0.282492173768));
#1037 = CARTESIAN_POINT('',(0.635967321264,-0.339592268369));
#1038 = CARTESIAN_POINT('',(0.65175683428,-0.396054164146));
#1039 = CARTESIAN_POINT('',(0.671138666619,-0.451675006268));
#1040 = CARTESIAN_POINT('',(0.694614044366,-0.506203639139));
#1041 = CARTESIAN_POINT('',(0.722858760308,-0.559311912469));
#1042 = CARTESIAN_POINT('',(0.78633106482,-0.655380545119));
#1043 = CARTESIAN_POINT('',(0.82024456444,-0.698779576719));
#1044 = CARTESIAN_POINT('',(0.859008604801,-0.74044351915));
#1045 = CARTESIAN_POINT('',(0.903283985555,-0.779997954273));
#1046 = CARTESIAN_POINT('',(0.953764783789,-0.816975770244));
#1047 = CARTESIAN_POINT('',(1.01121615957,-0.85079000345));
#1048 = CARTESIAN_POINT('',(1.076028545506,-0.880711981258));
#1049 = CARTESIAN_POINT('',(1.210529438453,-0.928173353764));
#1050 = CARTESIAN_POINT('',(1.278596126813,-0.946793168568));
#1051 = CARTESIAN_POINT('',(1.351669596544,-0.961402161822));
#1052 = CARTESIAN_POINT('',(1.428981435428,-0.971531257276));
#1053 = CARTESIAN_POINT('',(1.509107380903,-0.976767639109));
#1054 = CARTESIAN_POINT('',(1.589788031301,-0.976956167367));
#1055 = CARTESIAN_POINT('',(1.669060110494,-0.972219515911));
#1056 = CARTESIAN_POINT('',(1.812219794385,-0.954645197063));
#1057 = CARTESIAN_POINT('',(1.876792349314,-0.942894455429));
#1058 = CARTESIAN_POINT('',(1.938119070478,-0.9277874326));
#1059 = CARTESIAN_POINT('',(1.995471156264,-0.909623232542));
#1060 = CARTESIAN_POINT('',(2.048549304128,-0.888746861669));
#1061 = CARTESIAN_POINT('',(2.097367941613,-0.865496790989));
#1062 = CARTESIAN_POINT('',(2.142075430064,-0.840174326426));
#1063 = CARTESIAN_POINT('',(2.225657631354,-0.784652417846));
#1064 = CARTESIAN_POINT('',(2.264160434332,-0.754279808282));
#1065 = CARTESIAN_POINT('',(2.298688087648,-0.722239463136));
#1066 = CARTESIAN_POINT('',(2.329605822651,-0.688795872155));
#1067 = CARTESIAN_POINT('',(2.35727195277,-0.654166219611));
#1068 = CARTESIAN_POINT('',(2.382010794785,-0.618529596083));
#1069 = CARTESIAN_POINT('',(2.404106524757,-0.582035289695));
#1070 = CARTESIAN_POINT('',(2.423803743136,-0.54480925863));
#1071 = ( GEOMETRIC_REPRESENTATION_CONTEXT(2) 
PARAMETRIC_REPRESENTATION_CONTEXT() REPRESENTATION_CONTEXT('2D SPACE',''
  ) );
#1072 = ORIENTED_EDGE('',*,*,#1073,.F.);
#1073 = EDGE_CURVE('',#1074,#969,#1076,.T.);
#1074 = VERTEX_POINT('',#1075);
#1075 = CARTESIAN_POINT('',(-2.289771847928,4.1,19.472001749992));
#1076 = SURFACE_CURVE('',#1077,(#1082,#1089),.PCURVE_S1.);
#1077 = CIRCLE('',#1078,1.322875655532);
#1078 = AXIS2_PLACEMENT_3D('',#1079,#1080,#1081);
#1079 = CARTESIAN_POINT('',(-1.811733315718,4.1,18.238519215977));
#1080 = DIRECTION('',(0.,1.,0.));
#1081 = DIRECTION('',(0.59037940003,0.,-0.807125866281));
#1082 = PCURVE('',#337,#1083);
#1083 = DEFINITIONAL_REPRESENTATION('',(#1084),#1088);
#1084 = CIRCLE('',#1085,1.322875655532);
#1085 = AXIS2_PLACEMENT_2D('',#1086,#1087);
#1086 = CARTESIAN_POINT('',(10.738519215977,8.188266684282));
#1087 = DIRECTION('',(-0.807125866281,0.59037940003));
#1088 = ( GEOMETRIC_REPRESENTATION_CONTEXT(2) 
PARAMETRIC_REPRESENTATION_CONTEXT() REPRESENTATION_CONTEXT('2D SPACE',''
  ) );
#1089 = PCURVE('',#887,#1090);
#1090 = DEFINITIONAL_REPRESENTATION('',(#1091),#1164);
#1091 = B_SPLINE_CURVE_WITH_KNOTS('',8,(#1092,#1093,#1094,#1095,#1096,
    #1097,#1098,#1099,#1100,#1101,#1102,#1103,#1104,#1105,#1106,#1107,
    #1108,#1109,#1110,#1111,#1112,#1113,#1114,#1115,#1116,#1117,#1118,
    #1119,#1120,#1121,#1122,#1123,#1124,#1125,#1126,#1127,#1128,#1129,
    #1130,#1131,#1132,#1133,#1134,#1135,#1136,#1137,#1138,#1139,#1140,
    #1141,#1142,#1143,#1144,#1145,#1146,#1147,#1148,#1149,#1150,#1151,
    #1152,#1153,#1154,#1155,#1156,#1157,#1158,#1159,#1160,#1161,#1162,
    #1163),.UNSPECIFIED.,.F.,.F.,(9,7,7,7,7,7,7,7,7,7,9),(0.,
    0.3202265969,0.751838456867,1.129498834337,1.790404494911,
    2.781762985771,3.277442231201,3.525281853916,3.773121476632,
    4.16582055833,4.666449687472),.UNSPECIFIED.);
#1092 = CARTESIAN_POINT('',(0.856072401046,-0.730617259711));
#1093 = CARTESIAN_POINT('',(0.883161514052,-0.756852179937));
#1094 = CARTESIAN_POINT('',(0.912612574828,-0.78215113868));
#1095 = CARTESIAN_POINT('',(0.944606142431,-0.806389593537));
#1096 = CARTESIAN_POINT('',(0.979322540012,-0.829424984145));
#1097 = CARTESIAN_POINT('',(1.016926990119,-0.851094860171));
#1098 = CARTESIAN_POINT('',(1.057541576544,-0.871216590287));
#1099 = CARTESIAN_POINT('',(1.101193455168,-0.889591930865));
#1100 = CARTESIAN_POINT('',(1.210529438453,-0.928173353764));
#1101 = CARTESIAN_POINT('',(1.278596126813,-0.946793168568));
#1102 = CARTESIAN_POINT('',(1.351669596544,-0.961402161822));
#1103 = CARTESIAN_POINT('',(1.428981435428,-0.971531257276));
#1104 = CARTESIAN_POINT('',(1.509107380903,-0.976767639109));
#1105 = CARTESIAN_POINT('',(1.589788031301,-0.976956167367));
#1106 = CARTESIAN_POINT('',(1.669060110494,-0.972219515911));
#1107 = CARTESIAN_POINT('',(1.812219794385,-0.954645197063));
#1108 = CARTESIAN_POINT('',(1.876792349314,-0.942894455429));
#1109 = CARTESIAN_POINT('',(1.938119070478,-0.9277874326));
#1110 = CARTESIAN_POINT('',(1.995471156264,-0.909623232542));
#1111 = CARTESIAN_POINT('',(2.048549304128,-0.888746861669));
#1112 = CARTESIAN_POINT('',(2.097367941613,-0.865496790989));
#1113 = CARTESIAN_POINT('',(2.142075430064,-0.840174326426));
#1114 = CARTESIAN_POINT('',(2.254369802057,-0.765579523231));
#1115 = CARTESIAN_POINT('',(2.313967159713,-0.712588021205));
#1116 = CARTESIAN_POINT('',(2.362962775818,-0.655514853047));
#1117 = CARTESIAN_POINT('',(2.403361801222,-0.595457942752));
#1118 = CARTESIAN_POINT('',(2.436579231873,-0.533127727672));
#1119 = CARTESIAN_POINT('',(2.463745233429,-0.469078398312));
#1120 = CARTESIAN_POINT('',(2.485672829128,-0.403720021427));
#1121 = CARTESIAN_POINT('',(2.528862164464,-0.237893676731));
#1122 = CARTESIAN_POINT('',(2.54430817246,-0.136210081002));
#1123 = CARTESIAN_POINT('',(2.551264924762,-3.347192566327E-02));
#1124 = CARTESIAN_POINT('',(2.550507288932,6.959134517753E-02));
#1125 = CARTESIAN_POINT('',(2.542068083678,0.17230713742));
#1126 = CARTESIAN_POINT('',(2.525307297184,0.273962917581));
#1127 = CARTESIAN_POINT('',(2.498636405897,0.373658812623));
#1128 = CARTESIAN_POINT('',(2.43909944262,0.517883857296));
#1129 = CARTESIAN_POINT('',(2.415998692347,0.565072209334));
#1130 = CARTESIAN_POINT('',(2.389257340039,0.611176280532));
#1131 = CARTESIAN_POINT('',(2.358389814676,0.65595186271));
#1132 = CARTESIAN_POINT('',(2.322822815323,0.699100699849));
#1133 = CARTESIAN_POINT('',(2.281858844724,0.740237630578));
#1134 = CARTESIAN_POINT('',(2.234735396582,0.778862042876));
#1135 = CARTESIAN_POINT('',(2.154018678994,0.832114008177));
#1136 = CARTESIAN_POINT('',(2.125441079551,0.849083941329));
#1137 = CARTESIAN_POINT('',(2.095126378506,0.865196905619));
#1138 = CARTESIAN_POINT('',(2.063022498611,0.880370278965));
#1139 = CARTESIAN_POINT('',(2.02910345716,0.894515241871));
#1140 = CARTESIAN_POINT('',(1.993382328898,0.907538896315));
#1141 = CARTESIAN_POINT('',(1.95592407475,0.919348325773));
#1142 = CARTESIAN_POINT('',(1.877792397952,0.940364866997));
#1143 = CARTESIAN_POINT('',(1.837118839275,0.949571888537));
#1144 = CARTESIAN_POINT('',(1.794965871151,0.957391216966));
#1145 = CARTESIAN_POINT('',(1.751523577571,0.963741127419));
#1146 = CARTESIAN_POINT('',(1.707051178035,0.968553022571));
#1147 = CARTESIAN_POINT('',(1.661868645118,0.971777761653));
#1148 = CARTESIAN_POINT('',(1.616332577262,0.97338991015));
#1149 = CARTESIAN_POINT('',(1.498644652471,0.97338991015));
#1150 = CARTESIAN_POINT('',(1.4264932203,0.969342164704));
#1151 = CARTESIAN_POINT('',(1.35574957305,0.961247109829));
#1152 = CARTESIAN_POINT('',(1.287831666602,0.949258406267));
#1153 = CARTESIAN_POINT('',(1.223810629943,0.933693645588));
#1154 = CARTESIAN_POINT('',(1.164161904882,0.914929592137));
#1155 = CARTESIAN_POINT('',(1.109050921052,0.893340145546));
#1156 = CARTESIAN_POINT('',(0.993857933911,0.838595229225));
#1157 = CARTESIAN_POINT('',(0.936572240303,0.803891494493));
#1158 = CARTESIAN_POINT('',(0.886433507808,0.765888381422));
#1159 = CARTESIAN_POINT('',(0.842719639581,0.725238840762));
#1160 = CARTESIAN_POINT('',(0.804648963509,0.682448033186));
#1161 = CARTESIAN_POINT('',(0.771518790137,0.637912272065));
#1162 = CARTESIAN_POINT('',(0.742730925271,0.591947398186));
#1163 = CARTESIAN_POINT('',(0.717788916358,0.544809259126));
#1164 = ( GEOMETRIC_REPRESENTATION_CONTEXT(2) 
PARAMETRIC_REPRESENTATION_CONTEXT() REPRESENTATION_CONTEXT('2D SPACE',''
  ) );
#1165 = ORIENTED_EDGE('',*,*,#1166,.F.);
#1166 = EDGE_CURVE('',#1167,#1074,#1169,.T.);
#1167 = VERTEX_POINT('',#1168);
#1168 = CARTESIAN_POINT('',(-3.642500992619,4.1,20.25300028582));
#1169 = SURFACE_CURVE('',#1170,(#1175,#1182),.PCURVE_S1.);
#1170 = CIRCLE('',#1171,1.322875655532);
#1171 = AXIS2_PLACEMENT_3D('',#1172,#1173,#1174);
#1172 = CARTESIAN_POINT('',(-3.5,4.1,18.937822173509));
#1173 = DIRECTION('',(0.,1.,0.));
#1174 = DIRECTION('',(0.36136316381,0.,-0.932425151871));
#1175 = PCURVE('',#337,#1176);
#1176 = DEFINITIONAL_REPRESENTATION('',(#1177),#1181);
#1177 = CIRCLE('',#1178,1.322875655532);
#1178 = AXIS2_PLACEMENT_2D('',#1179,#1180);
#1179 = CARTESIAN_POINT('',(11.437822173509,6.5));
#1180 = DIRECTION('',(-0.932425151871,0.36136316381));
#1181 = ( GEOMETRIC_REPRESENTATION_CONTEXT(2) 
PARAMETRIC_REPRESENTATION_CONTEXT() REPRESENTATION_CONTEXT('2D SPACE',''
  ) );
#1182 = PCURVE('',#1183,#1188);
#1183 = SPHERICAL_SURFACE('',#1184,1.6);
#1184 = AXIS2_PLACEMENT_3D('',#1185,#1186,#1187);
#1185 = CARTESIAN_POINT('',(-3.5,3.2,18.937822173509));
#1186 = DIRECTION('',(0.,0.,1.));
#1187 = DIRECTION('',(1.,0.,0.));
#1188 = DEFINITIONAL_REPRESENTATION('',(#1189),#1269);
#1189 = B_SPLINE_CURVE_WITH_KNOTS('',8,(#1190,#1191,#1192,#1193,#1194,
    #1195,#1196,#1197,#1198,#1199,#1200,#1201,#1202,#1203,#1204,#1205,
    #1206,#1207,#1208,#1209,#1210,#1211,#1212,#1213,#1214,#1215,#1216,
    #1217,#1218,#1219,#1220,#1221,#1222,#1223,#1224,#1225,#1226,#1227,
    #1228,#1229,#1230,#1231,#1232,#1233,#1234,#1235,#1236,#1237,#1238,
    #1239,#1240,#1241,#1242,#1243,#1244,#1245,#1246,#1247,#1248,#1249,
    #1250,#1251,#1252,#1253,#1254,#1255,#1256,#1257,#1258,#1259,#1260,
    #1261,#1262,#1263,#1264,#1265,#1266,#1267,#1268),.UNSPECIFIED.,.F.,
  .F.,(9,7,7,7,7,7,7,7,7,7,7,9),(0.,5.842720910105E-02,0.490039069067,
    0.867699446538,1.528605107112,2.519963597972,3.015642843402,
    3.263482466117,3.511322088832,3.904021170531,4.640331948716,
    4.666449687472),.UNSPECIFIED.);
#1190 = CARTESIAN_POINT('',(1.082537306733,-0.880294652603));
#1191 = CARTESIAN_POINT('',(1.090344325328,-0.88372059853));
#1192 = CARTESIAN_POINT('',(1.098250595355,-0.887088995485));
#1193 = CARTESIAN_POINT('',(1.10625609805,-0.890398671643));
#1194 = CARTESIAN_POINT('',(1.114360692989,-0.893648445859));
#1195 = CARTESIAN_POINT('',(1.122564107979,-0.896837129957));
#1196 = CARTESIAN_POINT('',(1.130865928647,-0.899963531389));
#1197 = CARTESIAN_POINT('',(1.139265587854,-0.903026456331));
#1198 = CARTESIAN_POINT('',(1.210529438453,-0.928173353764));
#1199 = CARTESIAN_POINT('',(1.278596126813,-0.946793168568));
#1200 = CARTESIAN_POINT('',(1.351669596544,-0.961402161822));
#1201 = CARTESIAN_POINT('',(1.428981435428,-0.971531257276));
#1202 = CARTESIAN_POINT('',(1.509107380903,-0.976767639109));
#1203 = CARTESIAN_POINT('',(1.589788031301,-0.976956167367));
#1204 = CARTESIAN_POINT('',(1.669060110494,-0.972219515911));
#1205 = CARTESIAN_POINT('',(1.812219794385,-0.954645197063));
#1206 = CARTESIAN_POINT('',(1.876792349314,-0.942894455429));
#1207 = CARTESIAN_POINT('',(1.938119070478,-0.9277874326));
#1208 = CARTESIAN_POINT('',(1.995471156264,-0.909623232542));
#1209 = CARTESIAN_POINT('',(2.048549304128,-0.888746861669));
#1210 = CARTESIAN_POINT('',(2.097367941613,-0.865496790989));
#1211 = CARTESIAN_POINT('',(2.142075430064,-0.840174326426));
#1212 = CARTESIAN_POINT('',(2.254369802057,-0.765579523231));
#1213 = CARTESIAN_POINT('',(2.313967159713,-0.712588021205));
#1214 = CARTESIAN_POINT('',(2.362962775818,-0.655514853047));
#1215 = CARTESIAN_POINT('',(2.403361801222,-0.595457942752));
#1216 = CARTESIAN_POINT('',(2.436579231873,-0.533127727672));
#1217 = CARTESIAN_POINT('',(2.463745233429,-0.469078398312));
#1218 = CARTESIAN_POINT('',(2.485672829128,-0.403720021427));
#1219 = CARTESIAN_POINT('',(2.528862164464,-0.237893676731));
#1220 = CARTESIAN_POINT('',(2.54430817246,-0.136210081002));
#1221 = CARTESIAN_POINT('',(2.551264924762,-3.347192566327E-02));
#1222 = CARTESIAN_POINT('',(2.550507288932,6.959134517753E-02));
#1223 = CARTESIAN_POINT('',(2.542068083678,0.17230713742));
#1224 = CARTESIAN_POINT('',(2.525307297184,0.273962917581));
#1225 = CARTESIAN_POINT('',(2.498636405897,0.373658812623));
#1226 = CARTESIAN_POINT('',(2.43909944262,0.517883857296));
#1227 = CARTESIAN_POINT('',(2.415998692347,0.565072209334));
#1228 = CARTESIAN_POINT('',(2.389257340039,0.611176280532));
#1229 = CARTESIAN_POINT('',(2.358389814676,0.65595186271));
#1230 = CARTESIAN_POINT('',(2.322822815323,0.699100699849));
#1231 = CARTESIAN_POINT('',(2.281858844724,0.740237630578));
#1232 = CARTESIAN_POINT('',(2.234735396582,0.778862042876));
#1233 = CARTESIAN_POINT('',(2.154018678994,0.832114008177));
#1234 = CARTESIAN_POINT('',(2.125441079551,0.849083941329));
#1235 = CARTESIAN_POINT('',(2.095126378506,0.865196905619));
#1236 = CARTESIAN_POINT('',(2.063022498611,0.880370278965));
#1237 = CARTESIAN_POINT('',(2.02910345716,0.894515241871));
#1238 = CARTESIAN_POINT('',(1.993382328898,0.907538896315));
#1239 = CARTESIAN_POINT('',(1.95592407475,0.919348325773));
#1240 = CARTESIAN_POINT('',(1.877792397952,0.940364866997));
#1241 = CARTESIAN_POINT('',(1.837118839275,0.949571888537));
#1242 = CARTESIAN_POINT('',(1.794965871151,0.957391216966));
#1243 = CARTESIAN_POINT('',(1.751523577571,0.963741127419));
#1244 = CARTESIAN_POINT('',(1.707051178035,0.968553022571));
#1245 = CARTESIAN_POINT('',(1.661868645118,0.971777761653));
#1246 = CARTESIAN_POINT('',(1.616332577262,0.97338991015));
#1247 = CARTESIAN_POINT('',(1.498644652471,0.97338991015));
#1248 = CARTESIAN_POINT('',(1.4264932203,0.969342164704));
#1249 = CARTESIAN_POINT('',(1.35574957305,0.961247109829));
#1250 = CARTESIAN_POINT('',(1.287831666602,0.949258406267));
#1251 = CARTESIAN_POINT('',(1.223810629943,0.933693645588));
#1252 = CARTESIAN_POINT('',(1.164161904882,0.914929592137));
#1253 = CARTESIAN_POINT('',(1.109050921052,0.893340145546));
#1254 = CARTESIAN_POINT('',(0.963467229981,0.824152192502));
#1255 = CARTESIAN_POINT('',(0.884246462217,0.770324611387));
#1256 = CARTESIAN_POINT('',(0.820360990184,0.71009804328));
#1257 = CARTESIAN_POINT('',(0.768615428592,0.645442230201));
#1258 = CARTESIAN_POINT('',(0.72672516288,0.577468106207));
#1259 = CARTESIAN_POINT('',(0.692969303155,0.507067973512));
#1260 = CARTESIAN_POINT('',(0.666073622172,0.434850978935));
#1261 = CARTESIAN_POINT('',(0.644416711945,0.358703010287));
#1262 = CARTESIAN_POINT('',(0.643682357366,0.356092822853));
#1263 = CARTESIAN_POINT('',(0.642955487493,0.353480993306));
#1264 = CARTESIAN_POINT('',(0.642236063451,0.350867543207));
#1265 = CARTESIAN_POINT('',(0.64152404696,0.348252493915));
#1266 = CARTESIAN_POINT('',(0.64081940033,0.345635866597));
#1267 = CARTESIAN_POINT('',(0.640122086453,0.34301768223));
#1268 = CARTESIAN_POINT('',(0.639432068799,0.340397961604));
#1269 = ( GEOMETRIC_REPRESENTATION_CONTEXT(2) 
PARAMETRIC_REPRESENTATION_CONTEXT() REPRESENTATION_CONTEXT('2D SPACE',''
  ) );
#1270 = ORIENTED_EDGE('',*,*,#1271,.F.);
#1271 = EDGE_CURVE('',#1272,#1167,#1274,.T.);
#1272 = VERTEX_POINT('',#1273);
#1273 = CARTESIAN_POINT('',(-4.74699971418,4.1,21.357499007381));
#1274 = SURFACE_CURVE('',#1275,(#1280,#1287),.PCURVE_S1.);
#1275 = CIRCLE('',#1276,1.322875655532);
#1276 = AXIS2_PLACEMENT_3D('',#1277,#1278,#1279);
#1277 = CARTESIAN_POINT('',(-4.949747468306,4.1,20.050252531694));
#1278 = DIRECTION('',(0.,1.,0.));
#1279 = DIRECTION('',(0.107720625157,0.,-0.994181204266));
#1280 = PCURVE('',#337,#1281);
#1281 = DEFINITIONAL_REPRESENTATION('',(#1282),#1286);
#1282 = CIRCLE('',#1283,1.322875655532);
#1283 = AXIS2_PLACEMENT_2D('',#1284,#1285);
#1284 = CARTESIAN_POINT('',(12.550252531694,5.050252531694));
#1285 = DIRECTION('',(-0.994181204266,0.107720625157));
#1286 = ( GEOMETRIC_REPRESENTATION_CONTEXT(2) 
PARAMETRIC_REPRESENTATION_CONTEXT() REPRESENTATION_CONTEXT('2D SPACE',''
  ) );
#1287 = PCURVE('',#1288,#1293);
#1288 = SPHERICAL_SURFACE('',#1289,1.6);
#1289 = AXIS2_PLACEMENT_3D('',#1290,#1291,#1292);
#1290 = CARTESIAN_POINT('',(-4.949747468306,3.2,20.050252531694));
#1291 = DIRECTION('',(0.,0.,1.));
#1292 = DIRECTION('',(1.,0.,0.));
#1293 = DEFINITIONAL_REPRESENTATION('',(#1294),#1367);
#1294 = B_SPLINE_CURVE_WITH_KNOTS('',8,(#1295,#1296,#1297,#1298,#1299,
    #1300,#1301,#1302,#1303,#1304,#1305,#1306,#1307,#1308,#1309,#1310,
    #1311,#1312,#1313,#1314,#1315,#1316,#1317,#1318,#1319,#1320,#1321,
    #1322,#1323,#1324,#1325,#1326,#1327,#1328,#1329,#1330,#1331,#1332,
    #1333,#1334,#1335,#1336,#1337,#1338,#1339,#1340,#1341,#1342,#1343,
    #1344,#1345,#1346,#1347,#1348,#1349,#1350,#1351,#1352,#1353,#1354,
    #1355,#1356,#1357,#1358,#1359,#1360,#1361,#1362,#1363,#1364,#1365,
    #1366),.UNSPECIFIED.,.F.,.F.,(9,7,7,7,7,7,7,7,7,7,9),(0.,
    0.228239681268,0.605900058739,1.266805719312,2.258164210173,
    2.753843455603,3.001683078318,3.249522701033,3.642221782732,
    4.378532560917,4.666449687472),.UNSPECIFIED.);
#1295 = CARTESIAN_POINT('',(1.413765489941,-0.964890082182));
#1296 = CARTESIAN_POINT('',(1.454436941501,-0.969351767575));
#1297 = CARTESIAN_POINT('',(1.495850715269,-0.972503644868));
#1298 = CARTESIAN_POINT('',(1.537774168248,-0.974306591004));
#1299 = CARTESIAN_POINT('',(1.579939993141,-0.974735741924));
#1300 = CARTESIAN_POINT('',(1.622059334693,-0.973783860275));
#1301 = CARTESIAN_POINT('',(1.663844455877,-0.971463054603));
#1302 = CARTESIAN_POINT('',(1.705036504429,-0.967803044731));
#1303 = CARTESIAN_POINT('',(1.812219794385,-0.954645197063));
#1304 = CARTESIAN_POINT('',(1.876792349314,-0.942894455429));
#1305 = CARTESIAN_POINT('',(1.938119070478,-0.9277874326));
#1306 = CARTESIAN_POINT('',(1.995471156264,-0.909623232542));
#1307 = CARTESIAN_POINT('',(2.048549304128,-0.888746861669));
#1308 = CARTESIAN_POINT('',(2.097367941613,-0.865496790989));
#1309 = CARTESIAN_POINT('',(2.142075430064,-0.840174326426));
#1310 = CARTESIAN_POINT('',(2.254369802057,-0.765579523231));
#1311 = CARTESIAN_POINT('',(2.313967159711,-0.712588021206));
#1312 = CARTESIAN_POINT('',(2.362962775826,-0.655514853043));
#1313 = CARTESIAN_POINT('',(2.40336180122,-0.595457942755));
#1314 = CARTESIAN_POINT('',(2.436579231877,-0.533127727669));
#1315 = CARTESIAN_POINT('',(2.463745233428,-0.469078398313));
#1316 = CARTESIAN_POINT('',(2.485672829128,-0.403720021427));
#1317 = CARTESIAN_POINT('',(2.528862164464,-0.237893676731));
#1318 = CARTESIAN_POINT('',(2.54430817246,-0.136210081002));
#1319 = CARTESIAN_POINT('',(2.551264924762,-3.347192566326E-02));
#1320 = CARTESIAN_POINT('',(2.550507288931,6.959134517752E-02));
#1321 = CARTESIAN_POINT('',(2.542068083678,0.172307137419));
#1322 = CARTESIAN_POINT('',(2.525307297184,0.273962917581));
#1323 = CARTESIAN_POINT('',(2.498636405897,0.373658812623));
#1324 = CARTESIAN_POINT('',(2.43909944262,0.517883857296));
#1325 = CARTESIAN_POINT('',(2.415998692347,0.565072209334));
#1326 = CARTESIAN_POINT('',(2.38925734004,0.611176280532));
#1327 = CARTESIAN_POINT('',(2.358389814677,0.65595186271));
#1328 = CARTESIAN_POINT('',(2.322822815323,0.699100699849));
#1329 = CARTESIAN_POINT('',(2.281858844724,0.740237630578));
#1330 = CARTESIAN_POINT('',(2.234735396582,0.778862042876));
#1331 = CARTESIAN_POINT('',(2.154018678994,0.832114008177));
#1332 = CARTESIAN_POINT('',(2.125441079551,0.849083941329));
#1333 = CARTESIAN_POINT('',(2.095126378506,0.865196905619));
#1334 = CARTESIAN_POINT('',(2.063022498611,0.880370278965));
#1335 = CARTESIAN_POINT('',(2.02910345716,0.894515241871));
#1336 = CARTESIAN_POINT('',(1.993382328898,0.907538896315));
#1337 = CARTESIAN_POINT('',(1.95592407475,0.919348325773));
#1338 = CARTESIAN_POINT('',(1.877792397952,0.940364866997));
#1339 = CARTESIAN_POINT('',(1.837118839275,0.949571888537));
#1340 = CARTESIAN_POINT('',(1.794965871151,0.957391216966));
#1341 = CARTESIAN_POINT('',(1.751523577571,0.963741127419));
#1342 = CARTESIAN_POINT('',(1.707051178035,0.968553022571));
#1343 = CARTESIAN_POINT('',(1.661868645118,0.971777761653));
#1344 = CARTESIAN_POINT('',(1.616332577262,0.97338991015));
#1345 = CARTESIAN_POINT('',(1.498644652471,0.97338991015));
#1346 = CARTESIAN_POINT('',(1.4264932203,0.969342164704));
#1347 = CARTESIAN_POINT('',(1.35574957305,0.961247109829));
#1348 = CARTESIAN_POINT('',(1.287831666602,0.949258406267));
#1349 = CARTESIAN_POINT('',(1.223810629943,0.933693645588));
#1350 = CARTESIAN_POINT('',(1.164161904882,0.914929592137));
#1351 = CARTESIAN_POINT('',(1.109050921052,0.893340145546));
#1352 = CARTESIAN_POINT('',(0.963467229981,0.824152192502));
#1353 = CARTESIAN_POINT('',(0.884246462217,0.770324611387));
#1354 = CARTESIAN_POINT('',(0.820360990184,0.71009804328));
#1355 = CARTESIAN_POINT('',(0.768615428592,0.645442230201));
#1356 = CARTESIAN_POINT('',(0.72672516288,0.577468106207));
#1357 = CARTESIAN_POINT('',(0.692969303155,0.507067973512));
#1358 = CARTESIAN_POINT('',(0.666073622172,0.434850978935));
#1359 = CARTESIAN_POINT('',(0.636980256313,0.332555652035));
#1360 = CARTESIAN_POINT('',(0.629716294399,0.303597569127));
#1361 = CARTESIAN_POINT('',(0.623313820477,0.274466435312));
#1362 = CARTESIAN_POINT('',(0.617728825063,0.245188431651));
#1363 = CARTESIAN_POINT('',(0.612925205542,0.215787353437));
#1364 = CARTESIAN_POINT('',(0.608874008117,0.186285151681));
#1365 = CARTESIAN_POINT('',(0.60555287985,0.156702432763));
#1366 = CARTESIAN_POINT('',(0.602945730787,0.127058916219));
#1367 = ( GEOMETRIC_REPRESENTATION_CONTEXT(2) 
PARAMETRIC_REPRESENTATION_CONTEXT() REPRESENTATION_CONTEXT('2D SPACE',''
  ) );
#1368 = ORIENTED_EDGE('',*,*,#1369,.F.);
#1369 = EDGE_CURVE('',#1370,#1272,#1372,.T.);
#1370 = VERTEX_POINT('',#1371);
#1371 = CARTESIAN_POINT('',(-6.264925580617,4.1,20.192753524313));
#1372 = SURFACE_CURVE('',#1373,(#1378,#1385),.PCURVE_S1.);
#1373 = CIRCLE('',#1374,1.322875655532);
#1374 = AXIS2_PLACEMENT_3D('',#1375,#1376,#1377);
#1375 = CARTESIAN_POINT('',(-6.062177826491,4.1,21.5));
#1376 = DIRECTION('',(0.,1.,0.));
#1377 = DIRECTION('',(-0.153262896084,0.,-0.988185450553));
#1378 = PCURVE('',#337,#1379);
#1379 = DEFINITIONAL_REPRESENTATION('',(#1380),#1384);
#1380 = CIRCLE('',#1381,1.322875655532);
#1381 = AXIS2_PLACEMENT_2D('',#1382,#1383);
#1382 = CARTESIAN_POINT('',(14.,3.937822173509));
#1383 = DIRECTION('',(-0.988185450553,-0.153262896084));
#1384 = ( GEOMETRIC_REPRESENTATION_CONTEXT(2) 
PARAMETRIC_REPRESENTATION_CONTEXT() REPRESENTATION_CONTEXT('2D SPACE',''
  ) );
#1385 = PCURVE('',#1386,#1391);
#1386 = SPHERICAL_SURFACE('',#1387,1.6);
#1387 = AXIS2_PLACEMENT_3D('',#1388,#1389,#1390);
#1388 = CARTESIAN_POINT('',(-6.062177826491,3.2,21.5));
#1389 = DIRECTION('',(0.,0.,1.));
#1390 = DIRECTION('',(1.,0.,0.));
#1391 = DEFINITIONAL_REPRESENTATION('',(#1392),#1458);
#1392 = B_SPLINE_CURVE_WITH_KNOTS('',8,(#1393,#1394,#1395,#1396,#1397,
    #1398,#1399,#1400,#1401,#1402,#1403,#1404,#1405,#1406,#1407,#1408,
    #1409,#1410,#1411,#1412,#1413,#1414,#1415,#1416,#1417,#1418,#1419,
    #1420,#1421,#1422,#1423,#1424,#1425,#1426,#1427,#1428,#1429,#1430,
    #1431,#1432,#1433,#1434,#1435,#1436,#1437,#1438,#1439,#1440,#1441,
    #1442,#1443,#1444,#1445,#1446,#1447,#1448,#1449,#1450,#1451,#1452,
    #1453,#1454,#1455,#1456,#1457),.UNSPECIFIED.,.F.,.F.,(9,7,7,7,7,7,7,
    7,7,9),(0.,0.34410067094,1.005006331513,1.996364822374,
    2.492044067804,2.739883690519,2.987723313234,3.380422394933,
    4.116733173118,4.666449687472),.UNSPECIFIED.);
#1393 = CARTESIAN_POINT('',(1.792372783335,-0.956239487817));
#1394 = CARTESIAN_POINT('',(1.851830959855,-0.946786706454));
#1395 = CARTESIAN_POINT('',(1.909015391451,-0.93448252251));
#1396 = CARTESIAN_POINT('',(1.963263865886,-0.91950508233));
#1397 = CARTESIAN_POINT('',(2.014136317126,-0.902091137697));
#1398 = CARTESIAN_POINT('',(2.061466465025,-0.882499804328));
#1399 = CARTESIAN_POINT('',(2.105282962729,-0.860982137876));
#1400 = CARTESIAN_POINT('',(2.145704054563,-0.837763907047));
#1401 = CARTESIAN_POINT('',(2.254369802057,-0.765579523231));
#1402 = CARTESIAN_POINT('',(2.31396715971,-0.712588021206));
#1403 = CARTESIAN_POINT('',(2.362962775838,-0.655514853046));
#1404 = CARTESIAN_POINT('',(2.403361801231,-0.59545794275));
#1405 = CARTESIAN_POINT('',(2.436579231886,-0.533127727671));
#1406 = CARTESIAN_POINT('',(2.463745233425,-0.469078398312));
#1407 = CARTESIAN_POINT('',(2.485672829128,-0.403720021427));
#1408 = CARTESIAN_POINT('',(2.528862164464,-0.237893676731));
#1409 = CARTESIAN_POINT('',(2.54430817246,-0.136210081002));
#1410 = CARTESIAN_POINT('',(2.551264924762,-3.347192566326E-02));
#1411 = CARTESIAN_POINT('',(2.550507288931,6.959134517752E-02));
#1412 = CARTESIAN_POINT('',(2.542068083678,0.172307137419));
#1413 = CARTESIAN_POINT('',(2.525307297184,0.273962917581));
#1414 = CARTESIAN_POINT('',(2.498636405897,0.373658812623));
#1415 = CARTESIAN_POINT('',(2.43909944262,0.517883857296));
#1416 = CARTESIAN_POINT('',(2.415998692346,0.565072209334));
#1417 = CARTESIAN_POINT('',(2.38925734004,0.611176280532));
#1418 = CARTESIAN_POINT('',(2.358389814677,0.65595186271));
#1419 = CARTESIAN_POINT('',(2.322822815323,0.699100699849));
#1420 = CARTESIAN_POINT('',(2.281858844724,0.740237630578));
#1421 = CARTESIAN_POINT('',(2.234735396582,0.778862042876));
#1422 = CARTESIAN_POINT('',(2.154018678994,0.832114008177));
#1423 = CARTESIAN_POINT('',(2.125441079551,0.849083941329));
#1424 = CARTESIAN_POINT('',(2.095126378506,0.865196905619));
#1425 = CARTESIAN_POINT('',(2.063022498611,0.880370278965));
#1426 = CARTESIAN_POINT('',(2.02910345716,0.894515241871));
#1427 = CARTESIAN_POINT('',(1.993382328898,0.907538896315));
#1428 = CARTESIAN_POINT('',(1.95592407475,0.919348325773));
#1429 = CARTESIAN_POINT('',(1.877792397952,0.940364866997));
#1430 = CARTESIAN_POINT('',(1.837118839275,0.949571888537));
#1431 = CARTESIAN_POINT('',(1.794965871151,0.957391216965));
#1432 = CARTESIAN_POINT('',(1.751523577571,0.963741127419));
#1433 = CARTESIAN_POINT('',(1.707051178035,0.968553022571));
#1434 = CARTESIAN_POINT('',(1.661868645118,0.971777761653));
#1435 = CARTESIAN_POINT('',(1.616332577262,0.97338991015));
#1436 = CARTESIAN_POINT('',(1.498644652471,0.97338991015));
#1437 = CARTESIAN_POINT('',(1.4264932203,0.969342164704));
#1438 = CARTESIAN_POINT('',(1.35574957305,0.96124710983));
#1439 = CARTESIAN_POINT('',(1.287831666603,0.94925840627));
#1440 = CARTESIAN_POINT('',(1.22381062994,0.933693645588));
#1441 = CARTESIAN_POINT('',(1.164161904881,0.914929592137));
#1442 = CARTESIAN_POINT('',(1.109050921052,0.893340145546));
#1443 = CARTESIAN_POINT('',(0.963467229981,0.824152192502));
#1444 = CARTESIAN_POINT('',(0.884246462217,0.770324611389));
#1445 = CARTESIAN_POINT('',(0.820360990185,0.710098043275));
#1446 = CARTESIAN_POINT('',(0.768615428593,0.645442230208));
#1447 = CARTESIAN_POINT('',(0.726725162879,0.577468106202));
#1448 = CARTESIAN_POINT('',(0.692969303155,0.507067973514));
#1449 = CARTESIAN_POINT('',(0.666073622172,0.434850978935));
#1450 = CARTESIAN_POINT('',(0.62954380068,0.306408293783));
#1451 = CARTESIAN_POINT('',(0.617262243985,0.2507679543));
#1452 = CARTESIAN_POINT('',(0.607945840671,0.194593402841));
#1453 = CARTESIAN_POINT('',(0.601344448781,0.138048070848));
#1454 = CARTESIAN_POINT('',(0.597301300695,8.127073452144E-02));
#1455 = CARTESIAN_POINT('',(0.595738616667,2.438828815574E-02));
#1456 = CARTESIAN_POINT('',(0.596653395521,-3.247350994363E-02));
#1457 = CARTESIAN_POINT('',(0.600123382546,-8.918131895943E-02));
#1458 = ( GEOMETRIC_REPRESENTATION_CONTEXT(2) 
PARAMETRIC_REPRESENTATION_CONTEXT() REPRESENTATION_CONTEXT('2D SPACE',''
  ) );
#1459 = ORIENTED_EDGE('',*,*,#1460,.F.);
#1460 = EDGE_CURVE('',#1461,#1370,#1463,.T.);
#1461 = VERTEX_POINT('',#1462);
#1462 = CARTESIAN_POINT('',(-4.807246475687,4.1,18.735074419383));
#1463 = SURFACE_CURVE('',#1464,(#1469,#1476),.PCURVE_S1.);
#1464 = CIRCLE('',#1465,1.322875655532);
#1465 = AXIS2_PLACEMENT_3D('',#1466,#1467,#1468);
#1466 = CARTESIAN_POINT('',(-4.949747468306,4.1,20.050252531694));
#1467 = DIRECTION('',(0.,1.,0.));
#1468 = DIRECTION('',(0.107720625157,0.,-0.994181204266));
#1469 = PCURVE('',#337,#1470);
#1470 = DEFINITIONAL_REPRESENTATION('',(#1471),#1475);
#1471 = CIRCLE('',#1472,1.322875655532);
#1472 = AXIS2_PLACEMENT_2D('',#1473,#1474);
#1473 = CARTESIAN_POINT('',(12.550252531694,5.050252531694));
#1474 = DIRECTION('',(-0.994181204266,0.107720625157));
#1475 = ( GEOMETRIC_REPRESENTATION_CONTEXT(2) 
PARAMETRIC_REPRESENTATION_CONTEXT() REPRESENTATION_CONTEXT('2D SPACE',''
  ) );
#1476 = PCURVE('',#1288,#1477);
#1477 = DEFINITIONAL_REPRESENTATION('',(#1478),#1551);
#1478 = B_SPLINE_CURVE_WITH_KNOTS('',8,(#1479,#1480,#1481,#1482,#1483,
    #1484,#1485,#1486,#1487,#1488,#1489,#1490,#1491,#1492,#1493,#1494,
    #1495,#1496,#1497,#1498,#1499,#1500,#1501,#1502,#1503,#1504,#1505,
    #1506,#1507,#1508,#1509,#1510,#1511,#1512,#1513,#1514,#1515,#1516,
    #1517,#1518,#1519,#1520,#1521,#1522,#1523,#1524,#1525,#1526,#1527,
    #1528,#1529,#1530,#1531,#1532,#1533,#1534,#1535,#1536,#1537,#1538,
    #1539,#1540,#1541,#1542,#1543,#1544,#1545,#1546,#1547,#1548,#1549,
    #1550),.UNSPECIFIED.,.F.,.F.,(9,7,7,7,7,7,7,7,7,7,9),(0.,
    0.228239681268,0.605900058739,1.266805719312,2.258164210173,
    2.753843455603,3.001683078318,3.249522701033,3.642221782732,
    4.378532560917,4.666449687472),.UNSPECIFIED.);
#1479 = CARTESIAN_POINT('',(1.413765489941,-0.964890082182));
#1480 = CARTESIAN_POINT('',(1.454436941501,-0.969351767575));
#1481 = CARTESIAN_POINT('',(1.495850715269,-0.972503644868));
#1482 = CARTESIAN_POINT('',(1.537774168248,-0.974306591004));
#1483 = CARTESIAN_POINT('',(1.579939993141,-0.974735741924));
#1484 = CARTESIAN_POINT('',(1.622059334693,-0.973783860275));
#1485 = CARTESIAN_POINT('',(1.663844455877,-0.971463054603));
#1486 = CARTESIAN_POINT('',(1.705036504429,-0.967803044731));
#1487 = CARTESIAN_POINT('',(1.812219794385,-0.954645197063));
#1488 = CARTESIAN_POINT('',(1.876792349314,-0.942894455429));
#1489 = CARTESIAN_POINT('',(1.938119070478,-0.9277874326));
#1490 = CARTESIAN_POINT('',(1.995471156264,-0.909623232542));
#1491 = CARTESIAN_POINT('',(2.048549304128,-0.888746861669));
#1492 = CARTESIAN_POINT('',(2.097367941613,-0.865496790989));
#1493 = CARTESIAN_POINT('',(2.142075430064,-0.840174326426));
#1494 = CARTESIAN_POINT('',(2.254369802057,-0.765579523231));
#1495 = CARTESIAN_POINT('',(2.313967159711,-0.712588021206));
#1496 = CARTESIAN_POINT('',(2.362962775826,-0.655514853043));
#1497 = CARTESIAN_POINT('',(2.40336180122,-0.595457942755));
#1498 = CARTESIAN_POINT('',(2.436579231877,-0.533127727669));
#1499 = CARTESIAN_POINT('',(2.463745233428,-0.469078398313));
#1500 = CARTESIAN_POINT('',(2.485672829128,-0.403720021427));
#1501 = CARTESIAN_POINT('',(2.528862164464,-0.237893676731));
#1502 = CARTESIAN_POINT('',(2.54430817246,-0.136210081002));
#1503 = CARTESIAN_POINT('',(2.551264924762,-3.347192566326E-02));
#1504 = CARTESIAN_POINT('',(2.550507288931,6.959134517752E-02));
#1505 = CARTESIAN_POINT('',(2.542068083678,0.172307137419));
#1506 = CARTESIAN_POINT('',(2.525307297184,0.273962917581));
#1507 = CARTESIAN_POINT('',(2.498636405897,0.373658812623));
#1508 = CARTESIAN_POINT('',(2.43909944262,0.517883857296));
#1509 = CARTESIAN_POINT('',(2.415998692347,0.565072209334));
#1510 = CARTESIAN_POINT('',(2.38925734004,0.611176280532));
#1511 = CARTESIAN_POINT('',(2.358389814677,0.65595186271));
#1512 = CARTESIAN_POINT('',(2.322822815323,0.699100699849));
#1513 = CARTESIAN_POINT('',(2.281858844724,0.740237630578));
#1514 = CARTESIAN_POINT('',(2.234735396582,0.778862042876));
#1515 = CARTESIAN_POINT('',(2.154018678994,0.832114008177));
#1516 = CARTESIAN_POINT('',(2.125441079551,0.849083941329));
#1517 = CARTESIAN_POINT('',(2.095126378506,0.865196905619));
#1518 = CARTESIAN_POINT('',(2.063022498611,0.880370278965));
#1519 = CARTESIAN_POINT('',(2.02910345716,0.894515241871));
#1520 = CARTESIAN_POINT('',(1.993382328898,0.907538896315));
#1521 = CARTESIAN_POINT('',(1.95592407475,0.919348325773));
#1522 = CARTESIAN_POINT('',(1.877792397952,0.940364866997));
#1523 = CARTESIAN_POINT('',(1.837118839275,0.949571888537));
#1524 = CARTESIAN_POINT('',(1.794965871151,0.957391216966));
#1525 = CARTESIAN_POINT('',(1.751523577571,0.963741127419));
#1526 = CARTESIAN_POINT('',(1.707051178035,0.968553022571));
#1527 = CARTESIAN_POINT('',(1.661868645118,0.971777761653));
#1528 = CARTESIAN_POINT('',(1.616332577262,0.97338991015));
#1529 = CARTESIAN_POINT('',(1.498644652471,0.97338991015));
#1530 = CARTESIAN_POINT('',(1.4264932203,0.969342164704));
#1531 = CARTESIAN_POINT('',(1.35574957305,0.961247109829));
#1532 = CARTESIAN_POINT('',(1.287831666602,0.949258406267));
#1533 = CARTESIAN_POINT('',(1.223810629943,0.933693645588));
#1534 = CARTESIAN_POINT('',(1.164161904882,0.914929592137));
#1535 = CARTESIAN_POINT('',(1.109050921052,0.893340145546));
#1536 = CARTESIAN_POINT('',(0.963467229981,0.824152192502));
#1537 = CARTESIAN_POINT('',(0.884246462217,0.770324611387));
#1538 = CARTESIAN_POINT('',(0.820360990184,0.71009804328));
#1539 = CARTESIAN_POINT('',(0.768615428592,0.645442230201));
#1540 = CARTESIAN_POINT('',(0.72672516288,0.577468106207));
#1541 = CARTESIAN_POINT('',(0.692969303155,0.507067973512));
#1542 = CARTESIAN_POINT('',(0.666073622172,0.434850978935));
#1543 = CARTESIAN_POINT('',(0.636980256313,0.332555652035));
#1544 = CARTESIAN_POINT('',(0.629716294399,0.303597569127));
#1545 = CARTESIAN_POINT('',(0.623313820477,0.274466435312));
#1546 = CARTESIAN_POINT('',(0.617728825063,0.245188431651));
#1547 = CARTESIAN_POINT('',(0.612925205542,0.215787353437));
#1548 = CARTESIAN_POINT('',(0.608874008117,0.186285151681));
#1549 = CARTESIAN_POINT('',(0.60555287985,0.156702432763));
#1550 = CARTESIAN_POINT('',(0.602945730787,0.127058916219));
#1551 = ( GEOMETRIC_REPRESENTATION_CONTEXT(2) 
PARAMETRIC_REPRESENTATION_CONTEXT() REPRESENTATION_CONTEXT('2D SPACE',''
  ) );
#1552 = ORIENTED_EDGE('',*,*,#1553,.F.);
#1553 = EDGE_CURVE('',#871,#1461,#1554,.T.);
#1554 = SURFACE_CURVE('',#1555,(#1560,#1567),.PCURVE_S1.);
#1555 = CIRCLE('',#1556,1.322875655532);
#1556 = AXIS2_PLACEMENT_3D('',#1557,#1558,#1559);
#1557 = CARTESIAN_POINT('',(-3.5,4.1,18.937822173509));
#1558 = DIRECTION('',(0.,1.,0.));
#1559 = DIRECTION('',(0.36136316381,0.,-0.932425151871));
#1560 = PCURVE('',#337,#1561);
#1561 = DEFINITIONAL_REPRESENTATION('',(#1562),#1566);
#1562 = CIRCLE('',#1563,1.322875655532);
#1563 = AXIS2_PLACEMENT_2D('',#1564,#1565);
#1564 = CARTESIAN_POINT('',(11.437822173509,6.5));
#1565 = DIRECTION('',(-0.932425151871,0.36136316381));
#1566 = ( GEOMETRIC_REPRESENTATION_CONTEXT(2) 
PARAMETRIC_REPRESENTATION_CONTEXT() REPRESENTATION_CONTEXT('2D SPACE',''
  ) );
#1567 = PCURVE('',#1183,#1568);
#1568 = DEFINITIONAL_REPRESENTATION('',(#1569),#1649);
#1569 = B_SPLINE_CURVE_WITH_KNOTS('',8,(#1570,#1571,#1572,#1573,#1574,
    #1575,#1576,#1577,#1578,#1579,#1580,#1581,#1582,#1583,#1584,#1585,
    #1586,#1587,#1588,#1589,#1590,#1591,#1592,#1593,#1594,#1595,#1596,
    #1597,#1598,#1599,#1600,#1601,#1602,#1603,#1604,#1605,#1606,#1607,
    #1608,#1609,#1610,#1611,#1612,#1613,#1614,#1615,#1616,#1617,#1618,
    #1619,#1620,#1621,#1622,#1623,#1624,#1625,#1626,#1627,#1628,#1629,
    #1630,#1631,#1632,#1633,#1634,#1635,#1636,#1637,#1638,#1639,#1640,
    #1641,#1642,#1643,#1644,#1645,#1646,#1647,#1648),.UNSPECIFIED.,.F.,
  .F.,(9,7,7,7,7,7,7,7,7,7,7,9),(0.,5.842720910105E-02,0.490039069067,
    0.867699446538,1.528605107112,2.519963597972,3.015642843402,
    3.263482466117,3.511322088832,3.904021170531,4.640331948716,
    4.666449687472),.UNSPECIFIED.);
#1570 = CARTESIAN_POINT('',(1.082537306733,-0.880294652603));
#1571 = CARTESIAN_POINT('',(1.090344325328,-0.88372059853));
#1572 = CARTESIAN_POINT('',(1.098250595355,-0.887088995485));
#1573 = CARTESIAN_POINT('',(1.10625609805,-0.890398671643));
#1574 = CARTESIAN_POINT('',(1.114360692989,-0.893648445859));
#1575 = CARTESIAN_POINT('',(1.122564107979,-0.896837129957));
#1576 = CARTESIAN_POINT('',(1.130865928647,-0.899963531389));
#1577 = CARTESIAN_POINT('',(1.139265587854,-0.903026456331));
#1578 = CARTESIAN_POINT('',(1.210529438453,-0.928173353764));
#1579 = CARTESIAN_POINT('',(1.278596126813,-0.946793168568));
#1580 = CARTESIAN_POINT('',(1.351669596544,-0.961402161822));
#1581 = CARTESIAN_POINT('',(1.428981435428,-0.971531257276));
#1582 = CARTESIAN_POINT('',(1.509107380903,-0.976767639109));
#1583 = CARTESIAN_POINT('',(1.589788031301,-0.976956167367));
#1584 = CARTESIAN_POINT('',(1.669060110494,-0.972219515911));
#1585 = CARTESIAN_POINT('',(1.812219794385,-0.954645197063));
#1586 = CARTESIAN_POINT('',(1.876792349314,-0.942894455429));
#1587 = CARTESIAN_POINT('',(1.938119070478,-0.9277874326));
#1588 = CARTESIAN_POINT('',(1.995471156264,-0.909623232542));
#1589 = CARTESIAN_POINT('',(2.048549304128,-0.888746861669));
#1590 = CARTESIAN_POINT('',(2.097367941613,-0.865496790989));
#1591 = CARTESIAN_POINT('',(2.142075430064,-0.840174326426));
#1592 = CARTESIAN_POINT('',(2.254369802057,-0.765579523231));
#1593 = CARTESIAN_POINT('',(2.313967159713,-0.712588021205));
#1594 = CARTESIAN_POINT('',(2.362962775818,-0.655514853047));
#1595 = CARTESIAN_POINT('',(2.403361801222,-0.595457942752));
#1596 = CARTESIAN_POINT('',(2.436579231873,-0.533127727672));
#1597 = CARTESIAN_POINT('',(2.463745233429,-0.469078398312));
#1598 = CARTESIAN_POINT('',(2.485672829128,-0.403720021427));
#1599 = CARTESIAN_POINT('',(2.528862164464,-0.237893676731));
#1600 = CARTESIAN_POINT('',(2.54430817246,-0.136210081002));
#1601 = CARTESIAN_POINT('',(2.551264924762,-3.347192566327E-02));
#1602 = CARTESIAN_POINT('',(2.550507288932,6.959134517753E-02));
#1603 = CARTESIAN_POINT('',(2.542068083678,0.17230713742));
#1604 = CARTESIAN_POINT('',(2.525307297184,0.273962917581));
#1605 = CARTESIAN_POINT('',(2.498636405897,0.373658812623));
#1606 = CARTESIAN_POINT('',(2.43909944262,0.517883857296));
#1607 = CARTESIAN_POINT('',(2.415998692347,0.565072209334));
#1608 = CARTESIAN_POINT('',(2.389257340039,0.611176280532));
#1609 = CARTESIAN_POINT('',(2.358389814676,0.65595186271));
#1610 = CARTESIAN_POINT('',(2.322822815323,0.699100699849));
#1611 = CARTESIAN_POINT('',(2.281858844724,0.740237630578));
#1612 = CARTESIAN_POINT('',(2.234735396582,0.778862042876));
#1613 = CARTESIAN_POINT('',(2.154018678994,0.832114008177));
#1614 = CARTESIAN_POINT('',(2.125441079551,0.849083941329));
#1615 = CARTESIAN_POINT('',(2.095126378506,0.865196905619));
#1616 = CARTESIAN_POINT('',(2.063022498611,0.880370278965));
#1617 = CARTESIAN_POINT('',(2.02910345716,0.894515241871));
#1618 = CARTESIAN_POINT('',(1.993382328898,0.907538896315));
#1619 = CARTESIAN_POINT('',(1.95592407475,0.919348325773));
#1620 = CARTESIAN_POINT('',(1.877792397952,0.940364866997));
#1621 = CARTESIAN_POINT('',(1.837118839275,0.949571888537));
#1622 = CARTESIAN_POINT('',(1.794965871151,0.957391216966));
#1623 = CARTESIAN_POINT('',(1.751523577571,0.963741127419));
#1624 = CARTESIAN_POINT('',(1.707051178035,0.968553022571));
#1625 = CARTESIAN_POINT('',(1.661868645118,0.971777761653));
#1626 = CARTESIAN_POINT('',(1.616332577262,0.97338991015));
#1627 = CARTESIAN_POINT('',(1.498644652471,0.97338991015));
#1628 = CARTESIAN_POINT('',(1.4264932203,0.969342164704));
#1629 = CARTESIAN_POINT('',(1.35574957305,0.961247109829));
#1630 = CARTESIAN_POINT('',(1.287831666602,0.949258406267));
#1631 = CARTESIAN_POINT('',(1.223810629943,0.933693645588));
#1632 = CARTESIAN_POINT('',(1.164161904882,0.914929592137));
#1633 = CARTESIAN_POINT('',(1.109050921052,0.893340145546));
#1634 = CARTESIAN_POINT('',(0.963467229981,0.824152192502));
#1635 = CARTESIAN_POINT('',(0.884246462217,0.770324611387));
#1636 = CARTESIAN_POINT('',(0.820360990184,0.71009804328));
#1637 = CARTESIAN_POINT('',(0.768615428592,0.645442230201));
#1638 = CARTESIAN_POINT('',(0.72672516288,0.577468106207));
#1639 = CARTESIAN_POINT('',(0.692969303155,0.507067973512));
#1640 = CARTESIAN_POINT('',(0.666073622172,0.434850978935));
#1641 = CARTESIAN_POINT('',(0.644416711945,0.358703010287));
#1642 = CARTESIAN_POINT('',(0.643682357366,0.356092822853));
#1643 = CARTESIAN_POINT('',(0.642955487493,0.353480993306));
#1644 = CARTESIAN_POINT('',(0.642236063451,0.350867543207));
#1645 = CARTESIAN_POINT('',(0.64152404696,0.348252493915));
#1646 = CARTESIAN_POINT('',(0.64081940033,0.345635866597));
#1647 = CARTESIAN_POINT('',(0.640122086453,0.34301768223));
#1648 = CARTESIAN_POINT('',(0.639432068799,0.340397961604));
#1649 = ( GEOMETRIC_REPRESENTATION_CONTEXT(2) 
PARAMETRIC_REPRESENTATION_CONTEXT() REPRESENTATION_CONTEXT('2D SPACE',''
  ) );
#1650 = FACE_BOUND('',#1651,.F.);
#1651 = EDGE_LOOP('',(#1652));
#1652 = ORIENTED_EDGE('',*,*,#1653,.T.);
#1653 = EDGE_CURVE('',#1654,#1654,#1656,.T.);
#1654 = VERTEX_POINT('',#1655);
#1655 = CARTESIAN_POINT('',(2.2,4.1,25.));
#1656 = SURFACE_CURVE('',#1657,(#1662,#1673),.PCURVE_S1.);
#1657 = CIRCLE('',#1658,2.2);
#1658 = AXIS2_PLACEMENT_3D('',#1659,#1660,#1661);
#1659 = CARTESIAN_POINT('',(0.,4.1,25.));
#1660 = DIRECTION('',(0.,-1.,0.));
#1661 = DIRECTION('',(1.,0.,0.));
#1662 = PCURVE('',#337,#1663);
#1663 = DEFINITIONAL_REPRESENTATION('',(#1664),#1672);
#1664 = ( BOUNDED_CURVE() B_SPLINE_CURVE(2,(#1665,#1666,#1667,#1668,
#1669,#1670,#1671),.UNSPECIFIED.,.T.,.F.) B_SPLINE_CURVE_WITH_KNOTS((1,2
    ,2,2,2,1),(-2.094395102393,0.,2.094395102393,4.188790204786,
6.28318530718,8.377580409573),.UNSPECIFIED.) CURVE() 
GEOMETRIC_REPRESENTATION_ITEM() RATIONAL_B_SPLINE_CURVE((1.,0.5,1.,0.5,
1.,0.5,1.)) REPRESENTATION_ITEM('') );
#1665 = CARTESIAN_POINT('',(17.5,12.2));
#1666 = CARTESIAN_POINT('',(21.310511776652,12.2));
#1667 = CARTESIAN_POINT('',(19.405255888326,8.9));
#1668 = CARTESIAN_POINT('',(17.5,5.6));
#1669 = CARTESIAN_POINT('',(15.594744111674,8.9));
#1670 = CARTESIAN_POINT('',(13.689488223348,12.2));
#1671 = CARTESIAN_POINT('',(17.5,12.2));
#1672 = ( GEOMETRIC_REPRESENTATION_CONTEXT(2) 
PARAMETRIC_REPRESENTATION_CONTEXT() REPRESENTATION_CONTEXT('2D SPACE',''
  ) );
#1673 = PCURVE('',#778,#1674);
#1674 = DEFINITIONAL_REPRESENTATION('',(#1675),#1679);
#1675 = LINE('',#1676,#1677);
#1676 = CARTESIAN_POINT('',(0.,-4.1));
#1677 = VECTOR('',#1678,1.);
#1678 = DIRECTION('',(1.,0.));
#1679 = ( GEOMETRIC_REPRESENTATION_CONTEXT(2) 
PARAMETRIC_REPRESENTATION_CONTEXT() REPRESENTATION_CONTEXT('2D SPACE',''
  ) );
#1680 = ADVANCED_FACE('',(#1681,#1729),#388,.T.);
#1681 = FACE_BOUND('',#1682,.T.);
#1682 = EDGE_LOOP('',(#1683,#1684,#1707,#1728));
#1683 = ORIENTED_EDGE('',*,*,#611,.F.);
#1684 = ORIENTED_EDGE('',*,*,#1685,.T.);
#1685 = EDGE_CURVE('',#584,#1686,#1688,.T.);
#1686 = VERTEX_POINT('',#1687);
#1687 = CARTESIAN_POINT('',(-10.,-4.1,37.5));
#1688 = SURFACE_CURVE('',#1689,(#1693,#1700),.PCURVE_S1.);
#1689 = LINE('',#1690,#1691);
#1690 = CARTESIAN_POINT('',(-10.,-4.1,7.5));
#1691 = VECTOR('',#1692,1.);
#1692 = DIRECTION('',(0.,0.,1.));
#1693 = PCURVE('',#388,#1694);
#1694 = DEFINITIONAL_REPRESENTATION('',(#1695),#1699);
#1695 = LINE('',#1696,#1697);
#1696 = CARTESIAN_POINT('',(0.,0.));
#1697 = VECTOR('',#1698,1.);
#1698 = DIRECTION('',(1.,0.));
#1699 = ( GEOMETRIC_REPRESENTATION_CONTEXT(2) 
PARAMETRIC_REPRESENTATION_CONTEXT() REPRESENTATION_CONTEXT('2D SPACE',''
  ) );
#1700 = PCURVE('',#599,#1701);
#1701 = DEFINITIONAL_REPRESENTATION('',(#1702),#1706);
#1702 = LINE('',#1703,#1704);
#1703 = CARTESIAN_POINT('',(0.,-4.2));
#1704 = VECTOR('',#1705,1.);
#1705 = DIRECTION('',(1.,0.));
#1706 = ( GEOMETRIC_REPRESENTATION_CONTEXT(2) 
PARAMETRIC_REPRESENTATION_CONTEXT() REPRESENTATION_CONTEXT('2D SPACE',''
  ) );
#1707 = ORIENTED_EDGE('',*,*,#1708,.T.);
#1708 = EDGE_CURVE('',#1686,#373,#1709,.T.);
#1709 = SURFACE_CURVE('',#1710,(#1714,#1721),.PCURVE_S1.);
#1710 = LINE('',#1711,#1712);
#1711 = CARTESIAN_POINT('',(-10.,-4.1,37.5));
#1712 = VECTOR('',#1713,1.);
#1713 = DIRECTION('',(1.,0.,0.));
#1714 = PCURVE('',#388,#1715);
#1715 = DEFINITIONAL_REPRESENTATION('',(#1716),#1720);
#1716 = LINE('',#1717,#1718);
#1717 = CARTESIAN_POINT('',(30.,0.));
#1718 = VECTOR('',#1719,1.);
#1719 = DIRECTION('',(0.,1.));
#1720 = ( GEOMETRIC_REPRESENTATION_CONTEXT(2) 
PARAMETRIC_REPRESENTATION_CONTEXT() REPRESENTATION_CONTEXT('2D SPACE',''
  ) );
#1721 = PCURVE('',#416,#1722);
#1722 = DEFINITIONAL_REPRESENTATION('',(#1723),#1727);
#1723 = LINE('',#1724,#1725);
#1724 = CARTESIAN_POINT('',(0.,4.2));
#1725 = VECTOR('',#1726,1.);
#1726 = DIRECTION('',(1.,0.));
#1727 = ( GEOMETRIC_REPRESENTATION_CONTEXT(2) 
PARAMETRIC_REPRESENTATION_CONTEXT() REPRESENTATION_CONTEXT('2D SPACE',''
  ) );
#1728 = ORIENTED_EDGE('',*,*,#372,.F.);
#1729 = FACE_BOUND('',#1730,.T.);
#1730 = EDGE_LOOP('',(#1731));
#1731 = ORIENTED_EDGE('',*,*,#1732,.F.);
#1732 = EDGE_CURVE('',#1733,#1733,#1735,.T.);
#1733 = VERTEX_POINT('',#1734);
#1734 = CARTESIAN_POINT('',(2.2,-4.1,25.));
#1735 = SURFACE_CURVE('',#1736,(#1741,#1748),.PCURVE_S1.);
#1736 = CIRCLE('',#1737,2.2);
#1737 = AXIS2_PLACEMENT_3D('',#1738,#1739,#1740);
#1738 = CARTESIAN_POINT('',(0.,-4.1,25.));
#1739 = DIRECTION('',(-0.,1.,0.));
#1740 = DIRECTION('',(1.,0.,0.));
#1741 = PCURVE('',#388,#1742);
#1742 = DEFINITIONAL_REPRESENTATION('',(#1743),#1747);
#1743 = CIRCLE('',#1744,2.2);
#1744 = AXIS2_PLACEMENT_2D('',#1745,#1746);
#1745 = CARTESIAN_POINT('',(17.5,10.));
#1746 = DIRECTION('',(0.,1.));
#1747 = ( GEOMETRIC_REPRESENTATION_CONTEXT(2) 
PARAMETRIC_REPRESENTATION_CONTEXT() REPRESENTATION_CONTEXT('2D SPACE',''
  ) );
#1748 = PCURVE('',#1749,#1754);
#1749 = CYLINDRICAL_SURFACE('',#1750,2.2);
#1750 = AXIS2_PLACEMENT_3D('',#1751,#1752,#1753);
#1751 = CARTESIAN_POINT('',(0.,0.,25.));
#1752 = DIRECTION('',(0.,1.,0.));
#1753 = DIRECTION('',(1.,0.,0.));
#1754 = DEFINITIONAL_REPRESENTATION('',(#1755),#1759);
#1755 = LINE('',#1756,#1757);
#1756 = CARTESIAN_POINT('',(-6.28318530718,-4.1));
#1757 = VECTOR('',#1758,1.);
#1758 = DIRECTION('',(1.,-0.));
#1759 = ( GEOMETRIC_REPRESENTATION_CONTEXT(2) 
PARAMETRIC_REPRESENTATION_CONTEXT() REPRESENTATION_CONTEXT('2D SPACE',''
  ) );
#1760 = ADVANCED_FACE('',(#1761),#416,.T.);
#1761 = FACE_BOUND('',#1762,.T.);
#1762 = EDGE_LOOP('',(#1763,#1786,#1807,#1808));
#1763 = ORIENTED_EDGE('',*,*,#1764,.F.);
#1764 = EDGE_CURVE('',#1765,#1686,#1767,.T.);
#1765 = VERTEX_POINT('',#1766);
#1766 = CARTESIAN_POINT('',(-10.,-8.3,37.5));
#1767 = SURFACE_CURVE('',#1768,(#1772,#1779),.PCURVE_S1.);
#1768 = LINE('',#1769,#1770);
#1769 = CARTESIAN_POINT('',(-10.,-8.3,37.5));
#1770 = VECTOR('',#1771,1.);
#1771 = DIRECTION('',(0.,1.,0.));
#1772 = PCURVE('',#416,#1773);
#1773 = DEFINITIONAL_REPRESENTATION('',(#1774),#1778);
#1774 = LINE('',#1775,#1776);
#1775 = CARTESIAN_POINT('',(0.,0.));
#1776 = VECTOR('',#1777,1.);
#1777 = DIRECTION('',(0.,1.));
#1778 = ( GEOMETRIC_REPRESENTATION_CONTEXT(2) 
PARAMETRIC_REPRESENTATION_CONTEXT() REPRESENTATION_CONTEXT('2D SPACE',''
  ) );
#1779 = PCURVE('',#599,#1780);
#1780 = DEFINITIONAL_REPRESENTATION('',(#1781),#1785);
#1781 = LINE('',#1782,#1783);
#1782 = CARTESIAN_POINT('',(30.,0.));
#1783 = VECTOR('',#1784,1.);
#1784 = DIRECTION('',(0.,-1.));
#1785 = ( GEOMETRIC_REPRESENTATION_CONTEXT(2) 
PARAMETRIC_REPRESENTATION_CONTEXT() REPRESENTATION_CONTEXT('2D SPACE',''
  ) );
#1786 = ORIENTED_EDGE('',*,*,#1787,.T.);
#1787 = EDGE_CURVE('',#1765,#401,#1788,.T.);
#1788 = SURFACE_CURVE('',#1789,(#1793,#1800),.PCURVE_S1.);
#1789 = LINE('',#1790,#1791);
#1790 = CARTESIAN_POINT('',(-10.,-8.3,37.5));
#1791 = VECTOR('',#1792,1.);
#1792 = DIRECTION('',(1.,0.,0.));
#1793 = PCURVE('',#416,#1794);
#1794 = DEFINITIONAL_REPRESENTATION('',(#1795),#1799);
#1795 = LINE('',#1796,#1797);
#1796 = CARTESIAN_POINT('',(0.,0.));
#1797 = VECTOR('',#1798,1.);
#1798 = DIRECTION('',(1.,0.));
#1799 = ( GEOMETRIC_REPRESENTATION_CONTEXT(2) 
PARAMETRIC_REPRESENTATION_CONTEXT() REPRESENTATION_CONTEXT('2D SPACE',''
  ) );
#1800 = PCURVE('',#444,#1801);
#1801 = DEFINITIONAL_REPRESENTATION('',(#1802),#1806);
#1802 = LINE('',#1803,#1804);
#1803 = CARTESIAN_POINT('',(30.,0.));
#1804 = VECTOR('',#1805,1.);
#1805 = DIRECTION('',(0.,1.));
#1806 = ( GEOMETRIC_REPRESENTATION_CONTEXT(2) 
PARAMETRIC_REPRESENTATION_CONTEXT() REPRESENTATION_CONTEXT('2D SPACE',''
  ) );
#1807 = ORIENTED_EDGE('',*,*,#400,.T.);
#1808 = ORIENTED_EDGE('',*,*,#1708,.F.);
#1809 = ADVANCED_FACE('',(#1810,#1836),#444,.F.);
#1810 = FACE_BOUND('',#1811,.F.);
#1811 = EDGE_LOOP('',(#1812,#1813,#1834,#1835));
#1812 = ORIENTED_EDGE('',*,*,#560,.F.);
#1813 = ORIENTED_EDGE('',*,*,#1814,.T.);
#1814 = EDGE_CURVE('',#561,#1765,#1815,.T.);
#1815 = SURFACE_CURVE('',#1816,(#1820,#1827),.PCURVE_S1.);
#1816 = LINE('',#1817,#1818);
#1817 = CARTESIAN_POINT('',(-10.,-8.3,7.5));
#1818 = VECTOR('',#1819,1.);
#1819 = DIRECTION('',(0.,0.,1.));
#1820 = PCURVE('',#444,#1821);
#1821 = DEFINITIONAL_REPRESENTATION('',(#1822),#1826);
#1822 = LINE('',#1823,#1824);
#1823 = CARTESIAN_POINT('',(0.,0.));
#1824 = VECTOR('',#1825,1.);
#1825 = DIRECTION('',(1.,0.));
#1826 = ( GEOMETRIC_REPRESENTATION_CONTEXT(2) 
PARAMETRIC_REPRESENTATION_CONTEXT() REPRESENTATION_CONTEXT('2D SPACE',''
  ) );
#1827 = PCURVE('',#599,#1828);
#1828 = DEFINITIONAL_REPRESENTATION('',(#1829),#1833);
#1829 = LINE('',#1830,#1831);
#1830 = CARTESIAN_POINT('',(0.,0.));
#1831 = VECTOR('',#1832,1.);
#1832 = DIRECTION('',(1.,0.));
#1833 = ( GEOMETRIC_REPRESENTATION_CONTEXT(2) 
PARAMETRIC_REPRESENTATION_CONTEXT() REPRESENTATION_CONTEXT('2D SPACE',''
  ) );
#1834 = ORIENTED_EDGE('',*,*,#1787,.T.);
#1835 = ORIENTED_EDGE('',*,*,#428,.F.);
#1836 = FACE_BOUND('',#1837,.F.);
#1837 = EDGE_LOOP('',(#1838));
#1838 = ORIENTED_EDGE('',*,*,#1839,.F.);
#1839 = EDGE_CURVE('',#1840,#1840,#1842,.T.);
#1840 = VERTEX_POINT('',#1841);
#1841 = CARTESIAN_POINT('',(2.2,-8.3,25.));
#1842 = SURFACE_CURVE('',#1843,(#1848,#1855),.PCURVE_S1.);
#1843 = CIRCLE('',#1844,2.2);
#1844 = AXIS2_PLACEMENT_3D('',#1845,#1846,#1847);
#1845 = CARTESIAN_POINT('',(0.,-8.3,25.));
#1846 = DIRECTION('',(-0.,1.,0.));
#1847 = DIRECTION('',(1.,0.,0.));
#1848 = PCURVE('',#444,#1849);
#1849 = DEFINITIONAL_REPRESENTATION('',(#1850),#1854);
#1850 = CIRCLE('',#1851,2.2);
#1851 = AXIS2_PLACEMENT_2D('',#1852,#1853);
#1852 = CARTESIAN_POINT('',(17.5,10.));
#1853 = DIRECTION('',(0.,1.));
#1854 = ( GEOMETRIC_REPRESENTATION_CONTEXT(2) 
PARAMETRIC_REPRESENTATION_CONTEXT() REPRESENTATION_CONTEXT('2D SPACE',''
  ) );
#1855 = PCURVE('',#1749,#1856);
#1856 = DEFINITIONAL_REPRESENTATION('',(#1857),#1861);
#1857 = LINE('',#1858,#1859);
#1858 = CARTESIAN_POINT('',(-6.28318530718,-8.3));
#1859 = VECTOR('',#1860,1.);
#1860 = DIRECTION('',(1.,-0.));
#1861 = ( GEOMETRIC_REPRESENTATION_CONTEXT(2) 
PARAMETRIC_REPRESENTATION_CONTEXT() REPRESENTATION_CONTEXT('2D SPACE',''
  ) );
#1862 = ADVANCED_FACE('',(#1863),#672,.F.);
#1863 = FACE_BOUND('',#1864,.F.);
#1864 = EDGE_LOOP('',(#1865,#1866,#1867,#1868));
#1865 = ORIENTED_EDGE('',*,*,#843,.F.);
#1866 = ORIENTED_EDGE('',*,*,#656,.T.);
#1867 = ORIENTED_EDGE('',*,*,#710,.T.);
#1868 = ORIENTED_EDGE('',*,*,#793,.F.);
#1869 = ADVANCED_FACE('',(#1870),#599,.F.);
#1870 = FACE_BOUND('',#1871,.F.);
#1871 = EDGE_LOOP('',(#1872,#1873,#1874,#1875));
#1872 = ORIENTED_EDGE('',*,*,#1814,.F.);
#1873 = ORIENTED_EDGE('',*,*,#583,.T.);
#1874 = ORIENTED_EDGE('',*,*,#1685,.T.);
#1875 = ORIENTED_EDGE('',*,*,#1764,.F.);
#1876 = ADVANCED_FACE('',(#1877),#778,.F.);
#1877 = FACE_BOUND('',#1878,.F.);
#1878 = EDGE_LOOP('',(#1879,#1880,#1901,#1902));
#1879 = ORIENTED_EDGE('',*,*,#1653,.F.);
#1880 = ORIENTED_EDGE('',*,*,#1881,.T.);
#1881 = EDGE_CURVE('',#1654,#758,#1882,.T.);
#1882 = SEAM_CURVE('',#1883,(#1887,#1894),.PCURVE_S1.);
#1883 = LINE('',#1884,#1885);
#1884 = CARTESIAN_POINT('',(2.2,0.,25.));
#1885 = VECTOR('',#1886,1.);
#1886 = DIRECTION('',(0.,1.,0.));
#1887 = PCURVE('',#778,#1888);
#1888 = DEFINITIONAL_REPRESENTATION('',(#1889),#1893);
#1889 = LINE('',#1890,#1891);
#1890 = CARTESIAN_POINT('',(6.28318530718,0.));
#1891 = VECTOR('',#1892,1.);
#1892 = DIRECTION('',(0.,-1.));
#1893 = ( GEOMETRIC_REPRESENTATION_CONTEXT(2) 
PARAMETRIC_REPRESENTATION_CONTEXT() REPRESENTATION_CONTEXT('2D SPACE',''
  ) );
#1894 = PCURVE('',#778,#1895);
#1895 = DEFINITIONAL_REPRESENTATION('',(#1896),#1900);
#1896 = LINE('',#1897,#1898);
#1897 = CARTESIAN_POINT('',(0.,0.));
#1898 = VECTOR('',#1899,1.);
#1899 = DIRECTION('',(0.,-1.));
#1900 = ( GEOMETRIC_REPRESENTATION_CONTEXT(2) 
PARAMETRIC_REPRESENTATION_CONTEXT() REPRESENTATION_CONTEXT('2D SPACE',''
  ) );
#1901 = ORIENTED_EDGE('',*,*,#757,.T.);
#1902 = ORIENTED_EDGE('',*,*,#1881,.F.);
#1903 = ADVANCED_FACE('',(#1904),#887,.F.);
#1904 = FACE_BOUND('',#1905,.F.);
#1905 = EDGE_LOOP('',(#1906,#1971,#1972,#2028));
#1906 = ORIENTED_EDGE('',*,*,#1907,.T.);
#1907 = EDGE_CURVE('',#969,#869,#1908,.T.);
#1908 = SURFACE_CURVE('',#1909,(#1914,#1944),.PCURVE_S1.);
#1909 = CIRCLE('',#1910,1.313462121297);
#1910 = AXIS2_PLACEMENT_3D('',#1911,#1912,#1913);
#1911 = CARTESIAN_POINT('',(-0.905866657859,3.2,18.119259607988));
#1912 = DIRECTION('',(-0.991444861374,0.,0.13052619222));
#1913 = DIRECTION('',(-0.13052619222,0.,-0.991444861374));
#1914 = PCURVE('',#887,#1915);
#1915 = DEFINITIONAL_REPRESENTATION('',(#1916),#1943);
#1916 = B_SPLINE_CURVE_WITH_KNOTS('',7,(#1917,#1918,#1919,#1920,#1921,
    #1922,#1923,#1924,#1925,#1926,#1927,#1928,#1929,#1930,#1931,#1932,
    #1933,#1934,#1935,#1936,#1937,#1938,#1939,#1940,#1941,#1942),
  .UNSPECIFIED.,.F.,.F.,(8,6,6,6,8),(3.533253444733,4.079330857117,
    4.898446975694,5.308005034982,5.71756309427),.UNSPECIFIED.);
#1917 = CARTESIAN_POINT('',(0.44024312734,0.744661269295));
#1918 = CARTESIAN_POINT('',(0.514914010077,0.711700538341));
#1919 = CARTESIAN_POINT('',(0.581963258901,0.672644311466));
#1920 = CARTESIAN_POINT('',(0.64092752396,0.628540094072));
#1921 = CARTESIAN_POINT('',(0.692436323544,0.580434092969));
#1922 = CARTESIAN_POINT('',(0.737359775152,0.529104886823));
#1923 = CARTESIAN_POINT('',(0.776456963208,0.475175530682));
#1924 = CARTESIAN_POINT('',(0.861288152169,0.335076062288));
#1925 = CARTESIAN_POINT('',(0.900563553975,0.246268010518));
#1926 = CARTESIAN_POINT('',(0.930441024827,0.154370202102));
#1927 = CARTESIAN_POINT('',(0.95248113742,6.038535729645E-02));
#1928 = CARTESIAN_POINT('',(0.967358960696,-3.493976027544E-02));
#1929 = CARTESIAN_POINT('',(0.975277730279,-0.130981283562));
#1930 = CARTESIAN_POINT('',(0.975644682643,-0.275071642843));
#1931 = CARTESIAN_POINT('',(0.97384860679,-0.323106358589));
#1932 = CARTESIAN_POINT('',(0.970045682849,-0.371058572962));
#1933 = CARTESIAN_POINT('',(0.964090668571,-0.418835348504));
#1934 = CARTESIAN_POINT('',(0.955772409631,-0.466333264321));
#1935 = CARTESIAN_POINT('',(0.944788931832,-0.513427086367));
#1936 = CARTESIAN_POINT('',(0.916624568456,-0.606476416347));
#1937 = CARTESIAN_POINT('',(0.899443394031,-0.6524318427));
#1938 = CARTESIAN_POINT('',(0.878731584895,-0.697652888026));
#1939 = CARTESIAN_POINT('',(0.853916028128,-0.741932431685));
#1940 = CARTESIAN_POINT('',(0.824275690997,-0.785003868883));
#1941 = CARTESIAN_POINT('',(0.788805866981,-0.826498201883));
#1942 = CARTESIAN_POINT('',(0.746383519075,-0.865884776249));
#1943 = ( GEOMETRIC_REPRESENTATION_CONTEXT(2) 
PARAMETRIC_REPRESENTATION_CONTEXT() REPRESENTATION_CONTEXT('2D SPACE',''
  ) );
#1944 = PCURVE('',#985,#1945);
#1945 = DEFINITIONAL_REPRESENTATION('',(#1946),#1970);
#1946 = B_SPLINE_CURVE_WITH_KNOTS('',8,(#1947,#1948,#1949,#1950,#1951,
    #1952,#1953,#1954,#1955,#1956,#1957,#1958,#1959,#1960,#1961,#1962,
    #1963,#1964,#1965,#1966,#1967,#1968,#1969),.UNSPECIFIED.,.F.,.F.,(9,
    7,7,9),(3.533253444733,4.079330857117,4.898446975694,5.71756309427),
  .UNSPECIFIED.);
#1947 = CARTESIAN_POINT('',(2.55071647366,0.973389910149));
#1948 = CARTESIAN_POINT('',(2.477017731032,0.935688528303));
#1949 = CARTESIAN_POINT('',(2.41563976438,0.893253292202));
#1950 = CARTESIAN_POINT('',(2.365338459833,0.847321017061));
#1951 = CARTESIAN_POINT('',(2.323924397731,0.798844167639));
#1952 = CARTESIAN_POINT('',(2.289839010589,0.748426070045));
#1953 = CARTESIAN_POINT('',(2.261820598753,0.696535292296));
#1954 = CARTESIAN_POINT('',(2.238931575945,0.643510102245));
#1955 = CARTESIAN_POINT('',(2.192736417049,0.508786177171));
#1956 = CARTESIAN_POINT('',(2.174944308027,0.426007021113));
#1957 = CARTESIAN_POINT('',(2.164656256028,0.342187716179));
#1958 = CARTESIAN_POINT('',(2.160606586962,0.257866753483));
#1959 = CARTESIAN_POINT('',(2.16212664405,0.173469645894));
#1960 = CARTESIAN_POINT('',(2.168930131236,8.939336581872E-02));
#1961 = CARTESIAN_POINT('',(2.181082592942,6.038443797336E-03));
#1962 = CARTESIAN_POINT('',(2.216908577525,-0.158228176247));
#1963 = CARTESIAN_POINT('',(2.24058220976,-0.239140383912));
#1964 = CARTESIAN_POINT('',(2.27042967422,-0.318331130791));
#1965 = CARTESIAN_POINT('',(2.307210312661,-0.395217336632));
#1966 = CARTESIAN_POINT('',(2.352060375501,-0.469016592637));
#1967 = CARTESIAN_POINT('',(2.406469245806,-0.538739125717));
#1968 = CARTESIAN_POINT('',(2.472538281851,-0.602832948497));
#1969 = CARTESIAN_POINT('',(2.551264924763,-0.659338777114));
#1970 = ( GEOMETRIC_REPRESENTATION_CONTEXT(2) 
PARAMETRIC_REPRESENTATION_CONTEXT() REPRESENTATION_CONTEXT('2D SPACE',''
  ) );
#1971 = ORIENTED_EDGE('',*,*,#868,.T.);
#1972 = ORIENTED_EDGE('',*,*,#1973,.F.);
#1973 = EDGE_CURVE('',#1074,#871,#1974,.T.);
#1974 = SURFACE_CURVE('',#1975,(#1980,#2004),.PCURVE_S1.);
#1975 = CIRCLE('',#1976,1.313462121297);
#1976 = AXIS2_PLACEMENT_3D('',#1977,#1978,#1979);
#1977 = CARTESIAN_POINT('',(-2.655866657859,3.2,18.588170694743));
#1978 = DIRECTION('',(-0.923879532511,0.,0.382683432365));
#1979 = DIRECTION('',(-0.382683432365,0.,-0.923879532511));
#1980 = PCURVE('',#887,#1981);
#1981 = DEFINITIONAL_REPRESENTATION('',(#1982),#2003);
#1982 = B_SPLINE_CURVE_WITH_KNOTS('',7,(#1983,#1984,#1985,#1986,#1987,
    #1988,#1989,#1990,#1991,#1992,#1993,#1994,#1995,#1996,#1997,#1998,
    #1999,#2000,#2001,#2002),.UNSPECIFIED.,.F.,.F.,(8,6,6,8),(
    3.781735600708,4.236778936825,4.919343941001,5.601908945177),
  .UNSPECIFIED.);
#1983 = CARTESIAN_POINT('',(2.082899704015,0.97338991015));
#1984 = CARTESIAN_POINT('',(2.064519816062,0.921036501777));
#1985 = CARTESIAN_POINT('',(2.053470244804,0.868052178728));
#1986 = CARTESIAN_POINT('',(2.047329571873,0.814766677044));
#1987 = CARTESIAN_POINT('',(2.045024565864,0.761339732996));
#1988 = CARTESIAN_POINT('',(2.045792948588,0.707904558809));
#1989 = CARTESIAN_POINT('',(2.049183315349,0.654561343568));
#1990 = CARTESIAN_POINT('',(2.063425692232,0.521668000973));
#1991 = CARTESIAN_POINT('',(2.077161771815,0.442350061431));
#1992 = CARTESIAN_POINT('',(2.095045121728,0.363763752771));
#1993 = CARTESIAN_POINT('',(2.116810336901,0.286175129325));
#1994 = CARTESIAN_POINT('',(2.142394413599,0.209885173398));
#1995 = CARTESIAN_POINT('',(2.171993297459,0.135249523838));
#1996 = CARTESIAN_POINT('',(2.23990903461,-9.786646303231E-03));
#1997 = CARTESIAN_POINT('',(2.278226203563,-8.01871054589E-02));
#1998 = CARTESIAN_POINT('',(2.321250408353,-0.148008122337));
#1999 = CARTESIAN_POINT('',(2.369489486773,-0.212677785166));
#2000 = CARTESIAN_POINT('',(2.423555284155,-0.273487540938));
#2001 = CARTESIAN_POINT('',(2.484088444308,-0.329498430402));
#2002 = CARTESIAN_POINT('',(2.551264924763,-0.379643763479));
#2003 = ( GEOMETRIC_REPRESENTATION_CONTEXT(2) 
PARAMETRIC_REPRESENTATION_CONTEXT() REPRESENTATION_CONTEXT('2D SPACE',''
  ) );
#2004 = PCURVE('',#1183,#2005);
#2005 = DEFINITIONAL_REPRESENTATION('',(#2006),#2027);
#2006 = B_SPLINE_CURVE_WITH_KNOTS('',7,(#2007,#2008,#2009,#2010,#2011,
    #2012,#2013,#2014,#2015,#2016,#2017,#2018,#2019,#2020,#2021,#2022,
    #2023,#2024,#2025,#2026),.UNSPECIFIED.,.F.,.F.,(8,6,6,8),(
    3.781735600708,4.691822272942,5.14686560906,5.601908945177),
  .UNSPECIFIED.);
#2007 = CARTESIAN_POINT('',(0.56148213155,0.400341580707));
#2008 = CARTESIAN_POINT('',(0.654263750275,0.336386972554));
#2009 = CARTESIAN_POINT('',(0.735171680635,0.26142550702));
#2010 = CARTESIAN_POINT('',(0.80433374058,0.178055908477));
#2011 = CARTESIAN_POINT('',(0.863638733407,8.852172080546E-02));
#2012 = CARTESIAN_POINT('',(0.914441235651,-5.762785327931E-03));
#2013 = CARTESIAN_POINT('',(0.957762454551,-0.103675570506));
#2014 = CARTESIAN_POINT('',(1.012027604456,-0.254693696959));
#2015 = CARTESIAN_POINT('',(1.028329610494,-0.305724278506));
#2016 = CARTESIAN_POINT('',(1.042888579454,-0.357337418452));
#2017 = CARTESIAN_POINT('',(1.055700823027,-0.409437750828));
#2018 = CARTESIAN_POINT('',(1.066715473321,-0.46193890039));
#2019 = CARTESIAN_POINT('',(1.075806849528,-0.514757048063));
#2020 = CARTESIAN_POINT('',(1.0896318352,-0.620847657508));
#2021 = CARTESIAN_POINT('',(1.094365630337,-0.674120158555));
#2022 = CARTESIAN_POINT('',(1.096659699942,-0.727529210101));
#2023 = CARTESIAN_POINT('',(1.096133904659,-0.780980053544));
#2024 = CARTESIAN_POINT('',(1.092150978464,-0.834352851764));
#2025 = CARTESIAN_POINT('',(1.083806788025,-0.887505015198));
#2026 = CARTESIAN_POINT('',(1.069124742392,-0.940162567474));
#2027 = ( GEOMETRIC_REPRESENTATION_CONTEXT(2) 
PARAMETRIC_REPRESENTATION_CONTEXT() REPRESENTATION_CONTEXT('2D SPACE',''
  ) );
#2028 = ORIENTED_EDGE('',*,*,#1073,.T.);
#2029 = ADVANCED_FACE('',(#2030),#985,.F.);
#2030 = FACE_BOUND('',#2031,.F.);
#2031 = EDGE_LOOP('',(#2032,#2033));
#2032 = ORIENTED_EDGE('',*,*,#968,.T.);
#2033 = ORIENTED_EDGE('',*,*,#1907,.F.);
#2034 = ADVANCED_FACE('',(#2035),#1183,.F.);
#2035 = FACE_BOUND('',#2036,.F.);
#2036 = EDGE_LOOP('',(#2037,#2038,#2039,#2091));
#2037 = ORIENTED_EDGE('',*,*,#1973,.T.);
#2038 = ORIENTED_EDGE('',*,*,#1553,.T.);
#2039 = ORIENTED_EDGE('',*,*,#2040,.F.);
#2040 = EDGE_CURVE('',#1167,#1461,#2041,.T.);
#2041 = SURFACE_CURVE('',#2042,(#2047,#2067),.PCURVE_S1.);
#2042 = CIRCLE('',#2043,1.313462121297);
#2043 = AXIS2_PLACEMENT_3D('',#2044,#2045,#2046);
#2044 = CARTESIAN_POINT('',(-4.224873734153,3.2,19.494037352602));
#2045 = DIRECTION('',(-0.793353340291,0.,0.608761429009));
#2046 = DIRECTION('',(-0.608761429009,0.,-0.793353340291));
#2047 = PCURVE('',#1183,#2048);
#2048 = DEFINITIONAL_REPRESENTATION('',(#2049),#2066);
#2049 = B_SPLINE_CURVE_WITH_KNOTS('',8,(#2050,#2051,#2052,#2053,#2054,
    #2055,#2056,#2057,#2058,#2059,#2060,#2061,#2062,#2063,#2064,#2065),
  .UNSPECIFIED.,.F.,.F.,(9,7,9),(3.88564407461,4.716040971392,
    5.546437868175),.UNSPECIFIED.);
#2050 = CARTESIAN_POINT('',(1.723156739866,0.97338991015));
#2051 = CARTESIAN_POINT('',(1.767975080541,0.891994114819));
#2052 = CARTESIAN_POINT('',(1.810341746929,0.811238541116));
#2053 = CARTESIAN_POINT('',(1.852339504653,0.731331006003));
#2054 = CARTESIAN_POINT('',(1.894512975479,0.652463968271));
#2055 = CARTESIAN_POINT('',(1.937613066293,0.574863612701));
#2056 = CARTESIAN_POINT('',(1.98203514569,0.498785954601));
#2057 = CARTESIAN_POINT('',(2.028281122078,0.424542489017));
#2058 = CARTESIAN_POINT('',(2.125293468612,0.280480691419));
#2059 = CARTESIAN_POINT('',(2.17606086605,0.210662450464));
#2060 = CARTESIAN_POINT('',(2.229536602623,0.143435010361));
#2061 = CARTESIAN_POINT('',(2.286148564842,7.924629820786E-02));
#2062 = CARTESIAN_POINT('',(2.34632339259,1.862386243964E-02));
#2063 = CARTESIAN_POINT('',(2.410447739192,-3.780312599831E-02));
#2064 = CARTESIAN_POINT('',(2.478773153124,-8.930964048592E-02));
#2065 = CARTESIAN_POINT('',(2.551264924762,-0.135148265484));
#2066 = ( GEOMETRIC_REPRESENTATION_CONTEXT(2) 
PARAMETRIC_REPRESENTATION_CONTEXT() REPRESENTATION_CONTEXT('2D SPACE',''
  ) );
#2067 = PCURVE('',#1288,#2068);
#2068 = DEFINITIONAL_REPRESENTATION('',(#2069),#2090);
#2069 = B_SPLINE_CURVE_WITH_KNOTS('',7,(#2070,#2071,#2072,#2073,#2074,
    #2075,#2076,#2077,#2078,#2079,#2080,#2081,#2082,#2083,#2084,#2085,
    #2086,#2087,#2088,#2089),.UNSPECIFIED.,.F.,.F.,(8,6,6,8),(
    3.88564407461,4.716040971392,5.131239419784,5.546437868175),
  .UNSPECIFIED.);
#2070 = CARTESIAN_POINT('',(0.595419670784,0.131910527196));
#2071 = CARTESIAN_POINT('',(0.677974168734,7.912608946112E-02));
#2072 = CARTESIAN_POINT('',(0.75497161641,1.883700008331E-02));
#2073 = CARTESIAN_POINT('',(0.826376064377,-4.776244666479E-02));
#2074 = CARTESIAN_POINT('',(0.892714576187,-0.119528137554));
#2075 = CARTESIAN_POINT('',(0.954675454548,-0.195556549252));
#2076 = CARTESIAN_POINT('',(1.012936338503,-0.275108890111));
#2077 = CARTESIAN_POINT('',(1.095852336718,-0.398822916779));
#2078 = CARTESIAN_POINT('',(1.122744682001,-0.440791821656));
#2079 = CARTESIAN_POINT('',(1.148981583253,-0.483416502433));
#2080 = CARTESIAN_POINT('',(1.174652919001,-0.526630262349));
#2081 = CARTESIAN_POINT('',(1.199852977572,-0.570373527925));
#2082 = CARTESIAN_POINT('',(1.224685865143,-0.614592548925));
#2083 = CARTESIAN_POINT('',(1.273855962399,-0.703883647689));
#2084 = CARTESIAN_POINT('',(1.298194400702,-0.748955708116));
#2085 = CARTESIAN_POINT('',(1.322403349066,-0.794405154702));
#2086 = CARTESIAN_POINT('',(1.346633331211,-0.840187063243));
#2087 = CARTESIAN_POINT('',(1.371051883128,-0.886260121135));
#2088 = CARTESIAN_POINT('',(1.395896226256,-0.932584587142));
#2089 = CARTESIAN_POINT('',(1.421595004888,-0.979118800032));
#2090 = ( GEOMETRIC_REPRESENTATION_CONTEXT(2) 
PARAMETRIC_REPRESENTATION_CONTEXT() REPRESENTATION_CONTEXT('2D SPACE',''
  ) );
#2091 = ORIENTED_EDGE('',*,*,#1166,.T.);
#2092 = ADVANCED_FACE('',(#2093),#1288,.F.);
#2093 = FACE_BOUND('',#2094,.F.);
#2094 = EDGE_LOOP('',(#2095,#2096,#2097,#2145));
#2095 = ORIENTED_EDGE('',*,*,#2040,.T.);
#2096 = ORIENTED_EDGE('',*,*,#1460,.T.);
#2097 = ORIENTED_EDGE('',*,*,#2098,.F.);
#2098 = EDGE_CURVE('',#1272,#1370,#2099,.T.);
#2099 = SURFACE_CURVE('',#2100,(#2105,#2125),.PCURVE_S1.);
#2100 = CIRCLE('',#2101,1.313462121297);
#2101 = AXIS2_PLACEMENT_3D('',#2102,#2103,#2104);
#2102 = CARTESIAN_POINT('',(-5.505962647398,3.2,20.775126265847));
#2103 = DIRECTION('',(-0.608761429009,0.,0.793353340291));
#2104 = DIRECTION('',(-0.793353340291,0.,-0.608761429009));
#2105 = PCURVE('',#1288,#2106);
#2106 = DEFINITIONAL_REPRESENTATION('',(#2107),#2124);
#2107 = B_SPLINE_CURVE_WITH_KNOTS('',8,(#2108,#2109,#2110,#2111,#2112,
    #2113,#2114,#2115,#2116,#2117,#2118,#2119,#2120,#2121,#2122,#2123),
  .UNSPECIFIED.,.F.,.F.,(9,7,9),(3.867510730938,4.704436168737,
    5.541361606536),.UNSPECIFIED.);
#2108 = CARTESIAN_POINT('',(1.320277343374,0.973389910149));
#2109 = CARTESIAN_POINT('',(1.426480998252,0.911691948184));
#2110 = CARTESIAN_POINT('',(1.518158051628,0.848077837623));
#2111 = CARTESIAN_POINT('',(1.601292967206,0.783912401927));
#2112 = CARTESIAN_POINT('',(1.678923290832,0.719853745303));
#2113 = CARTESIAN_POINT('',(1.752984594237,0.656458252335));
#2114 = CARTESIAN_POINT('',(1.824877757216,0.59416786311));
#2115 = CARTESIAN_POINT('',(1.895623468736,0.53341880105));
#2116 = CARTESIAN_POINT('',(2.036419990783,0.415865950685));
#2117 = CARTESIAN_POINT('',(2.106470468766,0.359062312059));
#2118 = CARTESIAN_POINT('',(2.176969526533,0.304663837861));
#2119 = CARTESIAN_POINT('',(2.248480512993,0.253104692446));
#2120 = CARTESIAN_POINT('',(2.321436279142,0.204843334468));
#2121 = CARTESIAN_POINT('',(2.396145564192,0.160366069878));
#2122 = CARTESIAN_POINT('',(2.472760805347,0.120169505886));
#2123 = CARTESIAN_POINT('',(2.551264924762,8.471976169246E-02));
#2124 = ( GEOMETRIC_REPRESENTATION_CONTEXT(2) 
PARAMETRIC_REPRESENTATION_CONTEXT() REPRESENTATION_CONTEXT('2D SPACE',''
  ) );
#2125 = PCURVE('',#1386,#2126);
#2126 = DEFINITIONAL_REPRESENTATION('',(#2127),#2144);
#2127 = B_SPLINE_CURVE_WITH_KNOTS('',8,(#2128,#2129,#2130,#2131,#2132,
    #2133,#2134,#2135,#2136,#2137,#2138,#2139,#2140,#2141,#2142,#2143),
  .UNSPECIFIED.,.F.,.F.,(9,7,9),(3.867510730938,4.704436168737,
    5.541361606536),.UNSPECIFIED.);
#2128 = CARTESIAN_POINT('',(0.578372976901,-7.937821577395E-02));
#2129 = CARTESIAN_POINT('',(0.657128207611,-0.114192943881));
#2130 = CARTESIAN_POINT('',(0.733997446602,-0.153807473726));
#2131 = CARTESIAN_POINT('',(0.808947392641,-0.197758731715));
#2132 = CARTESIAN_POINT('',(0.882115398846,-0.245549997366));
#2133 = CARTESIAN_POINT('',(0.953797052294,-0.296693046765));
#2134 = CARTESIAN_POINT('',(1.024413127374,-0.350726918005));
#2135 = CARTESIAN_POINT('',(1.094512909168,-0.40721550758));
#2136 = CARTESIAN_POINT('',(1.235228857187,-0.524236905674));
#2137 = CARTESIAN_POINT('',(1.305844783672,-0.5847695751));
#2138 = CARTESIAN_POINT('',(1.377495830289,-0.646892647479));
#2139 = CARTESIAN_POINT('',(1.451175906502,-0.710171771306));
#2140 = CARTESIAN_POINT('',(1.528233022535,-0.774169269712));
#2141 = CARTESIAN_POINT('',(1.610541640567,-0.838341026816));
#2142 = CARTESIAN_POINT('',(1.70099700275,-0.902047875284));
#2143 = CARTESIAN_POINT('',(1.805312883028,-0.963990576239));
#2144 = ( GEOMETRIC_REPRESENTATION_CONTEXT(2) 
PARAMETRIC_REPRESENTATION_CONTEXT() REPRESENTATION_CONTEXT('2D SPACE',''
  ) );
#2145 = ORIENTED_EDGE('',*,*,#1271,.T.);
#2146 = ADVANCED_FACE('',(#2147),#1386,.F.);
#2147 = FACE_BOUND('',#2148,.F.);
#2148 = EDGE_LOOP('',(#2149,#2150));
#2149 = ORIENTED_EDGE('',*,*,#1369,.T.);
#2150 = ORIENTED_EDGE('',*,*,#2098,.T.);
#2151 = ADVANCED_FACE('',(#2152),#1749,.F.);
#2152 = FACE_BOUND('',#2153,.T.);
#2153 = EDGE_LOOP('',(#2154,#2155,#2176,#2177));
#2154 = ORIENTED_EDGE('',*,*,#1732,.T.);
#2155 = ORIENTED_EDGE('',*,*,#2156,.T.);
#2156 = EDGE_CURVE('',#1733,#1840,#2157,.T.);
#2157 = SEAM_CURVE('',#2158,(#2162,#2169),.PCURVE_S1.);
#2158 = LINE('',#2159,#2160);
#2159 = CARTESIAN_POINT('',(2.2,0.,25.));
#2160 = VECTOR('',#2161,1.);
#2161 = DIRECTION('',(0.,-1.,0.));
#2162 = PCURVE('',#1749,#2163);
#2163 = DEFINITIONAL_REPRESENTATION('',(#2164),#2168);
#2164 = LINE('',#2165,#2166);
#2165 = CARTESIAN_POINT('',(-6.28318530718,0.));
#2166 = VECTOR('',#2167,1.);
#2167 = DIRECTION('',(-0.,-1.));
#2168 = ( GEOMETRIC_REPRESENTATION_CONTEXT(2) 
PARAMETRIC_REPRESENTATION_CONTEXT() REPRESENTATION_CONTEXT('2D SPACE',''
  ) );
#2169 = PCURVE('',#1749,#2170);
#2170 = DEFINITIONAL_REPRESENTATION('',(#2171),#2175);
#2171 = LINE('',#2172,#2173);
#2172 = CARTESIAN_POINT('',(-0.,0.));
#2173 = VECTOR('',#2174,1.);
#2174 = DIRECTION('',(-0.,-1.));
#2175 = ( GEOMETRIC_REPRESENTATION_CONTEXT(2) 
PARAMETRIC_REPRESENTATION_CONTEXT() REPRESENTATION_CONTEXT('2D SPACE',''
  ) );
#2176 = ORIENTED_EDGE('',*,*,#1839,.F.);
#2177 = ORIENTED_EDGE('',*,*,#2156,.F.);
#2178 = ( GEOMETRIC_REPRESENTATION_CONTEXT(3) 
GLOBAL_UNCERTAINTY_ASSIGNED_CONTEXT((#2182)) 
GLOBAL_UNIT_ASSIGNED_CONTEXT((#2179,#2180,#2181)) REPRESENTATION_CONTEXT
('Context #1','3D Context with UNIT and UNCERTAINTY') );
#2179 = ( LENGTH_UNIT() NAMED_UNIT(*) SI_UNIT(.MILLI.,.METRE.) );
#2180 = ( NAMED_UNIT(*) PLANE_ANGLE_UNIT() SI_UNIT($,.RADIAN.) );
#2181 = ( NAMED_UNIT(*) SI_UNIT($,.STERADIAN.) SOLID_ANGLE_UNIT() );
#2182 = UNCERTAINTY_MEASURE_WITH_UNIT(LENGTH_MEASURE(1.E-07),#2179,
  'distance_accuracy_value','confusion accuracy');
#2183 = PRODUCT_RELATED_PRODUCT_CATEGORY('part',$,(#7));
ENDSEC;
END-ISO-10303-21;
