ISO-10303-21;
HEADER;
FILE_DESCRIPTION(('Open CASCADE Model'),'2;1');
FILE_NAME('Open CASCADE Shape Model','2026-08-26T15:58:43',('Author'),(
    'Open CASCADE'),'Open CASCADE STEP processor 7.8','Open CASCADE 7.8'
  ,'Unknown');
FILE_SCHEMA(('AUTOMOTIVE_DESIGN { 1 0 10303 214 1 1 1 1 }'));
ENDSEC;
DATA;
#1 = APPLICATION_PROTOCOL_DEFINITION('international standard',
  'automotive_design',2000,#2);
#2 = APPLICATION_CONTEXT(
  'core data for automotive mechanical design processes');
#3 = SHAPE_DEFINITION_REPRESENTATION(#4,#10);
#4 = PRODUCT_DEFINITION_SHAPE('','',#5);
#5 = PRODUCT_DEFINITION('design','',#6,#9);
#6 = PRODUCT_DEFINITION_FORMATION('','',#7);
#7 = PRODUCT('Open CASCADE STEP translator 7.8 1',
  'Open CASCADE STEP translator 7.8 1','',(#8));
#8 = PRODUCT_CONTEXT('',#2,'mechanical');
#9 = PRODUCT_DEFINITION_CONTEXT('part definition',#2,'design');
#10 = ADVANCED_BREP_SHAPE_REPRESENTATION('',(#11,#15),#10453);
#11 = AXIS2_PLACEMENT_3D('',#12,#13,#14);
#12 = CARTESIAN_POINT('',(0.,0.,0.));
#13 = DIRECTION('',(0.,0.,1.));
#14 = DIRECTION('',(1.,0.,-0.));
#15 = MANIFOLD_SOLID_BREP('',#16);
#16 = CLOSED_SHELL('',(#17,#967,#1041,#1089,#1352,#1401,#1448,#1711,
    #1759,#1806,#1855,#1903,#2166,#2215,#2262,#2525,#2573,#2600,#2669,
    #2716,#2763,#2788,#2857,#2904,#2951,#2976,#3035,#3090,#3159,#3206,
    #3253,#3278,#3347,#3394,#3441,#3466,#4251,#4335,#4384,#5226,#5306,
    #5355,#5408,#5492,#5541,#6383,#6463,#6512,#6565,#6645,#6694,#6747,
    #7616,#7665,#7722,#7802,#7851,#7904,#8773,#8822,#8879,#9023,#9027,
    #9034,#9041,#9048,#9055,#9062,#9069,#9076,#9083,#9130,#9157,#9184,
    #9211,#9238,#9245,#9272,#9398,#9403,#9461,#9515,#9520,#9547,#9574,
    #9700,#9705,#9763,#9817,#9822,#9849,#9876,#10002,#10007,#10065,
    #10119,#10124,#10151,#10178,#10304,#10309,#10367,#10421,#10426));
#17 = ADVANCED_FACE('',(#18,#477,#583,#689,#724,#755,#861),#32,.F.);
#18 = FACE_BOUND('',#19,.F.);
#19 = EDGE_LOOP('',(#20,#55,#84,#112,#140,#168,#197,#225,#253,#281,#310,
    #338,#366,#394,#423,#451));
#20 = ORIENTED_EDGE('',*,*,#21,.F.);
#21 = EDGE_CURVE('',#22,#24,#26,.T.);
#22 = VERTEX_POINT('',#23);
#23 = CARTESIAN_POINT('',(32.249030993194,16.,0.));
#24 = VERTEX_POINT('',#25);
#25 = CARTESIAN_POINT('',(80.,16.,0.));
#26 = SURFACE_CURVE('',#27,(#31,#43),.PCURVE_S1.);
#27 = LINE('',#28,#29);
#28 = CARTESIAN_POINT('',(-80.,16.,0.));
#29 = VECTOR('',#30,1.);
#30 = DIRECTION('',(1.,0.,0.));
#31 = PCURVE('',#32,#37);
#32 = PLANE('',#33);
#33 = AXIS2_PLACEMENT_3D('',#34,#35,#36);
#34 = CARTESIAN_POINT('',(-1.215502340035E-15,9.614285210933E-16,0.));
#35 = DIRECTION('',(0.,0.,1.));
#36 = DIRECTION('',(1.,0.,-0.));
#37 = DEFINITIONAL_REPRESENTATION('',(#38),#42);
#38 = LINE('',#39,#40);
#39 = CARTESIAN_POINT('',(-80.,16.));
#40 = VECTOR('',#41,1.);
#41 = DIRECTION('',(1.,0.));
#42 = ( GEOMETRIC_REPRESENTATION_CONTEXT(2) 
PARAMETRIC_REPRESENTATION_CONTEXT() REPRESENTATION_CONTEXT('2D SPACE',''
  ) );
#43 = PCURVE('',#44,#49);
#44 = PLANE('',#45);
#45 = AXIS2_PLACEMENT_3D('',#46,#47,#48);
#46 = CARTESIAN_POINT('',(-80.,16.,0.));
#47 = DIRECTION('',(0.,1.,0.));
#48 = DIRECTION('',(0.,0.,1.));
#49 = DEFINITIONAL_REPRESENTATION('',(#50),#54);
#50 = LINE('',#51,#52);
#51 = CARTESIAN_POINT('',(0.,0.));
#52 = VECTOR('',#53,1.);
#53 = DIRECTION('',(0.,1.));
#54 = ( GEOMETRIC_REPRESENTATION_CONTEXT(2) 
PARAMETRIC_REPRESENTATION_CONTEXT() REPRESENTATION_CONTEXT('2D SPACE',''
  ) );
#55 = ORIENTED_EDGE('',*,*,#56,.T.);
#56 = EDGE_CURVE('',#22,#57,#59,.T.);
#57 = VERTEX_POINT('',#58);
#58 = CARTESIAN_POINT('',(15.999999999999,32.249030993195,0.));
#59 = SURFACE_CURVE('',#60,(#65,#72),.PCURVE_S1.);
#60 = CIRCLE('',#61,36.);
#61 = AXIS2_PLACEMENT_3D('',#62,#63,#64);
#62 = CARTESIAN_POINT('',(0.,0.,0.));
#63 = DIRECTION('',(0.,0.,1.));
#64 = DIRECTION('',(1.,0.,0.));
#65 = PCURVE('',#32,#66);
#66 = DEFINITIONAL_REPRESENTATION('',(#67),#71);
#67 = CIRCLE('',#68,36.);
#68 = AXIS2_PLACEMENT_2D('',#69,#70);
#69 = CARTESIAN_POINT('',(1.215502340035E-15,-9.614285210933E-16));
#70 = DIRECTION('',(1.,0.));
#71 = ( GEOMETRIC_REPRESENTATION_CONTEXT(2) 
PARAMETRIC_REPRESENTATION_CONTEXT() REPRESENTATION_CONTEXT('2D SPACE',''
  ) );
#72 = PCURVE('',#73,#78);
#73 = CYLINDRICAL_SURFACE('',#74,36.);
#74 = AXIS2_PLACEMENT_3D('',#75,#76,#77);
#75 = CARTESIAN_POINT('',(0.,0.,0.));
#76 = DIRECTION('',(-0.,-0.,-1.));
#77 = DIRECTION('',(1.,0.,0.));
#78 = DEFINITIONAL_REPRESENTATION('',(#79),#83);
#79 = LINE('',#80,#81);
#80 = CARTESIAN_POINT('',(-0.,0.));
#81 = VECTOR('',#82,1.);
#82 = DIRECTION('',(-1.,0.));
#83 = ( GEOMETRIC_REPRESENTATION_CONTEXT(2) 
PARAMETRIC_REPRESENTATION_CONTEXT() REPRESENTATION_CONTEXT('2D SPACE',''
  ) );
#84 = ORIENTED_EDGE('',*,*,#85,.T.);
#85 = EDGE_CURVE('',#57,#86,#88,.T.);
#86 = VERTEX_POINT('',#87);
#87 = CARTESIAN_POINT('',(16.,80.,0.));
#88 = SURFACE_CURVE('',#89,(#93,#100),.PCURVE_S1.);
#89 = LINE('',#90,#91);
#90 = CARTESIAN_POINT('',(16.,-80.,0.));
#91 = VECTOR('',#92,1.);
#92 = DIRECTION('',(0.,1.,0.));
#93 = PCURVE('',#32,#94);
#94 = DEFINITIONAL_REPRESENTATION('',(#95),#99);
#95 = LINE('',#96,#97);
#96 = CARTESIAN_POINT('',(16.,-80.));
#97 = VECTOR('',#98,1.);
#98 = DIRECTION('',(0.,1.));
#99 = ( GEOMETRIC_REPRESENTATION_CONTEXT(2) 
PARAMETRIC_REPRESENTATION_CONTEXT() REPRESENTATION_CONTEXT('2D SPACE',''
  ) );
#100 = PCURVE('',#101,#106);
#101 = PLANE('',#102);
#102 = AXIS2_PLACEMENT_3D('',#103,#104,#105);
#103 = CARTESIAN_POINT('',(16.,-80.,0.));
#104 = DIRECTION('',(1.,0.,0.));
#105 = DIRECTION('',(0.,0.,1.));
#106 = DEFINITIONAL_REPRESENTATION('',(#107),#111);
#107 = LINE('',#108,#109);
#108 = CARTESIAN_POINT('',(0.,0.));
#109 = VECTOR('',#110,1.);
#110 = DIRECTION('',(0.,-1.));
#111 = ( GEOMETRIC_REPRESENTATION_CONTEXT(2) 
PARAMETRIC_REPRESENTATION_CONTEXT() REPRESENTATION_CONTEXT('2D SPACE',''
  ) );
#112 = ORIENTED_EDGE('',*,*,#113,.F.);
#113 = EDGE_CURVE('',#114,#86,#116,.T.);
#114 = VERTEX_POINT('',#115);
#115 = CARTESIAN_POINT('',(-16.,80.,0.));
#116 = SURFACE_CURVE('',#117,(#121,#128),.PCURVE_S1.);
#117 = LINE('',#118,#119);
#118 = CARTESIAN_POINT('',(-16.,80.,0.));
#119 = VECTOR('',#120,1.);
#120 = DIRECTION('',(1.,0.,0.));
#121 = PCURVE('',#32,#122);
#122 = DEFINITIONAL_REPRESENTATION('',(#123),#127);
#123 = LINE('',#124,#125);
#124 = CARTESIAN_POINT('',(-16.,80.));
#125 = VECTOR('',#126,1.);
#126 = DIRECTION('',(1.,0.));
#127 = ( GEOMETRIC_REPRESENTATION_CONTEXT(2) 
PARAMETRIC_REPRESENTATION_CONTEXT() REPRESENTATION_CONTEXT('2D SPACE',''
  ) );
#128 = PCURVE('',#129,#134);
#129 = PLANE('',#130);
#130 = AXIS2_PLACEMENT_3D('',#131,#132,#133);
#131 = CARTESIAN_POINT('',(-16.,80.,0.));
#132 = DIRECTION('',(0.,1.,0.));
#133 = DIRECTION('',(0.,0.,1.));
#134 = DEFINITIONAL_REPRESENTATION('',(#135),#139);
#135 = LINE('',#136,#137);
#136 = CARTESIAN_POINT('',(0.,0.));
#137 = VECTOR('',#138,1.);
#138 = DIRECTION('',(0.,1.));
#139 = ( GEOMETRIC_REPRESENTATION_CONTEXT(2) 
PARAMETRIC_REPRESENTATION_CONTEXT() REPRESENTATION_CONTEXT('2D SPACE',''
  ) );
#140 = ORIENTED_EDGE('',*,*,#141,.F.);
#141 = EDGE_CURVE('',#142,#114,#144,.T.);
#142 = VERTEX_POINT('',#143);
#143 = CARTESIAN_POINT('',(-15.99999999999,32.249030993195,0.));
#144 = SURFACE_CURVE('',#145,(#149,#156),.PCURVE_S1.);
#145 = LINE('',#146,#147);
#146 = CARTESIAN_POINT('',(-16.,-80.,0.));
#147 = VECTOR('',#148,1.);
#148 = DIRECTION('',(0.,1.,0.));
#149 = PCURVE('',#32,#150);
#150 = DEFINITIONAL_REPRESENTATION('',(#151),#155);
#151 = LINE('',#152,#153);
#152 = CARTESIAN_POINT('',(-16.,-80.));
#153 = VECTOR('',#154,1.);
#154 = DIRECTION('',(0.,1.));
#155 = ( GEOMETRIC_REPRESENTATION_CONTEXT(2) 
PARAMETRIC_REPRESENTATION_CONTEXT() REPRESENTATION_CONTEXT('2D SPACE',''
  ) );
#156 = PCURVE('',#157,#162);
#157 = PLANE('',#158);
#158 = AXIS2_PLACEMENT_3D('',#159,#160,#161);
#159 = CARTESIAN_POINT('',(-16.,-80.,0.));
#160 = DIRECTION('',(1.,0.,0.));
#161 = DIRECTION('',(0.,0.,1.));
#162 = DEFINITIONAL_REPRESENTATION('',(#163),#167);
#163 = LINE('',#164,#165);
#164 = CARTESIAN_POINT('',(0.,0.));
#165 = VECTOR('',#166,1.);
#166 = DIRECTION('',(0.,-1.));
#167 = ( GEOMETRIC_REPRESENTATION_CONTEXT(2) 
PARAMETRIC_REPRESENTATION_CONTEXT() REPRESENTATION_CONTEXT('2D SPACE',''
  ) );
#168 = ORIENTED_EDGE('',*,*,#169,.T.);
#169 = EDGE_CURVE('',#142,#170,#172,.T.);
#170 = VERTEX_POINT('',#171);
#171 = CARTESIAN_POINT('',(-32.24903099319,16.,0.));
#172 = SURFACE_CURVE('',#173,(#178,#185),.PCURVE_S1.);
#173 = CIRCLE('',#174,36.);
#174 = AXIS2_PLACEMENT_3D('',#175,#176,#177);
#175 = CARTESIAN_POINT('',(0.,0.,0.));
#176 = DIRECTION('',(0.,0.,1.));
#177 = DIRECTION('',(1.,0.,0.));
#178 = PCURVE('',#32,#179);
#179 = DEFINITIONAL_REPRESENTATION('',(#180),#184);
#180 = CIRCLE('',#181,36.);
#181 = AXIS2_PLACEMENT_2D('',#182,#183);
#182 = CARTESIAN_POINT('',(1.215502340035E-15,-9.614285210933E-16));
#183 = DIRECTION('',(1.,0.));
#184 = ( GEOMETRIC_REPRESENTATION_CONTEXT(2) 
PARAMETRIC_REPRESENTATION_CONTEXT() REPRESENTATION_CONTEXT('2D SPACE',''
  ) );
#185 = PCURVE('',#186,#191);
#186 = CYLINDRICAL_SURFACE('',#187,36.);
#187 = AXIS2_PLACEMENT_3D('',#188,#189,#190);
#188 = CARTESIAN_POINT('',(0.,0.,0.));
#189 = DIRECTION('',(-0.,-0.,-1.));
#190 = DIRECTION('',(1.,0.,0.));
#191 = DEFINITIONAL_REPRESENTATION('',(#192),#196);
#192 = LINE('',#193,#194);
#193 = CARTESIAN_POINT('',(-0.,0.));
#194 = VECTOR('',#195,1.);
#195 = DIRECTION('',(-1.,0.));
#196 = ( GEOMETRIC_REPRESENTATION_CONTEXT(2) 
PARAMETRIC_REPRESENTATION_CONTEXT() REPRESENTATION_CONTEXT('2D SPACE',''
  ) );
#197 = ORIENTED_EDGE('',*,*,#198,.F.);
#198 = EDGE_CURVE('',#199,#170,#201,.T.);
#199 = VERTEX_POINT('',#200);
#200 = CARTESIAN_POINT('',(-80.,16.,0.));
#201 = SURFACE_CURVE('',#202,(#206,#213),.PCURVE_S1.);
#202 = LINE('',#203,#204);
#203 = CARTESIAN_POINT('',(-80.,16.,0.));
#204 = VECTOR('',#205,1.);
#205 = DIRECTION('',(1.,0.,0.));
#206 = PCURVE('',#32,#207);
#207 = DEFINITIONAL_REPRESENTATION('',(#208),#212);
#208 = LINE('',#209,#210);
#209 = CARTESIAN_POINT('',(-80.,16.));
#210 = VECTOR('',#211,1.);
#211 = DIRECTION('',(1.,0.));
#212 = ( GEOMETRIC_REPRESENTATION_CONTEXT(2) 
PARAMETRIC_REPRESENTATION_CONTEXT() REPRESENTATION_CONTEXT('2D SPACE',''
  ) );
#213 = PCURVE('',#214,#219);
#214 = PLANE('',#215);
#215 = AXIS2_PLACEMENT_3D('',#216,#217,#218);
#216 = CARTESIAN_POINT('',(-80.,16.,0.));
#217 = DIRECTION('',(0.,1.,0.));
#218 = DIRECTION('',(0.,0.,1.));
#219 = DEFINITIONAL_REPRESENTATION('',(#220),#224);
#220 = LINE('',#221,#222);
#221 = CARTESIAN_POINT('',(0.,0.));
#222 = VECTOR('',#223,1.);
#223 = DIRECTION('',(0.,1.));
#224 = ( GEOMETRIC_REPRESENTATION_CONTEXT(2) 
PARAMETRIC_REPRESENTATION_CONTEXT() REPRESENTATION_CONTEXT('2D SPACE',''
  ) );
#225 = ORIENTED_EDGE('',*,*,#226,.F.);
#226 = EDGE_CURVE('',#227,#199,#229,.T.);
#227 = VERTEX_POINT('',#228);
#228 = CARTESIAN_POINT('',(-80.,-16.,0.));
#229 = SURFACE_CURVE('',#230,(#234,#241),.PCURVE_S1.);
#230 = LINE('',#231,#232);
#231 = CARTESIAN_POINT('',(-80.,-16.,0.));
#232 = VECTOR('',#233,1.);
#233 = DIRECTION('',(0.,1.,0.));
#234 = PCURVE('',#32,#235);
#235 = DEFINITIONAL_REPRESENTATION('',(#236),#240);
#236 = LINE('',#237,#238);
#237 = CARTESIAN_POINT('',(-80.,-16.));
#238 = VECTOR('',#239,1.);
#239 = DIRECTION('',(0.,1.));
#240 = ( GEOMETRIC_REPRESENTATION_CONTEXT(2) 
PARAMETRIC_REPRESENTATION_CONTEXT() REPRESENTATION_CONTEXT('2D SPACE',''
  ) );
#241 = PCURVE('',#242,#247);
#242 = PLANE('',#243);
#243 = AXIS2_PLACEMENT_3D('',#244,#245,#246);
#244 = CARTESIAN_POINT('',(-80.,-16.,0.));
#245 = DIRECTION('',(1.,0.,0.));
#246 = DIRECTION('',(0.,0.,1.));
#247 = DEFINITIONAL_REPRESENTATION('',(#248),#252);
#248 = LINE('',#249,#250);
#249 = CARTESIAN_POINT('',(0.,0.));
#250 = VECTOR('',#251,1.);
#251 = DIRECTION('',(0.,-1.));
#252 = ( GEOMETRIC_REPRESENTATION_CONTEXT(2) 
PARAMETRIC_REPRESENTATION_CONTEXT() REPRESENTATION_CONTEXT('2D SPACE',''
  ) );
#253 = ORIENTED_EDGE('',*,*,#254,.T.);
#254 = EDGE_CURVE('',#227,#255,#257,.T.);
#255 = VERTEX_POINT('',#256);
#256 = CARTESIAN_POINT('',(-32.24903099319,-16.,0.));
#257 = SURFACE_CURVE('',#258,(#262,#269),.PCURVE_S1.);
#258 = LINE('',#259,#260);
#259 = CARTESIAN_POINT('',(-80.,-16.,0.));
#260 = VECTOR('',#261,1.);
#261 = DIRECTION('',(1.,0.,0.));
#262 = PCURVE('',#32,#263);
#263 = DEFINITIONAL_REPRESENTATION('',(#264),#268);
#264 = LINE('',#265,#266);
#265 = CARTESIAN_POINT('',(-80.,-16.));
#266 = VECTOR('',#267,1.);
#267 = DIRECTION('',(1.,0.));
#268 = ( GEOMETRIC_REPRESENTATION_CONTEXT(2) 
PARAMETRIC_REPRESENTATION_CONTEXT() REPRESENTATION_CONTEXT('2D SPACE',''
  ) );
#269 = PCURVE('',#270,#275);
#270 = PLANE('',#271);
#271 = AXIS2_PLACEMENT_3D('',#272,#273,#274);
#272 = CARTESIAN_POINT('',(-80.,-16.,0.));
#273 = DIRECTION('',(0.,1.,0.));
#274 = DIRECTION('',(0.,0.,1.));
#275 = DEFINITIONAL_REPRESENTATION('',(#276),#280);
#276 = LINE('',#277,#278);
#277 = CARTESIAN_POINT('',(0.,0.));
#278 = VECTOR('',#279,1.);
#279 = DIRECTION('',(0.,1.));
#280 = ( GEOMETRIC_REPRESENTATION_CONTEXT(2) 
PARAMETRIC_REPRESENTATION_CONTEXT() REPRESENTATION_CONTEXT('2D SPACE',''
  ) );
#281 = ORIENTED_EDGE('',*,*,#282,.T.);
#282 = EDGE_CURVE('',#255,#283,#285,.T.);
#283 = VERTEX_POINT('',#284);
#284 = CARTESIAN_POINT('',(-15.99999999999,-32.24903099319,0.));
#285 = SURFACE_CURVE('',#286,(#291,#298),.PCURVE_S1.);
#286 = CIRCLE('',#287,36.);
#287 = AXIS2_PLACEMENT_3D('',#288,#289,#290);
#288 = CARTESIAN_POINT('',(0.,0.,0.));
#289 = DIRECTION('',(0.,0.,1.));
#290 = DIRECTION('',(1.,0.,0.));
#291 = PCURVE('',#32,#292);
#292 = DEFINITIONAL_REPRESENTATION('',(#293),#297);
#293 = CIRCLE('',#294,36.);
#294 = AXIS2_PLACEMENT_2D('',#295,#296);
#295 = CARTESIAN_POINT('',(1.215502340035E-15,-9.614285210933E-16));
#296 = DIRECTION('',(1.,0.));
#297 = ( GEOMETRIC_REPRESENTATION_CONTEXT(2) 
PARAMETRIC_REPRESENTATION_CONTEXT() REPRESENTATION_CONTEXT('2D SPACE',''
  ) );
#298 = PCURVE('',#299,#304);
#299 = CYLINDRICAL_SURFACE('',#300,36.);
#300 = AXIS2_PLACEMENT_3D('',#301,#302,#303);
#301 = CARTESIAN_POINT('',(0.,0.,0.));
#302 = DIRECTION('',(-0.,-0.,-1.));
#303 = DIRECTION('',(1.,0.,0.));
#304 = DEFINITIONAL_REPRESENTATION('',(#305),#309);
#305 = LINE('',#306,#307);
#306 = CARTESIAN_POINT('',(-0.,0.));
#307 = VECTOR('',#308,1.);
#308 = DIRECTION('',(-1.,0.));
#309 = ( GEOMETRIC_REPRESENTATION_CONTEXT(2) 
PARAMETRIC_REPRESENTATION_CONTEXT() REPRESENTATION_CONTEXT('2D SPACE',''
  ) );
#310 = ORIENTED_EDGE('',*,*,#311,.F.);
#311 = EDGE_CURVE('',#312,#283,#314,.T.);
#312 = VERTEX_POINT('',#313);
#313 = CARTESIAN_POINT('',(-16.,-80.,0.));
#314 = SURFACE_CURVE('',#315,(#319,#326),.PCURVE_S1.);
#315 = LINE('',#316,#317);
#316 = CARTESIAN_POINT('',(-16.,-80.,0.));
#317 = VECTOR('',#318,1.);
#318 = DIRECTION('',(0.,1.,0.));
#319 = PCURVE('',#32,#320);
#320 = DEFINITIONAL_REPRESENTATION('',(#321),#325);
#321 = LINE('',#322,#323);
#322 = CARTESIAN_POINT('',(-16.,-80.));
#323 = VECTOR('',#324,1.);
#324 = DIRECTION('',(0.,1.));
#325 = ( GEOMETRIC_REPRESENTATION_CONTEXT(2) 
PARAMETRIC_REPRESENTATION_CONTEXT() REPRESENTATION_CONTEXT('2D SPACE',''
  ) );
#326 = PCURVE('',#327,#332);
#327 = PLANE('',#328);
#328 = AXIS2_PLACEMENT_3D('',#329,#330,#331);
#329 = CARTESIAN_POINT('',(-16.,-80.,0.));
#330 = DIRECTION('',(1.,0.,0.));
#331 = DIRECTION('',(0.,0.,1.));
#332 = DEFINITIONAL_REPRESENTATION('',(#333),#337);
#333 = LINE('',#334,#335);
#334 = CARTESIAN_POINT('',(0.,0.));
#335 = VECTOR('',#336,1.);
#336 = DIRECTION('',(0.,-1.));
#337 = ( GEOMETRIC_REPRESENTATION_CONTEXT(2) 
PARAMETRIC_REPRESENTATION_CONTEXT() REPRESENTATION_CONTEXT('2D SPACE',''
  ) );
#338 = ORIENTED_EDGE('',*,*,#339,.T.);
#339 = EDGE_CURVE('',#312,#340,#342,.T.);
#340 = VERTEX_POINT('',#341);
#341 = CARTESIAN_POINT('',(16.,-80.,0.));
#342 = SURFACE_CURVE('',#343,(#347,#354),.PCURVE_S1.);
#343 = LINE('',#344,#345);
#344 = CARTESIAN_POINT('',(-16.,-80.,0.));
#345 = VECTOR('',#346,1.);
#346 = DIRECTION('',(1.,0.,0.));
#347 = PCURVE('',#32,#348);
#348 = DEFINITIONAL_REPRESENTATION('',(#349),#353);
#349 = LINE('',#350,#351);
#350 = CARTESIAN_POINT('',(-16.,-80.));
#351 = VECTOR('',#352,1.);
#352 = DIRECTION('',(1.,0.));
#353 = ( GEOMETRIC_REPRESENTATION_CONTEXT(2) 
PARAMETRIC_REPRESENTATION_CONTEXT() REPRESENTATION_CONTEXT('2D SPACE',''
  ) );
#354 = PCURVE('',#355,#360);
#355 = PLANE('',#356);
#356 = AXIS2_PLACEMENT_3D('',#357,#358,#359);
#357 = CARTESIAN_POINT('',(-16.,-80.,0.));
#358 = DIRECTION('',(0.,1.,0.));
#359 = DIRECTION('',(0.,0.,1.));
#360 = DEFINITIONAL_REPRESENTATION('',(#361),#365);
#361 = LINE('',#362,#363);
#362 = CARTESIAN_POINT('',(0.,0.));
#363 = VECTOR('',#364,1.);
#364 = DIRECTION('',(0.,1.));
#365 = ( GEOMETRIC_REPRESENTATION_CONTEXT(2) 
PARAMETRIC_REPRESENTATION_CONTEXT() REPRESENTATION_CONTEXT('2D SPACE',''
  ) );
#366 = ORIENTED_EDGE('',*,*,#367,.T.);
#367 = EDGE_CURVE('',#340,#368,#370,.T.);
#368 = VERTEX_POINT('',#369);
#369 = CARTESIAN_POINT('',(15.999999999999,-32.24903099319,0.));
#370 = SURFACE_CURVE('',#371,(#375,#382),.PCURVE_S1.);
#371 = LINE('',#372,#373);
#372 = CARTESIAN_POINT('',(16.,-80.,0.));
#373 = VECTOR('',#374,1.);
#374 = DIRECTION('',(0.,1.,0.));
#375 = PCURVE('',#32,#376);
#376 = DEFINITIONAL_REPRESENTATION('',(#377),#381);
#377 = LINE('',#378,#379);
#378 = CARTESIAN_POINT('',(16.,-80.));
#379 = VECTOR('',#380,1.);
#380 = DIRECTION('',(0.,1.));
#381 = ( GEOMETRIC_REPRESENTATION_CONTEXT(2) 
PARAMETRIC_REPRESENTATION_CONTEXT() REPRESENTATION_CONTEXT('2D SPACE',''
  ) );
#382 = PCURVE('',#383,#388);
#383 = PLANE('',#384);
#384 = AXIS2_PLACEMENT_3D('',#385,#386,#387);
#385 = CARTESIAN_POINT('',(16.,-80.,0.));
#386 = DIRECTION('',(1.,0.,0.));
#387 = DIRECTION('',(0.,0.,1.));
#388 = DEFINITIONAL_REPRESENTATION('',(#389),#393);
#389 = LINE('',#390,#391);
#390 = CARTESIAN_POINT('',(0.,0.));
#391 = VECTOR('',#392,1.);
#392 = DIRECTION('',(0.,-1.));
#393 = ( GEOMETRIC_REPRESENTATION_CONTEXT(2) 
PARAMETRIC_REPRESENTATION_CONTEXT() REPRESENTATION_CONTEXT('2D SPACE',''
  ) );
#394 = ORIENTED_EDGE('',*,*,#395,.T.);
#395 = EDGE_CURVE('',#368,#396,#398,.T.);
#396 = VERTEX_POINT('',#397);
#397 = CARTESIAN_POINT('',(32.249030993194,-16.,0.));
#398 = SURFACE_CURVE('',#399,(#404,#411),.PCURVE_S1.);
#399 = CIRCLE('',#400,36.);
#400 = AXIS2_PLACEMENT_3D('',#401,#402,#403);
#401 = CARTESIAN_POINT('',(0.,0.,0.));
#402 = DIRECTION('',(0.,0.,1.));
#403 = DIRECTION('',(1.,0.,0.));
#404 = PCURVE('',#32,#405);
#405 = DEFINITIONAL_REPRESENTATION('',(#406),#410);
#406 = CIRCLE('',#407,36.);
#407 = AXIS2_PLACEMENT_2D('',#408,#409);
#408 = CARTESIAN_POINT('',(1.215502340035E-15,-9.614285210933E-16));
#409 = DIRECTION('',(1.,0.));
#410 = ( GEOMETRIC_REPRESENTATION_CONTEXT(2) 
PARAMETRIC_REPRESENTATION_CONTEXT() REPRESENTATION_CONTEXT('2D SPACE',''
  ) );
#411 = PCURVE('',#412,#417);
#412 = CYLINDRICAL_SURFACE('',#413,36.);
#413 = AXIS2_PLACEMENT_3D('',#414,#415,#416);
#414 = CARTESIAN_POINT('',(0.,0.,0.));
#415 = DIRECTION('',(-0.,-0.,-1.));
#416 = DIRECTION('',(1.,0.,0.));
#417 = DEFINITIONAL_REPRESENTATION('',(#418),#422);
#418 = LINE('',#419,#420);
#419 = CARTESIAN_POINT('',(-0.,0.));
#420 = VECTOR('',#421,1.);
#421 = DIRECTION('',(-1.,0.));
#422 = ( GEOMETRIC_REPRESENTATION_CONTEXT(2) 
PARAMETRIC_REPRESENTATION_CONTEXT() REPRESENTATION_CONTEXT('2D SPACE',''
  ) );
#423 = ORIENTED_EDGE('',*,*,#424,.T.);
#424 = EDGE_CURVE('',#396,#425,#427,.T.);
#425 = VERTEX_POINT('',#426);
#426 = CARTESIAN_POINT('',(80.,-16.,0.));
#427 = SURFACE_CURVE('',#428,(#432,#439),.PCURVE_S1.);
#428 = LINE('',#429,#430);
#429 = CARTESIAN_POINT('',(-80.,-16.,0.));
#430 = VECTOR('',#431,1.);
#431 = DIRECTION('',(1.,0.,0.));
#432 = PCURVE('',#32,#433);
#433 = DEFINITIONAL_REPRESENTATION('',(#434),#438);
#434 = LINE('',#435,#436);
#435 = CARTESIAN_POINT('',(-80.,-16.));
#436 = VECTOR('',#437,1.);
#437 = DIRECTION('',(1.,0.));
#438 = ( GEOMETRIC_REPRESENTATION_CONTEXT(2) 
PARAMETRIC_REPRESENTATION_CONTEXT() REPRESENTATION_CONTEXT('2D SPACE',''
  ) );
#439 = PCURVE('',#440,#445);
#440 = PLANE('',#441);
#441 = AXIS2_PLACEMENT_3D('',#442,#443,#444);
#442 = CARTESIAN_POINT('',(-80.,-16.,0.));
#443 = DIRECTION('',(0.,1.,0.));
#444 = DIRECTION('',(0.,0.,1.));
#445 = DEFINITIONAL_REPRESENTATION('',(#446),#450);
#446 = LINE('',#447,#448);
#447 = CARTESIAN_POINT('',(0.,0.));
#448 = VECTOR('',#449,1.);
#449 = DIRECTION('',(0.,1.));
#450 = ( GEOMETRIC_REPRESENTATION_CONTEXT(2) 
PARAMETRIC_REPRESENTATION_CONTEXT() REPRESENTATION_CONTEXT('2D SPACE',''
  ) );
#451 = ORIENTED_EDGE('',*,*,#452,.T.);
#452 = EDGE_CURVE('',#425,#24,#453,.T.);
#453 = SURFACE_CURVE('',#454,(#458,#465),.PCURVE_S1.);
#454 = LINE('',#455,#456);
#455 = CARTESIAN_POINT('',(80.,-16.,0.));
#456 = VECTOR('',#457,1.);
#457 = DIRECTION('',(0.,1.,0.));
#458 = PCURVE('',#32,#459);
#459 = DEFINITIONAL_REPRESENTATION('',(#460),#464);
#460 = LINE('',#461,#462);
#461 = CARTESIAN_POINT('',(80.,-16.));
#462 = VECTOR('',#463,1.);
#463 = DIRECTION('',(0.,1.));
#464 = ( GEOMETRIC_REPRESENTATION_CONTEXT(2) 
PARAMETRIC_REPRESENTATION_CONTEXT() REPRESENTATION_CONTEXT('2D SPACE',''
  ) );
#465 = PCURVE('',#466,#471);
#466 = PLANE('',#467);
#467 = AXIS2_PLACEMENT_3D('',#468,#469,#470);
#468 = CARTESIAN_POINT('',(80.,-16.,0.));
#469 = DIRECTION('',(1.,0.,0.));
#470 = DIRECTION('',(0.,0.,1.));
#471 = DEFINITIONAL_REPRESENTATION('',(#472),#476);
#472 = LINE('',#473,#474);
#473 = CARTESIAN_POINT('',(0.,0.));
#474 = VECTOR('',#475,1.);
#475 = DIRECTION('',(0.,-1.));
#476 = ( GEOMETRIC_REPRESENTATION_CONTEXT(2) 
PARAMETRIC_REPRESENTATION_CONTEXT() REPRESENTATION_CONTEXT('2D SPACE',''
  ) );
#477 = FACE_BOUND('',#478,.F.);
#478 = EDGE_LOOP('',(#479,#507,#533,#559));
#479 = ORIENTED_EDGE('',*,*,#480,.T.);
#480 = EDGE_CURVE('',#481,#483,#485,.T.);
#481 = VERTEX_POINT('',#482);
#482 = CARTESIAN_POINT('',(-7.,-47.,0.));
#483 = VERTEX_POINT('',#484);
#484 = CARTESIAN_POINT('',(-7.,-41.,0.));
#485 = SURFACE_CURVE('',#486,(#490,#496),.PCURVE_S1.);
#486 = LINE('',#487,#488);
#487 = CARTESIAN_POINT('',(-7.,-20.5,0.));
#488 = VECTOR('',#489,1.);
#489 = DIRECTION('',(2.22044604925E-16,1.,-0.));
#490 = PCURVE('',#32,#491);
#491 = DEFINITIONAL_REPRESENTATION('',(#492),#495);
#492 = B_SPLINE_CURVE_WITH_KNOTS('',1,(#493,#494),.UNSPECIFIED.,.F.,.F.,
  (2,2),(-26.5,-20.5),.PIECEWISE_BEZIER_KNOTS.);
#493 = CARTESIAN_POINT('',(-7.,-47.));
#494 = CARTESIAN_POINT('',(-7.,-41.));
#495 = ( GEOMETRIC_REPRESENTATION_CONTEXT(2) 
PARAMETRIC_REPRESENTATION_CONTEXT() REPRESENTATION_CONTEXT('2D SPACE',''
  ) );
#496 = PCURVE('',#497,#502);
#497 = PLANE('',#498);
#498 = AXIS2_PLACEMENT_3D('',#499,#500,#501);
#499 = CARTESIAN_POINT('',(-7.,-41.,-1.));
#500 = DIRECTION('',(1.,-2.22044604925E-16,0.));
#501 = DIRECTION('',(0.,0.,1.));
#502 = DEFINITIONAL_REPRESENTATION('',(#503),#506);
#503 = B_SPLINE_CURVE_WITH_KNOTS('',1,(#504,#505),.UNSPECIFIED.,.F.,.F.,
  (2,2),(-26.5,-20.5),.PIECEWISE_BEZIER_KNOTS.);
#504 = CARTESIAN_POINT('',(1.,6.));
#505 = CARTESIAN_POINT('',(1.,0.));
#506 = ( GEOMETRIC_REPRESENTATION_CONTEXT(2) 
PARAMETRIC_REPRESENTATION_CONTEXT() REPRESENTATION_CONTEXT('2D SPACE',''
  ) );
#507 = ORIENTED_EDGE('',*,*,#508,.T.);
#508 = EDGE_CURVE('',#483,#509,#511,.T.);
#509 = VERTEX_POINT('',#510);
#510 = CARTESIAN_POINT('',(7.,-41.,0.));
#511 = SURFACE_CURVE('',#512,(#516,#522),.PCURVE_S1.);
#512 = LINE('',#513,#514);
#513 = CARTESIAN_POINT('',(-3.5,-41.,0.));
#514 = VECTOR('',#515,1.);
#515 = DIRECTION('',(1.,-2.22044604925E-16,0.));
#516 = PCURVE('',#32,#517);
#517 = DEFINITIONAL_REPRESENTATION('',(#518),#521);
#518 = B_SPLINE_CURVE_WITH_KNOTS('',1,(#519,#520),.UNSPECIFIED.,.F.,.F.,
  (2,2),(-3.5,10.5),.PIECEWISE_BEZIER_KNOTS.);
#519 = CARTESIAN_POINT('',(-7.,-41.));
#520 = CARTESIAN_POINT('',(7.,-41.));
#521 = ( GEOMETRIC_REPRESENTATION_CONTEXT(2) 
PARAMETRIC_REPRESENTATION_CONTEXT() REPRESENTATION_CONTEXT('2D SPACE',''
  ) );
#522 = PCURVE('',#523,#528);
#523 = PLANE('',#524);
#524 = AXIS2_PLACEMENT_3D('',#525,#526,#527);
#525 = CARTESIAN_POINT('',(-7.,-41.,-1.));
#526 = DIRECTION('',(-2.22044604925E-16,-1.,0.));
#527 = DIRECTION('',(0.,0.,1.));
#528 = DEFINITIONAL_REPRESENTATION('',(#529),#532);
#529 = B_SPLINE_CURVE_WITH_KNOTS('',1,(#530,#531),.UNSPECIFIED.,.F.,.F.,
  (2,2),(-3.5,10.5),.PIECEWISE_BEZIER_KNOTS.);
#530 = CARTESIAN_POINT('',(1.,0.));
#531 = CARTESIAN_POINT('',(1.,-14.));
#532 = ( GEOMETRIC_REPRESENTATION_CONTEXT(2) 
PARAMETRIC_REPRESENTATION_CONTEXT() REPRESENTATION_CONTEXT('2D SPACE',''
  ) );
#533 = ORIENTED_EDGE('',*,*,#534,.F.);
#534 = EDGE_CURVE('',#535,#509,#537,.T.);
#535 = VERTEX_POINT('',#536);
#536 = CARTESIAN_POINT('',(7.,-47.,0.));
#537 = SURFACE_CURVE('',#538,(#542,#548),.PCURVE_S1.);
#538 = LINE('',#539,#540);
#539 = CARTESIAN_POINT('',(7.,-20.5,0.));
#540 = VECTOR('',#541,1.);
#541 = DIRECTION('',(2.22044604925E-16,1.,-0.));
#542 = PCURVE('',#32,#543);
#543 = DEFINITIONAL_REPRESENTATION('',(#544),#547);
#544 = B_SPLINE_CURVE_WITH_KNOTS('',1,(#545,#546),.UNSPECIFIED.,.F.,.F.,
  (2,2),(-26.5,-20.5),.PIECEWISE_BEZIER_KNOTS.);
#545 = CARTESIAN_POINT('',(7.,-47.));
#546 = CARTESIAN_POINT('',(7.,-41.));
#547 = ( GEOMETRIC_REPRESENTATION_CONTEXT(2) 
PARAMETRIC_REPRESENTATION_CONTEXT() REPRESENTATION_CONTEXT('2D SPACE',''
  ) );
#548 = PCURVE('',#549,#554);
#549 = PLANE('',#550);
#550 = AXIS2_PLACEMENT_3D('',#551,#552,#553);
#551 = CARTESIAN_POINT('',(7.,-41.,-1.));
#552 = DIRECTION('',(1.,-2.22044604925E-16,0.));
#553 = DIRECTION('',(0.,0.,1.));
#554 = DEFINITIONAL_REPRESENTATION('',(#555),#558);
#555 = B_SPLINE_CURVE_WITH_KNOTS('',1,(#556,#557),.UNSPECIFIED.,.F.,.F.,
  (2,2),(-26.5,-20.5),.PIECEWISE_BEZIER_KNOTS.);
#556 = CARTESIAN_POINT('',(1.,6.));
#557 = CARTESIAN_POINT('',(1.,0.));
#558 = ( GEOMETRIC_REPRESENTATION_CONTEXT(2) 
PARAMETRIC_REPRESENTATION_CONTEXT() REPRESENTATION_CONTEXT('2D SPACE',''
  ) );
#559 = ORIENTED_EDGE('',*,*,#560,.F.);
#560 = EDGE_CURVE('',#481,#535,#561,.T.);
#561 = SURFACE_CURVE('',#562,(#566,#572),.PCURVE_S1.);
#562 = LINE('',#563,#564);
#563 = CARTESIAN_POINT('',(-3.5,-47.,0.));
#564 = VECTOR('',#565,1.);
#565 = DIRECTION('',(1.,-2.22044604925E-16,0.));
#566 = PCURVE('',#32,#567);
#567 = DEFINITIONAL_REPRESENTATION('',(#568),#571);
#568 = B_SPLINE_CURVE_WITH_KNOTS('',1,(#569,#570),.UNSPECIFIED.,.F.,.F.,
  (2,2),(-3.5,10.5),.PIECEWISE_BEZIER_KNOTS.);
#569 = CARTESIAN_POINT('',(-7.,-47.));
#570 = CARTESIAN_POINT('',(7.,-47.));
#571 = ( GEOMETRIC_REPRESENTATION_CONTEXT(2) 
PARAMETRIC_REPRESENTATION_CONTEXT() REPRESENTATION_CONTEXT('2D SPACE',''
  ) );
#572 = PCURVE('',#573,#578);
#573 = PLANE('',#574);
#574 = AXIS2_PLACEMENT_3D('',#575,#576,#577);
#575 = CARTESIAN_POINT('',(-7.,-47.,-1.));
#576 = DIRECTION('',(-2.22044604925E-16,-1.,0.));
#577 = DIRECTION('',(0.,0.,1.));
#578 = DEFINITIONAL_REPRESENTATION('',(#579),#582);
#579 = B_SPLINE_CURVE_WITH_KNOTS('',1,(#580,#581),.UNSPECIFIED.,.F.,.F.,
  (2,2),(-3.5,10.5),.PIECEWISE_BEZIER_KNOTS.);
#580 = CARTESIAN_POINT('',(1.,0.));
#581 = CARTESIAN_POINT('',(1.,-14.));
#582 = ( GEOMETRIC_REPRESENTATION_CONTEXT(2) 
PARAMETRIC_REPRESENTATION_CONTEXT() REPRESENTATION_CONTEXT('2D SPACE',''
  ) );
#583 = FACE_BOUND('',#584,.F.);
#584 = EDGE_LOOP('',(#585,#613,#639,#665));
#585 = ORIENTED_EDGE('',*,*,#586,.T.);
#586 = EDGE_CURVE('',#587,#589,#591,.T.);
#587 = VERTEX_POINT('',#588);
#588 = CARTESIAN_POINT('',(-47.,7.,0.));
#589 = VERTEX_POINT('',#590);
#590 = CARTESIAN_POINT('',(-41.,7.,0.));
#591 = SURFACE_CURVE('',#592,(#596,#602),.PCURVE_S1.);
#592 = LINE('',#593,#594);
#593 = CARTESIAN_POINT('',(-20.5,7.,0.));
#594 = VECTOR('',#595,1.);
#595 = DIRECTION('',(1.,-1.224646799147E-16,0.));
#596 = PCURVE('',#32,#597);
#597 = DEFINITIONAL_REPRESENTATION('',(#598),#601);
#598 = B_SPLINE_CURVE_WITH_KNOTS('',1,(#599,#600),.UNSPECIFIED.,.F.,.F.,
  (2,2),(-26.5,-20.5),.PIECEWISE_BEZIER_KNOTS.);
#599 = CARTESIAN_POINT('',(-47.,7.));
#600 = CARTESIAN_POINT('',(-41.,7.));
#601 = ( GEOMETRIC_REPRESENTATION_CONTEXT(2) 
PARAMETRIC_REPRESENTATION_CONTEXT() REPRESENTATION_CONTEXT('2D SPACE',''
  ) );
#602 = PCURVE('',#603,#608);
#603 = PLANE('',#604);
#604 = AXIS2_PLACEMENT_3D('',#605,#606,#607);
#605 = CARTESIAN_POINT('',(-41.,7.,-1.));
#606 = DIRECTION('',(-1.224646799147E-16,-1.,0.));
#607 = DIRECTION('',(0.,0.,1.));
#608 = DEFINITIONAL_REPRESENTATION('',(#609),#612);
#609 = B_SPLINE_CURVE_WITH_KNOTS('',1,(#610,#611),.UNSPECIFIED.,.F.,.F.,
  (2,2),(-26.5,-20.5),.PIECEWISE_BEZIER_KNOTS.);
#610 = CARTESIAN_POINT('',(1.,6.));
#611 = CARTESIAN_POINT('',(1.,0.));
#612 = ( GEOMETRIC_REPRESENTATION_CONTEXT(2) 
PARAMETRIC_REPRESENTATION_CONTEXT() REPRESENTATION_CONTEXT('2D SPACE',''
  ) );
#613 = ORIENTED_EDGE('',*,*,#614,.T.);
#614 = EDGE_CURVE('',#589,#615,#617,.T.);
#615 = VERTEX_POINT('',#616);
#616 = CARTESIAN_POINT('',(-41.,-7.,0.));
#617 = SURFACE_CURVE('',#618,(#622,#628),.PCURVE_S1.);
#618 = LINE('',#619,#620);
#619 = CARTESIAN_POINT('',(-41.,3.5,0.));
#620 = VECTOR('',#621,1.);
#621 = DIRECTION('',(-1.224646799147E-16,-1.,0.));
#622 = PCURVE('',#32,#623);
#623 = DEFINITIONAL_REPRESENTATION('',(#624),#627);
#624 = B_SPLINE_CURVE_WITH_KNOTS('',1,(#625,#626),.UNSPECIFIED.,.F.,.F.,
  (2,2),(-3.5,10.5),.PIECEWISE_BEZIER_KNOTS.);
#625 = CARTESIAN_POINT('',(-41.,7.));
#626 = CARTESIAN_POINT('',(-41.,-7.));
#627 = ( GEOMETRIC_REPRESENTATION_CONTEXT(2) 
PARAMETRIC_REPRESENTATION_CONTEXT() REPRESENTATION_CONTEXT('2D SPACE',''
  ) );
#628 = PCURVE('',#629,#634);
#629 = PLANE('',#630);
#630 = AXIS2_PLACEMENT_3D('',#631,#632,#633);
#631 = CARTESIAN_POINT('',(-41.,7.,-1.));
#632 = DIRECTION('',(-1.,1.224646799147E-16,0.));
#633 = DIRECTION('',(0.,0.,1.));
#634 = DEFINITIONAL_REPRESENTATION('',(#635),#638);
#635 = B_SPLINE_CURVE_WITH_KNOTS('',1,(#636,#637),.UNSPECIFIED.,.F.,.F.,
  (2,2),(-3.5,10.5),.PIECEWISE_BEZIER_KNOTS.);
#636 = CARTESIAN_POINT('',(1.,0.));
#637 = CARTESIAN_POINT('',(1.,-14.));
#638 = ( GEOMETRIC_REPRESENTATION_CONTEXT(2) 
PARAMETRIC_REPRESENTATION_CONTEXT() REPRESENTATION_CONTEXT('2D SPACE',''
  ) );
#639 = ORIENTED_EDGE('',*,*,#640,.F.);
#640 = EDGE_CURVE('',#641,#615,#643,.T.);
#641 = VERTEX_POINT('',#642);
#642 = CARTESIAN_POINT('',(-47.,-7.,0.));
#643 = SURFACE_CURVE('',#644,(#648,#654),.PCURVE_S1.);
#644 = LINE('',#645,#646);
#645 = CARTESIAN_POINT('',(-20.5,-7.,0.));
#646 = VECTOR('',#647,1.);
#647 = DIRECTION('',(1.,-1.224646799147E-16,0.));
#648 = PCURVE('',#32,#649);
#649 = DEFINITIONAL_REPRESENTATION('',(#650),#653);
#650 = B_SPLINE_CURVE_WITH_KNOTS('',1,(#651,#652),.UNSPECIFIED.,.F.,.F.,
  (2,2),(-26.5,-20.5),.PIECEWISE_BEZIER_KNOTS.);
#651 = CARTESIAN_POINT('',(-47.,-7.));
#652 = CARTESIAN_POINT('',(-41.,-7.));
#653 = ( GEOMETRIC_REPRESENTATION_CONTEXT(2) 
PARAMETRIC_REPRESENTATION_CONTEXT() REPRESENTATION_CONTEXT('2D SPACE',''
  ) );
#654 = PCURVE('',#655,#660);
#655 = PLANE('',#656);
#656 = AXIS2_PLACEMENT_3D('',#657,#658,#659);
#657 = CARTESIAN_POINT('',(-41.,-7.,-1.));
#658 = DIRECTION('',(-1.224646799147E-16,-1.,0.));
#659 = DIRECTION('',(0.,0.,1.));
#660 = DEFINITIONAL_REPRESENTATION('',(#661),#664);
#661 = B_SPLINE_CURVE_WITH_KNOTS('',1,(#662,#663),.UNSPECIFIED.,.F.,.F.,
  (2,2),(-26.5,-20.5),.PIECEWISE_BEZIER_KNOTS.);
#662 = CARTESIAN_POINT('',(1.,6.));
#663 = CARTESIAN_POINT('',(1.,0.));
#664 = ( GEOMETRIC_REPRESENTATION_CONTEXT(2) 
PARAMETRIC_REPRESENTATION_CONTEXT() REPRESENTATION_CONTEXT('2D SPACE',''
  ) );
#665 = ORIENTED_EDGE('',*,*,#666,.F.);
#666 = EDGE_CURVE('',#587,#641,#667,.T.);
#667 = SURFACE_CURVE('',#668,(#672,#678),.PCURVE_S1.);
#668 = LINE('',#669,#670);
#669 = CARTESIAN_POINT('',(-47.,3.5,0.));
#670 = VECTOR('',#671,1.);
#671 = DIRECTION('',(-1.224646799147E-16,-1.,0.));
#672 = PCURVE('',#32,#673);
#673 = DEFINITIONAL_REPRESENTATION('',(#674),#677);
#674 = B_SPLINE_CURVE_WITH_KNOTS('',1,(#675,#676),.UNSPECIFIED.,.F.,.F.,
  (2,2),(-3.5,10.5),.PIECEWISE_BEZIER_KNOTS.);
#675 = CARTESIAN_POINT('',(-47.,7.));
#676 = CARTESIAN_POINT('',(-47.,-7.));
#677 = ( GEOMETRIC_REPRESENTATION_CONTEXT(2) 
PARAMETRIC_REPRESENTATION_CONTEXT() REPRESENTATION_CONTEXT('2D SPACE',''
  ) );
#678 = PCURVE('',#679,#684);
#679 = PLANE('',#680);
#680 = AXIS2_PLACEMENT_3D('',#681,#682,#683);
#681 = CARTESIAN_POINT('',(-47.,7.,-1.));
#682 = DIRECTION('',(-1.,1.224646799147E-16,0.));
#683 = DIRECTION('',(0.,0.,1.));
#684 = DEFINITIONAL_REPRESENTATION('',(#685),#688);
#685 = B_SPLINE_CURVE_WITH_KNOTS('',1,(#686,#687),.UNSPECIFIED.,.F.,.F.,
  (2,2),(-3.5,10.5),.PIECEWISE_BEZIER_KNOTS.);
#686 = CARTESIAN_POINT('',(1.,0.));
#687 = CARTESIAN_POINT('',(1.,-14.));
#688 = ( GEOMETRIC_REPRESENTATION_CONTEXT(2) 
PARAMETRIC_REPRESENTATION_CONTEXT() REPRESENTATION_CONTEXT('2D SPACE',''
  ) );
#689 = FACE_BOUND('',#690,.F.);
#690 = EDGE_LOOP('',(#691));
#691 = ORIENTED_EDGE('',*,*,#692,.T.);
#692 = EDGE_CURVE('',#693,#693,#695,.T.);
#693 = VERTEX_POINT('',#694);
#694 = CARTESIAN_POINT('',(3.4,0.,0.));
#695 = SURFACE_CURVE('',#696,(#701,#712),.PCURVE_S1.);
#696 = CIRCLE('',#697,3.4);
#697 = AXIS2_PLACEMENT_3D('',#698,#699,#700);
#698 = CARTESIAN_POINT('',(0.,0.,0.));
#699 = DIRECTION('',(0.,0.,-1.));
#700 = DIRECTION('',(1.,0.,0.));
#701 = PCURVE('',#32,#702);
#702 = DEFINITIONAL_REPRESENTATION('',(#703),#711);
#703 = ( BOUNDED_CURVE() B_SPLINE_CURVE(2,(#704,#705,#706,#707,#708,#709
,#710),.UNSPECIFIED.,.T.,.F.) B_SPLINE_CURVE_WITH_KNOTS((1,2,2,2,2,1),(
    -2.094395102393,0.,2.094395102393,4.188790204786,6.28318530718,
8.377580409573),.UNSPECIFIED.) CURVE() GEOMETRIC_REPRESENTATION_ITEM() 
RATIONAL_B_SPLINE_CURVE((1.,0.5,1.,0.5,1.,0.5,1.)) REPRESENTATION_ITEM(
  '') );
#704 = CARTESIAN_POINT('',(3.4,-9.614285210933E-16));
#705 = CARTESIAN_POINT('',(3.4,-5.888972745734));
#706 = CARTESIAN_POINT('',(-1.7,-2.944486372867));
#707 = CARTESIAN_POINT('',(-6.8,-1.794188344513E-15));
#708 = CARTESIAN_POINT('',(-1.7,2.944486372867));
#709 = CARTESIAN_POINT('',(3.4,5.888972745734));
#710 = CARTESIAN_POINT('',(3.4,-9.614285210933E-16));
#711 = ( GEOMETRIC_REPRESENTATION_CONTEXT(2) 
PARAMETRIC_REPRESENTATION_CONTEXT() REPRESENTATION_CONTEXT('2D SPACE',''
  ) );
#712 = PCURVE('',#713,#718);
#713 = CYLINDRICAL_SURFACE('',#714,3.4);
#714 = AXIS2_PLACEMENT_3D('',#715,#716,#717);
#715 = CARTESIAN_POINT('',(0.,0.,-1.));
#716 = DIRECTION('',(-0.,-0.,-1.));
#717 = DIRECTION('',(1.,0.,0.));
#718 = DEFINITIONAL_REPRESENTATION('',(#719),#723);
#719 = LINE('',#720,#721);
#720 = CARTESIAN_POINT('',(-6.28318530718,-1.));
#721 = VECTOR('',#722,1.);
#722 = DIRECTION('',(1.,-0.));
#723 = ( GEOMETRIC_REPRESENTATION_CONTEXT(2) 
PARAMETRIC_REPRESENTATION_CONTEXT() REPRESENTATION_CONTEXT('2D SPACE',''
  ) );
#724 = FACE_BOUND('',#725,.F.);
#725 = EDGE_LOOP('',(#726));
#726 = ORIENTED_EDGE('',*,*,#727,.F.);
#727 = EDGE_CURVE('',#728,#728,#730,.T.);
#728 = VERTEX_POINT('',#729);
#729 = CARTESIAN_POINT('',(2.6,14.,0.));
#730 = SURFACE_CURVE('',#731,(#736,#743),.PCURVE_S1.);
#731 = CIRCLE('',#732,2.6);
#732 = AXIS2_PLACEMENT_3D('',#733,#734,#735);
#733 = CARTESIAN_POINT('',(0.,14.,0.));
#734 = DIRECTION('',(0.,0.,1.));
#735 = DIRECTION('',(1.,0.,0.));
#736 = PCURVE('',#32,#737);
#737 = DEFINITIONAL_REPRESENTATION('',(#738),#742);
#738 = CIRCLE('',#739,2.6);
#739 = AXIS2_PLACEMENT_2D('',#740,#741);
#740 = CARTESIAN_POINT('',(1.215502340035E-15,14.));
#741 = DIRECTION('',(1.,0.));
#742 = ( GEOMETRIC_REPRESENTATION_CONTEXT(2) 
PARAMETRIC_REPRESENTATION_CONTEXT() REPRESENTATION_CONTEXT('2D SPACE',''
  ) );
#743 = PCURVE('',#744,#749);
#744 = CYLINDRICAL_SURFACE('',#745,2.6);
#745 = AXIS2_PLACEMENT_3D('',#746,#747,#748);
#746 = CARTESIAN_POINT('',(0.,14.,0.));
#747 = DIRECTION('',(-0.,-0.,-1.));
#748 = DIRECTION('',(1.,0.,0.));
#749 = DEFINITIONAL_REPRESENTATION('',(#750),#754);
#750 = LINE('',#751,#752);
#751 = CARTESIAN_POINT('',(-0.,0.));
#752 = VECTOR('',#753,1.);
#753 = DIRECTION('',(-1.,0.));
#754 = ( GEOMETRIC_REPRESENTATION_CONTEXT(2) 
PARAMETRIC_REPRESENTATION_CONTEXT() REPRESENTATION_CONTEXT('2D SPACE',''
  ) );
#755 = FACE_BOUND('',#756,.F.);
#756 = EDGE_LOOP('',(#757,#785,#811,#837));
#757 = ORIENTED_EDGE('',*,*,#758,.T.);
#758 = EDGE_CURVE('',#759,#761,#763,.T.);
#759 = VERTEX_POINT('',#760);
#760 = CARTESIAN_POINT('',(47.,-7.,0.));
#761 = VERTEX_POINT('',#762);
#762 = CARTESIAN_POINT('',(41.,-7.,0.));
#763 = SURFACE_CURVE('',#764,(#768,#774),.PCURVE_S1.);
#764 = LINE('',#765,#766);
#765 = CARTESIAN_POINT('',(20.5,-7.,0.));
#766 = VECTOR('',#767,1.);
#767 = DIRECTION('',(-1.,0.,0.));
#768 = PCURVE('',#32,#769);
#769 = DEFINITIONAL_REPRESENTATION('',(#770),#773);
#770 = B_SPLINE_CURVE_WITH_KNOTS('',1,(#771,#772),.UNSPECIFIED.,.F.,.F.,
  (2,2),(-26.5,-20.5),.PIECEWISE_BEZIER_KNOTS.);
#771 = CARTESIAN_POINT('',(47.,-7.));
#772 = CARTESIAN_POINT('',(41.,-7.));
#773 = ( GEOMETRIC_REPRESENTATION_CONTEXT(2) 
PARAMETRIC_REPRESENTATION_CONTEXT() REPRESENTATION_CONTEXT('2D SPACE',''
  ) );
#774 = PCURVE('',#775,#780);
#775 = PLANE('',#776);
#776 = AXIS2_PLACEMENT_3D('',#777,#778,#779);
#777 = CARTESIAN_POINT('',(41.,-7.,-1.));
#778 = DIRECTION('',(0.,1.,0.));
#779 = DIRECTION('',(0.,0.,1.));
#780 = DEFINITIONAL_REPRESENTATION('',(#781),#784);
#781 = B_SPLINE_CURVE_WITH_KNOTS('',1,(#782,#783),.UNSPECIFIED.,.F.,.F.,
  (2,2),(-26.5,-20.5),.PIECEWISE_BEZIER_KNOTS.);
#782 = CARTESIAN_POINT('',(1.,6.));
#783 = CARTESIAN_POINT('',(1.,0.));
#784 = ( GEOMETRIC_REPRESENTATION_CONTEXT(2) 
PARAMETRIC_REPRESENTATION_CONTEXT() REPRESENTATION_CONTEXT('2D SPACE',''
  ) );
#785 = ORIENTED_EDGE('',*,*,#786,.T.);
#786 = EDGE_CURVE('',#761,#787,#789,.T.);
#787 = VERTEX_POINT('',#788);
#788 = CARTESIAN_POINT('',(41.,7.,0.));
#789 = SURFACE_CURVE('',#790,(#794,#800),.PCURVE_S1.);
#790 = LINE('',#791,#792);
#791 = CARTESIAN_POINT('',(41.,-3.5,0.));
#792 = VECTOR('',#793,1.);
#793 = DIRECTION('',(0.,1.,0.));
#794 = PCURVE('',#32,#795);
#795 = DEFINITIONAL_REPRESENTATION('',(#796),#799);
#796 = B_SPLINE_CURVE_WITH_KNOTS('',1,(#797,#798),.UNSPECIFIED.,.F.,.F.,
  (2,2),(-3.5,10.5),.PIECEWISE_BEZIER_KNOTS.);
#797 = CARTESIAN_POINT('',(41.,-7.));
#798 = CARTESIAN_POINT('',(41.,7.));
#799 = ( GEOMETRIC_REPRESENTATION_CONTEXT(2) 
PARAMETRIC_REPRESENTATION_CONTEXT() REPRESENTATION_CONTEXT('2D SPACE',''
  ) );
#800 = PCURVE('',#801,#806);
#801 = PLANE('',#802);
#802 = AXIS2_PLACEMENT_3D('',#803,#804,#805);
#803 = CARTESIAN_POINT('',(41.,-7.,-1.));
#804 = DIRECTION('',(1.,0.,0.));
#805 = DIRECTION('',(0.,0.,1.));
#806 = DEFINITIONAL_REPRESENTATION('',(#807),#810);
#807 = B_SPLINE_CURVE_WITH_KNOTS('',1,(#808,#809),.UNSPECIFIED.,.F.,.F.,
  (2,2),(-3.5,10.5),.PIECEWISE_BEZIER_KNOTS.);
#808 = CARTESIAN_POINT('',(1.,0.));
#809 = CARTESIAN_POINT('',(1.,-14.));
#810 = ( GEOMETRIC_REPRESENTATION_CONTEXT(2) 
PARAMETRIC_REPRESENTATION_CONTEXT() REPRESENTATION_CONTEXT('2D SPACE',''
  ) );
#811 = ORIENTED_EDGE('',*,*,#812,.F.);
#812 = EDGE_CURVE('',#813,#787,#815,.T.);
#813 = VERTEX_POINT('',#814);
#814 = CARTESIAN_POINT('',(47.,7.,0.));
#815 = SURFACE_CURVE('',#816,(#820,#826),.PCURVE_S1.);
#816 = LINE('',#817,#818);
#817 = CARTESIAN_POINT('',(20.5,7.,0.));
#818 = VECTOR('',#819,1.);
#819 = DIRECTION('',(-1.,0.,0.));
#820 = PCURVE('',#32,#821);
#821 = DEFINITIONAL_REPRESENTATION('',(#822),#825);
#822 = B_SPLINE_CURVE_WITH_KNOTS('',1,(#823,#824),.UNSPECIFIED.,.F.,.F.,
  (2,2),(-26.5,-20.5),.PIECEWISE_BEZIER_KNOTS.);
#823 = CARTESIAN_POINT('',(47.,7.));
#824 = CARTESIAN_POINT('',(41.,7.));
#825 = ( GEOMETRIC_REPRESENTATION_CONTEXT(2) 
PARAMETRIC_REPRESENTATION_CONTEXT() REPRESENTATION_CONTEXT('2D SPACE',''
  ) );
#826 = PCURVE('',#827,#832);
#827 = PLANE('',#828);
#828 = AXIS2_PLACEMENT_3D('',#829,#830,#831);
#829 = CARTESIAN_POINT('',(41.,7.,-1.));
#830 = DIRECTION('',(0.,1.,0.));
#831 = DIRECTION('',(0.,0.,1.));
#832 = DEFINITIONAL_REPRESENTATION('',(#833),#836);
#833 = B_SPLINE_CURVE_WITH_KNOTS('',1,(#834,#835),.UNSPECIFIED.,.F.,.F.,
  (2,2),(-26.5,-20.5),.PIECEWISE_BEZIER_KNOTS.);
#834 = CARTESIAN_POINT('',(1.,6.));
#835 = CARTESIAN_POINT('',(1.,0.));
#836 = ( GEOMETRIC_REPRESENTATION_CONTEXT(2) 
PARAMETRIC_REPRESENTATION_CONTEXT() REPRESENTATION_CONTEXT('2D SPACE',''
  ) );
#837 = ORIENTED_EDGE('',*,*,#838,.F.);
#838 = EDGE_CURVE('',#759,#813,#839,.T.);
#839 = SURFACE_CURVE('',#840,(#844,#850),.PCURVE_S1.);
#840 = LINE('',#841,#842);
#841 = CARTESIAN_POINT('',(47.,-3.5,0.));
#842 = VECTOR('',#843,1.);
#843 = DIRECTION('',(0.,1.,0.));
#844 = PCURVE('',#32,#845);
#845 = DEFINITIONAL_REPRESENTATION('',(#846),#849);
#846 = B_SPLINE_CURVE_WITH_KNOTS('',1,(#847,#848),.UNSPECIFIED.,.F.,.F.,
  (2,2),(-3.5,10.5),.PIECEWISE_BEZIER_KNOTS.);
#847 = CARTESIAN_POINT('',(47.,-7.));
#848 = CARTESIAN_POINT('',(47.,7.));
#849 = ( GEOMETRIC_REPRESENTATION_CONTEXT(2) 
PARAMETRIC_REPRESENTATION_CONTEXT() REPRESENTATION_CONTEXT('2D SPACE',''
  ) );
#850 = PCURVE('',#851,#856);
#851 = PLANE('',#852);
#852 = AXIS2_PLACEMENT_3D('',#853,#854,#855);
#853 = CARTESIAN_POINT('',(47.,-7.,-1.));
#854 = DIRECTION('',(1.,0.,0.));
#855 = DIRECTION('',(0.,0.,1.));
#856 = DEFINITIONAL_REPRESENTATION('',(#857),#860);
#857 = B_SPLINE_CURVE_WITH_KNOTS('',1,(#858,#859),.UNSPECIFIED.,.F.,.F.,
  (2,2),(-3.5,10.5),.PIECEWISE_BEZIER_KNOTS.);
#858 = CARTESIAN_POINT('',(1.,0.));
#859 = CARTESIAN_POINT('',(1.,-14.));
#860 = ( GEOMETRIC_REPRESENTATION_CONTEXT(2) 
PARAMETRIC_REPRESENTATION_CONTEXT() REPRESENTATION_CONTEXT('2D SPACE',''
  ) );
#861 = FACE_BOUND('',#862,.F.);
#862 = EDGE_LOOP('',(#863,#891,#917,#943));
#863 = ORIENTED_EDGE('',*,*,#864,.T.);
#864 = EDGE_CURVE('',#865,#867,#869,.T.);
#865 = VERTEX_POINT('',#866);
#866 = CARTESIAN_POINT('',(7.,47.,0.));
#867 = VERTEX_POINT('',#868);
#868 = CARTESIAN_POINT('',(7.,41.,0.));
#869 = SURFACE_CURVE('',#870,(#874,#880),.PCURVE_S1.);
#870 = LINE('',#871,#872);
#871 = CARTESIAN_POINT('',(7.,20.5,0.));
#872 = VECTOR('',#873,1.);
#873 = DIRECTION('',(-1.110223024625E-16,-1.,0.));
#874 = PCURVE('',#32,#875);
#875 = DEFINITIONAL_REPRESENTATION('',(#876),#879);
#876 = B_SPLINE_CURVE_WITH_KNOTS('',1,(#877,#878),.UNSPECIFIED.,.F.,.F.,
  (2,2),(-26.5,-20.5),.PIECEWISE_BEZIER_KNOTS.);
#877 = CARTESIAN_POINT('',(7.,47.));
#878 = CARTESIAN_POINT('',(7.,41.));
#879 = ( GEOMETRIC_REPRESENTATION_CONTEXT(2) 
PARAMETRIC_REPRESENTATION_CONTEXT() REPRESENTATION_CONTEXT('2D SPACE',''
  ) );
#880 = PCURVE('',#881,#886);
#881 = PLANE('',#882);
#882 = AXIS2_PLACEMENT_3D('',#883,#884,#885);
#883 = CARTESIAN_POINT('',(7.,41.,-1.));
#884 = DIRECTION('',(-1.,1.110223024625E-16,0.));
#885 = DIRECTION('',(0.,0.,1.));
#886 = DEFINITIONAL_REPRESENTATION('',(#887),#890);
#887 = B_SPLINE_CURVE_WITH_KNOTS('',1,(#888,#889),.UNSPECIFIED.,.F.,.F.,
  (2,2),(-26.5,-20.5),.PIECEWISE_BEZIER_KNOTS.);
#888 = CARTESIAN_POINT('',(1.,6.));
#889 = CARTESIAN_POINT('',(1.,0.));
#890 = ( GEOMETRIC_REPRESENTATION_CONTEXT(2) 
PARAMETRIC_REPRESENTATION_CONTEXT() REPRESENTATION_CONTEXT('2D SPACE',''
  ) );
#891 = ORIENTED_EDGE('',*,*,#892,.T.);
#892 = EDGE_CURVE('',#867,#893,#895,.T.);
#893 = VERTEX_POINT('',#894);
#894 = CARTESIAN_POINT('',(-7.,41.,0.));
#895 = SURFACE_CURVE('',#896,(#900,#906),.PCURVE_S1.);
#896 = LINE('',#897,#898);
#897 = CARTESIAN_POINT('',(3.5,41.,0.));
#898 = VECTOR('',#899,1.);
#899 = DIRECTION('',(-1.,1.110223024625E-16,0.));
#900 = PCURVE('',#32,#901);
#901 = DEFINITIONAL_REPRESENTATION('',(#902),#905);
#902 = B_SPLINE_CURVE_WITH_KNOTS('',1,(#903,#904),.UNSPECIFIED.,.F.,.F.,
  (2,2),(-3.5,10.5),.PIECEWISE_BEZIER_KNOTS.);
#903 = CARTESIAN_POINT('',(7.,41.));
#904 = CARTESIAN_POINT('',(-7.,41.));
#905 = ( GEOMETRIC_REPRESENTATION_CONTEXT(2) 
PARAMETRIC_REPRESENTATION_CONTEXT() REPRESENTATION_CONTEXT('2D SPACE',''
  ) );
#906 = PCURVE('',#907,#912);
#907 = PLANE('',#908);
#908 = AXIS2_PLACEMENT_3D('',#909,#910,#911);
#909 = CARTESIAN_POINT('',(7.,41.,-1.));
#910 = DIRECTION('',(1.110223024625E-16,1.,0.));
#911 = DIRECTION('',(0.,0.,1.));
#912 = DEFINITIONAL_REPRESENTATION('',(#913),#916);
#913 = B_SPLINE_CURVE_WITH_KNOTS('',1,(#914,#915),.UNSPECIFIED.,.F.,.F.,
  (2,2),(-3.5,10.5),.PIECEWISE_BEZIER_KNOTS.);
#914 = CARTESIAN_POINT('',(1.,0.));
#915 = CARTESIAN_POINT('',(1.,-14.));
#916 = ( GEOMETRIC_REPRESENTATION_CONTEXT(2) 
PARAMETRIC_REPRESENTATION_CONTEXT() REPRESENTATION_CONTEXT('2D SPACE',''
  ) );
#917 = ORIENTED_EDGE('',*,*,#918,.F.);
#918 = EDGE_CURVE('',#919,#893,#921,.T.);
#919 = VERTEX_POINT('',#920);
#920 = CARTESIAN_POINT('',(-7.,47.,0.));
#921 = SURFACE_CURVE('',#922,(#926,#932),.PCURVE_S1.);
#922 = LINE('',#923,#924);
#923 = CARTESIAN_POINT('',(-7.,20.5,0.));
#924 = VECTOR('',#925,1.);
#925 = DIRECTION('',(-1.110223024625E-16,-1.,0.));
#926 = PCURVE('',#32,#927);
#927 = DEFINITIONAL_REPRESENTATION('',(#928),#931);
#928 = B_SPLINE_CURVE_WITH_KNOTS('',1,(#929,#930),.UNSPECIFIED.,.F.,.F.,
  (2,2),(-26.5,-20.5),.PIECEWISE_BEZIER_KNOTS.);
#929 = CARTESIAN_POINT('',(-7.,47.));
#930 = CARTESIAN_POINT('',(-7.,41.));
#931 = ( GEOMETRIC_REPRESENTATION_CONTEXT(2) 
PARAMETRIC_REPRESENTATION_CONTEXT() REPRESENTATION_CONTEXT('2D SPACE',''
  ) );
#932 = PCURVE('',#933,#938);
#933 = PLANE('',#934);
#934 = AXIS2_PLACEMENT_3D('',#935,#936,#937);
#935 = CARTESIAN_POINT('',(-7.,41.,-1.));
#936 = DIRECTION('',(-1.,1.110223024625E-16,0.));
#937 = DIRECTION('',(0.,0.,1.));
#938 = DEFINITIONAL_REPRESENTATION('',(#939),#942);
#939 = B_SPLINE_CURVE_WITH_KNOTS('',1,(#940,#941),.UNSPECIFIED.,.F.,.F.,
  (2,2),(-26.5,-20.5),.PIECEWISE_BEZIER_KNOTS.);
#940 = CARTESIAN_POINT('',(1.,6.));
#941 = CARTESIAN_POINT('',(1.,0.));
#942 = ( GEOMETRIC_REPRESENTATION_CONTEXT(2) 
PARAMETRIC_REPRESENTATION_CONTEXT() REPRESENTATION_CONTEXT('2D SPACE',''
  ) );
#943 = ORIENTED_EDGE('',*,*,#944,.F.);
#944 = EDGE_CURVE('',#865,#919,#945,.T.);
#945 = SURFACE_CURVE('',#946,(#950,#956),.PCURVE_S1.);
#946 = LINE('',#947,#948);
#947 = CARTESIAN_POINT('',(3.5,47.,0.));
#948 = VECTOR('',#949,1.);
#949 = DIRECTION('',(-1.,1.110223024625E-16,0.));
#950 = PCURVE('',#32,#951);
#951 = DEFINITIONAL_REPRESENTATION('',(#952),#955);
#952 = B_SPLINE_CURVE_WITH_KNOTS('',1,(#953,#954),.UNSPECIFIED.,.F.,.F.,
  (2,2),(-3.5,10.5),.PIECEWISE_BEZIER_KNOTS.);
#953 = CARTESIAN_POINT('',(7.,47.));
#954 = CARTESIAN_POINT('',(-7.,47.));
#955 = ( GEOMETRIC_REPRESENTATION_CONTEXT(2) 
PARAMETRIC_REPRESENTATION_CONTEXT() REPRESENTATION_CONTEXT('2D SPACE',''
  ) );
#956 = PCURVE('',#957,#962);
#957 = PLANE('',#958);
#958 = AXIS2_PLACEMENT_3D('',#959,#960,#961);
#959 = CARTESIAN_POINT('',(7.,47.,-1.));
#960 = DIRECTION('',(1.110223024625E-16,1.,0.));
#961 = DIRECTION('',(0.,0.,1.));
#962 = DEFINITIONAL_REPRESENTATION('',(#963),#966);
#963 = B_SPLINE_CURVE_WITH_KNOTS('',1,(#964,#965),.UNSPECIFIED.,.F.,.F.,
  (2,2),(-3.5,10.5),.PIECEWISE_BEZIER_KNOTS.);
#964 = CARTESIAN_POINT('',(1.,0.));
#965 = CARTESIAN_POINT('',(1.,-14.));
#966 = ( GEOMETRIC_REPRESENTATION_CONTEXT(2) 
PARAMETRIC_REPRESENTATION_CONTEXT() REPRESENTATION_CONTEXT('2D SPACE',''
  ) );
#967 = ADVANCED_FACE('',(#968),#44,.T.);
#968 = FACE_BOUND('',#969,.T.);
#969 = EDGE_LOOP('',(#970,#971,#992,#1020));
#970 = ORIENTED_EDGE('',*,*,#21,.F.);
#971 = ORIENTED_EDGE('',*,*,#972,.F.);
#972 = EDGE_CURVE('',#973,#22,#975,.T.);
#973 = VERTEX_POINT('',#974);
#974 = CARTESIAN_POINT('',(32.249030993194,16.,7.5));
#975 = SURFACE_CURVE('',#976,(#980,#986),.PCURVE_S1.);
#976 = LINE('',#977,#978);
#977 = CARTESIAN_POINT('',(32.249030993194,16.,0.));
#978 = VECTOR('',#979,1.);
#979 = DIRECTION('',(-0.,-0.,-1.));
#980 = PCURVE('',#44,#981);
#981 = DEFINITIONAL_REPRESENTATION('',(#982),#985);
#982 = B_SPLINE_CURVE_WITH_KNOTS('',1,(#983,#984),.UNSPECIFIED.,.F.,.F.,
  (2,2),(-7.5000006,6.E-07),.PIECEWISE_BEZIER_KNOTS.);
#983 = CARTESIAN_POINT('',(7.5000006,112.24903099319));
#984 = CARTESIAN_POINT('',(-6.E-07,112.24903099319));
#985 = ( GEOMETRIC_REPRESENTATION_CONTEXT(2) 
PARAMETRIC_REPRESENTATION_CONTEXT() REPRESENTATION_CONTEXT('2D SPACE',''
  ) );
#986 = PCURVE('',#73,#987);
#987 = DEFINITIONAL_REPRESENTATION('',(#988),#991);
#988 = B_SPLINE_CURVE_WITH_KNOTS('',1,(#989,#990),.UNSPECIFIED.,.F.,.F.,
  (2,2),(-7.5000006,6.E-07),.PIECEWISE_BEZIER_KNOTS.);
#989 = CARTESIAN_POINT('',(-0.460553991681,-7.5000006));
#990 = CARTESIAN_POINT('',(-0.460553991681,6.E-07));
#991 = ( GEOMETRIC_REPRESENTATION_CONTEXT(2) 
PARAMETRIC_REPRESENTATION_CONTEXT() REPRESENTATION_CONTEXT('2D SPACE',''
  ) );
#992 = ORIENTED_EDGE('',*,*,#993,.T.);
#993 = EDGE_CURVE('',#973,#994,#996,.T.);
#994 = VERTEX_POINT('',#995);
#995 = CARTESIAN_POINT('',(80.,16.,7.5));
#996 = SURFACE_CURVE('',#997,(#1001,#1008),.PCURVE_S1.);
#997 = LINE('',#998,#999);
#998 = CARTESIAN_POINT('',(-80.,16.,7.5));
#999 = VECTOR('',#1000,1.);
#1000 = DIRECTION('',(1.,0.,0.));
#1001 = PCURVE('',#44,#1002);
#1002 = DEFINITIONAL_REPRESENTATION('',(#1003),#1007);
#1003 = LINE('',#1004,#1005);
#1004 = CARTESIAN_POINT('',(7.5,0.));
#1005 = VECTOR('',#1006,1.);
#1006 = DIRECTION('',(0.,1.));
#1007 = ( GEOMETRIC_REPRESENTATION_CONTEXT(2) 
PARAMETRIC_REPRESENTATION_CONTEXT() REPRESENTATION_CONTEXT('2D SPACE',''
  ) );
#1008 = PCURVE('',#1009,#1014);
#1009 = PLANE('',#1010);
#1010 = AXIS2_PLACEMENT_3D('',#1011,#1012,#1013);
#1011 = CARTESIAN_POINT('',(-80.,-16.,7.5));
#1012 = DIRECTION('',(0.,0.,1.));
#1013 = DIRECTION('',(1.,0.,0.));
#1014 = DEFINITIONAL_REPRESENTATION('',(#1015),#1019);
#1015 = LINE('',#1016,#1017);
#1016 = CARTESIAN_POINT('',(0.,32.));
#1017 = VECTOR('',#1018,1.);
#1018 = DIRECTION('',(1.,0.));
#1019 = ( GEOMETRIC_REPRESENTATION_CONTEXT(2) 
PARAMETRIC_REPRESENTATION_CONTEXT() REPRESENTATION_CONTEXT('2D SPACE',''
  ) );
#1020 = ORIENTED_EDGE('',*,*,#1021,.F.);
#1021 = EDGE_CURVE('',#24,#994,#1022,.T.);
#1022 = SURFACE_CURVE('',#1023,(#1027,#1034),.PCURVE_S1.);
#1023 = LINE('',#1024,#1025);
#1024 = CARTESIAN_POINT('',(80.,16.,0.));
#1025 = VECTOR('',#1026,1.);
#1026 = DIRECTION('',(0.,0.,1.));
#1027 = PCURVE('',#44,#1028);
#1028 = DEFINITIONAL_REPRESENTATION('',(#1029),#1033);
#1029 = LINE('',#1030,#1031);
#1030 = CARTESIAN_POINT('',(0.,160.));
#1031 = VECTOR('',#1032,1.);
#1032 = DIRECTION('',(1.,0.));
#1033 = ( GEOMETRIC_REPRESENTATION_CONTEXT(2) 
PARAMETRIC_REPRESENTATION_CONTEXT() REPRESENTATION_CONTEXT('2D SPACE',''
  ) );
#1034 = PCURVE('',#466,#1035);
#1035 = DEFINITIONAL_REPRESENTATION('',(#1036),#1040);
#1036 = LINE('',#1037,#1038);
#1037 = CARTESIAN_POINT('',(0.,-32.));
#1038 = VECTOR('',#1039,1.);
#1039 = DIRECTION('',(1.,0.));
#1040 = ( GEOMETRIC_REPRESENTATION_CONTEXT(2) 
PARAMETRIC_REPRESENTATION_CONTEXT() REPRESENTATION_CONTEXT('2D SPACE',''
  ) );
#1041 = ADVANCED_FACE('',(#1042),#73,.T.);
#1042 = FACE_BOUND('',#1043,.F.);
#1043 = EDGE_LOOP('',(#1044,#1045,#1046,#1070));
#1044 = ORIENTED_EDGE('',*,*,#56,.F.);
#1045 = ORIENTED_EDGE('',*,*,#972,.F.);
#1046 = ORIENTED_EDGE('',*,*,#1047,.T.);
#1047 = EDGE_CURVE('',#973,#1048,#1050,.T.);
#1048 = VERTEX_POINT('',#1049);
#1049 = CARTESIAN_POINT('',(15.999999999999,32.249030993195,7.5));
#1050 = SURFACE_CURVE('',#1051,(#1056,#1063),.PCURVE_S1.);
#1051 = CIRCLE('',#1052,36.);
#1052 = AXIS2_PLACEMENT_3D('',#1053,#1054,#1055);
#1053 = CARTESIAN_POINT('',(0.,0.,7.5));
#1054 = DIRECTION('',(0.,0.,1.));
#1055 = DIRECTION('',(1.,0.,0.));
#1056 = PCURVE('',#73,#1057);
#1057 = DEFINITIONAL_REPRESENTATION('',(#1058),#1062);
#1058 = LINE('',#1059,#1060);
#1059 = CARTESIAN_POINT('',(-0.,-7.5));
#1060 = VECTOR('',#1061,1.);
#1061 = DIRECTION('',(-1.,0.));
#1062 = ( GEOMETRIC_REPRESENTATION_CONTEXT(2) 
PARAMETRIC_REPRESENTATION_CONTEXT() REPRESENTATION_CONTEXT('2D SPACE',''
  ) );
#1063 = PCURVE('',#1009,#1064);
#1064 = DEFINITIONAL_REPRESENTATION('',(#1065),#1069);
#1065 = CIRCLE('',#1066,36.);
#1066 = AXIS2_PLACEMENT_2D('',#1067,#1068);
#1067 = CARTESIAN_POINT('',(80.,16.));
#1068 = DIRECTION('',(1.,0.));
#1069 = ( GEOMETRIC_REPRESENTATION_CONTEXT(2) 
PARAMETRIC_REPRESENTATION_CONTEXT() REPRESENTATION_CONTEXT('2D SPACE',''
  ) );
#1070 = ORIENTED_EDGE('',*,*,#1071,.T.);
#1071 = EDGE_CURVE('',#1048,#57,#1072,.T.);
#1072 = SURFACE_CURVE('',#1073,(#1077,#1083),.PCURVE_S1.);
#1073 = LINE('',#1074,#1075);
#1074 = CARTESIAN_POINT('',(16.,32.249030993194,0.));
#1075 = VECTOR('',#1076,1.);
#1076 = DIRECTION('',(-0.,-0.,-1.));
#1077 = PCURVE('',#73,#1078);
#1078 = DEFINITIONAL_REPRESENTATION('',(#1079),#1082);
#1079 = B_SPLINE_CURVE_WITH_KNOTS('',1,(#1080,#1081),.UNSPECIFIED.,.F.,
  .F.,(2,2),(-7.5000006,6.E-07),.PIECEWISE_BEZIER_KNOTS.);
#1080 = CARTESIAN_POINT('',(-1.110242335114,-7.5000006));
#1081 = CARTESIAN_POINT('',(-1.110242335114,6.E-07));
#1082 = ( GEOMETRIC_REPRESENTATION_CONTEXT(2) 
PARAMETRIC_REPRESENTATION_CONTEXT() REPRESENTATION_CONTEXT('2D SPACE',''
  ) );
#1083 = PCURVE('',#101,#1084);
#1084 = DEFINITIONAL_REPRESENTATION('',(#1085),#1088);
#1085 = B_SPLINE_CURVE_WITH_KNOTS('',1,(#1086,#1087),.UNSPECIFIED.,.F.,
  .F.,(2,2),(-7.5000006,6.E-07),.PIECEWISE_BEZIER_KNOTS.);
#1086 = CARTESIAN_POINT('',(7.5000006,-112.2490309931));
#1087 = CARTESIAN_POINT('',(-6.E-07,-112.2490309931));
#1088 = ( GEOMETRIC_REPRESENTATION_CONTEXT(2) 
PARAMETRIC_REPRESENTATION_CONTEXT() REPRESENTATION_CONTEXT('2D SPACE',''
  ) );
#1089 = ADVANCED_FACE('',(#1090),#466,.T.);
#1090 = FACE_BOUND('',#1091,.T.);
#1091 = EDGE_LOOP('',(#1092,#1115,#1116,#1117,#1140,#1168,#1196,#1224,
    #1247,#1275,#1303,#1331));
#1092 = ORIENTED_EDGE('',*,*,#1093,.F.);
#1093 = EDGE_CURVE('',#425,#1094,#1096,.T.);
#1094 = VERTEX_POINT('',#1095);
#1095 = CARTESIAN_POINT('',(80.,-16.,7.5));
#1096 = SURFACE_CURVE('',#1097,(#1101,#1108),.PCURVE_S1.);
#1097 = LINE('',#1098,#1099);
#1098 = CARTESIAN_POINT('',(80.,-16.,0.));
#1099 = VECTOR('',#1100,1.);
#1100 = DIRECTION('',(0.,0.,1.));
#1101 = PCURVE('',#466,#1102);
#1102 = DEFINITIONAL_REPRESENTATION('',(#1103),#1107);
#1103 = LINE('',#1104,#1105);
#1104 = CARTESIAN_POINT('',(0.,0.));
#1105 = VECTOR('',#1106,1.);
#1106 = DIRECTION('',(1.,0.));
#1107 = ( GEOMETRIC_REPRESENTATION_CONTEXT(2) 
PARAMETRIC_REPRESENTATION_CONTEXT() REPRESENTATION_CONTEXT('2D SPACE',''
  ) );
#1108 = PCURVE('',#440,#1109);
#1109 = DEFINITIONAL_REPRESENTATION('',(#1110),#1114);
#1110 = LINE('',#1111,#1112);
#1111 = CARTESIAN_POINT('',(0.,160.));
#1112 = VECTOR('',#1113,1.);
#1113 = DIRECTION('',(1.,0.));
#1114 = ( GEOMETRIC_REPRESENTATION_CONTEXT(2) 
PARAMETRIC_REPRESENTATION_CONTEXT() REPRESENTATION_CONTEXT('2D SPACE',''
  ) );
#1115 = ORIENTED_EDGE('',*,*,#452,.T.);
#1116 = ORIENTED_EDGE('',*,*,#1021,.T.);
#1117 = ORIENTED_EDGE('',*,*,#1118,.F.);
#1118 = EDGE_CURVE('',#1119,#994,#1121,.T.);
#1119 = VERTEX_POINT('',#1120);
#1120 = CARTESIAN_POINT('',(80.,8.3,7.5));
#1121 = SURFACE_CURVE('',#1122,(#1126,#1133),.PCURVE_S1.);
#1122 = LINE('',#1123,#1124);
#1123 = CARTESIAN_POINT('',(80.,-16.,7.5));
#1124 = VECTOR('',#1125,1.);
#1125 = DIRECTION('',(0.,1.,0.));
#1126 = PCURVE('',#466,#1127);
#1127 = DEFINITIONAL_REPRESENTATION('',(#1128),#1132);
#1128 = LINE('',#1129,#1130);
#1129 = CARTESIAN_POINT('',(7.5,0.));
#1130 = VECTOR('',#1131,1.);
#1131 = DIRECTION('',(0.,-1.));
#1132 = ( GEOMETRIC_REPRESENTATION_CONTEXT(2) 
PARAMETRIC_REPRESENTATION_CONTEXT() REPRESENTATION_CONTEXT('2D SPACE',''
  ) );
#1133 = PCURVE('',#1009,#1134);
#1134 = DEFINITIONAL_REPRESENTATION('',(#1135),#1139);
#1135 = LINE('',#1136,#1137);
#1136 = CARTESIAN_POINT('',(160.,0.));
#1137 = VECTOR('',#1138,1.);
#1138 = DIRECTION('',(0.,1.));
#1139 = ( GEOMETRIC_REPRESENTATION_CONTEXT(2) 
PARAMETRIC_REPRESENTATION_CONTEXT() REPRESENTATION_CONTEXT('2D SPACE',''
  ) );
#1140 = ORIENTED_EDGE('',*,*,#1141,.T.);
#1141 = EDGE_CURVE('',#1119,#1142,#1144,.T.);
#1142 = VERTEX_POINT('',#1143);
#1143 = CARTESIAN_POINT('',(80.,8.3,37.5));
#1144 = SURFACE_CURVE('',#1145,(#1149,#1156),.PCURVE_S1.);
#1145 = LINE('',#1146,#1147);
#1146 = CARTESIAN_POINT('',(80.,8.3,7.5));
#1147 = VECTOR('',#1148,1.);
#1148 = DIRECTION('',(0.,0.,1.));
#1149 = PCURVE('',#466,#1150);
#1150 = DEFINITIONAL_REPRESENTATION('',(#1151),#1155);
#1151 = LINE('',#1152,#1153);
#1152 = CARTESIAN_POINT('',(7.5,-24.3));
#1153 = VECTOR('',#1154,1.);
#1154 = DIRECTION('',(1.,0.));
#1155 = ( GEOMETRIC_REPRESENTATION_CONTEXT(2) 
PARAMETRIC_REPRESENTATION_CONTEXT() REPRESENTATION_CONTEXT('2D SPACE',''
  ) );
#1156 = PCURVE('',#1157,#1162);
#1157 = PLANE('',#1158);
#1158 = AXIS2_PLACEMENT_3D('',#1159,#1160,#1161);
#1159 = CARTESIAN_POINT('',(60.,8.3,7.5));
#1160 = DIRECTION('',(0.,1.,0.));
#1161 = DIRECTION('',(0.,0.,1.));
#1162 = DEFINITIONAL_REPRESENTATION('',(#1163),#1167);
#1163 = LINE('',#1164,#1165);
#1164 = CARTESIAN_POINT('',(0.,20.));
#1165 = VECTOR('',#1166,1.);
#1166 = DIRECTION('',(1.,0.));
#1167 = ( GEOMETRIC_REPRESENTATION_CONTEXT(2) 
PARAMETRIC_REPRESENTATION_CONTEXT() REPRESENTATION_CONTEXT('2D SPACE',''
  ) );
#1168 = ORIENTED_EDGE('',*,*,#1169,.F.);
#1169 = EDGE_CURVE('',#1170,#1142,#1172,.T.);
#1170 = VERTEX_POINT('',#1171);
#1171 = CARTESIAN_POINT('',(80.,4.1,37.5));
#1172 = SURFACE_CURVE('',#1173,(#1177,#1184),.PCURVE_S1.);
#1173 = LINE('',#1174,#1175);
#1174 = CARTESIAN_POINT('',(80.,4.1,37.5));
#1175 = VECTOR('',#1176,1.);
#1176 = DIRECTION('',(0.,1.,0.));
#1177 = PCURVE('',#466,#1178);
#1178 = DEFINITIONAL_REPRESENTATION('',(#1179),#1183);
#1179 = LINE('',#1180,#1181);
#1180 = CARTESIAN_POINT('',(37.5,-20.1));
#1181 = VECTOR('',#1182,1.);
#1182 = DIRECTION('',(0.,-1.));
#1183 = ( GEOMETRIC_REPRESENTATION_CONTEXT(2) 
PARAMETRIC_REPRESENTATION_CONTEXT() REPRESENTATION_CONTEXT('2D SPACE',''
  ) );
#1184 = PCURVE('',#1185,#1190);
#1185 = PLANE('',#1186);
#1186 = AXIS2_PLACEMENT_3D('',#1187,#1188,#1189);
#1187 = CARTESIAN_POINT('',(60.,4.1,37.5));
#1188 = DIRECTION('',(0.,0.,1.));
#1189 = DIRECTION('',(1.,0.,0.));
#1190 = DEFINITIONAL_REPRESENTATION('',(#1191),#1195);
#1191 = LINE('',#1192,#1193);
#1192 = CARTESIAN_POINT('',(20.,0.));
#1193 = VECTOR('',#1194,1.);
#1194 = DIRECTION('',(0.,1.));
#1195 = ( GEOMETRIC_REPRESENTATION_CONTEXT(2) 
PARAMETRIC_REPRESENTATION_CONTEXT() REPRESENTATION_CONTEXT('2D SPACE',''
  ) );
#1196 = ORIENTED_EDGE('',*,*,#1197,.F.);
#1197 = EDGE_CURVE('',#1198,#1170,#1200,.T.);
#1198 = VERTEX_POINT('',#1199);
#1199 = CARTESIAN_POINT('',(80.,4.1,7.5));
#1200 = SURFACE_CURVE('',#1201,(#1205,#1212),.PCURVE_S1.);
#1201 = LINE('',#1202,#1203);
#1202 = CARTESIAN_POINT('',(80.,4.1,7.5));
#1203 = VECTOR('',#1204,1.);
#1204 = DIRECTION('',(0.,0.,1.));
#1205 = PCURVE('',#466,#1206);
#1206 = DEFINITIONAL_REPRESENTATION('',(#1207),#1211);
#1207 = LINE('',#1208,#1209);
#1208 = CARTESIAN_POINT('',(7.5,-20.1));
#1209 = VECTOR('',#1210,1.);
#1210 = DIRECTION('',(1.,0.));
#1211 = ( GEOMETRIC_REPRESENTATION_CONTEXT(2) 
PARAMETRIC_REPRESENTATION_CONTEXT() REPRESENTATION_CONTEXT('2D SPACE',''
  ) );
#1212 = PCURVE('',#1213,#1218);
#1213 = PLANE('',#1214);
#1214 = AXIS2_PLACEMENT_3D('',#1215,#1216,#1217);
#1215 = CARTESIAN_POINT('',(60.,4.1,7.5));
#1216 = DIRECTION('',(0.,1.,0.));
#1217 = DIRECTION('',(0.,0.,1.));
#1218 = DEFINITIONAL_REPRESENTATION('',(#1219),#1223);
#1219 = LINE('',#1220,#1221);
#1220 = CARTESIAN_POINT('',(0.,20.));
#1221 = VECTOR('',#1222,1.);
#1222 = DIRECTION('',(1.,0.));
#1223 = ( GEOMETRIC_REPRESENTATION_CONTEXT(2) 
PARAMETRIC_REPRESENTATION_CONTEXT() REPRESENTATION_CONTEXT('2D SPACE',''
  ) );
#1224 = ORIENTED_EDGE('',*,*,#1225,.F.);
#1225 = EDGE_CURVE('',#1226,#1198,#1228,.T.);
#1226 = VERTEX_POINT('',#1227);
#1227 = CARTESIAN_POINT('',(80.,-4.1,7.5));
#1228 = SURFACE_CURVE('',#1229,(#1233,#1240),.PCURVE_S1.);
#1229 = LINE('',#1230,#1231);
#1230 = CARTESIAN_POINT('',(80.,-16.,7.5));
#1231 = VECTOR('',#1232,1.);
#1232 = DIRECTION('',(0.,1.,0.));
#1233 = PCURVE('',#466,#1234);
#1234 = DEFINITIONAL_REPRESENTATION('',(#1235),#1239);
#1235 = LINE('',#1236,#1237);
#1236 = CARTESIAN_POINT('',(7.5,0.));
#1237 = VECTOR('',#1238,1.);
#1238 = DIRECTION('',(0.,-1.));
#1239 = ( GEOMETRIC_REPRESENTATION_CONTEXT(2) 
PARAMETRIC_REPRESENTATION_CONTEXT() REPRESENTATION_CONTEXT('2D SPACE',''
  ) );
#1240 = PCURVE('',#1009,#1241);
#1241 = DEFINITIONAL_REPRESENTATION('',(#1242),#1246);
#1242 = LINE('',#1243,#1244);
#1243 = CARTESIAN_POINT('',(160.,0.));
#1244 = VECTOR('',#1245,1.);
#1245 = DIRECTION('',(0.,1.));
#1246 = ( GEOMETRIC_REPRESENTATION_CONTEXT(2) 
PARAMETRIC_REPRESENTATION_CONTEXT() REPRESENTATION_CONTEXT('2D SPACE',''
  ) );
#1247 = ORIENTED_EDGE('',*,*,#1248,.T.);
#1248 = EDGE_CURVE('',#1226,#1249,#1251,.T.);
#1249 = VERTEX_POINT('',#1250);
#1250 = CARTESIAN_POINT('',(80.,-4.1,37.5));
#1251 = SURFACE_CURVE('',#1252,(#1256,#1263),.PCURVE_S1.);
#1252 = LINE('',#1253,#1254);
#1253 = CARTESIAN_POINT('',(80.,-4.1,7.5));
#1254 = VECTOR('',#1255,1.);
#1255 = DIRECTION('',(0.,0.,1.));
#1256 = PCURVE('',#466,#1257);
#1257 = DEFINITIONAL_REPRESENTATION('',(#1258),#1262);
#1258 = LINE('',#1259,#1260);
#1259 = CARTESIAN_POINT('',(7.5,-11.9));
#1260 = VECTOR('',#1261,1.);
#1261 = DIRECTION('',(1.,0.));
#1262 = ( GEOMETRIC_REPRESENTATION_CONTEXT(2) 
PARAMETRIC_REPRESENTATION_CONTEXT() REPRESENTATION_CONTEXT('2D SPACE',''
  ) );
#1263 = PCURVE('',#1264,#1269);
#1264 = PLANE('',#1265);
#1265 = AXIS2_PLACEMENT_3D('',#1266,#1267,#1268);
#1266 = CARTESIAN_POINT('',(60.,-4.1,7.5));
#1267 = DIRECTION('',(0.,1.,0.));
#1268 = DIRECTION('',(0.,0.,1.));
#1269 = DEFINITIONAL_REPRESENTATION('',(#1270),#1274);
#1270 = LINE('',#1271,#1272);
#1271 = CARTESIAN_POINT('',(0.,20.));
#1272 = VECTOR('',#1273,1.);
#1273 = DIRECTION('',(1.,0.));
#1274 = ( GEOMETRIC_REPRESENTATION_CONTEXT(2) 
PARAMETRIC_REPRESENTATION_CONTEXT() REPRESENTATION_CONTEXT('2D SPACE',''
  ) );
#1275 = ORIENTED_EDGE('',*,*,#1276,.F.);
#1276 = EDGE_CURVE('',#1277,#1249,#1279,.T.);
#1277 = VERTEX_POINT('',#1278);
#1278 = CARTESIAN_POINT('',(80.,-8.3,37.5));
#1279 = SURFACE_CURVE('',#1280,(#1284,#1291),.PCURVE_S1.);
#1280 = LINE('',#1281,#1282);
#1281 = CARTESIAN_POINT('',(80.,-8.3,37.5));
#1282 = VECTOR('',#1283,1.);
#1283 = DIRECTION('',(0.,1.,0.));
#1284 = PCURVE('',#466,#1285);
#1285 = DEFINITIONAL_REPRESENTATION('',(#1286),#1290);
#1286 = LINE('',#1287,#1288);
#1287 = CARTESIAN_POINT('',(37.5,-7.7));
#1288 = VECTOR('',#1289,1.);
#1289 = DIRECTION('',(0.,-1.));
#1290 = ( GEOMETRIC_REPRESENTATION_CONTEXT(2) 
PARAMETRIC_REPRESENTATION_CONTEXT() REPRESENTATION_CONTEXT('2D SPACE',''
  ) );
#1291 = PCURVE('',#1292,#1297);
#1292 = PLANE('',#1293);
#1293 = AXIS2_PLACEMENT_3D('',#1294,#1295,#1296);
#1294 = CARTESIAN_POINT('',(60.,-8.3,37.5));
#1295 = DIRECTION('',(0.,0.,1.));
#1296 = DIRECTION('',(1.,0.,0.));
#1297 = DEFINITIONAL_REPRESENTATION('',(#1298),#1302);
#1298 = LINE('',#1299,#1300);
#1299 = CARTESIAN_POINT('',(20.,0.));
#1300 = VECTOR('',#1301,1.);
#1301 = DIRECTION('',(0.,1.));
#1302 = ( GEOMETRIC_REPRESENTATION_CONTEXT(2) 
PARAMETRIC_REPRESENTATION_CONTEXT() REPRESENTATION_CONTEXT('2D SPACE',''
  ) );
#1303 = ORIENTED_EDGE('',*,*,#1304,.F.);
#1304 = EDGE_CURVE('',#1305,#1277,#1307,.T.);
#1305 = VERTEX_POINT('',#1306);
#1306 = CARTESIAN_POINT('',(80.,-8.3,7.5));
#1307 = SURFACE_CURVE('',#1308,(#1312,#1319),.PCURVE_S1.);
#1308 = LINE('',#1309,#1310);
#1309 = CARTESIAN_POINT('',(80.,-8.3,7.5));
#1310 = VECTOR('',#1311,1.);
#1311 = DIRECTION('',(0.,0.,1.));
#1312 = PCURVE('',#466,#1313);
#1313 = DEFINITIONAL_REPRESENTATION('',(#1314),#1318);
#1314 = LINE('',#1315,#1316);
#1315 = CARTESIAN_POINT('',(7.5,-7.7));
#1316 = VECTOR('',#1317,1.);
#1317 = DIRECTION('',(1.,0.));
#1318 = ( GEOMETRIC_REPRESENTATION_CONTEXT(2) 
PARAMETRIC_REPRESENTATION_CONTEXT() REPRESENTATION_CONTEXT('2D SPACE',''
  ) );
#1319 = PCURVE('',#1320,#1325);
#1320 = PLANE('',#1321);
#1321 = AXIS2_PLACEMENT_3D('',#1322,#1323,#1324);
#1322 = CARTESIAN_POINT('',(60.,-8.3,7.5));
#1323 = DIRECTION('',(0.,1.,0.));
#1324 = DIRECTION('',(0.,0.,1.));
#1325 = DEFINITIONAL_REPRESENTATION('',(#1326),#1330);
#1326 = LINE('',#1327,#1328);
#1327 = CARTESIAN_POINT('',(0.,20.));
#1328 = VECTOR('',#1329,1.);
#1329 = DIRECTION('',(1.,0.));
#1330 = ( GEOMETRIC_REPRESENTATION_CONTEXT(2) 
PARAMETRIC_REPRESENTATION_CONTEXT() REPRESENTATION_CONTEXT('2D SPACE',''
  ) );
#1331 = ORIENTED_EDGE('',*,*,#1332,.F.);
#1332 = EDGE_CURVE('',#1094,#1305,#1333,.T.);
#1333 = SURFACE_CURVE('',#1334,(#1338,#1345),.PCURVE_S1.);
#1334 = LINE('',#1335,#1336);
#1335 = CARTESIAN_POINT('',(80.,-16.,7.5));
#1336 = VECTOR('',#1337,1.);
#1337 = DIRECTION('',(0.,1.,0.));
#1338 = PCURVE('',#466,#1339);
#1339 = DEFINITIONAL_REPRESENTATION('',(#1340),#1344);
#1340 = LINE('',#1341,#1342);
#1341 = CARTESIAN_POINT('',(7.5,0.));
#1342 = VECTOR('',#1343,1.);
#1343 = DIRECTION('',(0.,-1.));
#1344 = ( GEOMETRIC_REPRESENTATION_CONTEXT(2) 
PARAMETRIC_REPRESENTATION_CONTEXT() REPRESENTATION_CONTEXT('2D SPACE',''
  ) );
#1345 = PCURVE('',#1009,#1346);
#1346 = DEFINITIONAL_REPRESENTATION('',(#1347),#1351);
#1347 = LINE('',#1348,#1349);
#1348 = CARTESIAN_POINT('',(160.,0.));
#1349 = VECTOR('',#1350,1.);
#1350 = DIRECTION('',(0.,1.));
#1351 = ( GEOMETRIC_REPRESENTATION_CONTEXT(2) 
PARAMETRIC_REPRESENTATION_CONTEXT() REPRESENTATION_CONTEXT('2D SPACE',''
  ) );
#1352 = ADVANCED_FACE('',(#1353),#101,.T.);
#1353 = FACE_BOUND('',#1354,.T.);
#1354 = EDGE_LOOP('',(#1355,#1378,#1379,#1380));
#1355 = ORIENTED_EDGE('',*,*,#1356,.F.);
#1356 = EDGE_CURVE('',#1048,#1357,#1359,.T.);
#1357 = VERTEX_POINT('',#1358);
#1358 = CARTESIAN_POINT('',(16.,80.,7.5));
#1359 = SURFACE_CURVE('',#1360,(#1364,#1371),.PCURVE_S1.);
#1360 = LINE('',#1361,#1362);
#1361 = CARTESIAN_POINT('',(16.,-80.,7.5));
#1362 = VECTOR('',#1363,1.);
#1363 = DIRECTION('',(0.,1.,0.));
#1364 = PCURVE('',#101,#1365);
#1365 = DEFINITIONAL_REPRESENTATION('',(#1366),#1370);
#1366 = LINE('',#1367,#1368);
#1367 = CARTESIAN_POINT('',(7.5,0.));
#1368 = VECTOR('',#1369,1.);
#1369 = DIRECTION('',(0.,-1.));
#1370 = ( GEOMETRIC_REPRESENTATION_CONTEXT(2) 
PARAMETRIC_REPRESENTATION_CONTEXT() REPRESENTATION_CONTEXT('2D SPACE',''
  ) );
#1371 = PCURVE('',#1009,#1372);
#1372 = DEFINITIONAL_REPRESENTATION('',(#1373),#1377);
#1373 = LINE('',#1374,#1375);
#1374 = CARTESIAN_POINT('',(96.,-64.));
#1375 = VECTOR('',#1376,1.);
#1376 = DIRECTION('',(0.,1.));
#1377 = ( GEOMETRIC_REPRESENTATION_CONTEXT(2) 
PARAMETRIC_REPRESENTATION_CONTEXT() REPRESENTATION_CONTEXT('2D SPACE',''
  ) );
#1378 = ORIENTED_EDGE('',*,*,#1071,.T.);
#1379 = ORIENTED_EDGE('',*,*,#85,.T.);
#1380 = ORIENTED_EDGE('',*,*,#1381,.T.);
#1381 = EDGE_CURVE('',#86,#1357,#1382,.T.);
#1382 = SURFACE_CURVE('',#1383,(#1387,#1394),.PCURVE_S1.);
#1383 = LINE('',#1384,#1385);
#1384 = CARTESIAN_POINT('',(16.,80.,0.));
#1385 = VECTOR('',#1386,1.);
#1386 = DIRECTION('',(0.,0.,1.));
#1387 = PCURVE('',#101,#1388);
#1388 = DEFINITIONAL_REPRESENTATION('',(#1389),#1393);
#1389 = LINE('',#1390,#1391);
#1390 = CARTESIAN_POINT('',(0.,-160.));
#1391 = VECTOR('',#1392,1.);
#1392 = DIRECTION('',(1.,0.));
#1393 = ( GEOMETRIC_REPRESENTATION_CONTEXT(2) 
PARAMETRIC_REPRESENTATION_CONTEXT() REPRESENTATION_CONTEXT('2D SPACE',''
  ) );
#1394 = PCURVE('',#129,#1395);
#1395 = DEFINITIONAL_REPRESENTATION('',(#1396),#1400);
#1396 = LINE('',#1397,#1398);
#1397 = CARTESIAN_POINT('',(0.,32.));
#1398 = VECTOR('',#1399,1.);
#1399 = DIRECTION('',(1.,0.));
#1400 = ( GEOMETRIC_REPRESENTATION_CONTEXT(2) 
PARAMETRIC_REPRESENTATION_CONTEXT() REPRESENTATION_CONTEXT('2D SPACE',''
  ) );
#1401 = ADVANCED_FACE('',(#1402),#440,.F.);
#1402 = FACE_BOUND('',#1403,.F.);
#1403 = EDGE_LOOP('',(#1404,#1405,#1426,#1447));
#1404 = ORIENTED_EDGE('',*,*,#424,.F.);
#1405 = ORIENTED_EDGE('',*,*,#1406,.F.);
#1406 = EDGE_CURVE('',#1407,#396,#1409,.T.);
#1407 = VERTEX_POINT('',#1408);
#1408 = CARTESIAN_POINT('',(32.249030993194,-16.,7.5));
#1409 = SURFACE_CURVE('',#1410,(#1414,#1420),.PCURVE_S1.);
#1410 = LINE('',#1411,#1412);
#1411 = CARTESIAN_POINT('',(32.249030993194,-16.,0.));
#1412 = VECTOR('',#1413,1.);
#1413 = DIRECTION('',(-0.,-0.,-1.));
#1414 = PCURVE('',#440,#1415);
#1415 = DEFINITIONAL_REPRESENTATION('',(#1416),#1419);
#1416 = B_SPLINE_CURVE_WITH_KNOTS('',1,(#1417,#1418),.UNSPECIFIED.,.F.,
  .F.,(2,2),(-7.5000006,6.E-07),.PIECEWISE_BEZIER_KNOTS.);
#1417 = CARTESIAN_POINT('',(7.5000006,112.24903099319));
#1418 = CARTESIAN_POINT('',(-6.E-07,112.24903099319));
#1419 = ( GEOMETRIC_REPRESENTATION_CONTEXT(2) 
PARAMETRIC_REPRESENTATION_CONTEXT() REPRESENTATION_CONTEXT('2D SPACE',''
  ) );
#1420 = PCURVE('',#412,#1421);
#1421 = DEFINITIONAL_REPRESENTATION('',(#1422),#1425);
#1422 = B_SPLINE_CURVE_WITH_KNOTS('',1,(#1423,#1424),.UNSPECIFIED.,.F.,
  .F.,(2,2),(-7.5000006,6.E-07),.PIECEWISE_BEZIER_KNOTS.);
#1423 = CARTESIAN_POINT('',(-5.822631315498,-7.5000006));
#1424 = CARTESIAN_POINT('',(-5.822631315498,6.E-07));
#1425 = ( GEOMETRIC_REPRESENTATION_CONTEXT(2) 
PARAMETRIC_REPRESENTATION_CONTEXT() REPRESENTATION_CONTEXT('2D SPACE',''
  ) );
#1426 = ORIENTED_EDGE('',*,*,#1427,.T.);
#1427 = EDGE_CURVE('',#1407,#1094,#1428,.T.);
#1428 = SURFACE_CURVE('',#1429,(#1433,#1440),.PCURVE_S1.);
#1429 = LINE('',#1430,#1431);
#1430 = CARTESIAN_POINT('',(-80.,-16.,7.5));
#1431 = VECTOR('',#1432,1.);
#1432 = DIRECTION('',(1.,0.,0.));
#1433 = PCURVE('',#440,#1434);
#1434 = DEFINITIONAL_REPRESENTATION('',(#1435),#1439);
#1435 = LINE('',#1436,#1437);
#1436 = CARTESIAN_POINT('',(7.5,0.));
#1437 = VECTOR('',#1438,1.);
#1438 = DIRECTION('',(0.,1.));
#1439 = ( GEOMETRIC_REPRESENTATION_CONTEXT(2) 
PARAMETRIC_REPRESENTATION_CONTEXT() REPRESENTATION_CONTEXT('2D SPACE',''
  ) );
#1440 = PCURVE('',#1009,#1441);
#1441 = DEFINITIONAL_REPRESENTATION('',(#1442),#1446);
#1442 = LINE('',#1443,#1444);
#1443 = CARTESIAN_POINT('',(0.,0.));
#1444 = VECTOR('',#1445,1.);
#1445 = DIRECTION('',(1.,0.));
#1446 = ( GEOMETRIC_REPRESENTATION_CONTEXT(2) 
PARAMETRIC_REPRESENTATION_CONTEXT() REPRESENTATION_CONTEXT('2D SPACE',''
  ) );
#1447 = ORIENTED_EDGE('',*,*,#1093,.F.);
#1448 = ADVANCED_FACE('',(#1449),#129,.T.);
#1449 = FACE_BOUND('',#1450,.T.);
#1450 = EDGE_LOOP('',(#1451,#1452,#1475,#1498,#1526,#1554,#1582,#1605,
    #1633,#1661,#1689,#1710));
#1451 = ORIENTED_EDGE('',*,*,#113,.F.);
#1452 = ORIENTED_EDGE('',*,*,#1453,.T.);
#1453 = EDGE_CURVE('',#114,#1454,#1456,.T.);
#1454 = VERTEX_POINT('',#1455);
#1455 = CARTESIAN_POINT('',(-16.,80.,7.5));
#1456 = SURFACE_CURVE('',#1457,(#1461,#1468),.PCURVE_S1.);
#1457 = LINE('',#1458,#1459);
#1458 = CARTESIAN_POINT('',(-16.,80.,0.));
#1459 = VECTOR('',#1460,1.);
#1460 = DIRECTION('',(0.,0.,1.));
#1461 = PCURVE('',#129,#1462);
#1462 = DEFINITIONAL_REPRESENTATION('',(#1463),#1467);
#1463 = LINE('',#1464,#1465);
#1464 = CARTESIAN_POINT('',(0.,0.));
#1465 = VECTOR('',#1466,1.);
#1466 = DIRECTION('',(1.,0.));
#1467 = ( GEOMETRIC_REPRESENTATION_CONTEXT(2) 
PARAMETRIC_REPRESENTATION_CONTEXT() REPRESENTATION_CONTEXT('2D SPACE',''
  ) );
#1468 = PCURVE('',#157,#1469);
#1469 = DEFINITIONAL_REPRESENTATION('',(#1470),#1474);
#1470 = LINE('',#1471,#1472);
#1471 = CARTESIAN_POINT('',(0.,-160.));
#1472 = VECTOR('',#1473,1.);
#1473 = DIRECTION('',(1.,0.));
#1474 = ( GEOMETRIC_REPRESENTATION_CONTEXT(2) 
PARAMETRIC_REPRESENTATION_CONTEXT() REPRESENTATION_CONTEXT('2D SPACE',''
  ) );
#1475 = ORIENTED_EDGE('',*,*,#1476,.T.);
#1476 = EDGE_CURVE('',#1454,#1477,#1479,.T.);
#1477 = VERTEX_POINT('',#1478);
#1478 = CARTESIAN_POINT('',(-8.3,80.,7.5));
#1479 = SURFACE_CURVE('',#1480,(#1484,#1491),.PCURVE_S1.);
#1480 = LINE('',#1481,#1482);
#1481 = CARTESIAN_POINT('',(-16.,80.,7.5));
#1482 = VECTOR('',#1483,1.);
#1483 = DIRECTION('',(1.,0.,0.));
#1484 = PCURVE('',#129,#1485);
#1485 = DEFINITIONAL_REPRESENTATION('',(#1486),#1490);
#1486 = LINE('',#1487,#1488);
#1487 = CARTESIAN_POINT('',(7.5,0.));
#1488 = VECTOR('',#1489,1.);
#1489 = DIRECTION('',(0.,1.));
#1490 = ( GEOMETRIC_REPRESENTATION_CONTEXT(2) 
PARAMETRIC_REPRESENTATION_CONTEXT() REPRESENTATION_CONTEXT('2D SPACE',''
  ) );
#1491 = PCURVE('',#1009,#1492);
#1492 = DEFINITIONAL_REPRESENTATION('',(#1493),#1497);
#1493 = LINE('',#1494,#1495);
#1494 = CARTESIAN_POINT('',(64.,96.));
#1495 = VECTOR('',#1496,1.);
#1496 = DIRECTION('',(1.,0.));
#1497 = ( GEOMETRIC_REPRESENTATION_CONTEXT(2) 
PARAMETRIC_REPRESENTATION_CONTEXT() REPRESENTATION_CONTEXT('2D SPACE',''
  ) );
#1498 = ORIENTED_EDGE('',*,*,#1499,.T.);
#1499 = EDGE_CURVE('',#1477,#1500,#1502,.T.);
#1500 = VERTEX_POINT('',#1501);
#1501 = CARTESIAN_POINT('',(-8.3,80.,37.5));
#1502 = SURFACE_CURVE('',#1503,(#1507,#1514),.PCURVE_S1.);
#1503 = LINE('',#1504,#1505);
#1504 = CARTESIAN_POINT('',(-8.3,80.,7.5));
#1505 = VECTOR('',#1506,1.);
#1506 = DIRECTION('',(0.,0.,1.));
#1507 = PCURVE('',#129,#1508);
#1508 = DEFINITIONAL_REPRESENTATION('',(#1509),#1513);
#1509 = LINE('',#1510,#1511);
#1510 = CARTESIAN_POINT('',(7.5,7.7));
#1511 = VECTOR('',#1512,1.);
#1512 = DIRECTION('',(1.,0.));
#1513 = ( GEOMETRIC_REPRESENTATION_CONTEXT(2) 
PARAMETRIC_REPRESENTATION_CONTEXT() REPRESENTATION_CONTEXT('2D SPACE',''
  ) );
#1514 = PCURVE('',#1515,#1520);
#1515 = PLANE('',#1516);
#1516 = AXIS2_PLACEMENT_3D('',#1517,#1518,#1519);
#1517 = CARTESIAN_POINT('',(-8.3,60.,7.5));
#1518 = DIRECTION('',(-1.,1.110223024625E-16,0.));
#1519 = DIRECTION('',(0.,0.,1.));
#1520 = DEFINITIONAL_REPRESENTATION('',(#1521),#1525);
#1521 = LINE('',#1522,#1523);
#1522 = CARTESIAN_POINT('',(0.,20.));
#1523 = VECTOR('',#1524,1.);
#1524 = DIRECTION('',(1.,0.));
#1525 = ( GEOMETRIC_REPRESENTATION_CONTEXT(2) 
PARAMETRIC_REPRESENTATION_CONTEXT() REPRESENTATION_CONTEXT('2D SPACE',''
  ) );
#1526 = ORIENTED_EDGE('',*,*,#1527,.F.);
#1527 = EDGE_CURVE('',#1528,#1500,#1530,.T.);
#1528 = VERTEX_POINT('',#1529);
#1529 = CARTESIAN_POINT('',(-4.1,80.,37.5));
#1530 = SURFACE_CURVE('',#1531,(#1535,#1542),.PCURVE_S1.);
#1531 = LINE('',#1532,#1533);
#1532 = CARTESIAN_POINT('',(-4.1,80.,37.5));
#1533 = VECTOR('',#1534,1.);
#1534 = DIRECTION('',(-1.,1.110223024625E-16,0.));
#1535 = PCURVE('',#129,#1536);
#1536 = DEFINITIONAL_REPRESENTATION('',(#1537),#1541);
#1537 = LINE('',#1538,#1539);
#1538 = CARTESIAN_POINT('',(37.5,11.9));
#1539 = VECTOR('',#1540,1.);
#1540 = DIRECTION('',(0.,-1.));
#1541 = ( GEOMETRIC_REPRESENTATION_CONTEXT(2) 
PARAMETRIC_REPRESENTATION_CONTEXT() REPRESENTATION_CONTEXT('2D SPACE',''
  ) );
#1542 = PCURVE('',#1543,#1548);
#1543 = PLANE('',#1544);
#1544 = AXIS2_PLACEMENT_3D('',#1545,#1546,#1547);
#1545 = CARTESIAN_POINT('',(-4.1,60.,37.5));
#1546 = DIRECTION('',(0.,0.,1.));
#1547 = DIRECTION('',(1.110223024625E-16,1.,0.));
#1548 = DEFINITIONAL_REPRESENTATION('',(#1549),#1553);
#1549 = LINE('',#1550,#1551);
#1550 = CARTESIAN_POINT('',(20.,4.440892098501E-16));
#1551 = VECTOR('',#1552,1.);
#1552 = DIRECTION('',(0.,1.));
#1553 = ( GEOMETRIC_REPRESENTATION_CONTEXT(2) 
PARAMETRIC_REPRESENTATION_CONTEXT() REPRESENTATION_CONTEXT('2D SPACE',''
  ) );
#1554 = ORIENTED_EDGE('',*,*,#1555,.F.);
#1555 = EDGE_CURVE('',#1556,#1528,#1558,.T.);
#1556 = VERTEX_POINT('',#1557);
#1557 = CARTESIAN_POINT('',(-4.1,80.,7.5));
#1558 = SURFACE_CURVE('',#1559,(#1563,#1570),.PCURVE_S1.);
#1559 = LINE('',#1560,#1561);
#1560 = CARTESIAN_POINT('',(-4.1,80.,7.5));
#1561 = VECTOR('',#1562,1.);
#1562 = DIRECTION('',(0.,0.,1.));
#1563 = PCURVE('',#129,#1564);
#1564 = DEFINITIONAL_REPRESENTATION('',(#1565),#1569);
#1565 = LINE('',#1566,#1567);
#1566 = CARTESIAN_POINT('',(7.5,11.9));
#1567 = VECTOR('',#1568,1.);
#1568 = DIRECTION('',(1.,0.));
#1569 = ( GEOMETRIC_REPRESENTATION_CONTEXT(2) 
PARAMETRIC_REPRESENTATION_CONTEXT() REPRESENTATION_CONTEXT('2D SPACE',''
  ) );
#1570 = PCURVE('',#1571,#1576);
#1571 = PLANE('',#1572);
#1572 = AXIS2_PLACEMENT_3D('',#1573,#1574,#1575);
#1573 = CARTESIAN_POINT('',(-4.1,60.,7.5));
#1574 = DIRECTION('',(-1.,1.110223024625E-16,0.));
#1575 = DIRECTION('',(0.,0.,1.));
#1576 = DEFINITIONAL_REPRESENTATION('',(#1577),#1581);
#1577 = LINE('',#1578,#1579);
#1578 = CARTESIAN_POINT('',(0.,20.));
#1579 = VECTOR('',#1580,1.);
#1580 = DIRECTION('',(1.,0.));
#1581 = ( GEOMETRIC_REPRESENTATION_CONTEXT(2) 
PARAMETRIC_REPRESENTATION_CONTEXT() REPRESENTATION_CONTEXT('2D SPACE',''
  ) );
#1582 = ORIENTED_EDGE('',*,*,#1583,.T.);
#1583 = EDGE_CURVE('',#1556,#1584,#1586,.T.);
#1584 = VERTEX_POINT('',#1585);
#1585 = CARTESIAN_POINT('',(4.1,80.,7.5));
#1586 = SURFACE_CURVE('',#1587,(#1591,#1598),.PCURVE_S1.);
#1587 = LINE('',#1588,#1589);
#1588 = CARTESIAN_POINT('',(-16.,80.,7.5));
#1589 = VECTOR('',#1590,1.);
#1590 = DIRECTION('',(1.,0.,0.));
#1591 = PCURVE('',#129,#1592);
#1592 = DEFINITIONAL_REPRESENTATION('',(#1593),#1597);
#1593 = LINE('',#1594,#1595);
#1594 = CARTESIAN_POINT('',(7.5,0.));
#1595 = VECTOR('',#1596,1.);
#1596 = DIRECTION('',(0.,1.));
#1597 = ( GEOMETRIC_REPRESENTATION_CONTEXT(2) 
PARAMETRIC_REPRESENTATION_CONTEXT() REPRESENTATION_CONTEXT('2D SPACE',''
  ) );
#1598 = PCURVE('',#1009,#1599);
#1599 = DEFINITIONAL_REPRESENTATION('',(#1600),#1604);
#1600 = LINE('',#1601,#1602);
#1601 = CARTESIAN_POINT('',(64.,96.));
#1602 = VECTOR('',#1603,1.);
#1603 = DIRECTION('',(1.,0.));
#1604 = ( GEOMETRIC_REPRESENTATION_CONTEXT(2) 
PARAMETRIC_REPRESENTATION_CONTEXT() REPRESENTATION_CONTEXT('2D SPACE',''
  ) );
#1605 = ORIENTED_EDGE('',*,*,#1606,.T.);
#1606 = EDGE_CURVE('',#1584,#1607,#1609,.T.);
#1607 = VERTEX_POINT('',#1608);
#1608 = CARTESIAN_POINT('',(4.1,80.,37.5));
#1609 = SURFACE_CURVE('',#1610,(#1614,#1621),.PCURVE_S1.);
#1610 = LINE('',#1611,#1612);
#1611 = CARTESIAN_POINT('',(4.1,80.,7.5));
#1612 = VECTOR('',#1613,1.);
#1613 = DIRECTION('',(0.,0.,1.));
#1614 = PCURVE('',#129,#1615);
#1615 = DEFINITIONAL_REPRESENTATION('',(#1616),#1620);
#1616 = LINE('',#1617,#1618);
#1617 = CARTESIAN_POINT('',(7.5,20.1));
#1618 = VECTOR('',#1619,1.);
#1619 = DIRECTION('',(1.,0.));
#1620 = ( GEOMETRIC_REPRESENTATION_CONTEXT(2) 
PARAMETRIC_REPRESENTATION_CONTEXT() REPRESENTATION_CONTEXT('2D SPACE',''
  ) );
#1621 = PCURVE('',#1622,#1627);
#1622 = PLANE('',#1623);
#1623 = AXIS2_PLACEMENT_3D('',#1624,#1625,#1626);
#1624 = CARTESIAN_POINT('',(4.1,60.,7.5));
#1625 = DIRECTION('',(-1.,1.110223024625E-16,0.));
#1626 = DIRECTION('',(0.,0.,1.));
#1627 = DEFINITIONAL_REPRESENTATION('',(#1628),#1632);
#1628 = LINE('',#1629,#1630);
#1629 = CARTESIAN_POINT('',(0.,20.));
#1630 = VECTOR('',#1631,1.);
#1631 = DIRECTION('',(1.,0.));
#1632 = ( GEOMETRIC_REPRESENTATION_CONTEXT(2) 
PARAMETRIC_REPRESENTATION_CONTEXT() REPRESENTATION_CONTEXT('2D SPACE',''
  ) );
#1633 = ORIENTED_EDGE('',*,*,#1634,.F.);
#1634 = EDGE_CURVE('',#1635,#1607,#1637,.T.);
#1635 = VERTEX_POINT('',#1636);
#1636 = CARTESIAN_POINT('',(8.3,80.,37.5));
#1637 = SURFACE_CURVE('',#1638,(#1642,#1649),.PCURVE_S1.);
#1638 = LINE('',#1639,#1640);
#1639 = CARTESIAN_POINT('',(8.3,80.,37.5));
#1640 = VECTOR('',#1641,1.);
#1641 = DIRECTION('',(-1.,1.110223024625E-16,0.));
#1642 = PCURVE('',#129,#1643);
#1643 = DEFINITIONAL_REPRESENTATION('',(#1644),#1648);
#1644 = LINE('',#1645,#1646);
#1645 = CARTESIAN_POINT('',(37.5,24.3));
#1646 = VECTOR('',#1647,1.);
#1647 = DIRECTION('',(0.,-1.));
#1648 = ( GEOMETRIC_REPRESENTATION_CONTEXT(2) 
PARAMETRIC_REPRESENTATION_CONTEXT() REPRESENTATION_CONTEXT('2D SPACE',''
  ) );
#1649 = PCURVE('',#1650,#1655);
#1650 = PLANE('',#1651);
#1651 = AXIS2_PLACEMENT_3D('',#1652,#1653,#1654);
#1652 = CARTESIAN_POINT('',(8.3,60.,37.5));
#1653 = DIRECTION('',(0.,0.,1.));
#1654 = DIRECTION('',(1.110223024625E-16,1.,0.));
#1655 = DEFINITIONAL_REPRESENTATION('',(#1656),#1660);
#1656 = LINE('',#1657,#1658);
#1657 = CARTESIAN_POINT('',(20.,4.440892098501E-16));
#1658 = VECTOR('',#1659,1.);
#1659 = DIRECTION('',(0.,1.));
#1660 = ( GEOMETRIC_REPRESENTATION_CONTEXT(2) 
PARAMETRIC_REPRESENTATION_CONTEXT() REPRESENTATION_CONTEXT('2D SPACE',''
  ) );
#1661 = ORIENTED_EDGE('',*,*,#1662,.F.);
#1662 = EDGE_CURVE('',#1663,#1635,#1665,.T.);
#1663 = VERTEX_POINT('',#1664);
#1664 = CARTESIAN_POINT('',(8.3,80.,7.5));
#1665 = SURFACE_CURVE('',#1666,(#1670,#1677),.PCURVE_S1.);
#1666 = LINE('',#1667,#1668);
#1667 = CARTESIAN_POINT('',(8.3,80.,7.5));
#1668 = VECTOR('',#1669,1.);
#1669 = DIRECTION('',(0.,0.,1.));
#1670 = PCURVE('',#129,#1671);
#1671 = DEFINITIONAL_REPRESENTATION('',(#1672),#1676);
#1672 = LINE('',#1673,#1674);
#1673 = CARTESIAN_POINT('',(7.5,24.3));
#1674 = VECTOR('',#1675,1.);
#1675 = DIRECTION('',(1.,0.));
#1676 = ( GEOMETRIC_REPRESENTATION_CONTEXT(2) 
PARAMETRIC_REPRESENTATION_CONTEXT() REPRESENTATION_CONTEXT('2D SPACE',''
  ) );
#1677 = PCURVE('',#1678,#1683);
#1678 = PLANE('',#1679);
#1679 = AXIS2_PLACEMENT_3D('',#1680,#1681,#1682);
#1680 = CARTESIAN_POINT('',(8.3,60.,7.5));
#1681 = DIRECTION('',(-1.,1.110223024625E-16,0.));
#1682 = DIRECTION('',(0.,0.,1.));
#1683 = DEFINITIONAL_REPRESENTATION('',(#1684),#1688);
#1684 = LINE('',#1685,#1686);
#1685 = CARTESIAN_POINT('',(0.,20.));
#1686 = VECTOR('',#1687,1.);
#1687 = DIRECTION('',(1.,0.));
#1688 = ( GEOMETRIC_REPRESENTATION_CONTEXT(2) 
PARAMETRIC_REPRESENTATION_CONTEXT() REPRESENTATION_CONTEXT('2D SPACE',''
  ) );
#1689 = ORIENTED_EDGE('',*,*,#1690,.T.);
#1690 = EDGE_CURVE('',#1663,#1357,#1691,.T.);
#1691 = SURFACE_CURVE('',#1692,(#1696,#1703),.PCURVE_S1.);
#1692 = LINE('',#1693,#1694);
#1693 = CARTESIAN_POINT('',(-16.,80.,7.5));
#1694 = VECTOR('',#1695,1.);
#1695 = DIRECTION('',(1.,0.,0.));
#1696 = PCURVE('',#129,#1697);
#1697 = DEFINITIONAL_REPRESENTATION('',(#1698),#1702);
#1698 = LINE('',#1699,#1700);
#1699 = CARTESIAN_POINT('',(7.5,0.));
#1700 = VECTOR('',#1701,1.);
#1701 = DIRECTION('',(0.,1.));
#1702 = ( GEOMETRIC_REPRESENTATION_CONTEXT(2) 
PARAMETRIC_REPRESENTATION_CONTEXT() REPRESENTATION_CONTEXT('2D SPACE',''
  ) );
#1703 = PCURVE('',#1009,#1704);
#1704 = DEFINITIONAL_REPRESENTATION('',(#1705),#1709);
#1705 = LINE('',#1706,#1707);
#1706 = CARTESIAN_POINT('',(64.,96.));
#1707 = VECTOR('',#1708,1.);
#1708 = DIRECTION('',(1.,0.));
#1709 = ( GEOMETRIC_REPRESENTATION_CONTEXT(2) 
PARAMETRIC_REPRESENTATION_CONTEXT() REPRESENTATION_CONTEXT('2D SPACE',''
  ) );
#1710 = ORIENTED_EDGE('',*,*,#1381,.F.);
#1711 = ADVANCED_FACE('',(#1712),#412,.T.);
#1712 = FACE_BOUND('',#1713,.F.);
#1713 = EDGE_LOOP('',(#1714,#1738,#1739,#1740));
#1714 = ORIENTED_EDGE('',*,*,#1715,.T.);
#1715 = EDGE_CURVE('',#1716,#1407,#1718,.T.);
#1716 = VERTEX_POINT('',#1717);
#1717 = CARTESIAN_POINT('',(15.999999999999,-32.24903099319,7.5));
#1718 = SURFACE_CURVE('',#1719,(#1724,#1731),.PCURVE_S1.);
#1719 = CIRCLE('',#1720,36.);
#1720 = AXIS2_PLACEMENT_3D('',#1721,#1722,#1723);
#1721 = CARTESIAN_POINT('',(0.,0.,7.5));
#1722 = DIRECTION('',(0.,0.,1.));
#1723 = DIRECTION('',(1.,0.,0.));
#1724 = PCURVE('',#412,#1725);
#1725 = DEFINITIONAL_REPRESENTATION('',(#1726),#1730);
#1726 = LINE('',#1727,#1728);
#1727 = CARTESIAN_POINT('',(-0.,-7.5));
#1728 = VECTOR('',#1729,1.);
#1729 = DIRECTION('',(-1.,0.));
#1730 = ( GEOMETRIC_REPRESENTATION_CONTEXT(2) 
PARAMETRIC_REPRESENTATION_CONTEXT() REPRESENTATION_CONTEXT('2D SPACE',''
  ) );
#1731 = PCURVE('',#1009,#1732);
#1732 = DEFINITIONAL_REPRESENTATION('',(#1733),#1737);
#1733 = CIRCLE('',#1734,36.);
#1734 = AXIS2_PLACEMENT_2D('',#1735,#1736);
#1735 = CARTESIAN_POINT('',(80.,16.));
#1736 = DIRECTION('',(1.,0.));
#1737 = ( GEOMETRIC_REPRESENTATION_CONTEXT(2) 
PARAMETRIC_REPRESENTATION_CONTEXT() REPRESENTATION_CONTEXT('2D SPACE',''
  ) );
#1738 = ORIENTED_EDGE('',*,*,#1406,.T.);
#1739 = ORIENTED_EDGE('',*,*,#395,.F.);
#1740 = ORIENTED_EDGE('',*,*,#1741,.F.);
#1741 = EDGE_CURVE('',#1716,#368,#1742,.T.);
#1742 = SURFACE_CURVE('',#1743,(#1747,#1753),.PCURVE_S1.);
#1743 = LINE('',#1744,#1745);
#1744 = CARTESIAN_POINT('',(16.,-32.24903099319,0.));
#1745 = VECTOR('',#1746,1.);
#1746 = DIRECTION('',(-0.,-0.,-1.));
#1747 = PCURVE('',#412,#1748);
#1748 = DEFINITIONAL_REPRESENTATION('',(#1749),#1752);
#1749 = B_SPLINE_CURVE_WITH_KNOTS('',1,(#1750,#1751),.UNSPECIFIED.,.F.,
  .F.,(2,2),(-7.5000006,6.E-07),.PIECEWISE_BEZIER_KNOTS.);
#1750 = CARTESIAN_POINT('',(-5.172942972066,-7.5000006));
#1751 = CARTESIAN_POINT('',(-5.172942972066,6.E-07));
#1752 = ( GEOMETRIC_REPRESENTATION_CONTEXT(2) 
PARAMETRIC_REPRESENTATION_CONTEXT() REPRESENTATION_CONTEXT('2D SPACE',''
  ) );
#1753 = PCURVE('',#383,#1754);
#1754 = DEFINITIONAL_REPRESENTATION('',(#1755),#1758);
#1755 = B_SPLINE_CURVE_WITH_KNOTS('',1,(#1756,#1757),.UNSPECIFIED.,.F.,
  .F.,(2,2),(-7.5000006,6.E-07),.PIECEWISE_BEZIER_KNOTS.);
#1756 = CARTESIAN_POINT('',(7.5000006,-47.7509690068));
#1757 = CARTESIAN_POINT('',(-6.E-07,-47.7509690068));
#1758 = ( GEOMETRIC_REPRESENTATION_CONTEXT(2) 
PARAMETRIC_REPRESENTATION_CONTEXT() REPRESENTATION_CONTEXT('2D SPACE',''
  ) );
#1759 = ADVANCED_FACE('',(#1760),#157,.F.);
#1760 = FACE_BOUND('',#1761,.F.);
#1761 = EDGE_LOOP('',(#1762,#1785,#1804,#1805));
#1762 = ORIENTED_EDGE('',*,*,#1763,.F.);
#1763 = EDGE_CURVE('',#1764,#1454,#1766,.T.);
#1764 = VERTEX_POINT('',#1765);
#1765 = CARTESIAN_POINT('',(-15.99999999999,32.249030993195,7.5));
#1766 = SURFACE_CURVE('',#1767,(#1771,#1778),.PCURVE_S1.);
#1767 = LINE('',#1768,#1769);
#1768 = CARTESIAN_POINT('',(-16.,-80.,7.5));
#1769 = VECTOR('',#1770,1.);
#1770 = DIRECTION('',(0.,1.,0.));
#1771 = PCURVE('',#157,#1772);
#1772 = DEFINITIONAL_REPRESENTATION('',(#1773),#1777);
#1773 = LINE('',#1774,#1775);
#1774 = CARTESIAN_POINT('',(7.5,0.));
#1775 = VECTOR('',#1776,1.);
#1776 = DIRECTION('',(0.,-1.));
#1777 = ( GEOMETRIC_REPRESENTATION_CONTEXT(2) 
PARAMETRIC_REPRESENTATION_CONTEXT() REPRESENTATION_CONTEXT('2D SPACE',''
  ) );
#1778 = PCURVE('',#1009,#1779);
#1779 = DEFINITIONAL_REPRESENTATION('',(#1780),#1784);
#1780 = LINE('',#1781,#1782);
#1781 = CARTESIAN_POINT('',(64.,-64.));
#1782 = VECTOR('',#1783,1.);
#1783 = DIRECTION('',(0.,1.));
#1784 = ( GEOMETRIC_REPRESENTATION_CONTEXT(2) 
PARAMETRIC_REPRESENTATION_CONTEXT() REPRESENTATION_CONTEXT('2D SPACE',''
  ) );
#1785 = ORIENTED_EDGE('',*,*,#1786,.T.);
#1786 = EDGE_CURVE('',#1764,#142,#1787,.T.);
#1787 = SURFACE_CURVE('',#1788,(#1792,#1798),.PCURVE_S1.);
#1788 = LINE('',#1789,#1790);
#1789 = CARTESIAN_POINT('',(-16.,32.249030993194,0.));
#1790 = VECTOR('',#1791,1.);
#1791 = DIRECTION('',(-0.,-0.,-1.));
#1792 = PCURVE('',#157,#1793);
#1793 = DEFINITIONAL_REPRESENTATION('',(#1794),#1797);
#1794 = B_SPLINE_CURVE_WITH_KNOTS('',1,(#1795,#1796),.UNSPECIFIED.,.F.,
  .F.,(2,2),(-7.5000006,6.E-07),.PIECEWISE_BEZIER_KNOTS.);
#1795 = CARTESIAN_POINT('',(7.5000006,-112.2490309931));
#1796 = CARTESIAN_POINT('',(-6.E-07,-112.2490309931));
#1797 = ( GEOMETRIC_REPRESENTATION_CONTEXT(2) 
PARAMETRIC_REPRESENTATION_CONTEXT() REPRESENTATION_CONTEXT('2D SPACE',''
  ) );
#1798 = PCURVE('',#186,#1799);
#1799 = DEFINITIONAL_REPRESENTATION('',(#1800),#1803);
#1800 = B_SPLINE_CURVE_WITH_KNOTS('',1,(#1801,#1802),.UNSPECIFIED.,.F.,
  .F.,(2,2),(-7.5000006,6.E-07),.PIECEWISE_BEZIER_KNOTS.);
#1801 = CARTESIAN_POINT('',(-2.031350318476,-7.5000006));
#1802 = CARTESIAN_POINT('',(-2.031350318476,6.E-07));
#1803 = ( GEOMETRIC_REPRESENTATION_CONTEXT(2) 
PARAMETRIC_REPRESENTATION_CONTEXT() REPRESENTATION_CONTEXT('2D SPACE',''
  ) );
#1804 = ORIENTED_EDGE('',*,*,#141,.T.);
#1805 = ORIENTED_EDGE('',*,*,#1453,.T.);
#1806 = ADVANCED_FACE('',(#1807),#383,.T.);
#1807 = FACE_BOUND('',#1808,.T.);
#1808 = EDGE_LOOP('',(#1809,#1832,#1853,#1854));
#1809 = ORIENTED_EDGE('',*,*,#1810,.F.);
#1810 = EDGE_CURVE('',#1811,#1716,#1813,.T.);
#1811 = VERTEX_POINT('',#1812);
#1812 = CARTESIAN_POINT('',(16.,-80.,7.5));
#1813 = SURFACE_CURVE('',#1814,(#1818,#1825),.PCURVE_S1.);
#1814 = LINE('',#1815,#1816);
#1815 = CARTESIAN_POINT('',(16.,-80.,7.5));
#1816 = VECTOR('',#1817,1.);
#1817 = DIRECTION('',(0.,1.,0.));
#1818 = PCURVE('',#383,#1819);
#1819 = DEFINITIONAL_REPRESENTATION('',(#1820),#1824);
#1820 = LINE('',#1821,#1822);
#1821 = CARTESIAN_POINT('',(7.5,0.));
#1822 = VECTOR('',#1823,1.);
#1823 = DIRECTION('',(0.,-1.));
#1824 = ( GEOMETRIC_REPRESENTATION_CONTEXT(2) 
PARAMETRIC_REPRESENTATION_CONTEXT() REPRESENTATION_CONTEXT('2D SPACE',''
  ) );
#1825 = PCURVE('',#1009,#1826);
#1826 = DEFINITIONAL_REPRESENTATION('',(#1827),#1831);
#1827 = LINE('',#1828,#1829);
#1828 = CARTESIAN_POINT('',(96.,-64.));
#1829 = VECTOR('',#1830,1.);
#1830 = DIRECTION('',(0.,1.));
#1831 = ( GEOMETRIC_REPRESENTATION_CONTEXT(2) 
PARAMETRIC_REPRESENTATION_CONTEXT() REPRESENTATION_CONTEXT('2D SPACE',''
  ) );
#1832 = ORIENTED_EDGE('',*,*,#1833,.F.);
#1833 = EDGE_CURVE('',#340,#1811,#1834,.T.);
#1834 = SURFACE_CURVE('',#1835,(#1839,#1846),.PCURVE_S1.);
#1835 = LINE('',#1836,#1837);
#1836 = CARTESIAN_POINT('',(16.,-80.,0.));
#1837 = VECTOR('',#1838,1.);
#1838 = DIRECTION('',(0.,0.,1.));
#1839 = PCURVE('',#383,#1840);
#1840 = DEFINITIONAL_REPRESENTATION('',(#1841),#1845);
#1841 = LINE('',#1842,#1843);
#1842 = CARTESIAN_POINT('',(0.,0.));
#1843 = VECTOR('',#1844,1.);
#1844 = DIRECTION('',(1.,0.));
#1845 = ( GEOMETRIC_REPRESENTATION_CONTEXT(2) 
PARAMETRIC_REPRESENTATION_CONTEXT() REPRESENTATION_CONTEXT('2D SPACE',''
  ) );
#1846 = PCURVE('',#355,#1847);
#1847 = DEFINITIONAL_REPRESENTATION('',(#1848),#1852);
#1848 = LINE('',#1849,#1850);
#1849 = CARTESIAN_POINT('',(0.,32.));
#1850 = VECTOR('',#1851,1.);
#1851 = DIRECTION('',(1.,0.));
#1852 = ( GEOMETRIC_REPRESENTATION_CONTEXT(2) 
PARAMETRIC_REPRESENTATION_CONTEXT() REPRESENTATION_CONTEXT('2D SPACE',''
  ) );
#1853 = ORIENTED_EDGE('',*,*,#367,.T.);
#1854 = ORIENTED_EDGE('',*,*,#1741,.F.);
#1855 = ADVANCED_FACE('',(#1856),#186,.T.);
#1856 = FACE_BOUND('',#1857,.F.);
#1857 = EDGE_LOOP('',(#1858,#1859,#1860,#1884));
#1858 = ORIENTED_EDGE('',*,*,#169,.F.);
#1859 = ORIENTED_EDGE('',*,*,#1786,.F.);
#1860 = ORIENTED_EDGE('',*,*,#1861,.T.);
#1861 = EDGE_CURVE('',#1764,#1862,#1864,.T.);
#1862 = VERTEX_POINT('',#1863);
#1863 = CARTESIAN_POINT('',(-32.24903099319,16.,7.5));
#1864 = SURFACE_CURVE('',#1865,(#1870,#1877),.PCURVE_S1.);
#1865 = CIRCLE('',#1866,36.);
#1866 = AXIS2_PLACEMENT_3D('',#1867,#1868,#1869);
#1867 = CARTESIAN_POINT('',(0.,0.,7.5));
#1868 = DIRECTION('',(0.,0.,1.));
#1869 = DIRECTION('',(1.,0.,0.));
#1870 = PCURVE('',#186,#1871);
#1871 = DEFINITIONAL_REPRESENTATION('',(#1872),#1876);
#1872 = LINE('',#1873,#1874);
#1873 = CARTESIAN_POINT('',(-0.,-7.5));
#1874 = VECTOR('',#1875,1.);
#1875 = DIRECTION('',(-1.,0.));
#1876 = ( GEOMETRIC_REPRESENTATION_CONTEXT(2) 
PARAMETRIC_REPRESENTATION_CONTEXT() REPRESENTATION_CONTEXT('2D SPACE',''
  ) );
#1877 = PCURVE('',#1009,#1878);
#1878 = DEFINITIONAL_REPRESENTATION('',(#1879),#1883);
#1879 = CIRCLE('',#1880,36.);
#1880 = AXIS2_PLACEMENT_2D('',#1881,#1882);
#1881 = CARTESIAN_POINT('',(80.,16.));
#1882 = DIRECTION('',(1.,0.));
#1883 = ( GEOMETRIC_REPRESENTATION_CONTEXT(2) 
PARAMETRIC_REPRESENTATION_CONTEXT() REPRESENTATION_CONTEXT('2D SPACE',''
  ) );
#1884 = ORIENTED_EDGE('',*,*,#1885,.T.);
#1885 = EDGE_CURVE('',#1862,#170,#1886,.T.);
#1886 = SURFACE_CURVE('',#1887,(#1891,#1897),.PCURVE_S1.);
#1887 = LINE('',#1888,#1889);
#1888 = CARTESIAN_POINT('',(-32.24903099319,16.,0.));
#1889 = VECTOR('',#1890,1.);
#1890 = DIRECTION('',(-0.,-0.,-1.));
#1891 = PCURVE('',#186,#1892);
#1892 = DEFINITIONAL_REPRESENTATION('',(#1893),#1896);
#1893 = B_SPLINE_CURVE_WITH_KNOTS('',1,(#1894,#1895),.UNSPECIFIED.,.F.,
  .F.,(2,2),(-7.5000006,6.E-07),.PIECEWISE_BEZIER_KNOTS.);
#1894 = CARTESIAN_POINT('',(-2.681038661908,-7.5000006));
#1895 = CARTESIAN_POINT('',(-2.681038661908,6.E-07));
#1896 = ( GEOMETRIC_REPRESENTATION_CONTEXT(2) 
PARAMETRIC_REPRESENTATION_CONTEXT() REPRESENTATION_CONTEXT('2D SPACE',''
  ) );
#1897 = PCURVE('',#214,#1898);
#1898 = DEFINITIONAL_REPRESENTATION('',(#1899),#1902);
#1899 = B_SPLINE_CURVE_WITH_KNOTS('',1,(#1900,#1901),.UNSPECIFIED.,.F.,
  .F.,(2,2),(-7.5000006,6.E-07),.PIECEWISE_BEZIER_KNOTS.);
#1900 = CARTESIAN_POINT('',(7.5000006,47.750969006806));
#1901 = CARTESIAN_POINT('',(-6.E-07,47.750969006806));
#1902 = ( GEOMETRIC_REPRESENTATION_CONTEXT(2) 
PARAMETRIC_REPRESENTATION_CONTEXT() REPRESENTATION_CONTEXT('2D SPACE',''
  ) );
#1903 = ADVANCED_FACE('',(#1904),#355,.F.);
#1904 = FACE_BOUND('',#1905,.F.);
#1905 = EDGE_LOOP('',(#1906,#1907,#1930,#1953,#1981,#2009,#2037,#2060,
    #2088,#2116,#2144,#2165));
#1906 = ORIENTED_EDGE('',*,*,#339,.F.);
#1907 = ORIENTED_EDGE('',*,*,#1908,.T.);
#1908 = EDGE_CURVE('',#312,#1909,#1911,.T.);
#1909 = VERTEX_POINT('',#1910);
#1910 = CARTESIAN_POINT('',(-16.,-80.,7.5));
#1911 = SURFACE_CURVE('',#1912,(#1916,#1923),.PCURVE_S1.);
#1912 = LINE('',#1913,#1914);
#1913 = CARTESIAN_POINT('',(-16.,-80.,0.));
#1914 = VECTOR('',#1915,1.);
#1915 = DIRECTION('',(0.,0.,1.));
#1916 = PCURVE('',#355,#1917);
#1917 = DEFINITIONAL_REPRESENTATION('',(#1918),#1922);
#1918 = LINE('',#1919,#1920);
#1919 = CARTESIAN_POINT('',(0.,0.));
#1920 = VECTOR('',#1921,1.);
#1921 = DIRECTION('',(1.,0.));
#1922 = ( GEOMETRIC_REPRESENTATION_CONTEXT(2) 
PARAMETRIC_REPRESENTATION_CONTEXT() REPRESENTATION_CONTEXT('2D SPACE',''
  ) );
#1923 = PCURVE('',#327,#1924);
#1924 = DEFINITIONAL_REPRESENTATION('',(#1925),#1929);
#1925 = LINE('',#1926,#1927);
#1926 = CARTESIAN_POINT('',(0.,0.));
#1927 = VECTOR('',#1928,1.);
#1928 = DIRECTION('',(1.,0.));
#1929 = ( GEOMETRIC_REPRESENTATION_CONTEXT(2) 
PARAMETRIC_REPRESENTATION_CONTEXT() REPRESENTATION_CONTEXT('2D SPACE',''
  ) );
#1930 = ORIENTED_EDGE('',*,*,#1931,.T.);
#1931 = EDGE_CURVE('',#1909,#1932,#1934,.T.);
#1932 = VERTEX_POINT('',#1933);
#1933 = CARTESIAN_POINT('',(-8.3,-80.,7.5));
#1934 = SURFACE_CURVE('',#1935,(#1939,#1946),.PCURVE_S1.);
#1935 = LINE('',#1936,#1937);
#1936 = CARTESIAN_POINT('',(-16.,-80.,7.5));
#1937 = VECTOR('',#1938,1.);
#1938 = DIRECTION('',(1.,0.,0.));
#1939 = PCURVE('',#355,#1940);
#1940 = DEFINITIONAL_REPRESENTATION('',(#1941),#1945);
#1941 = LINE('',#1942,#1943);
#1942 = CARTESIAN_POINT('',(7.5,0.));
#1943 = VECTOR('',#1944,1.);
#1944 = DIRECTION('',(0.,1.));
#1945 = ( GEOMETRIC_REPRESENTATION_CONTEXT(2) 
PARAMETRIC_REPRESENTATION_CONTEXT() REPRESENTATION_CONTEXT('2D SPACE',''
  ) );
#1946 = PCURVE('',#1009,#1947);
#1947 = DEFINITIONAL_REPRESENTATION('',(#1948),#1952);
#1948 = LINE('',#1949,#1950);
#1949 = CARTESIAN_POINT('',(64.,-64.));
#1950 = VECTOR('',#1951,1.);
#1951 = DIRECTION('',(1.,0.));
#1952 = ( GEOMETRIC_REPRESENTATION_CONTEXT(2) 
PARAMETRIC_REPRESENTATION_CONTEXT() REPRESENTATION_CONTEXT('2D SPACE',''
  ) );
#1953 = ORIENTED_EDGE('',*,*,#1954,.T.);
#1954 = EDGE_CURVE('',#1932,#1955,#1957,.T.);
#1955 = VERTEX_POINT('',#1956);
#1956 = CARTESIAN_POINT('',(-8.3,-80.,37.5));
#1957 = SURFACE_CURVE('',#1958,(#1962,#1969),.PCURVE_S1.);
#1958 = LINE('',#1959,#1960);
#1959 = CARTESIAN_POINT('',(-8.3,-80.,7.5));
#1960 = VECTOR('',#1961,1.);
#1961 = DIRECTION('',(0.,0.,1.));
#1962 = PCURVE('',#355,#1963);
#1963 = DEFINITIONAL_REPRESENTATION('',(#1964),#1968);
#1964 = LINE('',#1965,#1966);
#1965 = CARTESIAN_POINT('',(7.5,7.7));
#1966 = VECTOR('',#1967,1.);
#1967 = DIRECTION('',(1.,0.));
#1968 = ( GEOMETRIC_REPRESENTATION_CONTEXT(2) 
PARAMETRIC_REPRESENTATION_CONTEXT() REPRESENTATION_CONTEXT('2D SPACE',''
  ) );
#1969 = PCURVE('',#1970,#1975);
#1970 = PLANE('',#1971);
#1971 = AXIS2_PLACEMENT_3D('',#1972,#1973,#1974);
#1972 = CARTESIAN_POINT('',(-8.3,-60.,7.5));
#1973 = DIRECTION('',(1.,-2.22044604925E-16,0.));
#1974 = DIRECTION('',(0.,0.,1.));
#1975 = DEFINITIONAL_REPRESENTATION('',(#1976),#1980);
#1976 = LINE('',#1977,#1978);
#1977 = CARTESIAN_POINT('',(0.,20.));
#1978 = VECTOR('',#1979,1.);
#1979 = DIRECTION('',(1.,0.));
#1980 = ( GEOMETRIC_REPRESENTATION_CONTEXT(2) 
PARAMETRIC_REPRESENTATION_CONTEXT() REPRESENTATION_CONTEXT('2D SPACE',''
  ) );
#1981 = ORIENTED_EDGE('',*,*,#1982,.T.);
#1982 = EDGE_CURVE('',#1955,#1983,#1985,.T.);
#1983 = VERTEX_POINT('',#1984);
#1984 = CARTESIAN_POINT('',(-4.1,-80.,37.5));
#1985 = SURFACE_CURVE('',#1986,(#1990,#1997),.PCURVE_S1.);
#1986 = LINE('',#1987,#1988);
#1987 = CARTESIAN_POINT('',(-8.3,-80.,37.5));
#1988 = VECTOR('',#1989,1.);
#1989 = DIRECTION('',(1.,-2.22044604925E-16,0.));
#1990 = PCURVE('',#355,#1991);
#1991 = DEFINITIONAL_REPRESENTATION('',(#1992),#1996);
#1992 = LINE('',#1993,#1994);
#1993 = CARTESIAN_POINT('',(37.5,7.7));
#1994 = VECTOR('',#1995,1.);
#1995 = DIRECTION('',(0.,1.));
#1996 = ( GEOMETRIC_REPRESENTATION_CONTEXT(2) 
PARAMETRIC_REPRESENTATION_CONTEXT() REPRESENTATION_CONTEXT('2D SPACE',''
  ) );
#1997 = PCURVE('',#1998,#2003);
#1998 = PLANE('',#1999);
#1999 = AXIS2_PLACEMENT_3D('',#2000,#2001,#2002);
#2000 = CARTESIAN_POINT('',(-8.3,-60.,37.5));
#2001 = DIRECTION('',(0.,0.,1.));
#2002 = DIRECTION('',(-2.22044604925E-16,-1.,0.));
#2003 = DEFINITIONAL_REPRESENTATION('',(#2004),#2008);
#2004 = LINE('',#2005,#2006);
#2005 = CARTESIAN_POINT('',(20.,-8.881784197001E-16));
#2006 = VECTOR('',#2007,1.);
#2007 = DIRECTION('',(0.,1.));
#2008 = ( GEOMETRIC_REPRESENTATION_CONTEXT(2) 
PARAMETRIC_REPRESENTATION_CONTEXT() REPRESENTATION_CONTEXT('2D SPACE',''
  ) );
#2009 = ORIENTED_EDGE('',*,*,#2010,.F.);
#2010 = EDGE_CURVE('',#2011,#1983,#2013,.T.);
#2011 = VERTEX_POINT('',#2012);
#2012 = CARTESIAN_POINT('',(-4.1,-80.,7.5));
#2013 = SURFACE_CURVE('',#2014,(#2018,#2025),.PCURVE_S1.);
#2014 = LINE('',#2015,#2016);
#2015 = CARTESIAN_POINT('',(-4.1,-80.,7.5));
#2016 = VECTOR('',#2017,1.);
#2017 = DIRECTION('',(0.,0.,1.));
#2018 = PCURVE('',#355,#2019);
#2019 = DEFINITIONAL_REPRESENTATION('',(#2020),#2024);
#2020 = LINE('',#2021,#2022);
#2021 = CARTESIAN_POINT('',(7.5,11.9));
#2022 = VECTOR('',#2023,1.);
#2023 = DIRECTION('',(1.,0.));
#2024 = ( GEOMETRIC_REPRESENTATION_CONTEXT(2) 
PARAMETRIC_REPRESENTATION_CONTEXT() REPRESENTATION_CONTEXT('2D SPACE',''
  ) );
#2025 = PCURVE('',#2026,#2031);
#2026 = PLANE('',#2027);
#2027 = AXIS2_PLACEMENT_3D('',#2028,#2029,#2030);
#2028 = CARTESIAN_POINT('',(-4.1,-60.,7.5));
#2029 = DIRECTION('',(1.,-2.22044604925E-16,0.));
#2030 = DIRECTION('',(0.,0.,1.));
#2031 = DEFINITIONAL_REPRESENTATION('',(#2032),#2036);
#2032 = LINE('',#2033,#2034);
#2033 = CARTESIAN_POINT('',(0.,20.));
#2034 = VECTOR('',#2035,1.);
#2035 = DIRECTION('',(1.,0.));
#2036 = ( GEOMETRIC_REPRESENTATION_CONTEXT(2) 
PARAMETRIC_REPRESENTATION_CONTEXT() REPRESENTATION_CONTEXT('2D SPACE',''
  ) );
#2037 = ORIENTED_EDGE('',*,*,#2038,.T.);
#2038 = EDGE_CURVE('',#2011,#2039,#2041,.T.);
#2039 = VERTEX_POINT('',#2040);
#2040 = CARTESIAN_POINT('',(4.1,-80.,7.5));
#2041 = SURFACE_CURVE('',#2042,(#2046,#2053),.PCURVE_S1.);
#2042 = LINE('',#2043,#2044);
#2043 = CARTESIAN_POINT('',(-16.,-80.,7.5));
#2044 = VECTOR('',#2045,1.);
#2045 = DIRECTION('',(1.,0.,0.));
#2046 = PCURVE('',#355,#2047);
#2047 = DEFINITIONAL_REPRESENTATION('',(#2048),#2052);
#2048 = LINE('',#2049,#2050);
#2049 = CARTESIAN_POINT('',(7.5,0.));
#2050 = VECTOR('',#2051,1.);
#2051 = DIRECTION('',(0.,1.));
#2052 = ( GEOMETRIC_REPRESENTATION_CONTEXT(2) 
PARAMETRIC_REPRESENTATION_CONTEXT() REPRESENTATION_CONTEXT('2D SPACE',''
  ) );
#2053 = PCURVE('',#1009,#2054);
#2054 = DEFINITIONAL_REPRESENTATION('',(#2055),#2059);
#2055 = LINE('',#2056,#2057);
#2056 = CARTESIAN_POINT('',(64.,-64.));
#2057 = VECTOR('',#2058,1.);
#2058 = DIRECTION('',(1.,0.));
#2059 = ( GEOMETRIC_REPRESENTATION_CONTEXT(2) 
PARAMETRIC_REPRESENTATION_CONTEXT() REPRESENTATION_CONTEXT('2D SPACE',''
  ) );
#2060 = ORIENTED_EDGE('',*,*,#2061,.T.);
#2061 = EDGE_CURVE('',#2039,#2062,#2064,.T.);
#2062 = VERTEX_POINT('',#2063);
#2063 = CARTESIAN_POINT('',(4.1,-80.,37.5));
#2064 = SURFACE_CURVE('',#2065,(#2069,#2076),.PCURVE_S1.);
#2065 = LINE('',#2066,#2067);
#2066 = CARTESIAN_POINT('',(4.1,-80.,7.5));
#2067 = VECTOR('',#2068,1.);
#2068 = DIRECTION('',(0.,0.,1.));
#2069 = PCURVE('',#355,#2070);
#2070 = DEFINITIONAL_REPRESENTATION('',(#2071),#2075);
#2071 = LINE('',#2072,#2073);
#2072 = CARTESIAN_POINT('',(7.5,20.1));
#2073 = VECTOR('',#2074,1.);
#2074 = DIRECTION('',(1.,0.));
#2075 = ( GEOMETRIC_REPRESENTATION_CONTEXT(2) 
PARAMETRIC_REPRESENTATION_CONTEXT() REPRESENTATION_CONTEXT('2D SPACE',''
  ) );
#2076 = PCURVE('',#2077,#2082);
#2077 = PLANE('',#2078);
#2078 = AXIS2_PLACEMENT_3D('',#2079,#2080,#2081);
#2079 = CARTESIAN_POINT('',(4.1,-60.,7.5));
#2080 = DIRECTION('',(1.,-2.22044604925E-16,0.));
#2081 = DIRECTION('',(0.,0.,1.));
#2082 = DEFINITIONAL_REPRESENTATION('',(#2083),#2087);
#2083 = LINE('',#2084,#2085);
#2084 = CARTESIAN_POINT('',(0.,20.));
#2085 = VECTOR('',#2086,1.);
#2086 = DIRECTION('',(1.,0.));
#2087 = ( GEOMETRIC_REPRESENTATION_CONTEXT(2) 
PARAMETRIC_REPRESENTATION_CONTEXT() REPRESENTATION_CONTEXT('2D SPACE',''
  ) );
#2088 = ORIENTED_EDGE('',*,*,#2089,.T.);
#2089 = EDGE_CURVE('',#2062,#2090,#2092,.T.);
#2090 = VERTEX_POINT('',#2091);
#2091 = CARTESIAN_POINT('',(8.3,-80.,37.5));
#2092 = SURFACE_CURVE('',#2093,(#2097,#2104),.PCURVE_S1.);
#2093 = LINE('',#2094,#2095);
#2094 = CARTESIAN_POINT('',(4.1,-80.,37.5));
#2095 = VECTOR('',#2096,1.);
#2096 = DIRECTION('',(1.,-2.22044604925E-16,0.));
#2097 = PCURVE('',#355,#2098);
#2098 = DEFINITIONAL_REPRESENTATION('',(#2099),#2103);
#2099 = LINE('',#2100,#2101);
#2100 = CARTESIAN_POINT('',(37.5,20.1));
#2101 = VECTOR('',#2102,1.);
#2102 = DIRECTION('',(0.,1.));
#2103 = ( GEOMETRIC_REPRESENTATION_CONTEXT(2) 
PARAMETRIC_REPRESENTATION_CONTEXT() REPRESENTATION_CONTEXT('2D SPACE',''
  ) );
#2104 = PCURVE('',#2105,#2110);
#2105 = PLANE('',#2106);
#2106 = AXIS2_PLACEMENT_3D('',#2107,#2108,#2109);
#2107 = CARTESIAN_POINT('',(4.1,-60.,37.5));
#2108 = DIRECTION('',(0.,0.,1.));
#2109 = DIRECTION('',(-2.22044604925E-16,-1.,0.));
#2110 = DEFINITIONAL_REPRESENTATION('',(#2111),#2115);
#2111 = LINE('',#2112,#2113);
#2112 = CARTESIAN_POINT('',(20.,0.));
#2113 = VECTOR('',#2114,1.);
#2114 = DIRECTION('',(0.,1.));
#2115 = ( GEOMETRIC_REPRESENTATION_CONTEXT(2) 
PARAMETRIC_REPRESENTATION_CONTEXT() REPRESENTATION_CONTEXT('2D SPACE',''
  ) );
#2116 = ORIENTED_EDGE('',*,*,#2117,.F.);
#2117 = EDGE_CURVE('',#2118,#2090,#2120,.T.);
#2118 = VERTEX_POINT('',#2119);
#2119 = CARTESIAN_POINT('',(8.3,-80.,7.5));
#2120 = SURFACE_CURVE('',#2121,(#2125,#2132),.PCURVE_S1.);
#2121 = LINE('',#2122,#2123);
#2122 = CARTESIAN_POINT('',(8.3,-80.,7.5));
#2123 = VECTOR('',#2124,1.);
#2124 = DIRECTION('',(0.,0.,1.));
#2125 = PCURVE('',#355,#2126);
#2126 = DEFINITIONAL_REPRESENTATION('',(#2127),#2131);
#2127 = LINE('',#2128,#2129);
#2128 = CARTESIAN_POINT('',(7.5,24.3));
#2129 = VECTOR('',#2130,1.);
#2130 = DIRECTION('',(1.,0.));
#2131 = ( GEOMETRIC_REPRESENTATION_CONTEXT(2) 
PARAMETRIC_REPRESENTATION_CONTEXT() REPRESENTATION_CONTEXT('2D SPACE',''
  ) );
#2132 = PCURVE('',#2133,#2138);
#2133 = PLANE('',#2134);
#2134 = AXIS2_PLACEMENT_3D('',#2135,#2136,#2137);
#2135 = CARTESIAN_POINT('',(8.3,-60.,7.5));
#2136 = DIRECTION('',(1.,-2.22044604925E-16,0.));
#2137 = DIRECTION('',(0.,0.,1.));
#2138 = DEFINITIONAL_REPRESENTATION('',(#2139),#2143);
#2139 = LINE('',#2140,#2141);
#2140 = CARTESIAN_POINT('',(0.,20.));
#2141 = VECTOR('',#2142,1.);
#2142 = DIRECTION('',(1.,0.));
#2143 = ( GEOMETRIC_REPRESENTATION_CONTEXT(2) 
PARAMETRIC_REPRESENTATION_CONTEXT() REPRESENTATION_CONTEXT('2D SPACE',''
  ) );
#2144 = ORIENTED_EDGE('',*,*,#2145,.T.);
#2145 = EDGE_CURVE('',#2118,#1811,#2146,.T.);
#2146 = SURFACE_CURVE('',#2147,(#2151,#2158),.PCURVE_S1.);
#2147 = LINE('',#2148,#2149);
#2148 = CARTESIAN_POINT('',(-16.,-80.,7.5));
#2149 = VECTOR('',#2150,1.);
#2150 = DIRECTION('',(1.,0.,0.));
#2151 = PCURVE('',#355,#2152);
#2152 = DEFINITIONAL_REPRESENTATION('',(#2153),#2157);
#2153 = LINE('',#2154,#2155);
#2154 = CARTESIAN_POINT('',(7.5,0.));
#2155 = VECTOR('',#2156,1.);
#2156 = DIRECTION('',(0.,1.));
#2157 = ( GEOMETRIC_REPRESENTATION_CONTEXT(2) 
PARAMETRIC_REPRESENTATION_CONTEXT() REPRESENTATION_CONTEXT('2D SPACE',''
  ) );
#2158 = PCURVE('',#1009,#2159);
#2159 = DEFINITIONAL_REPRESENTATION('',(#2160),#2164);
#2160 = LINE('',#2161,#2162);
#2161 = CARTESIAN_POINT('',(64.,-64.));
#2162 = VECTOR('',#2163,1.);
#2163 = DIRECTION('',(1.,0.));
#2164 = ( GEOMETRIC_REPRESENTATION_CONTEXT(2) 
PARAMETRIC_REPRESENTATION_CONTEXT() REPRESENTATION_CONTEXT('2D SPACE',''
  ) );
#2165 = ORIENTED_EDGE('',*,*,#1833,.F.);
#2166 = ADVANCED_FACE('',(#2167),#214,.T.);
#2167 = FACE_BOUND('',#2168,.T.);
#2168 = EDGE_LOOP('',(#2169,#2170,#2193,#2214));
#2169 = ORIENTED_EDGE('',*,*,#198,.F.);
#2170 = ORIENTED_EDGE('',*,*,#2171,.T.);
#2171 = EDGE_CURVE('',#199,#2172,#2174,.T.);
#2172 = VERTEX_POINT('',#2173);
#2173 = CARTESIAN_POINT('',(-80.,16.,7.5));
#2174 = SURFACE_CURVE('',#2175,(#2179,#2186),.PCURVE_S1.);
#2175 = LINE('',#2176,#2177);
#2176 = CARTESIAN_POINT('',(-80.,16.,0.));
#2177 = VECTOR('',#2178,1.);
#2178 = DIRECTION('',(0.,0.,1.));
#2179 = PCURVE('',#214,#2180);
#2180 = DEFINITIONAL_REPRESENTATION('',(#2181),#2185);
#2181 = LINE('',#2182,#2183);
#2182 = CARTESIAN_POINT('',(0.,0.));
#2183 = VECTOR('',#2184,1.);
#2184 = DIRECTION('',(1.,0.));
#2185 = ( GEOMETRIC_REPRESENTATION_CONTEXT(2) 
PARAMETRIC_REPRESENTATION_CONTEXT() REPRESENTATION_CONTEXT('2D SPACE',''
  ) );
#2186 = PCURVE('',#242,#2187);
#2187 = DEFINITIONAL_REPRESENTATION('',(#2188),#2192);
#2188 = LINE('',#2189,#2190);
#2189 = CARTESIAN_POINT('',(0.,-32.));
#2190 = VECTOR('',#2191,1.);
#2191 = DIRECTION('',(1.,0.));
#2192 = ( GEOMETRIC_REPRESENTATION_CONTEXT(2) 
PARAMETRIC_REPRESENTATION_CONTEXT() REPRESENTATION_CONTEXT('2D SPACE',''
  ) );
#2193 = ORIENTED_EDGE('',*,*,#2194,.T.);
#2194 = EDGE_CURVE('',#2172,#1862,#2195,.T.);
#2195 = SURFACE_CURVE('',#2196,(#2200,#2207),.PCURVE_S1.);
#2196 = LINE('',#2197,#2198);
#2197 = CARTESIAN_POINT('',(-80.,16.,7.5));
#2198 = VECTOR('',#2199,1.);
#2199 = DIRECTION('',(1.,0.,0.));
#2200 = PCURVE('',#214,#2201);
#2201 = DEFINITIONAL_REPRESENTATION('',(#2202),#2206);
#2202 = LINE('',#2203,#2204);
#2203 = CARTESIAN_POINT('',(7.5,0.));
#2204 = VECTOR('',#2205,1.);
#2205 = DIRECTION('',(0.,1.));
#2206 = ( GEOMETRIC_REPRESENTATION_CONTEXT(2) 
PARAMETRIC_REPRESENTATION_CONTEXT() REPRESENTATION_CONTEXT('2D SPACE',''
  ) );
#2207 = PCURVE('',#1009,#2208);
#2208 = DEFINITIONAL_REPRESENTATION('',(#2209),#2213);
#2209 = LINE('',#2210,#2211);
#2210 = CARTESIAN_POINT('',(0.,32.));
#2211 = VECTOR('',#2212,1.);
#2212 = DIRECTION('',(1.,0.));
#2213 = ( GEOMETRIC_REPRESENTATION_CONTEXT(2) 
PARAMETRIC_REPRESENTATION_CONTEXT() REPRESENTATION_CONTEXT('2D SPACE',''
  ) );
#2214 = ORIENTED_EDGE('',*,*,#1885,.T.);
#2215 = ADVANCED_FACE('',(#2216),#327,.F.);
#2216 = FACE_BOUND('',#2217,.F.);
#2217 = EDGE_LOOP('',(#2218,#2241,#2242,#2243));
#2218 = ORIENTED_EDGE('',*,*,#2219,.F.);
#2219 = EDGE_CURVE('',#1909,#2220,#2222,.T.);
#2220 = VERTEX_POINT('',#2221);
#2221 = CARTESIAN_POINT('',(-15.99999999999,-32.24903099319,7.5));
#2222 = SURFACE_CURVE('',#2223,(#2227,#2234),.PCURVE_S1.);
#2223 = LINE('',#2224,#2225);
#2224 = CARTESIAN_POINT('',(-16.,-80.,7.5));
#2225 = VECTOR('',#2226,1.);
#2226 = DIRECTION('',(0.,1.,0.));
#2227 = PCURVE('',#327,#2228);
#2228 = DEFINITIONAL_REPRESENTATION('',(#2229),#2233);
#2229 = LINE('',#2230,#2231);
#2230 = CARTESIAN_POINT('',(7.5,0.));
#2231 = VECTOR('',#2232,1.);
#2232 = DIRECTION('',(0.,-1.));
#2233 = ( GEOMETRIC_REPRESENTATION_CONTEXT(2) 
PARAMETRIC_REPRESENTATION_CONTEXT() REPRESENTATION_CONTEXT('2D SPACE',''
  ) );
#2234 = PCURVE('',#1009,#2235);
#2235 = DEFINITIONAL_REPRESENTATION('',(#2236),#2240);
#2236 = LINE('',#2237,#2238);
#2237 = CARTESIAN_POINT('',(64.,-64.));
#2238 = VECTOR('',#2239,1.);
#2239 = DIRECTION('',(0.,1.));
#2240 = ( GEOMETRIC_REPRESENTATION_CONTEXT(2) 
PARAMETRIC_REPRESENTATION_CONTEXT() REPRESENTATION_CONTEXT('2D SPACE',''
  ) );
#2241 = ORIENTED_EDGE('',*,*,#1908,.F.);
#2242 = ORIENTED_EDGE('',*,*,#311,.T.);
#2243 = ORIENTED_EDGE('',*,*,#2244,.F.);
#2244 = EDGE_CURVE('',#2220,#283,#2245,.T.);
#2245 = SURFACE_CURVE('',#2246,(#2250,#2256),.PCURVE_S1.);
#2246 = LINE('',#2247,#2248);
#2247 = CARTESIAN_POINT('',(-16.,-32.24903099319,0.));
#2248 = VECTOR('',#2249,1.);
#2249 = DIRECTION('',(-0.,-0.,-1.));
#2250 = PCURVE('',#327,#2251);
#2251 = DEFINITIONAL_REPRESENTATION('',(#2252),#2255);
#2252 = B_SPLINE_CURVE_WITH_KNOTS('',1,(#2253,#2254),.UNSPECIFIED.,.F.,
  .F.,(2,2),(-7.5000006,6.E-07),.PIECEWISE_BEZIER_KNOTS.);
#2253 = CARTESIAN_POINT('',(7.5000006,-47.7509690068));
#2254 = CARTESIAN_POINT('',(-6.E-07,-47.7509690068));
#2255 = ( GEOMETRIC_REPRESENTATION_CONTEXT(2) 
PARAMETRIC_REPRESENTATION_CONTEXT() REPRESENTATION_CONTEXT('2D SPACE',''
  ) );
#2256 = PCURVE('',#299,#2257);
#2257 = DEFINITIONAL_REPRESENTATION('',(#2258),#2261);
#2258 = B_SPLINE_CURVE_WITH_KNOTS('',1,(#2259,#2260),.UNSPECIFIED.,.F.,
  .F.,(2,2),(-7.5000006,6.E-07),.PIECEWISE_BEZIER_KNOTS.);
#2259 = CARTESIAN_POINT('',(-4.251834988703,-7.5000006));
#2260 = CARTESIAN_POINT('',(-4.251834988703,6.E-07));
#2261 = ( GEOMETRIC_REPRESENTATION_CONTEXT(2) 
PARAMETRIC_REPRESENTATION_CONTEXT() REPRESENTATION_CONTEXT('2D SPACE',''
  ) );
#2262 = ADVANCED_FACE('',(#2263),#242,.F.);
#2263 = FACE_BOUND('',#2264,.F.);
#2264 = EDGE_LOOP('',(#2265,#2288,#2289,#2290,#2313,#2341,#2369,#2397,
    #2420,#2448,#2476,#2504));
#2265 = ORIENTED_EDGE('',*,*,#2266,.F.);
#2266 = EDGE_CURVE('',#227,#2267,#2269,.T.);
#2267 = VERTEX_POINT('',#2268);
#2268 = CARTESIAN_POINT('',(-80.,-16.,7.5));
#2269 = SURFACE_CURVE('',#2270,(#2274,#2281),.PCURVE_S1.);
#2270 = LINE('',#2271,#2272);
#2271 = CARTESIAN_POINT('',(-80.,-16.,0.));
#2272 = VECTOR('',#2273,1.);
#2273 = DIRECTION('',(0.,0.,1.));
#2274 = PCURVE('',#242,#2275);
#2275 = DEFINITIONAL_REPRESENTATION('',(#2276),#2280);
#2276 = LINE('',#2277,#2278);
#2277 = CARTESIAN_POINT('',(0.,0.));
#2278 = VECTOR('',#2279,1.);
#2279 = DIRECTION('',(1.,0.));
#2280 = ( GEOMETRIC_REPRESENTATION_CONTEXT(2) 
PARAMETRIC_REPRESENTATION_CONTEXT() REPRESENTATION_CONTEXT('2D SPACE',''
  ) );
#2281 = PCURVE('',#270,#2282);
#2282 = DEFINITIONAL_REPRESENTATION('',(#2283),#2287);
#2283 = LINE('',#2284,#2285);
#2284 = CARTESIAN_POINT('',(0.,0.));
#2285 = VECTOR('',#2286,1.);
#2286 = DIRECTION('',(1.,0.));
#2287 = ( GEOMETRIC_REPRESENTATION_CONTEXT(2) 
PARAMETRIC_REPRESENTATION_CONTEXT() REPRESENTATION_CONTEXT('2D SPACE',''
  ) );
#2288 = ORIENTED_EDGE('',*,*,#226,.T.);
#2289 = ORIENTED_EDGE('',*,*,#2171,.T.);
#2290 = ORIENTED_EDGE('',*,*,#2291,.F.);
#2291 = EDGE_CURVE('',#2292,#2172,#2294,.T.);
#2292 = VERTEX_POINT('',#2293);
#2293 = CARTESIAN_POINT('',(-80.,8.3,7.5));
#2294 = SURFACE_CURVE('',#2295,(#2299,#2306),.PCURVE_S1.);
#2295 = LINE('',#2296,#2297);
#2296 = CARTESIAN_POINT('',(-80.,-16.,7.5));
#2297 = VECTOR('',#2298,1.);
#2298 = DIRECTION('',(0.,1.,0.));
#2299 = PCURVE('',#242,#2300);
#2300 = DEFINITIONAL_REPRESENTATION('',(#2301),#2305);
#2301 = LINE('',#2302,#2303);
#2302 = CARTESIAN_POINT('',(7.5,0.));
#2303 = VECTOR('',#2304,1.);
#2304 = DIRECTION('',(0.,-1.));
#2305 = ( GEOMETRIC_REPRESENTATION_CONTEXT(2) 
PARAMETRIC_REPRESENTATION_CONTEXT() REPRESENTATION_CONTEXT('2D SPACE',''
  ) );
#2306 = PCURVE('',#1009,#2307);
#2307 = DEFINITIONAL_REPRESENTATION('',(#2308),#2312);
#2308 = LINE('',#2309,#2310);
#2309 = CARTESIAN_POINT('',(0.,0.));
#2310 = VECTOR('',#2311,1.);
#2311 = DIRECTION('',(0.,1.));
#2312 = ( GEOMETRIC_REPRESENTATION_CONTEXT(2) 
PARAMETRIC_REPRESENTATION_CONTEXT() REPRESENTATION_CONTEXT('2D SPACE',''
  ) );
#2313 = ORIENTED_EDGE('',*,*,#2314,.T.);
#2314 = EDGE_CURVE('',#2292,#2315,#2317,.T.);
#2315 = VERTEX_POINT('',#2316);
#2316 = CARTESIAN_POINT('',(-80.,8.3,37.5));
#2317 = SURFACE_CURVE('',#2318,(#2322,#2329),.PCURVE_S1.);
#2318 = LINE('',#2319,#2320);
#2319 = CARTESIAN_POINT('',(-80.,8.3,7.5));
#2320 = VECTOR('',#2321,1.);
#2321 = DIRECTION('',(0.,0.,1.));
#2322 = PCURVE('',#242,#2323);
#2323 = DEFINITIONAL_REPRESENTATION('',(#2324),#2328);
#2324 = LINE('',#2325,#2326);
#2325 = CARTESIAN_POINT('',(7.5,-24.3));
#2326 = VECTOR('',#2327,1.);
#2327 = DIRECTION('',(1.,0.));
#2328 = ( GEOMETRIC_REPRESENTATION_CONTEXT(2) 
PARAMETRIC_REPRESENTATION_CONTEXT() REPRESENTATION_CONTEXT('2D SPACE',''
  ) );
#2329 = PCURVE('',#2330,#2335);
#2330 = PLANE('',#2331);
#2331 = AXIS2_PLACEMENT_3D('',#2332,#2333,#2334);
#2332 = CARTESIAN_POINT('',(-60.,8.3,7.5));
#2333 = DIRECTION('',(-1.224646799147E-16,-1.,0.));
#2334 = DIRECTION('',(0.,0.,1.));
#2335 = DEFINITIONAL_REPRESENTATION('',(#2336),#2340);
#2336 = LINE('',#2337,#2338);
#2337 = CARTESIAN_POINT('',(0.,20.));
#2338 = VECTOR('',#2339,1.);
#2339 = DIRECTION('',(1.,0.));
#2340 = ( GEOMETRIC_REPRESENTATION_CONTEXT(2) 
PARAMETRIC_REPRESENTATION_CONTEXT() REPRESENTATION_CONTEXT('2D SPACE',''
  ) );
#2341 = ORIENTED_EDGE('',*,*,#2342,.T.);
#2342 = EDGE_CURVE('',#2315,#2343,#2345,.T.);
#2343 = VERTEX_POINT('',#2344);
#2344 = CARTESIAN_POINT('',(-80.,4.1,37.5));
#2345 = SURFACE_CURVE('',#2346,(#2350,#2357),.PCURVE_S1.);
#2346 = LINE('',#2347,#2348);
#2347 = CARTESIAN_POINT('',(-80.,8.3,37.5));
#2348 = VECTOR('',#2349,1.);
#2349 = DIRECTION('',(-1.224646799147E-16,-1.,0.));
#2350 = PCURVE('',#242,#2351);
#2351 = DEFINITIONAL_REPRESENTATION('',(#2352),#2356);
#2352 = LINE('',#2353,#2354);
#2353 = CARTESIAN_POINT('',(37.5,-24.3));
#2354 = VECTOR('',#2355,1.);
#2355 = DIRECTION('',(0.,1.));
#2356 = ( GEOMETRIC_REPRESENTATION_CONTEXT(2) 
PARAMETRIC_REPRESENTATION_CONTEXT() REPRESENTATION_CONTEXT('2D SPACE',''
  ) );
#2357 = PCURVE('',#2358,#2363);
#2358 = PLANE('',#2359);
#2359 = AXIS2_PLACEMENT_3D('',#2360,#2361,#2362);
#2360 = CARTESIAN_POINT('',(-60.,8.3,37.5));
#2361 = DIRECTION('',(0.,0.,1.));
#2362 = DIRECTION('',(-1.,1.224646799147E-16,0.));
#2363 = DEFINITIONAL_REPRESENTATION('',(#2364),#2368);
#2364 = LINE('',#2365,#2366);
#2365 = CARTESIAN_POINT('',(20.,-1.103420080506E-15));
#2366 = VECTOR('',#2367,1.);
#2367 = DIRECTION('',(0.,1.));
#2368 = ( GEOMETRIC_REPRESENTATION_CONTEXT(2) 
PARAMETRIC_REPRESENTATION_CONTEXT() REPRESENTATION_CONTEXT('2D SPACE',''
  ) );
#2369 = ORIENTED_EDGE('',*,*,#2370,.F.);
#2370 = EDGE_CURVE('',#2371,#2343,#2373,.T.);
#2371 = VERTEX_POINT('',#2372);
#2372 = CARTESIAN_POINT('',(-80.,4.1,7.5));
#2373 = SURFACE_CURVE('',#2374,(#2378,#2385),.PCURVE_S1.);
#2374 = LINE('',#2375,#2376);
#2375 = CARTESIAN_POINT('',(-80.,4.1,7.5));
#2376 = VECTOR('',#2377,1.);
#2377 = DIRECTION('',(0.,0.,1.));
#2378 = PCURVE('',#242,#2379);
#2379 = DEFINITIONAL_REPRESENTATION('',(#2380),#2384);
#2380 = LINE('',#2381,#2382);
#2381 = CARTESIAN_POINT('',(7.5,-20.1));
#2382 = VECTOR('',#2383,1.);
#2383 = DIRECTION('',(1.,0.));
#2384 = ( GEOMETRIC_REPRESENTATION_CONTEXT(2) 
PARAMETRIC_REPRESENTATION_CONTEXT() REPRESENTATION_CONTEXT('2D SPACE',''
  ) );
#2385 = PCURVE('',#2386,#2391);
#2386 = PLANE('',#2387);
#2387 = AXIS2_PLACEMENT_3D('',#2388,#2389,#2390);
#2388 = CARTESIAN_POINT('',(-60.,4.1,7.5));
#2389 = DIRECTION('',(-1.224646799147E-16,-1.,0.));
#2390 = DIRECTION('',(0.,0.,1.));
#2391 = DEFINITIONAL_REPRESENTATION('',(#2392),#2396);
#2392 = LINE('',#2393,#2394);
#2393 = CARTESIAN_POINT('',(0.,20.));
#2394 = VECTOR('',#2395,1.);
#2395 = DIRECTION('',(1.,0.));
#2396 = ( GEOMETRIC_REPRESENTATION_CONTEXT(2) 
PARAMETRIC_REPRESENTATION_CONTEXT() REPRESENTATION_CONTEXT('2D SPACE',''
  ) );
#2397 = ORIENTED_EDGE('',*,*,#2398,.F.);
#2398 = EDGE_CURVE('',#2399,#2371,#2401,.T.);
#2399 = VERTEX_POINT('',#2400);
#2400 = CARTESIAN_POINT('',(-80.,-4.1,7.5));
#2401 = SURFACE_CURVE('',#2402,(#2406,#2413),.PCURVE_S1.);
#2402 = LINE('',#2403,#2404);
#2403 = CARTESIAN_POINT('',(-80.,-16.,7.5));
#2404 = VECTOR('',#2405,1.);
#2405 = DIRECTION('',(0.,1.,0.));
#2406 = PCURVE('',#242,#2407);
#2407 = DEFINITIONAL_REPRESENTATION('',(#2408),#2412);
#2408 = LINE('',#2409,#2410);
#2409 = CARTESIAN_POINT('',(7.5,0.));
#2410 = VECTOR('',#2411,1.);
#2411 = DIRECTION('',(0.,-1.));
#2412 = ( GEOMETRIC_REPRESENTATION_CONTEXT(2) 
PARAMETRIC_REPRESENTATION_CONTEXT() REPRESENTATION_CONTEXT('2D SPACE',''
  ) );
#2413 = PCURVE('',#1009,#2414);
#2414 = DEFINITIONAL_REPRESENTATION('',(#2415),#2419);
#2415 = LINE('',#2416,#2417);
#2416 = CARTESIAN_POINT('',(0.,0.));
#2417 = VECTOR('',#2418,1.);
#2418 = DIRECTION('',(0.,1.));
#2419 = ( GEOMETRIC_REPRESENTATION_CONTEXT(2) 
PARAMETRIC_REPRESENTATION_CONTEXT() REPRESENTATION_CONTEXT('2D SPACE',''
  ) );
#2420 = ORIENTED_EDGE('',*,*,#2421,.T.);
#2421 = EDGE_CURVE('',#2399,#2422,#2424,.T.);
#2422 = VERTEX_POINT('',#2423);
#2423 = CARTESIAN_POINT('',(-80.,-4.1,37.5));
#2424 = SURFACE_CURVE('',#2425,(#2429,#2436),.PCURVE_S1.);
#2425 = LINE('',#2426,#2427);
#2426 = CARTESIAN_POINT('',(-80.,-4.1,7.5));
#2427 = VECTOR('',#2428,1.);
#2428 = DIRECTION('',(0.,0.,1.));
#2429 = PCURVE('',#242,#2430);
#2430 = DEFINITIONAL_REPRESENTATION('',(#2431),#2435);
#2431 = LINE('',#2432,#2433);
#2432 = CARTESIAN_POINT('',(7.5,-11.9));
#2433 = VECTOR('',#2434,1.);
#2434 = DIRECTION('',(1.,0.));
#2435 = ( GEOMETRIC_REPRESENTATION_CONTEXT(2) 
PARAMETRIC_REPRESENTATION_CONTEXT() REPRESENTATION_CONTEXT('2D SPACE',''
  ) );
#2436 = PCURVE('',#2437,#2442);
#2437 = PLANE('',#2438);
#2438 = AXIS2_PLACEMENT_3D('',#2439,#2440,#2441);
#2439 = CARTESIAN_POINT('',(-60.,-4.1,7.5));
#2440 = DIRECTION('',(-1.224646799147E-16,-1.,0.));
#2441 = DIRECTION('',(0.,0.,1.));
#2442 = DEFINITIONAL_REPRESENTATION('',(#2443),#2447);
#2443 = LINE('',#2444,#2445);
#2444 = CARTESIAN_POINT('',(0.,20.));
#2445 = VECTOR('',#2446,1.);
#2446 = DIRECTION('',(1.,0.));
#2447 = ( GEOMETRIC_REPRESENTATION_CONTEXT(2) 
PARAMETRIC_REPRESENTATION_CONTEXT() REPRESENTATION_CONTEXT('2D SPACE',''
  ) );
#2448 = ORIENTED_EDGE('',*,*,#2449,.T.);
#2449 = EDGE_CURVE('',#2422,#2450,#2452,.T.);
#2450 = VERTEX_POINT('',#2451);
#2451 = CARTESIAN_POINT('',(-80.,-8.3,37.5));
#2452 = SURFACE_CURVE('',#2453,(#2457,#2464),.PCURVE_S1.);
#2453 = LINE('',#2454,#2455);
#2454 = CARTESIAN_POINT('',(-80.,-4.1,37.5));
#2455 = VECTOR('',#2456,1.);
#2456 = DIRECTION('',(-1.224646799147E-16,-1.,0.));
#2457 = PCURVE('',#242,#2458);
#2458 = DEFINITIONAL_REPRESENTATION('',(#2459),#2463);
#2459 = LINE('',#2460,#2461);
#2460 = CARTESIAN_POINT('',(37.5,-11.9));
#2461 = VECTOR('',#2462,1.);
#2462 = DIRECTION('',(0.,1.));
#2463 = ( GEOMETRIC_REPRESENTATION_CONTEXT(2) 
PARAMETRIC_REPRESENTATION_CONTEXT() REPRESENTATION_CONTEXT('2D SPACE',''
  ) );
#2464 = PCURVE('',#2465,#2470);
#2465 = PLANE('',#2466);
#2466 = AXIS2_PLACEMENT_3D('',#2467,#2468,#2469);
#2467 = CARTESIAN_POINT('',(-60.,-4.1,37.5));
#2468 = DIRECTION('',(0.,0.,1.));
#2469 = DIRECTION('',(-1.,1.224646799147E-16,0.));
#2470 = DEFINITIONAL_REPRESENTATION('',(#2471),#2475);
#2471 = LINE('',#2472,#2473);
#2472 = CARTESIAN_POINT('',(20.,-2.152416608057E-16));
#2473 = VECTOR('',#2474,1.);
#2474 = DIRECTION('',(0.,1.));
#2475 = ( GEOMETRIC_REPRESENTATION_CONTEXT(2) 
PARAMETRIC_REPRESENTATION_CONTEXT() REPRESENTATION_CONTEXT('2D SPACE',''
  ) );
#2476 = ORIENTED_EDGE('',*,*,#2477,.F.);
#2477 = EDGE_CURVE('',#2478,#2450,#2480,.T.);
#2478 = VERTEX_POINT('',#2479);
#2479 = CARTESIAN_POINT('',(-80.,-8.3,7.5));
#2480 = SURFACE_CURVE('',#2481,(#2485,#2492),.PCURVE_S1.);
#2481 = LINE('',#2482,#2483);
#2482 = CARTESIAN_POINT('',(-80.,-8.3,7.5));
#2483 = VECTOR('',#2484,1.);
#2484 = DIRECTION('',(0.,0.,1.));
#2485 = PCURVE('',#242,#2486);
#2486 = DEFINITIONAL_REPRESENTATION('',(#2487),#2491);
#2487 = LINE('',#2488,#2489);
#2488 = CARTESIAN_POINT('',(7.5,-7.7));
#2489 = VECTOR('',#2490,1.);
#2490 = DIRECTION('',(1.,0.));
#2491 = ( GEOMETRIC_REPRESENTATION_CONTEXT(2) 
PARAMETRIC_REPRESENTATION_CONTEXT() REPRESENTATION_CONTEXT('2D SPACE',''
  ) );
#2492 = PCURVE('',#2493,#2498);
#2493 = PLANE('',#2494);
#2494 = AXIS2_PLACEMENT_3D('',#2495,#2496,#2497);
#2495 = CARTESIAN_POINT('',(-60.,-8.3,7.5));
#2496 = DIRECTION('',(-1.224646799147E-16,-1.,0.));
#2497 = DIRECTION('',(0.,0.,1.));
#2498 = DEFINITIONAL_REPRESENTATION('',(#2499),#2503);
#2499 = LINE('',#2500,#2501);
#2500 = CARTESIAN_POINT('',(0.,20.));
#2501 = VECTOR('',#2502,1.);
#2502 = DIRECTION('',(1.,0.));
#2503 = ( GEOMETRIC_REPRESENTATION_CONTEXT(2) 
PARAMETRIC_REPRESENTATION_CONTEXT() REPRESENTATION_CONTEXT('2D SPACE',''
  ) );
#2504 = ORIENTED_EDGE('',*,*,#2505,.F.);
#2505 = EDGE_CURVE('',#2267,#2478,#2506,.T.);
#2506 = SURFACE_CURVE('',#2507,(#2511,#2518),.PCURVE_S1.);
#2507 = LINE('',#2508,#2509);
#2508 = CARTESIAN_POINT('',(-80.,-16.,7.5));
#2509 = VECTOR('',#2510,1.);
#2510 = DIRECTION('',(0.,1.,0.));
#2511 = PCURVE('',#242,#2512);
#2512 = DEFINITIONAL_REPRESENTATION('',(#2513),#2517);
#2513 = LINE('',#2514,#2515);
#2514 = CARTESIAN_POINT('',(7.5,0.));
#2515 = VECTOR('',#2516,1.);
#2516 = DIRECTION('',(0.,-1.));
#2517 = ( GEOMETRIC_REPRESENTATION_CONTEXT(2) 
PARAMETRIC_REPRESENTATION_CONTEXT() REPRESENTATION_CONTEXT('2D SPACE',''
  ) );
#2518 = PCURVE('',#1009,#2519);
#2519 = DEFINITIONAL_REPRESENTATION('',(#2520),#2524);
#2520 = LINE('',#2521,#2522);
#2521 = CARTESIAN_POINT('',(0.,0.));
#2522 = VECTOR('',#2523,1.);
#2523 = DIRECTION('',(0.,1.));
#2524 = ( GEOMETRIC_REPRESENTATION_CONTEXT(2) 
PARAMETRIC_REPRESENTATION_CONTEXT() REPRESENTATION_CONTEXT('2D SPACE',''
  ) );
#2525 = ADVANCED_FACE('',(#2526),#299,.T.);
#2526 = FACE_BOUND('',#2527,.F.);
#2527 = EDGE_LOOP('',(#2528,#2552,#2553,#2554));
#2528 = ORIENTED_EDGE('',*,*,#2529,.T.);
#2529 = EDGE_CURVE('',#2530,#2220,#2532,.T.);
#2530 = VERTEX_POINT('',#2531);
#2531 = CARTESIAN_POINT('',(-32.24903099319,-16.,7.5));
#2532 = SURFACE_CURVE('',#2533,(#2538,#2545),.PCURVE_S1.);
#2533 = CIRCLE('',#2534,36.);
#2534 = AXIS2_PLACEMENT_3D('',#2535,#2536,#2537);
#2535 = CARTESIAN_POINT('',(0.,0.,7.5));
#2536 = DIRECTION('',(0.,0.,1.));
#2537 = DIRECTION('',(1.,0.,0.));
#2538 = PCURVE('',#299,#2539);
#2539 = DEFINITIONAL_REPRESENTATION('',(#2540),#2544);
#2540 = LINE('',#2541,#2542);
#2541 = CARTESIAN_POINT('',(-0.,-7.5));
#2542 = VECTOR('',#2543,1.);
#2543 = DIRECTION('',(-1.,0.));
#2544 = ( GEOMETRIC_REPRESENTATION_CONTEXT(2) 
PARAMETRIC_REPRESENTATION_CONTEXT() REPRESENTATION_CONTEXT('2D SPACE',''
  ) );
#2545 = PCURVE('',#1009,#2546);
#2546 = DEFINITIONAL_REPRESENTATION('',(#2547),#2551);
#2547 = CIRCLE('',#2548,36.);
#2548 = AXIS2_PLACEMENT_2D('',#2549,#2550);
#2549 = CARTESIAN_POINT('',(80.,16.));
#2550 = DIRECTION('',(1.,0.));
#2551 = ( GEOMETRIC_REPRESENTATION_CONTEXT(2) 
PARAMETRIC_REPRESENTATION_CONTEXT() REPRESENTATION_CONTEXT('2D SPACE',''
  ) );
#2552 = ORIENTED_EDGE('',*,*,#2244,.T.);
#2553 = ORIENTED_EDGE('',*,*,#282,.F.);
#2554 = ORIENTED_EDGE('',*,*,#2555,.F.);
#2555 = EDGE_CURVE('',#2530,#255,#2556,.T.);
#2556 = SURFACE_CURVE('',#2557,(#2561,#2567),.PCURVE_S1.);
#2557 = LINE('',#2558,#2559);
#2558 = CARTESIAN_POINT('',(-32.24903099319,-16.,0.));
#2559 = VECTOR('',#2560,1.);
#2560 = DIRECTION('',(-0.,-0.,-1.));
#2561 = PCURVE('',#299,#2562);
#2562 = DEFINITIONAL_REPRESENTATION('',(#2563),#2566);
#2563 = B_SPLINE_CURVE_WITH_KNOTS('',1,(#2564,#2565),.UNSPECIFIED.,.F.,
  .F.,(2,2),(-7.5000006,6.E-07),.PIECEWISE_BEZIER_KNOTS.);
#2564 = CARTESIAN_POINT('',(-3.602146645271,-7.5000006));
#2565 = CARTESIAN_POINT('',(-3.602146645271,6.E-07));
#2566 = ( GEOMETRIC_REPRESENTATION_CONTEXT(2) 
PARAMETRIC_REPRESENTATION_CONTEXT() REPRESENTATION_CONTEXT('2D SPACE',''
  ) );
#2567 = PCURVE('',#270,#2568);
#2568 = DEFINITIONAL_REPRESENTATION('',(#2569),#2572);
#2569 = B_SPLINE_CURVE_WITH_KNOTS('',1,(#2570,#2571),.UNSPECIFIED.,.F.,
  .F.,(2,2),(-7.5000006,6.E-07),.PIECEWISE_BEZIER_KNOTS.);
#2570 = CARTESIAN_POINT('',(7.5000006,47.750969006806));
#2571 = CARTESIAN_POINT('',(-6.E-07,47.750969006806));
#2572 = ( GEOMETRIC_REPRESENTATION_CONTEXT(2) 
PARAMETRIC_REPRESENTATION_CONTEXT() REPRESENTATION_CONTEXT('2D SPACE',''
  ) );
#2573 = ADVANCED_FACE('',(#2574),#270,.F.);
#2574 = FACE_BOUND('',#2575,.F.);
#2575 = EDGE_LOOP('',(#2576,#2577,#2578,#2599));
#2576 = ORIENTED_EDGE('',*,*,#254,.F.);
#2577 = ORIENTED_EDGE('',*,*,#2266,.T.);
#2578 = ORIENTED_EDGE('',*,*,#2579,.T.);
#2579 = EDGE_CURVE('',#2267,#2530,#2580,.T.);
#2580 = SURFACE_CURVE('',#2581,(#2585,#2592),.PCURVE_S1.);
#2581 = LINE('',#2582,#2583);
#2582 = CARTESIAN_POINT('',(-80.,-16.,7.5));
#2583 = VECTOR('',#2584,1.);
#2584 = DIRECTION('',(1.,0.,0.));
#2585 = PCURVE('',#270,#2586);
#2586 = DEFINITIONAL_REPRESENTATION('',(#2587),#2591);
#2587 = LINE('',#2588,#2589);
#2588 = CARTESIAN_POINT('',(7.5,0.));
#2589 = VECTOR('',#2590,1.);
#2590 = DIRECTION('',(0.,1.));
#2591 = ( GEOMETRIC_REPRESENTATION_CONTEXT(2) 
PARAMETRIC_REPRESENTATION_CONTEXT() REPRESENTATION_CONTEXT('2D SPACE',''
  ) );
#2592 = PCURVE('',#1009,#2593);
#2593 = DEFINITIONAL_REPRESENTATION('',(#2594),#2598);
#2594 = LINE('',#2595,#2596);
#2595 = CARTESIAN_POINT('',(0.,0.));
#2596 = VECTOR('',#2597,1.);
#2597 = DIRECTION('',(1.,0.));
#2598 = ( GEOMETRIC_REPRESENTATION_CONTEXT(2) 
PARAMETRIC_REPRESENTATION_CONTEXT() REPRESENTATION_CONTEXT('2D SPACE',''
  ) );
#2599 = ORIENTED_EDGE('',*,*,#2555,.T.);
#2600 = ADVANCED_FACE('',(#2601),#497,.T.);
#2601 = FACE_BOUND('',#2602,.T.);
#2602 = EDGE_LOOP('',(#2603,#2626,#2627,#2650));
#2603 = ORIENTED_EDGE('',*,*,#2604,.F.);
#2604 = EDGE_CURVE('',#481,#2605,#2607,.T.);
#2605 = VERTEX_POINT('',#2606);
#2606 = CARTESIAN_POINT('',(-7.,-47.,7.5));
#2607 = SURFACE_CURVE('',#2608,(#2612,#2619),.PCURVE_S1.);
#2608 = LINE('',#2609,#2610);
#2609 = CARTESIAN_POINT('',(-7.,-47.,-1.));
#2610 = VECTOR('',#2611,1.);
#2611 = DIRECTION('',(0.,0.,1.));
#2612 = PCURVE('',#497,#2613);
#2613 = DEFINITIONAL_REPRESENTATION('',(#2614),#2618);
#2614 = LINE('',#2615,#2616);
#2615 = CARTESIAN_POINT('',(0.,6.));
#2616 = VECTOR('',#2617,1.);
#2617 = DIRECTION('',(1.,0.));
#2618 = ( GEOMETRIC_REPRESENTATION_CONTEXT(2) 
PARAMETRIC_REPRESENTATION_CONTEXT() REPRESENTATION_CONTEXT('2D SPACE',''
  ) );
#2619 = PCURVE('',#573,#2620);
#2620 = DEFINITIONAL_REPRESENTATION('',(#2621),#2625);
#2621 = LINE('',#2622,#2623);
#2622 = CARTESIAN_POINT('',(0.,0.));
#2623 = VECTOR('',#2624,1.);
#2624 = DIRECTION('',(1.,0.));
#2625 = ( GEOMETRIC_REPRESENTATION_CONTEXT(2) 
PARAMETRIC_REPRESENTATION_CONTEXT() REPRESENTATION_CONTEXT('2D SPACE',''
  ) );
#2626 = ORIENTED_EDGE('',*,*,#480,.T.);
#2627 = ORIENTED_EDGE('',*,*,#2628,.T.);
#2628 = EDGE_CURVE('',#483,#2629,#2631,.T.);
#2629 = VERTEX_POINT('',#2630);
#2630 = CARTESIAN_POINT('',(-7.,-41.,7.5));
#2631 = SURFACE_CURVE('',#2632,(#2636,#2643),.PCURVE_S1.);
#2632 = LINE('',#2633,#2634);
#2633 = CARTESIAN_POINT('',(-7.,-41.,-1.));
#2634 = VECTOR('',#2635,1.);
#2635 = DIRECTION('',(0.,0.,1.));
#2636 = PCURVE('',#497,#2637);
#2637 = DEFINITIONAL_REPRESENTATION('',(#2638),#2642);
#2638 = LINE('',#2639,#2640);
#2639 = CARTESIAN_POINT('',(0.,0.));
#2640 = VECTOR('',#2641,1.);
#2641 = DIRECTION('',(1.,0.));
#2642 = ( GEOMETRIC_REPRESENTATION_CONTEXT(2) 
PARAMETRIC_REPRESENTATION_CONTEXT() REPRESENTATION_CONTEXT('2D SPACE',''
  ) );
#2643 = PCURVE('',#523,#2644);
#2644 = DEFINITIONAL_REPRESENTATION('',(#2645),#2649);
#2645 = LINE('',#2646,#2647);
#2646 = CARTESIAN_POINT('',(0.,0.));
#2647 = VECTOR('',#2648,1.);
#2648 = DIRECTION('',(1.,0.));
#2649 = ( GEOMETRIC_REPRESENTATION_CONTEXT(2) 
PARAMETRIC_REPRESENTATION_CONTEXT() REPRESENTATION_CONTEXT('2D SPACE',''
  ) );
#2650 = ORIENTED_EDGE('',*,*,#2651,.F.);
#2651 = EDGE_CURVE('',#2605,#2629,#2652,.T.);
#2652 = SURFACE_CURVE('',#2653,(#2657,#2663),.PCURVE_S1.);
#2653 = LINE('',#2654,#2655);
#2654 = CARTESIAN_POINT('',(-7.,-28.5,7.5));
#2655 = VECTOR('',#2656,1.);
#2656 = DIRECTION('',(2.22044604925E-16,1.,-0.));
#2657 = PCURVE('',#497,#2658);
#2658 = DEFINITIONAL_REPRESENTATION('',(#2659),#2662);
#2659 = B_SPLINE_CURVE_WITH_KNOTS('',1,(#2660,#2661),.UNSPECIFIED.,.F.,
  .F.,(2,2),(-18.5,-12.5),.PIECEWISE_BEZIER_KNOTS.);
#2660 = CARTESIAN_POINT('',(8.5,6.));
#2661 = CARTESIAN_POINT('',(8.5,0.));
#2662 = ( GEOMETRIC_REPRESENTATION_CONTEXT(2) 
PARAMETRIC_REPRESENTATION_CONTEXT() REPRESENTATION_CONTEXT('2D SPACE',''
  ) );
#2663 = PCURVE('',#1009,#2664);
#2664 = DEFINITIONAL_REPRESENTATION('',(#2665),#2668);
#2665 = B_SPLINE_CURVE_WITH_KNOTS('',1,(#2666,#2667),.UNSPECIFIED.,.F.,
  .F.,(2,2),(-18.5,-12.5),.PIECEWISE_BEZIER_KNOTS.);
#2666 = CARTESIAN_POINT('',(73.,-31.));
#2667 = CARTESIAN_POINT('',(73.,-25.));
#2668 = ( GEOMETRIC_REPRESENTATION_CONTEXT(2) 
PARAMETRIC_REPRESENTATION_CONTEXT() REPRESENTATION_CONTEXT('2D SPACE',''
  ) );
#2669 = ADVANCED_FACE('',(#2670),#573,.F.);
#2670 = FACE_BOUND('',#2671,.F.);
#2671 = EDGE_LOOP('',(#2672,#2673,#2674,#2697));
#2672 = ORIENTED_EDGE('',*,*,#2604,.F.);
#2673 = ORIENTED_EDGE('',*,*,#560,.T.);
#2674 = ORIENTED_EDGE('',*,*,#2675,.T.);
#2675 = EDGE_CURVE('',#535,#2676,#2678,.T.);
#2676 = VERTEX_POINT('',#2677);
#2677 = CARTESIAN_POINT('',(7.,-47.,7.5));
#2678 = SURFACE_CURVE('',#2679,(#2683,#2690),.PCURVE_S1.);
#2679 = LINE('',#2680,#2681);
#2680 = CARTESIAN_POINT('',(7.,-47.,-1.));
#2681 = VECTOR('',#2682,1.);
#2682 = DIRECTION('',(0.,0.,1.));
#2683 = PCURVE('',#573,#2684);
#2684 = DEFINITIONAL_REPRESENTATION('',(#2685),#2689);
#2685 = LINE('',#2686,#2687);
#2686 = CARTESIAN_POINT('',(0.,-14.));
#2687 = VECTOR('',#2688,1.);
#2688 = DIRECTION('',(1.,0.));
#2689 = ( GEOMETRIC_REPRESENTATION_CONTEXT(2) 
PARAMETRIC_REPRESENTATION_CONTEXT() REPRESENTATION_CONTEXT('2D SPACE',''
  ) );
#2690 = PCURVE('',#549,#2691);
#2691 = DEFINITIONAL_REPRESENTATION('',(#2692),#2696);
#2692 = LINE('',#2693,#2694);
#2693 = CARTESIAN_POINT('',(0.,6.));
#2694 = VECTOR('',#2695,1.);
#2695 = DIRECTION('',(1.,0.));
#2696 = ( GEOMETRIC_REPRESENTATION_CONTEXT(2) 
PARAMETRIC_REPRESENTATION_CONTEXT() REPRESENTATION_CONTEXT('2D SPACE',''
  ) );
#2697 = ORIENTED_EDGE('',*,*,#2698,.F.);
#2698 = EDGE_CURVE('',#2605,#2676,#2699,.T.);
#2699 = SURFACE_CURVE('',#2700,(#2704,#2710),.PCURVE_S1.);
#2700 = LINE('',#2701,#2702);
#2701 = CARTESIAN_POINT('',(-43.5,-47.,7.5));
#2702 = VECTOR('',#2703,1.);
#2703 = DIRECTION('',(1.,-2.22044604925E-16,0.));
#2704 = PCURVE('',#573,#2705);
#2705 = DEFINITIONAL_REPRESENTATION('',(#2706),#2709);
#2706 = B_SPLINE_CURVE_WITH_KNOTS('',1,(#2707,#2708),.UNSPECIFIED.,.F.,
  .F.,(2,2),(36.5,50.5),.PIECEWISE_BEZIER_KNOTS.);
#2707 = CARTESIAN_POINT('',(8.5,0.));
#2708 = CARTESIAN_POINT('',(8.5,-14.));
#2709 = ( GEOMETRIC_REPRESENTATION_CONTEXT(2) 
PARAMETRIC_REPRESENTATION_CONTEXT() REPRESENTATION_CONTEXT('2D SPACE',''
  ) );
#2710 = PCURVE('',#1009,#2711);
#2711 = DEFINITIONAL_REPRESENTATION('',(#2712),#2715);
#2712 = B_SPLINE_CURVE_WITH_KNOTS('',1,(#2713,#2714),.UNSPECIFIED.,.F.,
  .F.,(2,2),(36.5,50.5),.PIECEWISE_BEZIER_KNOTS.);
#2713 = CARTESIAN_POINT('',(73.,-31.));
#2714 = CARTESIAN_POINT('',(87.,-31.));
#2715 = ( GEOMETRIC_REPRESENTATION_CONTEXT(2) 
PARAMETRIC_REPRESENTATION_CONTEXT() REPRESENTATION_CONTEXT('2D SPACE',''
  ) );
#2716 = ADVANCED_FACE('',(#2717),#523,.T.);
#2717 = FACE_BOUND('',#2718,.T.);
#2718 = EDGE_LOOP('',(#2719,#2720,#2721,#2744));
#2719 = ORIENTED_EDGE('',*,*,#2628,.F.);
#2720 = ORIENTED_EDGE('',*,*,#508,.T.);
#2721 = ORIENTED_EDGE('',*,*,#2722,.T.);
#2722 = EDGE_CURVE('',#509,#2723,#2725,.T.);
#2723 = VERTEX_POINT('',#2724);
#2724 = CARTESIAN_POINT('',(7.,-41.,7.5));
#2725 = SURFACE_CURVE('',#2726,(#2730,#2737),.PCURVE_S1.);
#2726 = LINE('',#2727,#2728);
#2727 = CARTESIAN_POINT('',(7.,-41.,-1.));
#2728 = VECTOR('',#2729,1.);
#2729 = DIRECTION('',(0.,0.,1.));
#2730 = PCURVE('',#523,#2731);
#2731 = DEFINITIONAL_REPRESENTATION('',(#2732),#2736);
#2732 = LINE('',#2733,#2734);
#2733 = CARTESIAN_POINT('',(0.,-14.));
#2734 = VECTOR('',#2735,1.);
#2735 = DIRECTION('',(1.,0.));
#2736 = ( GEOMETRIC_REPRESENTATION_CONTEXT(2) 
PARAMETRIC_REPRESENTATION_CONTEXT() REPRESENTATION_CONTEXT('2D SPACE',''
  ) );
#2737 = PCURVE('',#549,#2738);
#2738 = DEFINITIONAL_REPRESENTATION('',(#2739),#2743);
#2739 = LINE('',#2740,#2741);
#2740 = CARTESIAN_POINT('',(0.,0.));
#2741 = VECTOR('',#2742,1.);
#2742 = DIRECTION('',(1.,0.));
#2743 = ( GEOMETRIC_REPRESENTATION_CONTEXT(2) 
PARAMETRIC_REPRESENTATION_CONTEXT() REPRESENTATION_CONTEXT('2D SPACE',''
  ) );
#2744 = ORIENTED_EDGE('',*,*,#2745,.F.);
#2745 = EDGE_CURVE('',#2629,#2723,#2746,.T.);
#2746 = SURFACE_CURVE('',#2747,(#2751,#2757),.PCURVE_S1.);
#2747 = LINE('',#2748,#2749);
#2748 = CARTESIAN_POINT('',(-43.5,-41.,7.5));
#2749 = VECTOR('',#2750,1.);
#2750 = DIRECTION('',(1.,-2.22044604925E-16,0.));
#2751 = PCURVE('',#523,#2752);
#2752 = DEFINITIONAL_REPRESENTATION('',(#2753),#2756);
#2753 = B_SPLINE_CURVE_WITH_KNOTS('',1,(#2754,#2755),.UNSPECIFIED.,.F.,
  .F.,(2,2),(36.5,50.5),.PIECEWISE_BEZIER_KNOTS.);
#2754 = CARTESIAN_POINT('',(8.5,0.));
#2755 = CARTESIAN_POINT('',(8.5,-14.));
#2756 = ( GEOMETRIC_REPRESENTATION_CONTEXT(2) 
PARAMETRIC_REPRESENTATION_CONTEXT() REPRESENTATION_CONTEXT('2D SPACE',''
  ) );
#2757 = PCURVE('',#1009,#2758);
#2758 = DEFINITIONAL_REPRESENTATION('',(#2759),#2762);
#2759 = B_SPLINE_CURVE_WITH_KNOTS('',1,(#2760,#2761),.UNSPECIFIED.,.F.,
  .F.,(2,2),(36.5,50.5),.PIECEWISE_BEZIER_KNOTS.);
#2760 = CARTESIAN_POINT('',(73.,-25.));
#2761 = CARTESIAN_POINT('',(87.,-25.));
#2762 = ( GEOMETRIC_REPRESENTATION_CONTEXT(2) 
PARAMETRIC_REPRESENTATION_CONTEXT() REPRESENTATION_CONTEXT('2D SPACE',''
  ) );
#2763 = ADVANCED_FACE('',(#2764),#549,.F.);
#2764 = FACE_BOUND('',#2765,.F.);
#2765 = EDGE_LOOP('',(#2766,#2767,#2768,#2769));
#2766 = ORIENTED_EDGE('',*,*,#2675,.F.);
#2767 = ORIENTED_EDGE('',*,*,#534,.T.);
#2768 = ORIENTED_EDGE('',*,*,#2722,.T.);
#2769 = ORIENTED_EDGE('',*,*,#2770,.F.);
#2770 = EDGE_CURVE('',#2676,#2723,#2771,.T.);
#2771 = SURFACE_CURVE('',#2772,(#2776,#2782),.PCURVE_S1.);
#2772 = LINE('',#2773,#2774);
#2773 = CARTESIAN_POINT('',(7.,-28.5,7.5));
#2774 = VECTOR('',#2775,1.);
#2775 = DIRECTION('',(2.22044604925E-16,1.,-0.));
#2776 = PCURVE('',#549,#2777);
#2777 = DEFINITIONAL_REPRESENTATION('',(#2778),#2781);
#2778 = B_SPLINE_CURVE_WITH_KNOTS('',1,(#2779,#2780),.UNSPECIFIED.,.F.,
  .F.,(2,2),(-18.5,-12.5),.PIECEWISE_BEZIER_KNOTS.);
#2779 = CARTESIAN_POINT('',(8.5,6.));
#2780 = CARTESIAN_POINT('',(8.5,0.));
#2781 = ( GEOMETRIC_REPRESENTATION_CONTEXT(2) 
PARAMETRIC_REPRESENTATION_CONTEXT() REPRESENTATION_CONTEXT('2D SPACE',''
  ) );
#2782 = PCURVE('',#1009,#2783);
#2783 = DEFINITIONAL_REPRESENTATION('',(#2784),#2787);
#2784 = B_SPLINE_CURVE_WITH_KNOTS('',1,(#2785,#2786),.UNSPECIFIED.,.F.,
  .F.,(2,2),(-18.5,-12.5),.PIECEWISE_BEZIER_KNOTS.);
#2785 = CARTESIAN_POINT('',(87.,-31.));
#2786 = CARTESIAN_POINT('',(87.,-25.));
#2787 = ( GEOMETRIC_REPRESENTATION_CONTEXT(2) 
PARAMETRIC_REPRESENTATION_CONTEXT() REPRESENTATION_CONTEXT('2D SPACE',''
  ) );
#2788 = ADVANCED_FACE('',(#2789),#603,.T.);
#2789 = FACE_BOUND('',#2790,.T.);
#2790 = EDGE_LOOP('',(#2791,#2814,#2815,#2838));
#2791 = ORIENTED_EDGE('',*,*,#2792,.F.);
#2792 = EDGE_CURVE('',#587,#2793,#2795,.T.);
#2793 = VERTEX_POINT('',#2794);
#2794 = CARTESIAN_POINT('',(-47.,7.,7.5));
#2795 = SURFACE_CURVE('',#2796,(#2800,#2807),.PCURVE_S1.);
#2796 = LINE('',#2797,#2798);
#2797 = CARTESIAN_POINT('',(-47.,7.,-1.));
#2798 = VECTOR('',#2799,1.);
#2799 = DIRECTION('',(0.,0.,1.));
#2800 = PCURVE('',#603,#2801);
#2801 = DEFINITIONAL_REPRESENTATION('',(#2802),#2806);
#2802 = LINE('',#2803,#2804);
#2803 = CARTESIAN_POINT('',(0.,6.));
#2804 = VECTOR('',#2805,1.);
#2805 = DIRECTION('',(1.,0.));
#2806 = ( GEOMETRIC_REPRESENTATION_CONTEXT(2) 
PARAMETRIC_REPRESENTATION_CONTEXT() REPRESENTATION_CONTEXT('2D SPACE',''
  ) );
#2807 = PCURVE('',#679,#2808);
#2808 = DEFINITIONAL_REPRESENTATION('',(#2809),#2813);
#2809 = LINE('',#2810,#2811);
#2810 = CARTESIAN_POINT('',(0.,0.));
#2811 = VECTOR('',#2812,1.);
#2812 = DIRECTION('',(1.,0.));
#2813 = ( GEOMETRIC_REPRESENTATION_CONTEXT(2) 
PARAMETRIC_REPRESENTATION_CONTEXT() REPRESENTATION_CONTEXT('2D SPACE',''
  ) );
#2814 = ORIENTED_EDGE('',*,*,#586,.T.);
#2815 = ORIENTED_EDGE('',*,*,#2816,.T.);
#2816 = EDGE_CURVE('',#589,#2817,#2819,.T.);
#2817 = VERTEX_POINT('',#2818);
#2818 = CARTESIAN_POINT('',(-41.,7.,7.5));
#2819 = SURFACE_CURVE('',#2820,(#2824,#2831),.PCURVE_S1.);
#2820 = LINE('',#2821,#2822);
#2821 = CARTESIAN_POINT('',(-41.,7.,-1.));
#2822 = VECTOR('',#2823,1.);
#2823 = DIRECTION('',(0.,0.,1.));
#2824 = PCURVE('',#603,#2825);
#2825 = DEFINITIONAL_REPRESENTATION('',(#2826),#2830);
#2826 = LINE('',#2827,#2828);
#2827 = CARTESIAN_POINT('',(0.,0.));
#2828 = VECTOR('',#2829,1.);
#2829 = DIRECTION('',(1.,0.));
#2830 = ( GEOMETRIC_REPRESENTATION_CONTEXT(2) 
PARAMETRIC_REPRESENTATION_CONTEXT() REPRESENTATION_CONTEXT('2D SPACE',''
  ) );
#2831 = PCURVE('',#629,#2832);
#2832 = DEFINITIONAL_REPRESENTATION('',(#2833),#2837);
#2833 = LINE('',#2834,#2835);
#2834 = CARTESIAN_POINT('',(0.,0.));
#2835 = VECTOR('',#2836,1.);
#2836 = DIRECTION('',(1.,0.));
#2837 = ( GEOMETRIC_REPRESENTATION_CONTEXT(2) 
PARAMETRIC_REPRESENTATION_CONTEXT() REPRESENTATION_CONTEXT('2D SPACE',''
  ) );
#2838 = ORIENTED_EDGE('',*,*,#2839,.F.);
#2839 = EDGE_CURVE('',#2793,#2817,#2840,.T.);
#2840 = SURFACE_CURVE('',#2841,(#2845,#2851),.PCURVE_S1.);
#2841 = LINE('',#2842,#2843);
#2842 = CARTESIAN_POINT('',(-60.5,7.,7.5));
#2843 = VECTOR('',#2844,1.);
#2844 = DIRECTION('',(1.,-1.224646799147E-16,0.));
#2845 = PCURVE('',#603,#2846);
#2846 = DEFINITIONAL_REPRESENTATION('',(#2847),#2850);
#2847 = B_SPLINE_CURVE_WITH_KNOTS('',1,(#2848,#2849),.UNSPECIFIED.,.F.,
  .F.,(2,2),(13.5,19.5),.PIECEWISE_BEZIER_KNOTS.);
#2848 = CARTESIAN_POINT('',(8.5,6.));
#2849 = CARTESIAN_POINT('',(8.5,0.));
#2850 = ( GEOMETRIC_REPRESENTATION_CONTEXT(2) 
PARAMETRIC_REPRESENTATION_CONTEXT() REPRESENTATION_CONTEXT('2D SPACE',''
  ) );
#2851 = PCURVE('',#1009,#2852);
#2852 = DEFINITIONAL_REPRESENTATION('',(#2853),#2856);
#2853 = B_SPLINE_CURVE_WITH_KNOTS('',1,(#2854,#2855),.UNSPECIFIED.,.F.,
  .F.,(2,2),(13.5,19.5),.PIECEWISE_BEZIER_KNOTS.);
#2854 = CARTESIAN_POINT('',(33.,23.));
#2855 = CARTESIAN_POINT('',(39.,23.));
#2856 = ( GEOMETRIC_REPRESENTATION_CONTEXT(2) 
PARAMETRIC_REPRESENTATION_CONTEXT() REPRESENTATION_CONTEXT('2D SPACE',''
  ) );
#2857 = ADVANCED_FACE('',(#2858),#679,.F.);
#2858 = FACE_BOUND('',#2859,.F.);
#2859 = EDGE_LOOP('',(#2860,#2861,#2862,#2885));
#2860 = ORIENTED_EDGE('',*,*,#2792,.F.);
#2861 = ORIENTED_EDGE('',*,*,#666,.T.);
#2862 = ORIENTED_EDGE('',*,*,#2863,.T.);
#2863 = EDGE_CURVE('',#641,#2864,#2866,.T.);
#2864 = VERTEX_POINT('',#2865);
#2865 = CARTESIAN_POINT('',(-47.,-7.,7.5));
#2866 = SURFACE_CURVE('',#2867,(#2871,#2878),.PCURVE_S1.);
#2867 = LINE('',#2868,#2869);
#2868 = CARTESIAN_POINT('',(-47.,-7.,-1.));
#2869 = VECTOR('',#2870,1.);
#2870 = DIRECTION('',(0.,0.,1.));
#2871 = PCURVE('',#679,#2872);
#2872 = DEFINITIONAL_REPRESENTATION('',(#2873),#2877);
#2873 = LINE('',#2874,#2875);
#2874 = CARTESIAN_POINT('',(0.,-14.));
#2875 = VECTOR('',#2876,1.);
#2876 = DIRECTION('',(1.,0.));
#2877 = ( GEOMETRIC_REPRESENTATION_CONTEXT(2) 
PARAMETRIC_REPRESENTATION_CONTEXT() REPRESENTATION_CONTEXT('2D SPACE',''
  ) );
#2878 = PCURVE('',#655,#2879);
#2879 = DEFINITIONAL_REPRESENTATION('',(#2880),#2884);
#2880 = LINE('',#2881,#2882);
#2881 = CARTESIAN_POINT('',(0.,6.));
#2882 = VECTOR('',#2883,1.);
#2883 = DIRECTION('',(1.,0.));
#2884 = ( GEOMETRIC_REPRESENTATION_CONTEXT(2) 
PARAMETRIC_REPRESENTATION_CONTEXT() REPRESENTATION_CONTEXT('2D SPACE',''
  ) );
#2885 = ORIENTED_EDGE('',*,*,#2886,.F.);
#2886 = EDGE_CURVE('',#2793,#2864,#2887,.T.);
#2887 = SURFACE_CURVE('',#2888,(#2892,#2898),.PCURVE_S1.);
#2888 = LINE('',#2889,#2890);
#2889 = CARTESIAN_POINT('',(-47.,-4.5,7.5));
#2890 = VECTOR('',#2891,1.);
#2891 = DIRECTION('',(-1.224646799147E-16,-1.,0.));
#2892 = PCURVE('',#679,#2893);
#2893 = DEFINITIONAL_REPRESENTATION('',(#2894),#2897);
#2894 = B_SPLINE_CURVE_WITH_KNOTS('',1,(#2895,#2896),.UNSPECIFIED.,.F.,
  .F.,(2,2),(-11.5,2.5),.PIECEWISE_BEZIER_KNOTS.);
#2895 = CARTESIAN_POINT('',(8.5,0.));
#2896 = CARTESIAN_POINT('',(8.5,-14.));
#2897 = ( GEOMETRIC_REPRESENTATION_CONTEXT(2) 
PARAMETRIC_REPRESENTATION_CONTEXT() REPRESENTATION_CONTEXT('2D SPACE',''
  ) );
#2898 = PCURVE('',#1009,#2899);
#2899 = DEFINITIONAL_REPRESENTATION('',(#2900),#2903);
#2900 = B_SPLINE_CURVE_WITH_KNOTS('',1,(#2901,#2902),.UNSPECIFIED.,.F.,
  .F.,(2,2),(-11.5,2.5),.PIECEWISE_BEZIER_KNOTS.);
#2901 = CARTESIAN_POINT('',(33.,23.));
#2902 = CARTESIAN_POINT('',(33.,9.));
#2903 = ( GEOMETRIC_REPRESENTATION_CONTEXT(2) 
PARAMETRIC_REPRESENTATION_CONTEXT() REPRESENTATION_CONTEXT('2D SPACE',''
  ) );
#2904 = ADVANCED_FACE('',(#2905),#629,.T.);
#2905 = FACE_BOUND('',#2906,.T.);
#2906 = EDGE_LOOP('',(#2907,#2908,#2909,#2932));
#2907 = ORIENTED_EDGE('',*,*,#2816,.F.);
#2908 = ORIENTED_EDGE('',*,*,#614,.T.);
#2909 = ORIENTED_EDGE('',*,*,#2910,.T.);
#2910 = EDGE_CURVE('',#615,#2911,#2913,.T.);
#2911 = VERTEX_POINT('',#2912);
#2912 = CARTESIAN_POINT('',(-41.,-7.,7.5));
#2913 = SURFACE_CURVE('',#2914,(#2918,#2925),.PCURVE_S1.);
#2914 = LINE('',#2915,#2916);
#2915 = CARTESIAN_POINT('',(-41.,-7.,-1.));
#2916 = VECTOR('',#2917,1.);
#2917 = DIRECTION('',(0.,0.,1.));
#2918 = PCURVE('',#629,#2919);
#2919 = DEFINITIONAL_REPRESENTATION('',(#2920),#2924);
#2920 = LINE('',#2921,#2922);
#2921 = CARTESIAN_POINT('',(0.,-14.));
#2922 = VECTOR('',#2923,1.);
#2923 = DIRECTION('',(1.,0.));
#2924 = ( GEOMETRIC_REPRESENTATION_CONTEXT(2) 
PARAMETRIC_REPRESENTATION_CONTEXT() REPRESENTATION_CONTEXT('2D SPACE',''
  ) );
#2925 = PCURVE('',#655,#2926);
#2926 = DEFINITIONAL_REPRESENTATION('',(#2927),#2931);
#2927 = LINE('',#2928,#2929);
#2928 = CARTESIAN_POINT('',(0.,0.));
#2929 = VECTOR('',#2930,1.);
#2930 = DIRECTION('',(1.,0.));
#2931 = ( GEOMETRIC_REPRESENTATION_CONTEXT(2) 
PARAMETRIC_REPRESENTATION_CONTEXT() REPRESENTATION_CONTEXT('2D SPACE',''
  ) );
#2932 = ORIENTED_EDGE('',*,*,#2933,.F.);
#2933 = EDGE_CURVE('',#2817,#2911,#2934,.T.);
#2934 = SURFACE_CURVE('',#2935,(#2939,#2945),.PCURVE_S1.);
#2935 = LINE('',#2936,#2937);
#2936 = CARTESIAN_POINT('',(-41.,-4.5,7.5));
#2937 = VECTOR('',#2938,1.);
#2938 = DIRECTION('',(-1.224646799147E-16,-1.,0.));
#2939 = PCURVE('',#629,#2940);
#2940 = DEFINITIONAL_REPRESENTATION('',(#2941),#2944);
#2941 = B_SPLINE_CURVE_WITH_KNOTS('',1,(#2942,#2943),.UNSPECIFIED.,.F.,
  .F.,(2,2),(-11.5,2.5),.PIECEWISE_BEZIER_KNOTS.);
#2942 = CARTESIAN_POINT('',(8.5,0.));
#2943 = CARTESIAN_POINT('',(8.5,-14.));
#2944 = ( GEOMETRIC_REPRESENTATION_CONTEXT(2) 
PARAMETRIC_REPRESENTATION_CONTEXT() REPRESENTATION_CONTEXT('2D SPACE',''
  ) );
#2945 = PCURVE('',#1009,#2946);
#2946 = DEFINITIONAL_REPRESENTATION('',(#2947),#2950);
#2947 = B_SPLINE_CURVE_WITH_KNOTS('',1,(#2948,#2949),.UNSPECIFIED.,.F.,
  .F.,(2,2),(-11.5,2.5),.PIECEWISE_BEZIER_KNOTS.);
#2948 = CARTESIAN_POINT('',(39.,23.));
#2949 = CARTESIAN_POINT('',(39.,9.));
#2950 = ( GEOMETRIC_REPRESENTATION_CONTEXT(2) 
PARAMETRIC_REPRESENTATION_CONTEXT() REPRESENTATION_CONTEXT('2D SPACE',''
  ) );
#2951 = ADVANCED_FACE('',(#2952),#655,.F.);
#2952 = FACE_BOUND('',#2953,.F.);
#2953 = EDGE_LOOP('',(#2954,#2955,#2956,#2957));
#2954 = ORIENTED_EDGE('',*,*,#2863,.F.);
#2955 = ORIENTED_EDGE('',*,*,#640,.T.);
#2956 = ORIENTED_EDGE('',*,*,#2910,.T.);
#2957 = ORIENTED_EDGE('',*,*,#2958,.F.);
#2958 = EDGE_CURVE('',#2864,#2911,#2959,.T.);
#2959 = SURFACE_CURVE('',#2960,(#2964,#2970),.PCURVE_S1.);
#2960 = LINE('',#2961,#2962);
#2961 = CARTESIAN_POINT('',(-60.5,-7.,7.5));
#2962 = VECTOR('',#2963,1.);
#2963 = DIRECTION('',(1.,-1.224646799147E-16,0.));
#2964 = PCURVE('',#655,#2965);
#2965 = DEFINITIONAL_REPRESENTATION('',(#2966),#2969);
#2966 = B_SPLINE_CURVE_WITH_KNOTS('',1,(#2967,#2968),.UNSPECIFIED.,.F.,
  .F.,(2,2),(13.5,19.5),.PIECEWISE_BEZIER_KNOTS.);
#2967 = CARTESIAN_POINT('',(8.5,6.));
#2968 = CARTESIAN_POINT('',(8.5,0.));
#2969 = ( GEOMETRIC_REPRESENTATION_CONTEXT(2) 
PARAMETRIC_REPRESENTATION_CONTEXT() REPRESENTATION_CONTEXT('2D SPACE',''
  ) );
#2970 = PCURVE('',#1009,#2971);
#2971 = DEFINITIONAL_REPRESENTATION('',(#2972),#2975);
#2972 = B_SPLINE_CURVE_WITH_KNOTS('',1,(#2973,#2974),.UNSPECIFIED.,.F.,
  .F.,(2,2),(13.5,19.5),.PIECEWISE_BEZIER_KNOTS.);
#2973 = CARTESIAN_POINT('',(33.,9.));
#2974 = CARTESIAN_POINT('',(39.,9.));
#2975 = ( GEOMETRIC_REPRESENTATION_CONTEXT(2) 
PARAMETRIC_REPRESENTATION_CONTEXT() REPRESENTATION_CONTEXT('2D SPACE',''
  ) );
#2976 = ADVANCED_FACE('',(#2977),#713,.F.);
#2977 = FACE_BOUND('',#2978,.T.);
#2978 = EDGE_LOOP('',(#2979,#3002,#3003,#3004));
#2979 = ORIENTED_EDGE('',*,*,#2980,.F.);
#2980 = EDGE_CURVE('',#693,#2981,#2983,.T.);
#2981 = VERTEX_POINT('',#2982);
#2982 = CARTESIAN_POINT('',(3.4,0.,1.5));
#2983 = SEAM_CURVE('',#2984,(#2988,#2995),.PCURVE_S1.);
#2984 = LINE('',#2985,#2986);
#2985 = CARTESIAN_POINT('',(3.4,0.,-1.));
#2986 = VECTOR('',#2987,1.);
#2987 = DIRECTION('',(0.,0.,1.));
#2988 = PCURVE('',#713,#2989);
#2989 = DEFINITIONAL_REPRESENTATION('',(#2990),#2994);
#2990 = LINE('',#2991,#2992);
#2991 = CARTESIAN_POINT('',(-6.28318530718,0.));
#2992 = VECTOR('',#2993,1.);
#2993 = DIRECTION('',(-0.,-1.));
#2994 = ( GEOMETRIC_REPRESENTATION_CONTEXT(2) 
PARAMETRIC_REPRESENTATION_CONTEXT() REPRESENTATION_CONTEXT('2D SPACE',''
  ) );
#2995 = PCURVE('',#713,#2996);
#2996 = DEFINITIONAL_REPRESENTATION('',(#2997),#3001);
#2997 = LINE('',#2998,#2999);
#2998 = CARTESIAN_POINT('',(-0.,0.));
#2999 = VECTOR('',#3000,1.);
#3000 = DIRECTION('',(-0.,-1.));
#3001 = ( GEOMETRIC_REPRESENTATION_CONTEXT(2) 
PARAMETRIC_REPRESENTATION_CONTEXT() REPRESENTATION_CONTEXT('2D SPACE',''
  ) );
#3002 = ORIENTED_EDGE('',*,*,#692,.T.);
#3003 = ORIENTED_EDGE('',*,*,#2980,.T.);
#3004 = ORIENTED_EDGE('',*,*,#3005,.F.);
#3005 = EDGE_CURVE('',#2981,#2981,#3006,.T.);
#3006 = SURFACE_CURVE('',#3007,(#3012,#3019),.PCURVE_S1.);
#3007 = CIRCLE('',#3008,3.4);
#3008 = AXIS2_PLACEMENT_3D('',#3009,#3010,#3011);
#3009 = CARTESIAN_POINT('',(0.,0.,1.5));
#3010 = DIRECTION('',(0.,0.,-1.));
#3011 = DIRECTION('',(1.,0.,0.));
#3012 = PCURVE('',#713,#3013);
#3013 = DEFINITIONAL_REPRESENTATION('',(#3014),#3018);
#3014 = LINE('',#3015,#3016);
#3015 = CARTESIAN_POINT('',(-6.28318530718,-2.5));
#3016 = VECTOR('',#3017,1.);
#3017 = DIRECTION('',(1.,-0.));
#3018 = ( GEOMETRIC_REPRESENTATION_CONTEXT(2) 
PARAMETRIC_REPRESENTATION_CONTEXT() REPRESENTATION_CONTEXT('2D SPACE',''
  ) );
#3019 = PCURVE('',#3020,#3025);
#3020 = PLANE('',#3021);
#3021 = AXIS2_PLACEMENT_3D('',#3022,#3023,#3024);
#3022 = CARTESIAN_POINT('',(-3.567235128364E-16,1.783617564182E-16,1.5)
  );
#3023 = DIRECTION('',(0.,0.,1.));
#3024 = DIRECTION('',(1.,0.,-0.));
#3025 = DEFINITIONAL_REPRESENTATION('',(#3026),#3034);
#3026 = ( BOUNDED_CURVE() B_SPLINE_CURVE(2,(#3027,#3028,#3029,#3030,
#3031,#3032,#3033),.UNSPECIFIED.,.T.,.F.) B_SPLINE_CURVE_WITH_KNOTS((1,2
    ,2,2,2,1),(-2.094395102393,0.,2.094395102393,4.188790204786,
6.28318530718,8.377580409573),.UNSPECIFIED.) CURVE() 
GEOMETRIC_REPRESENTATION_ITEM() RATIONAL_B_SPLINE_CURVE((1.,0.5,1.,0.5,
1.,0.5,1.)) REPRESENTATION_ITEM('') );
#3027 = CARTESIAN_POINT('',(3.4,-1.783617564182E-16));
#3028 = CARTESIAN_POINT('',(3.4,-5.888972745734));
#3029 = CARTESIAN_POINT('',(-1.7,-2.944486372867));
#3030 = CARTESIAN_POINT('',(-6.8,-1.011121579838E-15));
#3031 = CARTESIAN_POINT('',(-1.7,2.944486372867));
#3032 = CARTESIAN_POINT('',(3.4,5.888972745734));
#3033 = CARTESIAN_POINT('',(3.4,-1.783617564182E-16));
#3034 = ( GEOMETRIC_REPRESENTATION_CONTEXT(2) 
PARAMETRIC_REPRESENTATION_CONTEXT() REPRESENTATION_CONTEXT('2D SPACE',''
  ) );
#3035 = ADVANCED_FACE('',(#3036),#744,.F.);
#3036 = FACE_BOUND('',#3037,.T.);
#3037 = EDGE_LOOP('',(#3038,#3061,#3088,#3089));
#3038 = ORIENTED_EDGE('',*,*,#3039,.T.);
#3039 = EDGE_CURVE('',#728,#3040,#3042,.T.);
#3040 = VERTEX_POINT('',#3041);
#3041 = CARTESIAN_POINT('',(2.6,14.,5.2));
#3042 = SEAM_CURVE('',#3043,(#3047,#3054),.PCURVE_S1.);
#3043 = LINE('',#3044,#3045);
#3044 = CARTESIAN_POINT('',(2.6,14.,0.));
#3045 = VECTOR('',#3046,1.);
#3046 = DIRECTION('',(0.,0.,1.));
#3047 = PCURVE('',#744,#3048);
#3048 = DEFINITIONAL_REPRESENTATION('',(#3049),#3053);
#3049 = LINE('',#3050,#3051);
#3050 = CARTESIAN_POINT('',(-0.,0.));
#3051 = VECTOR('',#3052,1.);
#3052 = DIRECTION('',(-0.,-1.));
#3053 = ( GEOMETRIC_REPRESENTATION_CONTEXT(2) 
PARAMETRIC_REPRESENTATION_CONTEXT() REPRESENTATION_CONTEXT('2D SPACE',''
  ) );
#3054 = PCURVE('',#744,#3055);
#3055 = DEFINITIONAL_REPRESENTATION('',(#3056),#3060);
#3056 = LINE('',#3057,#3058);
#3057 = CARTESIAN_POINT('',(-6.28318530718,0.));
#3058 = VECTOR('',#3059,1.);
#3059 = DIRECTION('',(-0.,-1.));
#3060 = ( GEOMETRIC_REPRESENTATION_CONTEXT(2) 
PARAMETRIC_REPRESENTATION_CONTEXT() REPRESENTATION_CONTEXT('2D SPACE',''
  ) );
#3061 = ORIENTED_EDGE('',*,*,#3062,.T.);
#3062 = EDGE_CURVE('',#3040,#3040,#3063,.T.);
#3063 = SURFACE_CURVE('',#3064,(#3069,#3076),.PCURVE_S1.);
#3064 = CIRCLE('',#3065,2.6);
#3065 = AXIS2_PLACEMENT_3D('',#3066,#3067,#3068);
#3066 = CARTESIAN_POINT('',(0.,14.,5.2));
#3067 = DIRECTION('',(0.,0.,1.));
#3068 = DIRECTION('',(1.,0.,0.));
#3069 = PCURVE('',#744,#3070);
#3070 = DEFINITIONAL_REPRESENTATION('',(#3071),#3075);
#3071 = LINE('',#3072,#3073);
#3072 = CARTESIAN_POINT('',(-0.,-5.2));
#3073 = VECTOR('',#3074,1.);
#3074 = DIRECTION('',(-1.,0.));
#3075 = ( GEOMETRIC_REPRESENTATION_CONTEXT(2) 
PARAMETRIC_REPRESENTATION_CONTEXT() REPRESENTATION_CONTEXT('2D SPACE',''
  ) );
#3076 = PCURVE('',#3077,#3082);
#3077 = PLANE('',#3078);
#3078 = AXIS2_PLACEMENT_3D('',#3079,#3080,#3081);
#3079 = CARTESIAN_POINT('',(-1.972269421932E-16,14.,5.2));
#3080 = DIRECTION('',(0.,0.,1.));
#3081 = DIRECTION('',(1.,0.,-0.));
#3082 = DEFINITIONAL_REPRESENTATION('',(#3083),#3087);
#3083 = CIRCLE('',#3084,2.6);
#3084 = AXIS2_PLACEMENT_2D('',#3085,#3086);
#3085 = CARTESIAN_POINT('',(1.972269421932E-16,0.));
#3086 = DIRECTION('',(1.,0.));
#3087 = ( GEOMETRIC_REPRESENTATION_CONTEXT(2) 
PARAMETRIC_REPRESENTATION_CONTEXT() REPRESENTATION_CONTEXT('2D SPACE',''
  ) );
#3088 = ORIENTED_EDGE('',*,*,#3039,.F.);
#3089 = ORIENTED_EDGE('',*,*,#727,.F.);
#3090 = ADVANCED_FACE('',(#3091),#775,.T.);
#3091 = FACE_BOUND('',#3092,.T.);
#3092 = EDGE_LOOP('',(#3093,#3116,#3117,#3140));
#3093 = ORIENTED_EDGE('',*,*,#3094,.F.);
#3094 = EDGE_CURVE('',#759,#3095,#3097,.T.);
#3095 = VERTEX_POINT('',#3096);
#3096 = CARTESIAN_POINT('',(47.,-7.,7.5));
#3097 = SURFACE_CURVE('',#3098,(#3102,#3109),.PCURVE_S1.);
#3098 = LINE('',#3099,#3100);
#3099 = CARTESIAN_POINT('',(47.,-7.,-1.));
#3100 = VECTOR('',#3101,1.);
#3101 = DIRECTION('',(0.,0.,1.));
#3102 = PCURVE('',#775,#3103);
#3103 = DEFINITIONAL_REPRESENTATION('',(#3104),#3108);
#3104 = LINE('',#3105,#3106);
#3105 = CARTESIAN_POINT('',(0.,6.));
#3106 = VECTOR('',#3107,1.);
#3107 = DIRECTION('',(1.,0.));
#3108 = ( GEOMETRIC_REPRESENTATION_CONTEXT(2) 
PARAMETRIC_REPRESENTATION_CONTEXT() REPRESENTATION_CONTEXT('2D SPACE',''
  ) );
#3109 = PCURVE('',#851,#3110);
#3110 = DEFINITIONAL_REPRESENTATION('',(#3111),#3115);
#3111 = LINE('',#3112,#3113);
#3112 = CARTESIAN_POINT('',(0.,0.));
#3113 = VECTOR('',#3114,1.);
#3114 = DIRECTION('',(1.,0.));
#3115 = ( GEOMETRIC_REPRESENTATION_CONTEXT(2) 
PARAMETRIC_REPRESENTATION_CONTEXT() REPRESENTATION_CONTEXT('2D SPACE',''
  ) );
#3116 = ORIENTED_EDGE('',*,*,#758,.T.);
#3117 = ORIENTED_EDGE('',*,*,#3118,.T.);
#3118 = EDGE_CURVE('',#761,#3119,#3121,.T.);
#3119 = VERTEX_POINT('',#3120);
#3120 = CARTESIAN_POINT('',(41.,-7.,7.5));
#3121 = SURFACE_CURVE('',#3122,(#3126,#3133),.PCURVE_S1.);
#3122 = LINE('',#3123,#3124);
#3123 = CARTESIAN_POINT('',(41.,-7.,-1.));
#3124 = VECTOR('',#3125,1.);
#3125 = DIRECTION('',(0.,0.,1.));
#3126 = PCURVE('',#775,#3127);
#3127 = DEFINITIONAL_REPRESENTATION('',(#3128),#3132);
#3128 = LINE('',#3129,#3130);
#3129 = CARTESIAN_POINT('',(0.,0.));
#3130 = VECTOR('',#3131,1.);
#3131 = DIRECTION('',(1.,0.));
#3132 = ( GEOMETRIC_REPRESENTATION_CONTEXT(2) 
PARAMETRIC_REPRESENTATION_CONTEXT() REPRESENTATION_CONTEXT('2D SPACE',''
  ) );
#3133 = PCURVE('',#801,#3134);
#3134 = DEFINITIONAL_REPRESENTATION('',(#3135),#3139);
#3135 = LINE('',#3136,#3137);
#3136 = CARTESIAN_POINT('',(0.,0.));
#3137 = VECTOR('',#3138,1.);
#3138 = DIRECTION('',(1.,0.));
#3139 = ( GEOMETRIC_REPRESENTATION_CONTEXT(2) 
PARAMETRIC_REPRESENTATION_CONTEXT() REPRESENTATION_CONTEXT('2D SPACE',''
  ) );
#3140 = ORIENTED_EDGE('',*,*,#3141,.F.);
#3141 = EDGE_CURVE('',#3095,#3119,#3142,.T.);
#3142 = SURFACE_CURVE('',#3143,(#3147,#3153),.PCURVE_S1.);
#3143 = LINE('',#3144,#3145);
#3144 = CARTESIAN_POINT('',(-19.5,-7.,7.5));
#3145 = VECTOR('',#3146,1.);
#3146 = DIRECTION('',(-1.,0.,0.));
#3147 = PCURVE('',#775,#3148);
#3148 = DEFINITIONAL_REPRESENTATION('',(#3149),#3152);
#3149 = B_SPLINE_CURVE_WITH_KNOTS('',1,(#3150,#3151),.UNSPECIFIED.,.F.,
  .F.,(2,2),(-66.5,-60.5),.PIECEWISE_BEZIER_KNOTS.);
#3150 = CARTESIAN_POINT('',(8.5,6.));
#3151 = CARTESIAN_POINT('',(8.5,0.));
#3152 = ( GEOMETRIC_REPRESENTATION_CONTEXT(2) 
PARAMETRIC_REPRESENTATION_CONTEXT() REPRESENTATION_CONTEXT('2D SPACE',''
  ) );
#3153 = PCURVE('',#1009,#3154);
#3154 = DEFINITIONAL_REPRESENTATION('',(#3155),#3158);
#3155 = B_SPLINE_CURVE_WITH_KNOTS('',1,(#3156,#3157),.UNSPECIFIED.,.F.,
  .F.,(2,2),(-66.5,-60.5),.PIECEWISE_BEZIER_KNOTS.);
#3156 = CARTESIAN_POINT('',(127.,9.));
#3157 = CARTESIAN_POINT('',(121.,9.));
#3158 = ( GEOMETRIC_REPRESENTATION_CONTEXT(2) 
PARAMETRIC_REPRESENTATION_CONTEXT() REPRESENTATION_CONTEXT('2D SPACE',''
  ) );
#3159 = ADVANCED_FACE('',(#3160),#851,.F.);
#3160 = FACE_BOUND('',#3161,.F.);
#3161 = EDGE_LOOP('',(#3162,#3163,#3164,#3187));
#3162 = ORIENTED_EDGE('',*,*,#3094,.F.);
#3163 = ORIENTED_EDGE('',*,*,#838,.T.);
#3164 = ORIENTED_EDGE('',*,*,#3165,.T.);
#3165 = EDGE_CURVE('',#813,#3166,#3168,.T.);
#3166 = VERTEX_POINT('',#3167);
#3167 = CARTESIAN_POINT('',(47.,7.,7.5));
#3168 = SURFACE_CURVE('',#3169,(#3173,#3180),.PCURVE_S1.);
#3169 = LINE('',#3170,#3171);
#3170 = CARTESIAN_POINT('',(47.,7.,-1.));
#3171 = VECTOR('',#3172,1.);
#3172 = DIRECTION('',(0.,0.,1.));
#3173 = PCURVE('',#851,#3174);
#3174 = DEFINITIONAL_REPRESENTATION('',(#3175),#3179);
#3175 = LINE('',#3176,#3177);
#3176 = CARTESIAN_POINT('',(0.,-14.));
#3177 = VECTOR('',#3178,1.);
#3178 = DIRECTION('',(1.,0.));
#3179 = ( GEOMETRIC_REPRESENTATION_CONTEXT(2) 
PARAMETRIC_REPRESENTATION_CONTEXT() REPRESENTATION_CONTEXT('2D SPACE',''
  ) );
#3180 = PCURVE('',#827,#3181);
#3181 = DEFINITIONAL_REPRESENTATION('',(#3182),#3186);
#3182 = LINE('',#3183,#3184);
#3183 = CARTESIAN_POINT('',(0.,6.));
#3184 = VECTOR('',#3185,1.);
#3185 = DIRECTION('',(1.,0.));
#3186 = ( GEOMETRIC_REPRESENTATION_CONTEXT(2) 
PARAMETRIC_REPRESENTATION_CONTEXT() REPRESENTATION_CONTEXT('2D SPACE',''
  ) );
#3187 = ORIENTED_EDGE('',*,*,#3188,.F.);
#3188 = EDGE_CURVE('',#3095,#3166,#3189,.T.);
#3189 = SURFACE_CURVE('',#3190,(#3194,#3200),.PCURVE_S1.);
#3190 = LINE('',#3191,#3192);
#3191 = CARTESIAN_POINT('',(47.,-11.5,7.5));
#3192 = VECTOR('',#3193,1.);
#3193 = DIRECTION('',(0.,1.,0.));
#3194 = PCURVE('',#851,#3195);
#3195 = DEFINITIONAL_REPRESENTATION('',(#3196),#3199);
#3196 = B_SPLINE_CURVE_WITH_KNOTS('',1,(#3197,#3198),.UNSPECIFIED.,.F.,
  .F.,(2,2),(4.5,18.5),.PIECEWISE_BEZIER_KNOTS.);
#3197 = CARTESIAN_POINT('',(8.5,0.));
#3198 = CARTESIAN_POINT('',(8.5,-14.));
#3199 = ( GEOMETRIC_REPRESENTATION_CONTEXT(2) 
PARAMETRIC_REPRESENTATION_CONTEXT() REPRESENTATION_CONTEXT('2D SPACE',''
  ) );
#3200 = PCURVE('',#1009,#3201);
#3201 = DEFINITIONAL_REPRESENTATION('',(#3202),#3205);
#3202 = B_SPLINE_CURVE_WITH_KNOTS('',1,(#3203,#3204),.UNSPECIFIED.,.F.,
  .F.,(2,2),(4.5,18.5),.PIECEWISE_BEZIER_KNOTS.);
#3203 = CARTESIAN_POINT('',(127.,9.));
#3204 = CARTESIAN_POINT('',(127.,23.));
#3205 = ( GEOMETRIC_REPRESENTATION_CONTEXT(2) 
PARAMETRIC_REPRESENTATION_CONTEXT() REPRESENTATION_CONTEXT('2D SPACE',''
  ) );
#3206 = ADVANCED_FACE('',(#3207),#801,.T.);
#3207 = FACE_BOUND('',#3208,.T.);
#3208 = EDGE_LOOP('',(#3209,#3210,#3211,#3234));
#3209 = ORIENTED_EDGE('',*,*,#3118,.F.);
#3210 = ORIENTED_EDGE('',*,*,#786,.T.);
#3211 = ORIENTED_EDGE('',*,*,#3212,.T.);
#3212 = EDGE_CURVE('',#787,#3213,#3215,.T.);
#3213 = VERTEX_POINT('',#3214);
#3214 = CARTESIAN_POINT('',(41.,7.,7.5));
#3215 = SURFACE_CURVE('',#3216,(#3220,#3227),.PCURVE_S1.);
#3216 = LINE('',#3217,#3218);
#3217 = CARTESIAN_POINT('',(41.,7.,-1.));
#3218 = VECTOR('',#3219,1.);
#3219 = DIRECTION('',(0.,0.,1.));
#3220 = PCURVE('',#801,#3221);
#3221 = DEFINITIONAL_REPRESENTATION('',(#3222),#3226);
#3222 = LINE('',#3223,#3224);
#3223 = CARTESIAN_POINT('',(0.,-14.));
#3224 = VECTOR('',#3225,1.);
#3225 = DIRECTION('',(1.,0.));
#3226 = ( GEOMETRIC_REPRESENTATION_CONTEXT(2) 
PARAMETRIC_REPRESENTATION_CONTEXT() REPRESENTATION_CONTEXT('2D SPACE',''
  ) );
#3227 = PCURVE('',#827,#3228);
#3228 = DEFINITIONAL_REPRESENTATION('',(#3229),#3233);
#3229 = LINE('',#3230,#3231);
#3230 = CARTESIAN_POINT('',(0.,0.));
#3231 = VECTOR('',#3232,1.);
#3232 = DIRECTION('',(1.,0.));
#3233 = ( GEOMETRIC_REPRESENTATION_CONTEXT(2) 
PARAMETRIC_REPRESENTATION_CONTEXT() REPRESENTATION_CONTEXT('2D SPACE',''
  ) );
#3234 = ORIENTED_EDGE('',*,*,#3235,.F.);
#3235 = EDGE_CURVE('',#3119,#3213,#3236,.T.);
#3236 = SURFACE_CURVE('',#3237,(#3241,#3247),.PCURVE_S1.);
#3237 = LINE('',#3238,#3239);
#3238 = CARTESIAN_POINT('',(41.,-11.5,7.5));
#3239 = VECTOR('',#3240,1.);
#3240 = DIRECTION('',(0.,1.,0.));
#3241 = PCURVE('',#801,#3242);
#3242 = DEFINITIONAL_REPRESENTATION('',(#3243),#3246);
#3243 = B_SPLINE_CURVE_WITH_KNOTS('',1,(#3244,#3245),.UNSPECIFIED.,.F.,
  .F.,(2,2),(4.5,18.5),.PIECEWISE_BEZIER_KNOTS.);
#3244 = CARTESIAN_POINT('',(8.5,0.));
#3245 = CARTESIAN_POINT('',(8.5,-14.));
#3246 = ( GEOMETRIC_REPRESENTATION_CONTEXT(2) 
PARAMETRIC_REPRESENTATION_CONTEXT() REPRESENTATION_CONTEXT('2D SPACE',''
  ) );
#3247 = PCURVE('',#1009,#3248);
#3248 = DEFINITIONAL_REPRESENTATION('',(#3249),#3252);
#3249 = B_SPLINE_CURVE_WITH_KNOTS('',1,(#3250,#3251),.UNSPECIFIED.,.F.,
  .F.,(2,2),(4.5,18.5),.PIECEWISE_BEZIER_KNOTS.);
#3250 = CARTESIAN_POINT('',(121.,9.));
#3251 = CARTESIAN_POINT('',(121.,23.));
#3252 = ( GEOMETRIC_REPRESENTATION_CONTEXT(2) 
PARAMETRIC_REPRESENTATION_CONTEXT() REPRESENTATION_CONTEXT('2D SPACE',''
  ) );
#3253 = ADVANCED_FACE('',(#3254),#827,.F.);
#3254 = FACE_BOUND('',#3255,.F.);
#3255 = EDGE_LOOP('',(#3256,#3257,#3258,#3259));
#3256 = ORIENTED_EDGE('',*,*,#3165,.F.);
#3257 = ORIENTED_EDGE('',*,*,#812,.T.);
#3258 = ORIENTED_EDGE('',*,*,#3212,.T.);
#3259 = ORIENTED_EDGE('',*,*,#3260,.F.);
#3260 = EDGE_CURVE('',#3166,#3213,#3261,.T.);
#3261 = SURFACE_CURVE('',#3262,(#3266,#3272),.PCURVE_S1.);
#3262 = LINE('',#3263,#3264);
#3263 = CARTESIAN_POINT('',(-19.5,7.,7.5));
#3264 = VECTOR('',#3265,1.);
#3265 = DIRECTION('',(-1.,0.,0.));
#3266 = PCURVE('',#827,#3267);
#3267 = DEFINITIONAL_REPRESENTATION('',(#3268),#3271);
#3268 = B_SPLINE_CURVE_WITH_KNOTS('',1,(#3269,#3270),.UNSPECIFIED.,.F.,
  .F.,(2,2),(-66.5,-60.5),.PIECEWISE_BEZIER_KNOTS.);
#3269 = CARTESIAN_POINT('',(8.5,6.));
#3270 = CARTESIAN_POINT('',(8.5,0.));
#3271 = ( GEOMETRIC_REPRESENTATION_CONTEXT(2) 
PARAMETRIC_REPRESENTATION_CONTEXT() REPRESENTATION_CONTEXT('2D SPACE',''
  ) );
#3272 = PCURVE('',#1009,#3273);
#3273 = DEFINITIONAL_REPRESENTATION('',(#3274),#3277);
#3274 = B_SPLINE_CURVE_WITH_KNOTS('',1,(#3275,#3276),.UNSPECIFIED.,.F.,
  .F.,(2,2),(-66.5,-60.5),.PIECEWISE_BEZIER_KNOTS.);
#3275 = CARTESIAN_POINT('',(127.,23.));
#3276 = CARTESIAN_POINT('',(121.,23.));
#3277 = ( GEOMETRIC_REPRESENTATION_CONTEXT(2) 
PARAMETRIC_REPRESENTATION_CONTEXT() REPRESENTATION_CONTEXT('2D SPACE',''
  ) );
#3278 = ADVANCED_FACE('',(#3279),#881,.T.);
#3279 = FACE_BOUND('',#3280,.T.);
#3280 = EDGE_LOOP('',(#3281,#3304,#3305,#3328));
#3281 = ORIENTED_EDGE('',*,*,#3282,.F.);
#3282 = EDGE_CURVE('',#865,#3283,#3285,.T.);
#3283 = VERTEX_POINT('',#3284);
#3284 = CARTESIAN_POINT('',(7.,47.,7.5));
#3285 = SURFACE_CURVE('',#3286,(#3290,#3297),.PCURVE_S1.);
#3286 = LINE('',#3287,#3288);
#3287 = CARTESIAN_POINT('',(7.,47.,-1.));
#3288 = VECTOR('',#3289,1.);
#3289 = DIRECTION('',(0.,0.,1.));
#3290 = PCURVE('',#881,#3291);
#3291 = DEFINITIONAL_REPRESENTATION('',(#3292),#3296);
#3292 = LINE('',#3293,#3294);
#3293 = CARTESIAN_POINT('',(0.,6.));
#3294 = VECTOR('',#3295,1.);
#3295 = DIRECTION('',(1.,0.));
#3296 = ( GEOMETRIC_REPRESENTATION_CONTEXT(2) 
PARAMETRIC_REPRESENTATION_CONTEXT() REPRESENTATION_CONTEXT('2D SPACE',''
  ) );
#3297 = PCURVE('',#957,#3298);
#3298 = DEFINITIONAL_REPRESENTATION('',(#3299),#3303);
#3299 = LINE('',#3300,#3301);
#3300 = CARTESIAN_POINT('',(0.,0.));
#3301 = VECTOR('',#3302,1.);
#3302 = DIRECTION('',(1.,0.));
#3303 = ( GEOMETRIC_REPRESENTATION_CONTEXT(2) 
PARAMETRIC_REPRESENTATION_CONTEXT() REPRESENTATION_CONTEXT('2D SPACE',''
  ) );
#3304 = ORIENTED_EDGE('',*,*,#864,.T.);
#3305 = ORIENTED_EDGE('',*,*,#3306,.T.);
#3306 = EDGE_CURVE('',#867,#3307,#3309,.T.);
#3307 = VERTEX_POINT('',#3308);
#3308 = CARTESIAN_POINT('',(7.,41.,7.5));
#3309 = SURFACE_CURVE('',#3310,(#3314,#3321),.PCURVE_S1.);
#3310 = LINE('',#3311,#3312);
#3311 = CARTESIAN_POINT('',(7.,41.,-1.));
#3312 = VECTOR('',#3313,1.);
#3313 = DIRECTION('',(0.,0.,1.));
#3314 = PCURVE('',#881,#3315);
#3315 = DEFINITIONAL_REPRESENTATION('',(#3316),#3320);
#3316 = LINE('',#3317,#3318);
#3317 = CARTESIAN_POINT('',(0.,0.));
#3318 = VECTOR('',#3319,1.);
#3319 = DIRECTION('',(1.,0.));
#3320 = ( GEOMETRIC_REPRESENTATION_CONTEXT(2) 
PARAMETRIC_REPRESENTATION_CONTEXT() REPRESENTATION_CONTEXT('2D SPACE',''
  ) );
#3321 = PCURVE('',#907,#3322);
#3322 = DEFINITIONAL_REPRESENTATION('',(#3323),#3327);
#3323 = LINE('',#3324,#3325);
#3324 = CARTESIAN_POINT('',(0.,0.));
#3325 = VECTOR('',#3326,1.);
#3326 = DIRECTION('',(1.,0.));
#3327 = ( GEOMETRIC_REPRESENTATION_CONTEXT(2) 
PARAMETRIC_REPRESENTATION_CONTEXT() REPRESENTATION_CONTEXT('2D SPACE',''
  ) );
#3328 = ORIENTED_EDGE('',*,*,#3329,.F.);
#3329 = EDGE_CURVE('',#3283,#3307,#3330,.T.);
#3330 = SURFACE_CURVE('',#3331,(#3335,#3341),.PCURVE_S1.);
#3331 = LINE('',#3332,#3333);
#3332 = CARTESIAN_POINT('',(7.,12.5,7.5));
#3333 = VECTOR('',#3334,1.);
#3334 = DIRECTION('',(-1.110223024625E-16,-1.,0.));
#3335 = PCURVE('',#881,#3336);
#3336 = DEFINITIONAL_REPRESENTATION('',(#3337),#3340);
#3337 = B_SPLINE_CURVE_WITH_KNOTS('',1,(#3338,#3339),.UNSPECIFIED.,.F.,
  .F.,(2,2),(-34.5,-28.5),.PIECEWISE_BEZIER_KNOTS.);
#3338 = CARTESIAN_POINT('',(8.5,6.));
#3339 = CARTESIAN_POINT('',(8.5,0.));
#3340 = ( GEOMETRIC_REPRESENTATION_CONTEXT(2) 
PARAMETRIC_REPRESENTATION_CONTEXT() REPRESENTATION_CONTEXT('2D SPACE',''
  ) );
#3341 = PCURVE('',#1009,#3342);
#3342 = DEFINITIONAL_REPRESENTATION('',(#3343),#3346);
#3343 = B_SPLINE_CURVE_WITH_KNOTS('',1,(#3344,#3345),.UNSPECIFIED.,.F.,
  .F.,(2,2),(-34.5,-28.5),.PIECEWISE_BEZIER_KNOTS.);
#3344 = CARTESIAN_POINT('',(87.,63.));
#3345 = CARTESIAN_POINT('',(87.,57.));
#3346 = ( GEOMETRIC_REPRESENTATION_CONTEXT(2) 
PARAMETRIC_REPRESENTATION_CONTEXT() REPRESENTATION_CONTEXT('2D SPACE',''
  ) );
#3347 = ADVANCED_FACE('',(#3348),#957,.F.);
#3348 = FACE_BOUND('',#3349,.F.);
#3349 = EDGE_LOOP('',(#3350,#3351,#3352,#3375));
#3350 = ORIENTED_EDGE('',*,*,#3282,.F.);
#3351 = ORIENTED_EDGE('',*,*,#944,.T.);
#3352 = ORIENTED_EDGE('',*,*,#3353,.T.);
#3353 = EDGE_CURVE('',#919,#3354,#3356,.T.);
#3354 = VERTEX_POINT('',#3355);
#3355 = CARTESIAN_POINT('',(-7.,47.,7.5));
#3356 = SURFACE_CURVE('',#3357,(#3361,#3368),.PCURVE_S1.);
#3357 = LINE('',#3358,#3359);
#3358 = CARTESIAN_POINT('',(-7.,47.,-1.));
#3359 = VECTOR('',#3360,1.);
#3360 = DIRECTION('',(0.,0.,1.));
#3361 = PCURVE('',#957,#3362);
#3362 = DEFINITIONAL_REPRESENTATION('',(#3363),#3367);
#3363 = LINE('',#3364,#3365);
#3364 = CARTESIAN_POINT('',(0.,-14.));
#3365 = VECTOR('',#3366,1.);
#3366 = DIRECTION('',(1.,0.));
#3367 = ( GEOMETRIC_REPRESENTATION_CONTEXT(2) 
PARAMETRIC_REPRESENTATION_CONTEXT() REPRESENTATION_CONTEXT('2D SPACE',''
  ) );
#3368 = PCURVE('',#933,#3369);
#3369 = DEFINITIONAL_REPRESENTATION('',(#3370),#3374);
#3370 = LINE('',#3371,#3372);
#3371 = CARTESIAN_POINT('',(0.,6.));
#3372 = VECTOR('',#3373,1.);
#3373 = DIRECTION('',(1.,0.));
#3374 = ( GEOMETRIC_REPRESENTATION_CONTEXT(2) 
PARAMETRIC_REPRESENTATION_CONTEXT() REPRESENTATION_CONTEXT('2D SPACE',''
  ) );
#3375 = ORIENTED_EDGE('',*,*,#3376,.F.);
#3376 = EDGE_CURVE('',#3283,#3354,#3377,.T.);
#3377 = SURFACE_CURVE('',#3378,(#3382,#3388),.PCURVE_S1.);
#3378 = LINE('',#3379,#3380);
#3379 = CARTESIAN_POINT('',(-36.5,47.,7.5));
#3380 = VECTOR('',#3381,1.);
#3381 = DIRECTION('',(-1.,1.110223024625E-16,0.));
#3382 = PCURVE('',#957,#3383);
#3383 = DEFINITIONAL_REPRESENTATION('',(#3384),#3387);
#3384 = B_SPLINE_CURVE_WITH_KNOTS('',1,(#3385,#3386),.UNSPECIFIED.,.F.,
  .F.,(2,2),(-43.5,-29.5),.PIECEWISE_BEZIER_KNOTS.);
#3385 = CARTESIAN_POINT('',(8.5,0.));
#3386 = CARTESIAN_POINT('',(8.5,-14.));
#3387 = ( GEOMETRIC_REPRESENTATION_CONTEXT(2) 
PARAMETRIC_REPRESENTATION_CONTEXT() REPRESENTATION_CONTEXT('2D SPACE',''
  ) );
#3388 = PCURVE('',#1009,#3389);
#3389 = DEFINITIONAL_REPRESENTATION('',(#3390),#3393);
#3390 = B_SPLINE_CURVE_WITH_KNOTS('',1,(#3391,#3392),.UNSPECIFIED.,.F.,
  .F.,(2,2),(-43.5,-29.5),.PIECEWISE_BEZIER_KNOTS.);
#3391 = CARTESIAN_POINT('',(87.,63.));
#3392 = CARTESIAN_POINT('',(73.,63.));
#3393 = ( GEOMETRIC_REPRESENTATION_CONTEXT(2) 
PARAMETRIC_REPRESENTATION_CONTEXT() REPRESENTATION_CONTEXT('2D SPACE',''
  ) );
#3394 = ADVANCED_FACE('',(#3395),#907,.T.);
#3395 = FACE_BOUND('',#3396,.T.);
#3396 = EDGE_LOOP('',(#3397,#3398,#3399,#3422));
#3397 = ORIENTED_EDGE('',*,*,#3306,.F.);
#3398 = ORIENTED_EDGE('',*,*,#892,.T.);
#3399 = ORIENTED_EDGE('',*,*,#3400,.T.);
#3400 = EDGE_CURVE('',#893,#3401,#3403,.T.);
#3401 = VERTEX_POINT('',#3402);
#3402 = CARTESIAN_POINT('',(-7.,41.,7.5));
#3403 = SURFACE_CURVE('',#3404,(#3408,#3415),.PCURVE_S1.);
#3404 = LINE('',#3405,#3406);
#3405 = CARTESIAN_POINT('',(-7.,41.,-1.));
#3406 = VECTOR('',#3407,1.);
#3407 = DIRECTION('',(0.,0.,1.));
#3408 = PCURVE('',#907,#3409);
#3409 = DEFINITIONAL_REPRESENTATION('',(#3410),#3414);
#3410 = LINE('',#3411,#3412);
#3411 = CARTESIAN_POINT('',(0.,-14.));
#3412 = VECTOR('',#3413,1.);
#3413 = DIRECTION('',(1.,0.));
#3414 = ( GEOMETRIC_REPRESENTATION_CONTEXT(2) 
PARAMETRIC_REPRESENTATION_CONTEXT() REPRESENTATION_CONTEXT('2D SPACE',''
  ) );
#3415 = PCURVE('',#933,#3416);
#3416 = DEFINITIONAL_REPRESENTATION('',(#3417),#3421);
#3417 = LINE('',#3418,#3419);
#3418 = CARTESIAN_POINT('',(0.,0.));
#3419 = VECTOR('',#3420,1.);
#3420 = DIRECTION('',(1.,0.));
#3421 = ( GEOMETRIC_REPRESENTATION_CONTEXT(2) 
PARAMETRIC_REPRESENTATION_CONTEXT() REPRESENTATION_CONTEXT('2D SPACE',''
  ) );
#3422 = ORIENTED_EDGE('',*,*,#3423,.F.);
#3423 = EDGE_CURVE('',#3307,#3401,#3424,.T.);
#3424 = SURFACE_CURVE('',#3425,(#3429,#3435),.PCURVE_S1.);
#3425 = LINE('',#3426,#3427);
#3426 = CARTESIAN_POINT('',(-36.5,41.,7.5));
#3427 = VECTOR('',#3428,1.);
#3428 = DIRECTION('',(-1.,1.110223024625E-16,0.));
#3429 = PCURVE('',#907,#3430);
#3430 = DEFINITIONAL_REPRESENTATION('',(#3431),#3434);
#3431 = B_SPLINE_CURVE_WITH_KNOTS('',1,(#3432,#3433),.UNSPECIFIED.,.F.,
  .F.,(2,2),(-43.5,-29.5),.PIECEWISE_BEZIER_KNOTS.);
#3432 = CARTESIAN_POINT('',(8.5,0.));
#3433 = CARTESIAN_POINT('',(8.5,-14.));
#3434 = ( GEOMETRIC_REPRESENTATION_CONTEXT(2) 
PARAMETRIC_REPRESENTATION_CONTEXT() REPRESENTATION_CONTEXT('2D SPACE',''
  ) );
#3435 = PCURVE('',#1009,#3436);
#3436 = DEFINITIONAL_REPRESENTATION('',(#3437),#3440);
#3437 = B_SPLINE_CURVE_WITH_KNOTS('',1,(#3438,#3439),.UNSPECIFIED.,.F.,
  .F.,(2,2),(-43.5,-29.5),.PIECEWISE_BEZIER_KNOTS.);
#3438 = CARTESIAN_POINT('',(87.,57.));
#3439 = CARTESIAN_POINT('',(73.,57.));
#3440 = ( GEOMETRIC_REPRESENTATION_CONTEXT(2) 
PARAMETRIC_REPRESENTATION_CONTEXT() REPRESENTATION_CONTEXT('2D SPACE',''
  ) );
#3441 = ADVANCED_FACE('',(#3442),#933,.F.);
#3442 = FACE_BOUND('',#3443,.F.);
#3443 = EDGE_LOOP('',(#3444,#3445,#3446,#3447));
#3444 = ORIENTED_EDGE('',*,*,#3353,.F.);
#3445 = ORIENTED_EDGE('',*,*,#918,.T.);
#3446 = ORIENTED_EDGE('',*,*,#3400,.T.);
#3447 = ORIENTED_EDGE('',*,*,#3448,.F.);
#3448 = EDGE_CURVE('',#3354,#3401,#3449,.T.);
#3449 = SURFACE_CURVE('',#3450,(#3454,#3460),.PCURVE_S1.);
#3450 = LINE('',#3451,#3452);
#3451 = CARTESIAN_POINT('',(-7.,12.5,7.5));
#3452 = VECTOR('',#3453,1.);
#3453 = DIRECTION('',(-1.110223024625E-16,-1.,0.));
#3454 = PCURVE('',#933,#3455);
#3455 = DEFINITIONAL_REPRESENTATION('',(#3456),#3459);
#3456 = B_SPLINE_CURVE_WITH_KNOTS('',1,(#3457,#3458),.UNSPECIFIED.,.F.,
  .F.,(2,2),(-34.5,-28.5),.PIECEWISE_BEZIER_KNOTS.);
#3457 = CARTESIAN_POINT('',(8.5,6.));
#3458 = CARTESIAN_POINT('',(8.5,0.));
#3459 = ( GEOMETRIC_REPRESENTATION_CONTEXT(2) 
PARAMETRIC_REPRESENTATION_CONTEXT() REPRESENTATION_CONTEXT('2D SPACE',''
  ) );
#3460 = PCURVE('',#1009,#3461);
#3461 = DEFINITIONAL_REPRESENTATION('',(#3462),#3465);
#3462 = B_SPLINE_CURVE_WITH_KNOTS('',1,(#3463,#3464),.UNSPECIFIED.,.F.,
  .F.,(2,2),(-34.5,-28.5),.PIECEWISE_BEZIER_KNOTS.);
#3463 = CARTESIAN_POINT('',(73.,63.));
#3464 = CARTESIAN_POINT('',(73.,57.));
#3465 = ( GEOMETRIC_REPRESENTATION_CONTEXT(2) 
PARAMETRIC_REPRESENTATION_CONTEXT() REPRESENTATION_CONTEXT('2D SPACE',''
  ) );
#3466 = ADVANCED_FACE('',(#3467,#4069,#4075,#4081,#4239,#4245),#1009,.T.
  );
#3467 = FACE_BOUND('',#3468,.T.);
#3468 = EDGE_LOOP('',(#3469,#3470,#3471,#3472,#3473,#3496,#3524,#3545,
    #3546,#3569,#3597,#3618,#3619,#3620,#3621,#3622,#3623,#3646,#3674,
    #3695,#3696,#3719,#3747,#3768,#3769,#3770,#3771,#3772,#3773,#3796,
    #3824,#3845,#3846,#3869,#3897,#3918,#3919,#3920,#3921,#3922,#3923,
    #3946,#3974,#3995,#3996,#4019,#4047,#4068));
#3469 = ORIENTED_EDGE('',*,*,#993,.F.);
#3470 = ORIENTED_EDGE('',*,*,#1047,.T.);
#3471 = ORIENTED_EDGE('',*,*,#1356,.T.);
#3472 = ORIENTED_EDGE('',*,*,#1690,.F.);
#3473 = ORIENTED_EDGE('',*,*,#3474,.F.);
#3474 = EDGE_CURVE('',#3475,#1663,#3477,.T.);
#3475 = VERTEX_POINT('',#3476);
#3476 = CARTESIAN_POINT('',(8.3,60.,7.5));
#3477 = SURFACE_CURVE('',#3478,(#3482,#3489),.PCURVE_S1.);
#3478 = LINE('',#3479,#3480);
#3479 = CARTESIAN_POINT('',(8.3,60.,7.5));
#3480 = VECTOR('',#3481,1.);
#3481 = DIRECTION('',(1.110223024625E-16,1.,0.));
#3482 = PCURVE('',#1009,#3483);
#3483 = DEFINITIONAL_REPRESENTATION('',(#3484),#3488);
#3484 = LINE('',#3485,#3486);
#3485 = CARTESIAN_POINT('',(88.3,76.));
#3486 = VECTOR('',#3487,1.);
#3487 = DIRECTION('',(1.110223024625E-16,1.));
#3488 = ( GEOMETRIC_REPRESENTATION_CONTEXT(2) 
PARAMETRIC_REPRESENTATION_CONTEXT() REPRESENTATION_CONTEXT('2D SPACE',''
  ) );
#3489 = PCURVE('',#1678,#3490);
#3490 = DEFINITIONAL_REPRESENTATION('',(#3491),#3495);
#3491 = LINE('',#3492,#3493);
#3492 = CARTESIAN_POINT('',(0.,0.));
#3493 = VECTOR('',#3494,1.);
#3494 = DIRECTION('',(0.,1.));
#3495 = ( GEOMETRIC_REPRESENTATION_CONTEXT(2) 
PARAMETRIC_REPRESENTATION_CONTEXT() REPRESENTATION_CONTEXT('2D SPACE',''
  ) );
#3496 = ORIENTED_EDGE('',*,*,#3497,.T.);
#3497 = EDGE_CURVE('',#3475,#3498,#3500,.T.);
#3498 = VERTEX_POINT('',#3499);
#3499 = CARTESIAN_POINT('',(4.1,60.,7.5));
#3500 = SURFACE_CURVE('',#3501,(#3505,#3512),.PCURVE_S1.);
#3501 = LINE('',#3502,#3503);
#3502 = CARTESIAN_POINT('',(8.3,60.,7.5));
#3503 = VECTOR('',#3504,1.);
#3504 = DIRECTION('',(-1.,1.110223024625E-16,0.));
#3505 = PCURVE('',#1009,#3506);
#3506 = DEFINITIONAL_REPRESENTATION('',(#3507),#3511);
#3507 = LINE('',#3508,#3509);
#3508 = CARTESIAN_POINT('',(88.3,76.));
#3509 = VECTOR('',#3510,1.);
#3510 = DIRECTION('',(-1.,1.110223024625E-16));
#3511 = ( GEOMETRIC_REPRESENTATION_CONTEXT(2) 
PARAMETRIC_REPRESENTATION_CONTEXT() REPRESENTATION_CONTEXT('2D SPACE',''
  ) );
#3512 = PCURVE('',#3513,#3518);
#3513 = PLANE('',#3514);
#3514 = AXIS2_PLACEMENT_3D('',#3515,#3516,#3517);
#3515 = CARTESIAN_POINT('',(8.3,60.,7.5));
#3516 = DIRECTION('',(1.110223024625E-16,1.,0.));
#3517 = DIRECTION('',(0.,0.,1.));
#3518 = DEFINITIONAL_REPRESENTATION('',(#3519),#3523);
#3519 = LINE('',#3520,#3521);
#3520 = CARTESIAN_POINT('',(0.,0.));
#3521 = VECTOR('',#3522,1.);
#3522 = DIRECTION('',(0.,-1.));
#3523 = ( GEOMETRIC_REPRESENTATION_CONTEXT(2) 
PARAMETRIC_REPRESENTATION_CONTEXT() REPRESENTATION_CONTEXT('2D SPACE',''
  ) );
#3524 = ORIENTED_EDGE('',*,*,#3525,.T.);
#3525 = EDGE_CURVE('',#3498,#1584,#3526,.T.);
#3526 = SURFACE_CURVE('',#3527,(#3531,#3538),.PCURVE_S1.);
#3527 = LINE('',#3528,#3529);
#3528 = CARTESIAN_POINT('',(4.1,60.,7.5));
#3529 = VECTOR('',#3530,1.);
#3530 = DIRECTION('',(1.110223024625E-16,1.,0.));
#3531 = PCURVE('',#1009,#3532);
#3532 = DEFINITIONAL_REPRESENTATION('',(#3533),#3537);
#3533 = LINE('',#3534,#3535);
#3534 = CARTESIAN_POINT('',(84.1,76.));
#3535 = VECTOR('',#3536,1.);
#3536 = DIRECTION('',(1.110223024625E-16,1.));
#3537 = ( GEOMETRIC_REPRESENTATION_CONTEXT(2) 
PARAMETRIC_REPRESENTATION_CONTEXT() REPRESENTATION_CONTEXT('2D SPACE',''
  ) );
#3538 = PCURVE('',#1622,#3539);
#3539 = DEFINITIONAL_REPRESENTATION('',(#3540),#3544);
#3540 = LINE('',#3541,#3542);
#3541 = CARTESIAN_POINT('',(0.,0.));
#3542 = VECTOR('',#3543,1.);
#3543 = DIRECTION('',(0.,1.));
#3544 = ( GEOMETRIC_REPRESENTATION_CONTEXT(2) 
PARAMETRIC_REPRESENTATION_CONTEXT() REPRESENTATION_CONTEXT('2D SPACE',''
  ) );
#3545 = ORIENTED_EDGE('',*,*,#1583,.F.);
#3546 = ORIENTED_EDGE('',*,*,#3547,.F.);
#3547 = EDGE_CURVE('',#3548,#1556,#3550,.T.);
#3548 = VERTEX_POINT('',#3549);
#3549 = CARTESIAN_POINT('',(-4.1,60.,7.5));
#3550 = SURFACE_CURVE('',#3551,(#3555,#3562),.PCURVE_S1.);
#3551 = LINE('',#3552,#3553);
#3552 = CARTESIAN_POINT('',(-4.1,60.,7.5));
#3553 = VECTOR('',#3554,1.);
#3554 = DIRECTION('',(1.110223024625E-16,1.,0.));
#3555 = PCURVE('',#1009,#3556);
#3556 = DEFINITIONAL_REPRESENTATION('',(#3557),#3561);
#3557 = LINE('',#3558,#3559);
#3558 = CARTESIAN_POINT('',(75.9,76.));
#3559 = VECTOR('',#3560,1.);
#3560 = DIRECTION('',(1.110223024625E-16,1.));
#3561 = ( GEOMETRIC_REPRESENTATION_CONTEXT(2) 
PARAMETRIC_REPRESENTATION_CONTEXT() REPRESENTATION_CONTEXT('2D SPACE',''
  ) );
#3562 = PCURVE('',#1571,#3563);
#3563 = DEFINITIONAL_REPRESENTATION('',(#3564),#3568);
#3564 = LINE('',#3565,#3566);
#3565 = CARTESIAN_POINT('',(0.,0.));
#3566 = VECTOR('',#3567,1.);
#3567 = DIRECTION('',(0.,1.));
#3568 = ( GEOMETRIC_REPRESENTATION_CONTEXT(2) 
PARAMETRIC_REPRESENTATION_CONTEXT() REPRESENTATION_CONTEXT('2D SPACE',''
  ) );
#3569 = ORIENTED_EDGE('',*,*,#3570,.T.);
#3570 = EDGE_CURVE('',#3548,#3571,#3573,.T.);
#3571 = VERTEX_POINT('',#3572);
#3572 = CARTESIAN_POINT('',(-8.3,60.,7.5));
#3573 = SURFACE_CURVE('',#3574,(#3578,#3585),.PCURVE_S1.);
#3574 = LINE('',#3575,#3576);
#3575 = CARTESIAN_POINT('',(-4.1,60.,7.5));
#3576 = VECTOR('',#3577,1.);
#3577 = DIRECTION('',(-1.,1.110223024625E-16,0.));
#3578 = PCURVE('',#1009,#3579);
#3579 = DEFINITIONAL_REPRESENTATION('',(#3580),#3584);
#3580 = LINE('',#3581,#3582);
#3581 = CARTESIAN_POINT('',(75.9,76.));
#3582 = VECTOR('',#3583,1.);
#3583 = DIRECTION('',(-1.,1.110223024625E-16));
#3584 = ( GEOMETRIC_REPRESENTATION_CONTEXT(2) 
PARAMETRIC_REPRESENTATION_CONTEXT() REPRESENTATION_CONTEXT('2D SPACE',''
  ) );
#3585 = PCURVE('',#3586,#3591);
#3586 = PLANE('',#3587);
#3587 = AXIS2_PLACEMENT_3D('',#3588,#3589,#3590);
#3588 = CARTESIAN_POINT('',(-4.1,60.,7.5));
#3589 = DIRECTION('',(1.110223024625E-16,1.,0.));
#3590 = DIRECTION('',(0.,0.,1.));
#3591 = DEFINITIONAL_REPRESENTATION('',(#3592),#3596);
#3592 = LINE('',#3593,#3594);
#3593 = CARTESIAN_POINT('',(0.,0.));
#3594 = VECTOR('',#3595,1.);
#3595 = DIRECTION('',(0.,-1.));
#3596 = ( GEOMETRIC_REPRESENTATION_CONTEXT(2) 
PARAMETRIC_REPRESENTATION_CONTEXT() REPRESENTATION_CONTEXT('2D SPACE',''
  ) );
#3597 = ORIENTED_EDGE('',*,*,#3598,.T.);
#3598 = EDGE_CURVE('',#3571,#1477,#3599,.T.);
#3599 = SURFACE_CURVE('',#3600,(#3604,#3611),.PCURVE_S1.);
#3600 = LINE('',#3601,#3602);
#3601 = CARTESIAN_POINT('',(-8.3,60.,7.5));
#3602 = VECTOR('',#3603,1.);
#3603 = DIRECTION('',(1.110223024625E-16,1.,0.));
#3604 = PCURVE('',#1009,#3605);
#3605 = DEFINITIONAL_REPRESENTATION('',(#3606),#3610);
#3606 = LINE('',#3607,#3608);
#3607 = CARTESIAN_POINT('',(71.7,76.));
#3608 = VECTOR('',#3609,1.);
#3609 = DIRECTION('',(1.110223024625E-16,1.));
#3610 = ( GEOMETRIC_REPRESENTATION_CONTEXT(2) 
PARAMETRIC_REPRESENTATION_CONTEXT() REPRESENTATION_CONTEXT('2D SPACE',''
  ) );
#3611 = PCURVE('',#1515,#3612);
#3612 = DEFINITIONAL_REPRESENTATION('',(#3613),#3617);
#3613 = LINE('',#3614,#3615);
#3614 = CARTESIAN_POINT('',(0.,0.));
#3615 = VECTOR('',#3616,1.);
#3616 = DIRECTION('',(0.,1.));
#3617 = ( GEOMETRIC_REPRESENTATION_CONTEXT(2) 
PARAMETRIC_REPRESENTATION_CONTEXT() REPRESENTATION_CONTEXT('2D SPACE',''
  ) );
#3618 = ORIENTED_EDGE('',*,*,#1476,.F.);
#3619 = ORIENTED_EDGE('',*,*,#1763,.F.);
#3620 = ORIENTED_EDGE('',*,*,#1861,.T.);
#3621 = ORIENTED_EDGE('',*,*,#2194,.F.);
#3622 = ORIENTED_EDGE('',*,*,#2291,.F.);
#3623 = ORIENTED_EDGE('',*,*,#3624,.F.);
#3624 = EDGE_CURVE('',#3625,#2292,#3627,.T.);
#3625 = VERTEX_POINT('',#3626);
#3626 = CARTESIAN_POINT('',(-60.,8.3,7.5));
#3627 = SURFACE_CURVE('',#3628,(#3632,#3639),.PCURVE_S1.);
#3628 = LINE('',#3629,#3630);
#3629 = CARTESIAN_POINT('',(-60.,8.3,7.5));
#3630 = VECTOR('',#3631,1.);
#3631 = DIRECTION('',(-1.,1.224646799147E-16,0.));
#3632 = PCURVE('',#1009,#3633);
#3633 = DEFINITIONAL_REPRESENTATION('',(#3634),#3638);
#3634 = LINE('',#3635,#3636);
#3635 = CARTESIAN_POINT('',(20.,24.3));
#3636 = VECTOR('',#3637,1.);
#3637 = DIRECTION('',(-1.,1.224646799147E-16));
#3638 = ( GEOMETRIC_REPRESENTATION_CONTEXT(2) 
PARAMETRIC_REPRESENTATION_CONTEXT() REPRESENTATION_CONTEXT('2D SPACE',''
  ) );
#3639 = PCURVE('',#2330,#3640);
#3640 = DEFINITIONAL_REPRESENTATION('',(#3641),#3645);
#3641 = LINE('',#3642,#3643);
#3642 = CARTESIAN_POINT('',(0.,0.));
#3643 = VECTOR('',#3644,1.);
#3644 = DIRECTION('',(0.,1.));
#3645 = ( GEOMETRIC_REPRESENTATION_CONTEXT(2) 
PARAMETRIC_REPRESENTATION_CONTEXT() REPRESENTATION_CONTEXT('2D SPACE',''
  ) );
#3646 = ORIENTED_EDGE('',*,*,#3647,.T.);
#3647 = EDGE_CURVE('',#3625,#3648,#3650,.T.);
#3648 = VERTEX_POINT('',#3649);
#3649 = CARTESIAN_POINT('',(-60.,4.1,7.5));
#3650 = SURFACE_CURVE('',#3651,(#3655,#3662),.PCURVE_S1.);
#3651 = LINE('',#3652,#3653);
#3652 = CARTESIAN_POINT('',(-60.,8.3,7.5));
#3653 = VECTOR('',#3654,1.);
#3654 = DIRECTION('',(-1.224646799147E-16,-1.,0.));
#3655 = PCURVE('',#1009,#3656);
#3656 = DEFINITIONAL_REPRESENTATION('',(#3657),#3661);
#3657 = LINE('',#3658,#3659);
#3658 = CARTESIAN_POINT('',(20.,24.3));
#3659 = VECTOR('',#3660,1.);
#3660 = DIRECTION('',(-1.224646799147E-16,-1.));
#3661 = ( GEOMETRIC_REPRESENTATION_CONTEXT(2) 
PARAMETRIC_REPRESENTATION_CONTEXT() REPRESENTATION_CONTEXT('2D SPACE',''
  ) );
#3662 = PCURVE('',#3663,#3668);
#3663 = PLANE('',#3664);
#3664 = AXIS2_PLACEMENT_3D('',#3665,#3666,#3667);
#3665 = CARTESIAN_POINT('',(-60.,8.3,7.5));
#3666 = DIRECTION('',(-1.,1.224646799147E-16,0.));
#3667 = DIRECTION('',(0.,0.,1.));
#3668 = DEFINITIONAL_REPRESENTATION('',(#3669),#3673);
#3669 = LINE('',#3670,#3671);
#3670 = CARTESIAN_POINT('',(0.,0.));
#3671 = VECTOR('',#3672,1.);
#3672 = DIRECTION('',(0.,-1.));
#3673 = ( GEOMETRIC_REPRESENTATION_CONTEXT(2) 
PARAMETRIC_REPRESENTATION_CONTEXT() REPRESENTATION_CONTEXT('2D SPACE',''
  ) );
#3674 = ORIENTED_EDGE('',*,*,#3675,.T.);
#3675 = EDGE_CURVE('',#3648,#2371,#3676,.T.);
#3676 = SURFACE_CURVE('',#3677,(#3681,#3688),.PCURVE_S1.);
#3677 = LINE('',#3678,#3679);
#3678 = CARTESIAN_POINT('',(-60.,4.1,7.5));
#3679 = VECTOR('',#3680,1.);
#3680 = DIRECTION('',(-1.,1.224646799147E-16,0.));
#3681 = PCURVE('',#1009,#3682);
#3682 = DEFINITIONAL_REPRESENTATION('',(#3683),#3687);
#3683 = LINE('',#3684,#3685);
#3684 = CARTESIAN_POINT('',(20.,20.1));
#3685 = VECTOR('',#3686,1.);
#3686 = DIRECTION('',(-1.,1.224646799147E-16));
#3687 = ( GEOMETRIC_REPRESENTATION_CONTEXT(2) 
PARAMETRIC_REPRESENTATION_CONTEXT() REPRESENTATION_CONTEXT('2D SPACE',''
  ) );
#3688 = PCURVE('',#2386,#3689);
#3689 = DEFINITIONAL_REPRESENTATION('',(#3690),#3694);
#3690 = LINE('',#3691,#3692);
#3691 = CARTESIAN_POINT('',(0.,0.));
#3692 = VECTOR('',#3693,1.);
#3693 = DIRECTION('',(0.,1.));
#3694 = ( GEOMETRIC_REPRESENTATION_CONTEXT(2) 
PARAMETRIC_REPRESENTATION_CONTEXT() REPRESENTATION_CONTEXT('2D SPACE',''
  ) );
#3695 = ORIENTED_EDGE('',*,*,#2398,.F.);
#3696 = ORIENTED_EDGE('',*,*,#3697,.F.);
#3697 = EDGE_CURVE('',#3698,#2399,#3700,.T.);
#3698 = VERTEX_POINT('',#3699);
#3699 = CARTESIAN_POINT('',(-60.,-4.1,7.5));
#3700 = SURFACE_CURVE('',#3701,(#3705,#3712),.PCURVE_S1.);
#3701 = LINE('',#3702,#3703);
#3702 = CARTESIAN_POINT('',(-60.,-4.1,7.5));
#3703 = VECTOR('',#3704,1.);
#3704 = DIRECTION('',(-1.,1.224646799147E-16,0.));
#3705 = PCURVE('',#1009,#3706);
#3706 = DEFINITIONAL_REPRESENTATION('',(#3707),#3711);
#3707 = LINE('',#3708,#3709);
#3708 = CARTESIAN_POINT('',(20.,11.9));
#3709 = VECTOR('',#3710,1.);
#3710 = DIRECTION('',(-1.,1.224646799147E-16));
#3711 = ( GEOMETRIC_REPRESENTATION_CONTEXT(2) 
PARAMETRIC_REPRESENTATION_CONTEXT() REPRESENTATION_CONTEXT('2D SPACE',''
  ) );
#3712 = PCURVE('',#2437,#3713);
#3713 = DEFINITIONAL_REPRESENTATION('',(#3714),#3718);
#3714 = LINE('',#3715,#3716);
#3715 = CARTESIAN_POINT('',(0.,0.));
#3716 = VECTOR('',#3717,1.);
#3717 = DIRECTION('',(0.,1.));
#3718 = ( GEOMETRIC_REPRESENTATION_CONTEXT(2) 
PARAMETRIC_REPRESENTATION_CONTEXT() REPRESENTATION_CONTEXT('2D SPACE',''
  ) );
#3719 = ORIENTED_EDGE('',*,*,#3720,.T.);
#3720 = EDGE_CURVE('',#3698,#3721,#3723,.T.);
#3721 = VERTEX_POINT('',#3722);
#3722 = CARTESIAN_POINT('',(-60.,-8.3,7.5));
#3723 = SURFACE_CURVE('',#3724,(#3728,#3735),.PCURVE_S1.);
#3724 = LINE('',#3725,#3726);
#3725 = CARTESIAN_POINT('',(-60.,-4.1,7.5));
#3726 = VECTOR('',#3727,1.);
#3727 = DIRECTION('',(-1.224646799147E-16,-1.,0.));
#3728 = PCURVE('',#1009,#3729);
#3729 = DEFINITIONAL_REPRESENTATION('',(#3730),#3734);
#3730 = LINE('',#3731,#3732);
#3731 = CARTESIAN_POINT('',(20.,11.9));
#3732 = VECTOR('',#3733,1.);
#3733 = DIRECTION('',(-1.224646799147E-16,-1.));
#3734 = ( GEOMETRIC_REPRESENTATION_CONTEXT(2) 
PARAMETRIC_REPRESENTATION_CONTEXT() REPRESENTATION_CONTEXT('2D SPACE',''
  ) );
#3735 = PCURVE('',#3736,#3741);
#3736 = PLANE('',#3737);
#3737 = AXIS2_PLACEMENT_3D('',#3738,#3739,#3740);
#3738 = CARTESIAN_POINT('',(-60.,-4.1,7.5));
#3739 = DIRECTION('',(-1.,1.224646799147E-16,0.));
#3740 = DIRECTION('',(0.,0.,1.));
#3741 = DEFINITIONAL_REPRESENTATION('',(#3742),#3746);
#3742 = LINE('',#3743,#3744);
#3743 = CARTESIAN_POINT('',(0.,0.));
#3744 = VECTOR('',#3745,1.);
#3745 = DIRECTION('',(0.,-1.));
#3746 = ( GEOMETRIC_REPRESENTATION_CONTEXT(2) 
PARAMETRIC_REPRESENTATION_CONTEXT() REPRESENTATION_CONTEXT('2D SPACE',''
  ) );
#3747 = ORIENTED_EDGE('',*,*,#3748,.T.);
#3748 = EDGE_CURVE('',#3721,#2478,#3749,.T.);
#3749 = SURFACE_CURVE('',#3750,(#3754,#3761),.PCURVE_S1.);
#3750 = LINE('',#3751,#3752);
#3751 = CARTESIAN_POINT('',(-60.,-8.3,7.5));
#3752 = VECTOR('',#3753,1.);
#3753 = DIRECTION('',(-1.,1.224646799147E-16,0.));
#3754 = PCURVE('',#1009,#3755);
#3755 = DEFINITIONAL_REPRESENTATION('',(#3756),#3760);
#3756 = LINE('',#3757,#3758);
#3757 = CARTESIAN_POINT('',(20.,7.7));
#3758 = VECTOR('',#3759,1.);
#3759 = DIRECTION('',(-1.,1.224646799147E-16));
#3760 = ( GEOMETRIC_REPRESENTATION_CONTEXT(2) 
PARAMETRIC_REPRESENTATION_CONTEXT() REPRESENTATION_CONTEXT('2D SPACE',''
  ) );
#3761 = PCURVE('',#2493,#3762);
#3762 = DEFINITIONAL_REPRESENTATION('',(#3763),#3767);
#3763 = LINE('',#3764,#3765);
#3764 = CARTESIAN_POINT('',(0.,0.));
#3765 = VECTOR('',#3766,1.);
#3766 = DIRECTION('',(0.,1.));
#3767 = ( GEOMETRIC_REPRESENTATION_CONTEXT(2) 
PARAMETRIC_REPRESENTATION_CONTEXT() REPRESENTATION_CONTEXT('2D SPACE',''
  ) );
#3768 = ORIENTED_EDGE('',*,*,#2505,.F.);
#3769 = ORIENTED_EDGE('',*,*,#2579,.T.);
#3770 = ORIENTED_EDGE('',*,*,#2529,.T.);
#3771 = ORIENTED_EDGE('',*,*,#2219,.F.);
#3772 = ORIENTED_EDGE('',*,*,#1931,.T.);
#3773 = ORIENTED_EDGE('',*,*,#3774,.F.);
#3774 = EDGE_CURVE('',#3775,#1932,#3777,.T.);
#3775 = VERTEX_POINT('',#3776);
#3776 = CARTESIAN_POINT('',(-8.3,-60.,7.5));
#3777 = SURFACE_CURVE('',#3778,(#3782,#3789),.PCURVE_S1.);
#3778 = LINE('',#3779,#3780);
#3779 = CARTESIAN_POINT('',(-8.3,-60.,7.5));
#3780 = VECTOR('',#3781,1.);
#3781 = DIRECTION('',(-2.22044604925E-16,-1.,0.));
#3782 = PCURVE('',#1009,#3783);
#3783 = DEFINITIONAL_REPRESENTATION('',(#3784),#3788);
#3784 = LINE('',#3785,#3786);
#3785 = CARTESIAN_POINT('',(71.7,-44.));
#3786 = VECTOR('',#3787,1.);
#3787 = DIRECTION('',(-2.22044604925E-16,-1.));
#3788 = ( GEOMETRIC_REPRESENTATION_CONTEXT(2) 
PARAMETRIC_REPRESENTATION_CONTEXT() REPRESENTATION_CONTEXT('2D SPACE',''
  ) );
#3789 = PCURVE('',#1970,#3790);
#3790 = DEFINITIONAL_REPRESENTATION('',(#3791),#3795);
#3791 = LINE('',#3792,#3793);
#3792 = CARTESIAN_POINT('',(0.,0.));
#3793 = VECTOR('',#3794,1.);
#3794 = DIRECTION('',(0.,1.));
#3795 = ( GEOMETRIC_REPRESENTATION_CONTEXT(2) 
PARAMETRIC_REPRESENTATION_CONTEXT() REPRESENTATION_CONTEXT('2D SPACE',''
  ) );
#3796 = ORIENTED_EDGE('',*,*,#3797,.T.);
#3797 = EDGE_CURVE('',#3775,#3798,#3800,.T.);
#3798 = VERTEX_POINT('',#3799);
#3799 = CARTESIAN_POINT('',(-4.1,-60.,7.5));
#3800 = SURFACE_CURVE('',#3801,(#3805,#3812),.PCURVE_S1.);
#3801 = LINE('',#3802,#3803);
#3802 = CARTESIAN_POINT('',(-8.3,-60.,7.5));
#3803 = VECTOR('',#3804,1.);
#3804 = DIRECTION('',(1.,-2.22044604925E-16,0.));
#3805 = PCURVE('',#1009,#3806);
#3806 = DEFINITIONAL_REPRESENTATION('',(#3807),#3811);
#3807 = LINE('',#3808,#3809);
#3808 = CARTESIAN_POINT('',(71.7,-44.));
#3809 = VECTOR('',#3810,1.);
#3810 = DIRECTION('',(1.,-2.22044604925E-16));
#3811 = ( GEOMETRIC_REPRESENTATION_CONTEXT(2) 
PARAMETRIC_REPRESENTATION_CONTEXT() REPRESENTATION_CONTEXT('2D SPACE',''
  ) );
#3812 = PCURVE('',#3813,#3818);
#3813 = PLANE('',#3814);
#3814 = AXIS2_PLACEMENT_3D('',#3815,#3816,#3817);
#3815 = CARTESIAN_POINT('',(-8.3,-60.,7.5));
#3816 = DIRECTION('',(-2.22044604925E-16,-1.,0.));
#3817 = DIRECTION('',(0.,0.,1.));
#3818 = DEFINITIONAL_REPRESENTATION('',(#3819),#3823);
#3819 = LINE('',#3820,#3821);
#3820 = CARTESIAN_POINT('',(0.,0.));
#3821 = VECTOR('',#3822,1.);
#3822 = DIRECTION('',(0.,-1.));
#3823 = ( GEOMETRIC_REPRESENTATION_CONTEXT(2) 
PARAMETRIC_REPRESENTATION_CONTEXT() REPRESENTATION_CONTEXT('2D SPACE',''
  ) );
#3824 = ORIENTED_EDGE('',*,*,#3825,.T.);
#3825 = EDGE_CURVE('',#3798,#2011,#3826,.T.);
#3826 = SURFACE_CURVE('',#3827,(#3831,#3838),.PCURVE_S1.);
#3827 = LINE('',#3828,#3829);
#3828 = CARTESIAN_POINT('',(-4.1,-60.,7.5));
#3829 = VECTOR('',#3830,1.);
#3830 = DIRECTION('',(-2.22044604925E-16,-1.,0.));
#3831 = PCURVE('',#1009,#3832);
#3832 = DEFINITIONAL_REPRESENTATION('',(#3833),#3837);
#3833 = LINE('',#3834,#3835);
#3834 = CARTESIAN_POINT('',(75.9,-44.));
#3835 = VECTOR('',#3836,1.);
#3836 = DIRECTION('',(-2.22044604925E-16,-1.));
#3837 = ( GEOMETRIC_REPRESENTATION_CONTEXT(2) 
PARAMETRIC_REPRESENTATION_CONTEXT() REPRESENTATION_CONTEXT('2D SPACE',''
  ) );
#3838 = PCURVE('',#2026,#3839);
#3839 = DEFINITIONAL_REPRESENTATION('',(#3840),#3844);
#3840 = LINE('',#3841,#3842);
#3841 = CARTESIAN_POINT('',(0.,0.));
#3842 = VECTOR('',#3843,1.);
#3843 = DIRECTION('',(0.,1.));
#3844 = ( GEOMETRIC_REPRESENTATION_CONTEXT(2) 
PARAMETRIC_REPRESENTATION_CONTEXT() REPRESENTATION_CONTEXT('2D SPACE',''
  ) );
#3845 = ORIENTED_EDGE('',*,*,#2038,.T.);
#3846 = ORIENTED_EDGE('',*,*,#3847,.F.);
#3847 = EDGE_CURVE('',#3848,#2039,#3850,.T.);
#3848 = VERTEX_POINT('',#3849);
#3849 = CARTESIAN_POINT('',(4.1,-60.,7.5));
#3850 = SURFACE_CURVE('',#3851,(#3855,#3862),.PCURVE_S1.);
#3851 = LINE('',#3852,#3853);
#3852 = CARTESIAN_POINT('',(4.1,-60.,7.5));
#3853 = VECTOR('',#3854,1.);
#3854 = DIRECTION('',(-2.22044604925E-16,-1.,0.));
#3855 = PCURVE('',#1009,#3856);
#3856 = DEFINITIONAL_REPRESENTATION('',(#3857),#3861);
#3857 = LINE('',#3858,#3859);
#3858 = CARTESIAN_POINT('',(84.1,-44.));
#3859 = VECTOR('',#3860,1.);
#3860 = DIRECTION('',(-2.22044604925E-16,-1.));
#3861 = ( GEOMETRIC_REPRESENTATION_CONTEXT(2) 
PARAMETRIC_REPRESENTATION_CONTEXT() REPRESENTATION_CONTEXT('2D SPACE',''
  ) );
#3862 = PCURVE('',#2077,#3863);
#3863 = DEFINITIONAL_REPRESENTATION('',(#3864),#3868);
#3864 = LINE('',#3865,#3866);
#3865 = CARTESIAN_POINT('',(0.,0.));
#3866 = VECTOR('',#3867,1.);
#3867 = DIRECTION('',(0.,1.));
#3868 = ( GEOMETRIC_REPRESENTATION_CONTEXT(2) 
PARAMETRIC_REPRESENTATION_CONTEXT() REPRESENTATION_CONTEXT('2D SPACE',''
  ) );
#3869 = ORIENTED_EDGE('',*,*,#3870,.T.);
#3870 = EDGE_CURVE('',#3848,#3871,#3873,.T.);
#3871 = VERTEX_POINT('',#3872);
#3872 = CARTESIAN_POINT('',(8.3,-60.,7.5));
#3873 = SURFACE_CURVE('',#3874,(#3878,#3885),.PCURVE_S1.);
#3874 = LINE('',#3875,#3876);
#3875 = CARTESIAN_POINT('',(4.1,-60.,7.5));
#3876 = VECTOR('',#3877,1.);
#3877 = DIRECTION('',(1.,-2.22044604925E-16,0.));
#3878 = PCURVE('',#1009,#3879);
#3879 = DEFINITIONAL_REPRESENTATION('',(#3880),#3884);
#3880 = LINE('',#3881,#3882);
#3881 = CARTESIAN_POINT('',(84.1,-44.));
#3882 = VECTOR('',#3883,1.);
#3883 = DIRECTION('',(1.,-2.22044604925E-16));
#3884 = ( GEOMETRIC_REPRESENTATION_CONTEXT(2) 
PARAMETRIC_REPRESENTATION_CONTEXT() REPRESENTATION_CONTEXT('2D SPACE',''
  ) );
#3885 = PCURVE('',#3886,#3891);
#3886 = PLANE('',#3887);
#3887 = AXIS2_PLACEMENT_3D('',#3888,#3889,#3890);
#3888 = CARTESIAN_POINT('',(4.1,-60.,7.5));
#3889 = DIRECTION('',(-2.22044604925E-16,-1.,0.));
#3890 = DIRECTION('',(0.,0.,1.));
#3891 = DEFINITIONAL_REPRESENTATION('',(#3892),#3896);
#3892 = LINE('',#3893,#3894);
#3893 = CARTESIAN_POINT('',(0.,0.));
#3894 = VECTOR('',#3895,1.);
#3895 = DIRECTION('',(0.,-1.));
#3896 = ( GEOMETRIC_REPRESENTATION_CONTEXT(2) 
PARAMETRIC_REPRESENTATION_CONTEXT() REPRESENTATION_CONTEXT('2D SPACE',''
  ) );
#3897 = ORIENTED_EDGE('',*,*,#3898,.T.);
#3898 = EDGE_CURVE('',#3871,#2118,#3899,.T.);
#3899 = SURFACE_CURVE('',#3900,(#3904,#3911),.PCURVE_S1.);
#3900 = LINE('',#3901,#3902);
#3901 = CARTESIAN_POINT('',(8.3,-60.,7.5));
#3902 = VECTOR('',#3903,1.);
#3903 = DIRECTION('',(-2.22044604925E-16,-1.,0.));
#3904 = PCURVE('',#1009,#3905);
#3905 = DEFINITIONAL_REPRESENTATION('',(#3906),#3910);
#3906 = LINE('',#3907,#3908);
#3907 = CARTESIAN_POINT('',(88.3,-44.));
#3908 = VECTOR('',#3909,1.);
#3909 = DIRECTION('',(-2.22044604925E-16,-1.));
#3910 = ( GEOMETRIC_REPRESENTATION_CONTEXT(2) 
PARAMETRIC_REPRESENTATION_CONTEXT() REPRESENTATION_CONTEXT('2D SPACE',''
  ) );
#3911 = PCURVE('',#2133,#3912);
#3912 = DEFINITIONAL_REPRESENTATION('',(#3913),#3917);
#3913 = LINE('',#3914,#3915);
#3914 = CARTESIAN_POINT('',(0.,0.));
#3915 = VECTOR('',#3916,1.);
#3916 = DIRECTION('',(0.,1.));
#3917 = ( GEOMETRIC_REPRESENTATION_CONTEXT(2) 
PARAMETRIC_REPRESENTATION_CONTEXT() REPRESENTATION_CONTEXT('2D SPACE',''
  ) );
#3918 = ORIENTED_EDGE('',*,*,#2145,.T.);
#3919 = ORIENTED_EDGE('',*,*,#1810,.T.);
#3920 = ORIENTED_EDGE('',*,*,#1715,.T.);
#3921 = ORIENTED_EDGE('',*,*,#1427,.T.);
#3922 = ORIENTED_EDGE('',*,*,#1332,.T.);
#3923 = ORIENTED_EDGE('',*,*,#3924,.F.);
#3924 = EDGE_CURVE('',#3925,#1305,#3927,.T.);
#3925 = VERTEX_POINT('',#3926);
#3926 = CARTESIAN_POINT('',(60.,-8.3,7.5));
#3927 = SURFACE_CURVE('',#3928,(#3932,#3939),.PCURVE_S1.);
#3928 = LINE('',#3929,#3930);
#3929 = CARTESIAN_POINT('',(60.,-8.3,7.5));
#3930 = VECTOR('',#3931,1.);
#3931 = DIRECTION('',(1.,0.,0.));
#3932 = PCURVE('',#1009,#3933);
#3933 = DEFINITIONAL_REPRESENTATION('',(#3934),#3938);
#3934 = LINE('',#3935,#3936);
#3935 = CARTESIAN_POINT('',(140.,7.7));
#3936 = VECTOR('',#3937,1.);
#3937 = DIRECTION('',(1.,0.));
#3938 = ( GEOMETRIC_REPRESENTATION_CONTEXT(2) 
PARAMETRIC_REPRESENTATION_CONTEXT() REPRESENTATION_CONTEXT('2D SPACE',''
  ) );
#3939 = PCURVE('',#1320,#3940);
#3940 = DEFINITIONAL_REPRESENTATION('',(#3941),#3945);
#3941 = LINE('',#3942,#3943);
#3942 = CARTESIAN_POINT('',(0.,0.));
#3943 = VECTOR('',#3944,1.);
#3944 = DIRECTION('',(0.,1.));
#3945 = ( GEOMETRIC_REPRESENTATION_CONTEXT(2) 
PARAMETRIC_REPRESENTATION_CONTEXT() REPRESENTATION_CONTEXT('2D SPACE',''
  ) );
#3946 = ORIENTED_EDGE('',*,*,#3947,.T.);
#3947 = EDGE_CURVE('',#3925,#3948,#3950,.T.);
#3948 = VERTEX_POINT('',#3949);
#3949 = CARTESIAN_POINT('',(60.,-4.1,7.5));
#3950 = SURFACE_CURVE('',#3951,(#3955,#3962),.PCURVE_S1.);
#3951 = LINE('',#3952,#3953);
#3952 = CARTESIAN_POINT('',(60.,-8.3,7.5));
#3953 = VECTOR('',#3954,1.);
#3954 = DIRECTION('',(0.,1.,0.));
#3955 = PCURVE('',#1009,#3956);
#3956 = DEFINITIONAL_REPRESENTATION('',(#3957),#3961);
#3957 = LINE('',#3958,#3959);
#3958 = CARTESIAN_POINT('',(140.,7.7));
#3959 = VECTOR('',#3960,1.);
#3960 = DIRECTION('',(0.,1.));
#3961 = ( GEOMETRIC_REPRESENTATION_CONTEXT(2) 
PARAMETRIC_REPRESENTATION_CONTEXT() REPRESENTATION_CONTEXT('2D SPACE',''
  ) );
#3962 = PCURVE('',#3963,#3968);
#3963 = PLANE('',#3964);
#3964 = AXIS2_PLACEMENT_3D('',#3965,#3966,#3967);
#3965 = CARTESIAN_POINT('',(60.,-8.3,7.5));
#3966 = DIRECTION('',(1.,0.,0.));
#3967 = DIRECTION('',(0.,0.,1.));
#3968 = DEFINITIONAL_REPRESENTATION('',(#3969),#3973);
#3969 = LINE('',#3970,#3971);
#3970 = CARTESIAN_POINT('',(0.,0.));
#3971 = VECTOR('',#3972,1.);
#3972 = DIRECTION('',(0.,-1.));
#3973 = ( GEOMETRIC_REPRESENTATION_CONTEXT(2) 
PARAMETRIC_REPRESENTATION_CONTEXT() REPRESENTATION_CONTEXT('2D SPACE',''
  ) );
#3974 = ORIENTED_EDGE('',*,*,#3975,.T.);
#3975 = EDGE_CURVE('',#3948,#1226,#3976,.T.);
#3976 = SURFACE_CURVE('',#3977,(#3981,#3988),.PCURVE_S1.);
#3977 = LINE('',#3978,#3979);
#3978 = CARTESIAN_POINT('',(60.,-4.1,7.5));
#3979 = VECTOR('',#3980,1.);
#3980 = DIRECTION('',(1.,0.,0.));
#3981 = PCURVE('',#1009,#3982);
#3982 = DEFINITIONAL_REPRESENTATION('',(#3983),#3987);
#3983 = LINE('',#3984,#3985);
#3984 = CARTESIAN_POINT('',(140.,11.9));
#3985 = VECTOR('',#3986,1.);
#3986 = DIRECTION('',(1.,0.));
#3987 = ( GEOMETRIC_REPRESENTATION_CONTEXT(2) 
PARAMETRIC_REPRESENTATION_CONTEXT() REPRESENTATION_CONTEXT('2D SPACE',''
  ) );
#3988 = PCURVE('',#1264,#3989);
#3989 = DEFINITIONAL_REPRESENTATION('',(#3990),#3994);
#3990 = LINE('',#3991,#3992);
#3991 = CARTESIAN_POINT('',(0.,0.));
#3992 = VECTOR('',#3993,1.);
#3993 = DIRECTION('',(0.,1.));
#3994 = ( GEOMETRIC_REPRESENTATION_CONTEXT(2) 
PARAMETRIC_REPRESENTATION_CONTEXT() REPRESENTATION_CONTEXT('2D SPACE',''
  ) );
#3995 = ORIENTED_EDGE('',*,*,#1225,.T.);
#3996 = ORIENTED_EDGE('',*,*,#3997,.F.);
#3997 = EDGE_CURVE('',#3998,#1198,#4000,.T.);
#3998 = VERTEX_POINT('',#3999);
#3999 = CARTESIAN_POINT('',(60.,4.1,7.5));
#4000 = SURFACE_CURVE('',#4001,(#4005,#4012),.PCURVE_S1.);
#4001 = LINE('',#4002,#4003);
#4002 = CARTESIAN_POINT('',(60.,4.1,7.5));
#4003 = VECTOR('',#4004,1.);
#4004 = DIRECTION('',(1.,0.,0.));
#4005 = PCURVE('',#1009,#4006);
#4006 = DEFINITIONAL_REPRESENTATION('',(#4007),#4011);
#4007 = LINE('',#4008,#4009);
#4008 = CARTESIAN_POINT('',(140.,20.1));
#4009 = VECTOR('',#4010,1.);
#4010 = DIRECTION('',(1.,0.));
#4011 = ( GEOMETRIC_REPRESENTATION_CONTEXT(2) 
PARAMETRIC_REPRESENTATION_CONTEXT() REPRESENTATION_CONTEXT('2D SPACE',''
  ) );
#4012 = PCURVE('',#1213,#4013);
#4013 = DEFINITIONAL_REPRESENTATION('',(#4014),#4018);
#4014 = LINE('',#4015,#4016);
#4015 = CARTESIAN_POINT('',(0.,0.));
#4016 = VECTOR('',#4017,1.);
#4017 = DIRECTION('',(0.,1.));
#4018 = ( GEOMETRIC_REPRESENTATION_CONTEXT(2) 
PARAMETRIC_REPRESENTATION_CONTEXT() REPRESENTATION_CONTEXT('2D SPACE',''
  ) );
#4019 = ORIENTED_EDGE('',*,*,#4020,.T.);
#4020 = EDGE_CURVE('',#3998,#4021,#4023,.T.);
#4021 = VERTEX_POINT('',#4022);
#4022 = CARTESIAN_POINT('',(60.,8.3,7.5));
#4023 = SURFACE_CURVE('',#4024,(#4028,#4035),.PCURVE_S1.);
#4024 = LINE('',#4025,#4026);
#4025 = CARTESIAN_POINT('',(60.,4.1,7.5));
#4026 = VECTOR('',#4027,1.);
#4027 = DIRECTION('',(0.,1.,0.));
#4028 = PCURVE('',#1009,#4029);
#4029 = DEFINITIONAL_REPRESENTATION('',(#4030),#4034);
#4030 = LINE('',#4031,#4032);
#4031 = CARTESIAN_POINT('',(140.,20.1));
#4032 = VECTOR('',#4033,1.);
#4033 = DIRECTION('',(0.,1.));
#4034 = ( GEOMETRIC_REPRESENTATION_CONTEXT(2) 
PARAMETRIC_REPRESENTATION_CONTEXT() REPRESENTATION_CONTEXT('2D SPACE',''
  ) );
#4035 = PCURVE('',#4036,#4041);
#4036 = PLANE('',#4037);
#4037 = AXIS2_PLACEMENT_3D('',#4038,#4039,#4040);
#4038 = CARTESIAN_POINT('',(60.,4.1,7.5));
#4039 = DIRECTION('',(1.,0.,0.));
#4040 = DIRECTION('',(0.,0.,1.));
#4041 = DEFINITIONAL_REPRESENTATION('',(#4042),#4046);
#4042 = LINE('',#4043,#4044);
#4043 = CARTESIAN_POINT('',(0.,0.));
#4044 = VECTOR('',#4045,1.);
#4045 = DIRECTION('',(0.,-1.));
#4046 = ( GEOMETRIC_REPRESENTATION_CONTEXT(2) 
PARAMETRIC_REPRESENTATION_CONTEXT() REPRESENTATION_CONTEXT('2D SPACE',''
  ) );
#4047 = ORIENTED_EDGE('',*,*,#4048,.T.);
#4048 = EDGE_CURVE('',#4021,#1119,#4049,.T.);
#4049 = SURFACE_CURVE('',#4050,(#4054,#4061),.PCURVE_S1.);
#4050 = LINE('',#4051,#4052);
#4051 = CARTESIAN_POINT('',(60.,8.3,7.5));
#4052 = VECTOR('',#4053,1.);
#4053 = DIRECTION('',(1.,0.,0.));
#4054 = PCURVE('',#1009,#4055);
#4055 = DEFINITIONAL_REPRESENTATION('',(#4056),#4060);
#4056 = LINE('',#4057,#4058);
#4057 = CARTESIAN_POINT('',(140.,24.3));
#4058 = VECTOR('',#4059,1.);
#4059 = DIRECTION('',(1.,0.));
#4060 = ( GEOMETRIC_REPRESENTATION_CONTEXT(2) 
PARAMETRIC_REPRESENTATION_CONTEXT() REPRESENTATION_CONTEXT('2D SPACE',''
  ) );
#4061 = PCURVE('',#1157,#4062);
#4062 = DEFINITIONAL_REPRESENTATION('',(#4063),#4067);
#4063 = LINE('',#4064,#4065);
#4064 = CARTESIAN_POINT('',(0.,0.));
#4065 = VECTOR('',#4066,1.);
#4066 = DIRECTION('',(0.,1.));
#4067 = ( GEOMETRIC_REPRESENTATION_CONTEXT(2) 
PARAMETRIC_REPRESENTATION_CONTEXT() REPRESENTATION_CONTEXT('2D SPACE',''
  ) );
#4068 = ORIENTED_EDGE('',*,*,#1118,.T.);
#4069 = FACE_BOUND('',#4070,.T.);
#4070 = EDGE_LOOP('',(#4071,#4072,#4073,#4074));
#4071 = ORIENTED_EDGE('',*,*,#2651,.T.);
#4072 = ORIENTED_EDGE('',*,*,#2745,.T.);
#4073 = ORIENTED_EDGE('',*,*,#2770,.F.);
#4074 = ORIENTED_EDGE('',*,*,#2698,.F.);
#4075 = FACE_BOUND('',#4076,.T.);
#4076 = EDGE_LOOP('',(#4077,#4078,#4079,#4080));
#4077 = ORIENTED_EDGE('',*,*,#2839,.T.);
#4078 = ORIENTED_EDGE('',*,*,#2933,.T.);
#4079 = ORIENTED_EDGE('',*,*,#2958,.F.);
#4080 = ORIENTED_EDGE('',*,*,#2886,.F.);
#4081 = FACE_BOUND('',#4082,.T.);
#4082 = EDGE_LOOP('',(#4083,#4111,#4137,#4163,#4189,#4215));
#4083 = ORIENTED_EDGE('',*,*,#4084,.T.);
#4084 = EDGE_CURVE('',#4085,#4087,#4089,.T.);
#4085 = VERTEX_POINT('',#4086);
#4086 = CARTESIAN_POINT('',(-3.31976404784,5.75,7.5));
#4087 = VERTEX_POINT('',#4088);
#4088 = CARTESIAN_POINT('',(3.31976404784,5.75,7.5));
#4089 = SURFACE_CURVE('',#4090,(#4094,#4100),.PCURVE_S1.);
#4090 = LINE('',#4091,#4092);
#4091 = CARTESIAN_POINT('',(-38.34011797608,5.75,7.5));
#4092 = VECTOR('',#4093,1.);
#4093 = DIRECTION('',(1.,-1.337713173136E-16,0.));
#4094 = PCURVE('',#1009,#4095);
#4095 = DEFINITIONAL_REPRESENTATION('',(#4096),#4099);
#4096 = B_SPLINE_CURVE_WITH_KNOTS('',1,(#4097,#4098),.UNSPECIFIED.,.F.,
  .F.,(2,2),(35.020353928239,41.65988202392),.PIECEWISE_BEZIER_KNOTS.);
#4097 = CARTESIAN_POINT('',(76.68023595216,21.75));
#4098 = CARTESIAN_POINT('',(83.31976404784,21.75));
#4099 = ( GEOMETRIC_REPRESENTATION_CONTEXT(2) 
PARAMETRIC_REPRESENTATION_CONTEXT() REPRESENTATION_CONTEXT('2D SPACE',''
  ) );
#4100 = PCURVE('',#4101,#4106);
#4101 = PLANE('',#4102);
#4102 = AXIS2_PLACEMENT_3D('',#4103,#4104,#4105);
#4103 = CARTESIAN_POINT('',(3.31976404784,5.75,1.5));
#4104 = DIRECTION('',(-1.337713173136E-16,-1.,0.));
#4105 = DIRECTION('',(-1.,1.337713173136E-16,0.));
#4106 = DEFINITIONAL_REPRESENTATION('',(#4107),#4110);
#4107 = B_SPLINE_CURVE_WITH_KNOTS('',1,(#4108,#4109),.UNSPECIFIED.,.F.,
  .F.,(2,2),(35.020353928239,41.65988202392),.PIECEWISE_BEZIER_KNOTS.);
#4108 = CARTESIAN_POINT('',(6.639528095681,-6.));
#4109 = CARTESIAN_POINT('',(0.,-6.));
#4110 = ( GEOMETRIC_REPRESENTATION_CONTEXT(2) 
PARAMETRIC_REPRESENTATION_CONTEXT() REPRESENTATION_CONTEXT('2D SPACE',''
  ) );
#4111 = ORIENTED_EDGE('',*,*,#4112,.T.);
#4112 = EDGE_CURVE('',#4087,#4113,#4115,.T.);
#4113 = VERTEX_POINT('',#4114);
#4114 = CARTESIAN_POINT('',(6.639528095681,0.,7.5));
#4115 = SURFACE_CURVE('',#4116,(#4120,#4126),.PCURVE_S1.);
#4116 = LINE('',#4117,#4118);
#4117 = CARTESIAN_POINT('',(-0.726311301142,12.758008075689,7.5));
#4118 = VECTOR('',#4119,1.);
#4119 = DIRECTION('',(0.5,-0.866025403784,0.));
#4120 = PCURVE('',#1009,#4121);
#4121 = DEFINITIONAL_REPRESENTATION('',(#4122),#4125);
#4122 = B_SPLINE_CURVE_WITH_KNOTS('',1,(#4123,#4124),.UNSPECIFIED.,.F.,
  .F.,(2,2),(8.092150697964,14.731678793645),.PIECEWISE_BEZIER_KNOTS.);
#4123 = CARTESIAN_POINT('',(83.31976404784,21.75));
#4124 = CARTESIAN_POINT('',(86.639528095681,16.));
#4125 = ( GEOMETRIC_REPRESENTATION_CONTEXT(2) 
PARAMETRIC_REPRESENTATION_CONTEXT() REPRESENTATION_CONTEXT('2D SPACE',''
  ) );
#4126 = PCURVE('',#4127,#4132);
#4127 = PLANE('',#4128);
#4128 = AXIS2_PLACEMENT_3D('',#4129,#4130,#4131);
#4129 = CARTESIAN_POINT('',(6.639528095681,0.,1.5));
#4130 = DIRECTION('',(-0.866025403784,-0.5,0.));
#4131 = DIRECTION('',(-0.5,0.866025403784,0.));
#4132 = DEFINITIONAL_REPRESENTATION('',(#4133),#4136);
#4133 = B_SPLINE_CURVE_WITH_KNOTS('',1,(#4134,#4135),.UNSPECIFIED.,.F.,
  .F.,(2,2),(8.092150697964,14.731678793645),.PIECEWISE_BEZIER_KNOTS.);
#4134 = CARTESIAN_POINT('',(6.639528095681,-6.));
#4135 = CARTESIAN_POINT('',(0.,-6.));
#4136 = ( GEOMETRIC_REPRESENTATION_CONTEXT(2) 
PARAMETRIC_REPRESENTATION_CONTEXT() REPRESENTATION_CONTEXT('2D SPACE',''
  ) );
#4137 = ORIENTED_EDGE('',*,*,#4138,.T.);
#4138 = EDGE_CURVE('',#4113,#4139,#4141,.T.);
#4139 = VERTEX_POINT('',#4140);
#4140 = CARTESIAN_POINT('',(3.31976404784,-5.75,7.5));
#4141 = SURFACE_CURVE('',#4142,(#4146,#4152),.PCURVE_S1.);
#4142 = LINE('',#4143,#4144);
#4143 = CARTESIAN_POINT('',(-9.314396555337,-27.63300807568,7.5));
#4144 = VECTOR('',#4145,1.);
#4145 = DIRECTION('',(-0.5,-0.866025403784,0.));
#4146 = PCURVE('',#1009,#4147);
#4147 = DEFINITIONAL_REPRESENTATION('',(#4148),#4151);
#4148 = B_SPLINE_CURVE_WITH_KNOTS('',1,(#4149,#4150),.UNSPECIFIED.,.F.,
  .F.,(2,2),(-31.90784930203,-25.26832120635),.PIECEWISE_BEZIER_KNOTS.);
#4149 = CARTESIAN_POINT('',(86.639528095681,16.));
#4150 = CARTESIAN_POINT('',(83.31976404784,10.25));
#4151 = ( GEOMETRIC_REPRESENTATION_CONTEXT(2) 
PARAMETRIC_REPRESENTATION_CONTEXT() REPRESENTATION_CONTEXT('2D SPACE',''
  ) );
#4152 = PCURVE('',#4153,#4158);
#4153 = PLANE('',#4154);
#4154 = AXIS2_PLACEMENT_3D('',#4155,#4156,#4157);
#4155 = CARTESIAN_POINT('',(3.31976404784,-5.75,1.5));
#4156 = DIRECTION('',(-0.866025403784,0.5,0.));
#4157 = DIRECTION('',(0.5,0.866025403784,0.));
#4158 = DEFINITIONAL_REPRESENTATION('',(#4159),#4162);
#4159 = B_SPLINE_CURVE_WITH_KNOTS('',1,(#4160,#4161),.UNSPECIFIED.,.F.,
  .F.,(2,2),(-31.90784930203,-25.26832120635),.PIECEWISE_BEZIER_KNOTS.);
#4160 = CARTESIAN_POINT('',(6.639528095681,-6.));
#4161 = CARTESIAN_POINT('',(0.,-6.));
#4162 = ( GEOMETRIC_REPRESENTATION_CONTEXT(2) 
PARAMETRIC_REPRESENTATION_CONTEXT() REPRESENTATION_CONTEXT('2D SPACE',''
  ) );
#4163 = ORIENTED_EDGE('',*,*,#4164,.T.);
#4164 = EDGE_CURVE('',#4139,#4165,#4167,.T.);
#4165 = VERTEX_POINT('',#4166);
#4166 = CARTESIAN_POINT('',(-3.31976404784,-5.75,7.5));
#4167 = SURFACE_CURVE('',#4168,(#4172,#4178),.PCURVE_S1.);
#4168 = LINE('',#4169,#4170);
#4169 = CARTESIAN_POINT('',(-41.65988202392,-5.75,7.5));
#4170 = VECTOR('',#4171,1.);
#4171 = DIRECTION('',(-1.,6.688565865682E-16,0.));
#4172 = PCURVE('',#1009,#4173);
#4173 = DEFINITIONAL_REPRESENTATION('',(#4174),#4177);
#4174 = B_SPLINE_CURVE_WITH_KNOTS('',1,(#4175,#4176),.UNSPECIFIED.,.F.,
  .F.,(2,2),(-44.97964607176,-38.34011797608),.PIECEWISE_BEZIER_KNOTS.);
#4175 = CARTESIAN_POINT('',(83.31976404784,10.25));
#4176 = CARTESIAN_POINT('',(76.68023595216,10.25));
#4177 = ( GEOMETRIC_REPRESENTATION_CONTEXT(2) 
PARAMETRIC_REPRESENTATION_CONTEXT() REPRESENTATION_CONTEXT('2D SPACE',''
  ) );
#4178 = PCURVE('',#4179,#4184);
#4179 = PLANE('',#4180);
#4180 = AXIS2_PLACEMENT_3D('',#4181,#4182,#4183);
#4181 = CARTESIAN_POINT('',(-3.31976404784,-5.75,1.5));
#4182 = DIRECTION('',(6.688565865682E-16,1.,-0.));
#4183 = DIRECTION('',(1.,-6.688565865682E-16,0.));
#4184 = DEFINITIONAL_REPRESENTATION('',(#4185),#4188);
#4185 = B_SPLINE_CURVE_WITH_KNOTS('',1,(#4186,#4187),.UNSPECIFIED.,.F.,
  .F.,(2,2),(-44.97964607176,-38.34011797608),.PIECEWISE_BEZIER_KNOTS.);
#4186 = CARTESIAN_POINT('',(6.639528095681,-6.));
#4187 = CARTESIAN_POINT('',(0.,-6.));
#4188 = ( GEOMETRIC_REPRESENTATION_CONTEXT(2) 
PARAMETRIC_REPRESENTATION_CONTEXT() REPRESENTATION_CONTEXT('2D SPACE',''
  ) );
#4189 = ORIENTED_EDGE('',*,*,#4190,.T.);
#4190 = EDGE_CURVE('',#4165,#4191,#4193,.T.);
#4191 = VERTEX_POINT('',#4192);
#4192 = CARTESIAN_POINT('',(-6.639528095681,8.131076830224E-16,7.5));
#4193 = SURFACE_CURVE('',#4194,(#4198,#4204),.PCURVE_S1.);
#4194 = LINE('',#4195,#4196);
#4195 = CARTESIAN_POINT('',(-12.34548546858,9.883008075689,7.5));
#4196 = VECTOR('',#4197,1.);
#4197 = DIRECTION('',(-0.5,0.866025403784,0.));
#4198 = PCURVE('',#1009,#4199);
#4199 = DEFINITIONAL_REPRESENTATION('',(#4200),#4203);
#4200 = B_SPLINE_CURVE_WITH_KNOTS('',1,(#4201,#4202),.UNSPECIFIED.,.F.,
  .F.,(2,2),(-18.05144284148,-11.4119147458),.PIECEWISE_BEZIER_KNOTS.);
#4201 = CARTESIAN_POINT('',(76.68023595216,10.25));
#4202 = CARTESIAN_POINT('',(73.360471904319,16.));
#4203 = ( GEOMETRIC_REPRESENTATION_CONTEXT(2) 
PARAMETRIC_REPRESENTATION_CONTEXT() REPRESENTATION_CONTEXT('2D SPACE',''
  ) );
#4204 = PCURVE('',#4205,#4210);
#4205 = PLANE('',#4206);
#4206 = AXIS2_PLACEMENT_3D('',#4207,#4208,#4209);
#4207 = CARTESIAN_POINT('',(-6.639528095681,8.131076830224E-16,1.5));
#4208 = DIRECTION('',(0.866025403784,0.5,-0.));
#4209 = DIRECTION('',(0.5,-0.866025403784,0.));
#4210 = DEFINITIONAL_REPRESENTATION('',(#4211),#4214);
#4211 = B_SPLINE_CURVE_WITH_KNOTS('',1,(#4212,#4213),.UNSPECIFIED.,.F.,
  .F.,(2,2),(-18.05144284148,-11.4119147458),.PIECEWISE_BEZIER_KNOTS.);
#4212 = CARTESIAN_POINT('',(6.639528095681,-6.));
#4213 = CARTESIAN_POINT('',(0.,-6.));
#4214 = ( GEOMETRIC_REPRESENTATION_CONTEXT(2) 
PARAMETRIC_REPRESENTATION_CONTEXT() REPRESENTATION_CONTEXT('2D SPACE',''
  ) );
#4215 = ORIENTED_EDGE('',*,*,#4216,.T.);
#4216 = EDGE_CURVE('',#4191,#4085,#4217,.T.);
#4217 = SURFACE_CURVE('',#4218,(#4222,#4228),.PCURVE_S1.);
#4218 = LINE('',#4219,#4220);
#4219 = CARTESIAN_POINT('',(-17.61380667493,-19.00800807568,7.5));
#4220 = VECTOR('',#4221,1.);
#4221 = DIRECTION('',(0.5,0.866025403784,-0.));
#4222 = PCURVE('',#1009,#4223);
#4223 = DEFINITIONAL_REPRESENTATION('',(#4224),#4227);
#4224 = B_SPLINE_CURVE_WITH_KNOTS('',1,(#4225,#4226),.UNSPECIFIED.,.F.,
  .F.,(2,2),(21.948557158515,28.588085254196),.PIECEWISE_BEZIER_KNOTS.);
#4225 = CARTESIAN_POINT('',(73.360471904319,16.));
#4226 = CARTESIAN_POINT('',(76.68023595216,21.75));
#4227 = ( GEOMETRIC_REPRESENTATION_CONTEXT(2) 
PARAMETRIC_REPRESENTATION_CONTEXT() REPRESENTATION_CONTEXT('2D SPACE',''
  ) );
#4228 = PCURVE('',#4229,#4234);
#4229 = PLANE('',#4230);
#4230 = AXIS2_PLACEMENT_3D('',#4231,#4232,#4233);
#4231 = CARTESIAN_POINT('',(-3.31976404784,5.75,1.5));
#4232 = DIRECTION('',(0.866025403784,-0.5,0.));
#4233 = DIRECTION('',(-0.5,-0.866025403784,0.));
#4234 = DEFINITIONAL_REPRESENTATION('',(#4235),#4238);
#4235 = B_SPLINE_CURVE_WITH_KNOTS('',1,(#4236,#4237),.UNSPECIFIED.,.F.,
  .F.,(2,2),(21.948557158515,28.588085254196),.PIECEWISE_BEZIER_KNOTS.);
#4236 = CARTESIAN_POINT('',(6.639528095681,-6.));
#4237 = CARTESIAN_POINT('',(0.,-6.));
#4238 = ( GEOMETRIC_REPRESENTATION_CONTEXT(2) 
PARAMETRIC_REPRESENTATION_CONTEXT() REPRESENTATION_CONTEXT('2D SPACE',''
  ) );
#4239 = FACE_BOUND('',#4240,.T.);
#4240 = EDGE_LOOP('',(#4241,#4242,#4243,#4244));
#4241 = ORIENTED_EDGE('',*,*,#3141,.T.);
#4242 = ORIENTED_EDGE('',*,*,#3235,.T.);
#4243 = ORIENTED_EDGE('',*,*,#3260,.F.);
#4244 = ORIENTED_EDGE('',*,*,#3188,.F.);
#4245 = FACE_BOUND('',#4246,.T.);
#4246 = EDGE_LOOP('',(#4247,#4248,#4249,#4250));
#4247 = ORIENTED_EDGE('',*,*,#3329,.T.);
#4248 = ORIENTED_EDGE('',*,*,#3423,.T.);
#4249 = ORIENTED_EDGE('',*,*,#3448,.F.);
#4250 = ORIENTED_EDGE('',*,*,#3376,.F.);
#4251 = ADVANCED_FACE('',(#4252,#4300),#1157,.T.);
#4252 = FACE_BOUND('',#4253,.T.);
#4253 = EDGE_LOOP('',(#4254,#4255,#4278,#4299));
#4254 = ORIENTED_EDGE('',*,*,#4048,.F.);
#4255 = ORIENTED_EDGE('',*,*,#4256,.T.);
#4256 = EDGE_CURVE('',#4021,#4257,#4259,.T.);
#4257 = VERTEX_POINT('',#4258);
#4258 = CARTESIAN_POINT('',(60.,8.3,37.5));
#4259 = SURFACE_CURVE('',#4260,(#4264,#4271),.PCURVE_S1.);
#4260 = LINE('',#4261,#4262);
#4261 = CARTESIAN_POINT('',(60.,8.3,7.5));
#4262 = VECTOR('',#4263,1.);
#4263 = DIRECTION('',(0.,0.,1.));
#4264 = PCURVE('',#1157,#4265);
#4265 = DEFINITIONAL_REPRESENTATION('',(#4266),#4270);
#4266 = LINE('',#4267,#4268);
#4267 = CARTESIAN_POINT('',(0.,0.));
#4268 = VECTOR('',#4269,1.);
#4269 = DIRECTION('',(1.,0.));
#4270 = ( GEOMETRIC_REPRESENTATION_CONTEXT(2) 
PARAMETRIC_REPRESENTATION_CONTEXT() REPRESENTATION_CONTEXT('2D SPACE',''
  ) );
#4271 = PCURVE('',#4036,#4272);
#4272 = DEFINITIONAL_REPRESENTATION('',(#4273),#4277);
#4273 = LINE('',#4274,#4275);
#4274 = CARTESIAN_POINT('',(0.,-4.2));
#4275 = VECTOR('',#4276,1.);
#4276 = DIRECTION('',(1.,0.));
#4277 = ( GEOMETRIC_REPRESENTATION_CONTEXT(2) 
PARAMETRIC_REPRESENTATION_CONTEXT() REPRESENTATION_CONTEXT('2D SPACE',''
  ) );
#4278 = ORIENTED_EDGE('',*,*,#4279,.T.);
#4279 = EDGE_CURVE('',#4257,#1142,#4280,.T.);
#4280 = SURFACE_CURVE('',#4281,(#4285,#4292),.PCURVE_S1.);
#4281 = LINE('',#4282,#4283);
#4282 = CARTESIAN_POINT('',(60.,8.3,37.5));
#4283 = VECTOR('',#4284,1.);
#4284 = DIRECTION('',(1.,0.,0.));
#4285 = PCURVE('',#1157,#4286);
#4286 = DEFINITIONAL_REPRESENTATION('',(#4287),#4291);
#4287 = LINE('',#4288,#4289);
#4288 = CARTESIAN_POINT('',(30.,0.));
#4289 = VECTOR('',#4290,1.);
#4290 = DIRECTION('',(0.,1.));
#4291 = ( GEOMETRIC_REPRESENTATION_CONTEXT(2) 
PARAMETRIC_REPRESENTATION_CONTEXT() REPRESENTATION_CONTEXT('2D SPACE',''
  ) );
#4292 = PCURVE('',#1185,#4293);
#4293 = DEFINITIONAL_REPRESENTATION('',(#4294),#4298);
#4294 = LINE('',#4295,#4296);
#4295 = CARTESIAN_POINT('',(0.,4.2));
#4296 = VECTOR('',#4297,1.);
#4297 = DIRECTION('',(1.,0.));
#4298 = ( GEOMETRIC_REPRESENTATION_CONTEXT(2) 
PARAMETRIC_REPRESENTATION_CONTEXT() REPRESENTATION_CONTEXT('2D SPACE',''
  ) );
#4299 = ORIENTED_EDGE('',*,*,#1141,.F.);
#4300 = FACE_BOUND('',#4301,.T.);
#4301 = EDGE_LOOP('',(#4302));
#4302 = ORIENTED_EDGE('',*,*,#4303,.T.);
#4303 = EDGE_CURVE('',#4304,#4304,#4306,.T.);
#4304 = VERTEX_POINT('',#4305);
#4305 = CARTESIAN_POINT('',(72.2,8.3,25.));
#4306 = SURFACE_CURVE('',#4307,(#4312,#4323),.PCURVE_S1.);
#4307 = CIRCLE('',#4308,2.2);
#4308 = AXIS2_PLACEMENT_3D('',#4309,#4310,#4311);
#4309 = CARTESIAN_POINT('',(70.,8.3,25.));
#4310 = DIRECTION('',(0.,-1.,0.));
#4311 = DIRECTION('',(1.,0.,0.));
#4312 = PCURVE('',#1157,#4313);
#4313 = DEFINITIONAL_REPRESENTATION('',(#4314),#4322);
#4314 = ( BOUNDED_CURVE() B_SPLINE_CURVE(2,(#4315,#4316,#4317,#4318,
#4319,#4320,#4321),.UNSPECIFIED.,.T.,.F.) B_SPLINE_CURVE_WITH_KNOTS((1,2
    ,2,2,2,1),(-2.094395102393,0.,2.094395102393,4.188790204786,
6.28318530718,8.377580409573),.UNSPECIFIED.) CURVE() 
GEOMETRIC_REPRESENTATION_ITEM() RATIONAL_B_SPLINE_CURVE((1.,0.5,1.,0.5,
1.,0.5,1.)) REPRESENTATION_ITEM('') );
#4315 = CARTESIAN_POINT('',(17.5,12.2));
#4316 = CARTESIAN_POINT('',(21.310511776652,12.2));
#4317 = CARTESIAN_POINT('',(19.405255888326,8.9));
#4318 = CARTESIAN_POINT('',(17.5,5.6));
#4319 = CARTESIAN_POINT('',(15.594744111674,8.9));
#4320 = CARTESIAN_POINT('',(13.689488223348,12.2));
#4321 = CARTESIAN_POINT('',(17.5,12.2));
#4322 = ( GEOMETRIC_REPRESENTATION_CONTEXT(2) 
PARAMETRIC_REPRESENTATION_CONTEXT() REPRESENTATION_CONTEXT('2D SPACE',''
  ) );
#4323 = PCURVE('',#4324,#4329);
#4324 = CYLINDRICAL_SURFACE('',#4325,2.2);
#4325 = AXIS2_PLACEMENT_3D('',#4326,#4327,#4328);
#4326 = CARTESIAN_POINT('',(70.,0.,25.));
#4327 = DIRECTION('',(0.,-1.,0.));
#4328 = DIRECTION('',(1.,0.,0.));
#4329 = DEFINITIONAL_REPRESENTATION('',(#4330),#4334);
#4330 = LINE('',#4331,#4332);
#4331 = CARTESIAN_POINT('',(0.,-8.3));
#4332 = VECTOR('',#4333,1.);
#4333 = DIRECTION('',(1.,0.));
#4334 = ( GEOMETRIC_REPRESENTATION_CONTEXT(2) 
PARAMETRIC_REPRESENTATION_CONTEXT() REPRESENTATION_CONTEXT('2D SPACE',''
  ) );
#4335 = ADVANCED_FACE('',(#4336),#1185,.T.);
#4336 = FACE_BOUND('',#4337,.T.);
#4337 = EDGE_LOOP('',(#4338,#4361,#4382,#4383));
#4338 = ORIENTED_EDGE('',*,*,#4339,.F.);
#4339 = EDGE_CURVE('',#4340,#4257,#4342,.T.);
#4340 = VERTEX_POINT('',#4341);
#4341 = CARTESIAN_POINT('',(60.,4.1,37.5));
#4342 = SURFACE_CURVE('',#4343,(#4347,#4354),.PCURVE_S1.);
#4343 = LINE('',#4344,#4345);
#4344 = CARTESIAN_POINT('',(60.,4.1,37.5));
#4345 = VECTOR('',#4346,1.);
#4346 = DIRECTION('',(0.,1.,0.));
#4347 = PCURVE('',#1185,#4348);
#4348 = DEFINITIONAL_REPRESENTATION('',(#4349),#4353);
#4349 = LINE('',#4350,#4351);
#4350 = CARTESIAN_POINT('',(0.,0.));
#4351 = VECTOR('',#4352,1.);
#4352 = DIRECTION('',(0.,1.));
#4353 = ( GEOMETRIC_REPRESENTATION_CONTEXT(2) 
PARAMETRIC_REPRESENTATION_CONTEXT() REPRESENTATION_CONTEXT('2D SPACE',''
  ) );
#4354 = PCURVE('',#4036,#4355);
#4355 = DEFINITIONAL_REPRESENTATION('',(#4356),#4360);
#4356 = LINE('',#4357,#4358);
#4357 = CARTESIAN_POINT('',(30.,0.));
#4358 = VECTOR('',#4359,1.);
#4359 = DIRECTION('',(0.,-1.));
#4360 = ( GEOMETRIC_REPRESENTATION_CONTEXT(2) 
PARAMETRIC_REPRESENTATION_CONTEXT() REPRESENTATION_CONTEXT('2D SPACE',''
  ) );
#4361 = ORIENTED_EDGE('',*,*,#4362,.T.);
#4362 = EDGE_CURVE('',#4340,#1170,#4363,.T.);
#4363 = SURFACE_CURVE('',#4364,(#4368,#4375),.PCURVE_S1.);
#4364 = LINE('',#4365,#4366);
#4365 = CARTESIAN_POINT('',(60.,4.1,37.5));
#4366 = VECTOR('',#4367,1.);
#4367 = DIRECTION('',(1.,0.,0.));
#4368 = PCURVE('',#1185,#4369);
#4369 = DEFINITIONAL_REPRESENTATION('',(#4370),#4374);
#4370 = LINE('',#4371,#4372);
#4371 = CARTESIAN_POINT('',(0.,0.));
#4372 = VECTOR('',#4373,1.);
#4373 = DIRECTION('',(1.,0.));
#4374 = ( GEOMETRIC_REPRESENTATION_CONTEXT(2) 
PARAMETRIC_REPRESENTATION_CONTEXT() REPRESENTATION_CONTEXT('2D SPACE',''
  ) );
#4375 = PCURVE('',#1213,#4376);
#4376 = DEFINITIONAL_REPRESENTATION('',(#4377),#4381);
#4377 = LINE('',#4378,#4379);
#4378 = CARTESIAN_POINT('',(30.,0.));
#4379 = VECTOR('',#4380,1.);
#4380 = DIRECTION('',(0.,1.));
#4381 = ( GEOMETRIC_REPRESENTATION_CONTEXT(2) 
PARAMETRIC_REPRESENTATION_CONTEXT() REPRESENTATION_CONTEXT('2D SPACE',''
  ) );
#4382 = ORIENTED_EDGE('',*,*,#1169,.T.);
#4383 = ORIENTED_EDGE('',*,*,#4279,.F.);
#4384 = ADVANCED_FACE('',(#4385,#4411,#5196),#1213,.F.);
#4385 = FACE_BOUND('',#4386,.F.);
#4386 = EDGE_LOOP('',(#4387,#4388,#4409,#4410));
#4387 = ORIENTED_EDGE('',*,*,#3997,.F.);
#4388 = ORIENTED_EDGE('',*,*,#4389,.T.);
#4389 = EDGE_CURVE('',#3998,#4340,#4390,.T.);
#4390 = SURFACE_CURVE('',#4391,(#4395,#4402),.PCURVE_S1.);
#4391 = LINE('',#4392,#4393);
#4392 = CARTESIAN_POINT('',(60.,4.1,7.5));
#4393 = VECTOR('',#4394,1.);
#4394 = DIRECTION('',(0.,0.,1.));
#4395 = PCURVE('',#1213,#4396);
#4396 = DEFINITIONAL_REPRESENTATION('',(#4397),#4401);
#4397 = LINE('',#4398,#4399);
#4398 = CARTESIAN_POINT('',(0.,0.));
#4399 = VECTOR('',#4400,1.);
#4400 = DIRECTION('',(1.,0.));
#4401 = ( GEOMETRIC_REPRESENTATION_CONTEXT(2) 
PARAMETRIC_REPRESENTATION_CONTEXT() REPRESENTATION_CONTEXT('2D SPACE',''
  ) );
#4402 = PCURVE('',#4036,#4403);
#4403 = DEFINITIONAL_REPRESENTATION('',(#4404),#4408);
#4404 = LINE('',#4405,#4406);
#4405 = CARTESIAN_POINT('',(0.,0.));
#4406 = VECTOR('',#4407,1.);
#4407 = DIRECTION('',(1.,0.));
#4408 = ( GEOMETRIC_REPRESENTATION_CONTEXT(2) 
PARAMETRIC_REPRESENTATION_CONTEXT() REPRESENTATION_CONTEXT('2D SPACE',''
  ) );
#4409 = ORIENTED_EDGE('',*,*,#4362,.T.);
#4410 = ORIENTED_EDGE('',*,*,#1197,.F.);
#4411 = FACE_BOUND('',#4412,.F.);
#4412 = EDGE_LOOP('',(#4413,#4513,#4618,#4711,#4816,#4914,#5005,#5098));
#4413 = ORIENTED_EDGE('',*,*,#4414,.F.);
#4414 = EDGE_CURVE('',#4415,#4417,#4419,.T.);
#4415 = VERTEX_POINT('',#4416);
#4416 = CARTESIAN_POINT('',(68.96926522011,4.1,17.170792056523));
#4417 = VERTEX_POINT('',#4418);
#4418 = CARTESIAN_POINT('',(66.97803853221,4.1,17.704339639493));
#4419 = SURFACE_CURVE('',#4420,(#4425,#4432),.PCURVE_S1.);
#4420 = CIRCLE('',#4421,1.322875655532);
#4421 = AXIS2_PLACEMENT_3D('',#4422,#4423,#4424);
#4422 = CARTESIAN_POINT('',(68.188266684282,4.1,18.238519215977));
#4423 = DIRECTION('',(0.,1.,0.));
#4424 = DIRECTION('',(0.59037940003,0.,-0.807125866281));
#4425 = PCURVE('',#1213,#4426);
#4426 = DEFINITIONAL_REPRESENTATION('',(#4427),#4431);
#4427 = CIRCLE('',#4428,1.322875655532);
#4428 = AXIS2_PLACEMENT_2D('',#4429,#4430);
#4429 = CARTESIAN_POINT('',(10.738519215977,8.188266684282));
#4430 = DIRECTION('',(-0.807125866281,0.59037940003));
#4431 = ( GEOMETRIC_REPRESENTATION_CONTEXT(2) 
PARAMETRIC_REPRESENTATION_CONTEXT() REPRESENTATION_CONTEXT('2D SPACE',''
  ) );
#4432 = PCURVE('',#4433,#4438);
#4433 = SPHERICAL_SURFACE('',#4434,1.6);
#4434 = AXIS2_PLACEMENT_3D('',#4435,#4436,#4437);
#4435 = CARTESIAN_POINT('',(68.188266684282,3.2,18.238519215977));
#4436 = DIRECTION('',(0.,0.,1.));
#4437 = DIRECTION('',(1.,0.,0.));
#4438 = DEFINITIONAL_REPRESENTATION('',(#4439),#4512);
#4439 = B_SPLINE_CURVE_WITH_KNOTS('',8,(#4440,#4441,#4442,#4443,#4444,
    #4445,#4446,#4447,#4448,#4449,#4450,#4451,#4452,#4453,#4454,#4455,
    #4456,#4457,#4458,#4459,#4460,#4461,#4462,#4463,#4464,#4465,#4466,
    #4467,#4468,#4469,#4470,#4471,#4472,#4473,#4474,#4475,#4476,#4477,
    #4478,#4479,#4480,#4481,#4482,#4483,#4484,#4485,#4486,#4487,#4488,
    #4489,#4490,#4491,#4492,#4493,#4494,#4495,#4496,#4497,#4498,#4499,
    #4500,#4501,#4502,#4503,#4504,#4505,#4506,#4507,#4508,#4509,#4510,
    #4511),.UNSPECIFIED.,.F.,.F.,(9,7,7,7,7,7,7,7,7,7,9),(0.,
    0.3202265969,0.751838456867,1.129498834337,1.790404494911,
    2.781762985771,3.277442231201,3.525281853916,3.773121476632,
    4.16582055833,4.666449687472),.UNSPECIFIED.);
#4440 = CARTESIAN_POINT('',(0.856072401046,-0.730617259711));
#4441 = CARTESIAN_POINT('',(0.883161514052,-0.756852179937));
#4442 = CARTESIAN_POINT('',(0.912612574828,-0.78215113868));
#4443 = CARTESIAN_POINT('',(0.944606142431,-0.806389593537));
#4444 = CARTESIAN_POINT('',(0.979322540012,-0.829424984145));
#4445 = CARTESIAN_POINT('',(1.016926990119,-0.851094860171));
#4446 = CARTESIAN_POINT('',(1.057541576544,-0.871216590287));
#4447 = CARTESIAN_POINT('',(1.101193455168,-0.889591930865));
#4448 = CARTESIAN_POINT('',(1.210529438453,-0.928173353764));
#4449 = CARTESIAN_POINT('',(1.278596126813,-0.946793168568));
#4450 = CARTESIAN_POINT('',(1.351669596544,-0.961402161822));
#4451 = CARTESIAN_POINT('',(1.428981435428,-0.971531257276));
#4452 = CARTESIAN_POINT('',(1.509107380903,-0.976767639109));
#4453 = CARTESIAN_POINT('',(1.589788031301,-0.976956167367));
#4454 = CARTESIAN_POINT('',(1.669060110494,-0.972219515911));
#4455 = CARTESIAN_POINT('',(1.812219794385,-0.954645197063));
#4456 = CARTESIAN_POINT('',(1.876792349314,-0.942894455429));
#4457 = CARTESIAN_POINT('',(1.938119070478,-0.9277874326));
#4458 = CARTESIAN_POINT('',(1.995471156264,-0.909623232542));
#4459 = CARTESIAN_POINT('',(2.048549304128,-0.888746861669));
#4460 = CARTESIAN_POINT('',(2.097367941613,-0.865496790989));
#4461 = CARTESIAN_POINT('',(2.142075430064,-0.840174326426));
#4462 = CARTESIAN_POINT('',(2.254369802057,-0.765579523231));
#4463 = CARTESIAN_POINT('',(2.313967159713,-0.712588021205));
#4464 = CARTESIAN_POINT('',(2.362962775818,-0.655514853047));
#4465 = CARTESIAN_POINT('',(2.403361801222,-0.595457942752));
#4466 = CARTESIAN_POINT('',(2.436579231873,-0.533127727672));
#4467 = CARTESIAN_POINT('',(2.463745233429,-0.469078398312));
#4468 = CARTESIAN_POINT('',(2.485672829128,-0.403720021427));
#4469 = CARTESIAN_POINT('',(2.528862164464,-0.237893676731));
#4470 = CARTESIAN_POINT('',(2.54430817246,-0.136210081002));
#4471 = CARTESIAN_POINT('',(2.551264924762,-3.347192566327E-02));
#4472 = CARTESIAN_POINT('',(2.550507288932,6.959134517753E-02));
#4473 = CARTESIAN_POINT('',(2.542068083678,0.17230713742));
#4474 = CARTESIAN_POINT('',(2.525307297184,0.273962917581));
#4475 = CARTESIAN_POINT('',(2.498636405897,0.373658812623));
#4476 = CARTESIAN_POINT('',(2.43909944262,0.517883857296));
#4477 = CARTESIAN_POINT('',(2.415998692347,0.565072209334));
#4478 = CARTESIAN_POINT('',(2.389257340039,0.611176280532));
#4479 = CARTESIAN_POINT('',(2.358389814676,0.65595186271));
#4480 = CARTESIAN_POINT('',(2.322822815323,0.699100699849));
#4481 = CARTESIAN_POINT('',(2.281858844724,0.740237630578));
#4482 = CARTESIAN_POINT('',(2.234735396582,0.778862042876));
#4483 = CARTESIAN_POINT('',(2.154018678994,0.832114008177));
#4484 = CARTESIAN_POINT('',(2.125441079551,0.849083941329));
#4485 = CARTESIAN_POINT('',(2.095126378506,0.865196905619));
#4486 = CARTESIAN_POINT('',(2.063022498611,0.880370278965));
#4487 = CARTESIAN_POINT('',(2.02910345716,0.894515241871));
#4488 = CARTESIAN_POINT('',(1.993382328898,0.907538896315));
#4489 = CARTESIAN_POINT('',(1.95592407475,0.919348325773));
#4490 = CARTESIAN_POINT('',(1.877792397952,0.940364866997));
#4491 = CARTESIAN_POINT('',(1.837118839275,0.949571888537));
#4492 = CARTESIAN_POINT('',(1.794965871151,0.957391216966));
#4493 = CARTESIAN_POINT('',(1.751523577571,0.963741127419));
#4494 = CARTESIAN_POINT('',(1.707051178035,0.968553022571));
#4495 = CARTESIAN_POINT('',(1.661868645118,0.971777761653));
#4496 = CARTESIAN_POINT('',(1.616332577262,0.97338991015));
#4497 = CARTESIAN_POINT('',(1.498644652471,0.97338991015));
#4498 = CARTESIAN_POINT('',(1.4264932203,0.969342164704));
#4499 = CARTESIAN_POINT('',(1.35574957305,0.961247109829));
#4500 = CARTESIAN_POINT('',(1.287831666602,0.949258406267));
#4501 = CARTESIAN_POINT('',(1.223810629943,0.933693645588));
#4502 = CARTESIAN_POINT('',(1.164161904882,0.914929592137));
#4503 = CARTESIAN_POINT('',(1.109050921052,0.893340145546));
#4504 = CARTESIAN_POINT('',(0.993857933911,0.838595229225));
#4505 = CARTESIAN_POINT('',(0.936572240303,0.803891494493));
#4506 = CARTESIAN_POINT('',(0.886433507808,0.765888381422));
#4507 = CARTESIAN_POINT('',(0.842719639581,0.725238840762));
#4508 = CARTESIAN_POINT('',(0.804648963509,0.682448033186));
#4509 = CARTESIAN_POINT('',(0.771518790137,0.637912272065));
#4510 = CARTESIAN_POINT('',(0.742730925271,0.591947398186));
#4511 = CARTESIAN_POINT('',(0.717788916358,0.544809259126));
#4512 = ( GEOMETRIC_REPRESENTATION_CONTEXT(2) 
PARAMETRIC_REPRESENTATION_CONTEXT() REPRESENTATION_CONTEXT('2D SPACE',''
  ) );
#4513 = ORIENTED_EDGE('',*,*,#4514,.F.);
#4514 = EDGE_CURVE('',#4515,#4415,#4517,.T.);
#4515 = VERTEX_POINT('',#4516);
#4516 = CARTESIAN_POINT('',(69.219001464172,4.1,19.067727159454));
#4517 = SURFACE_CURVE('',#4518,(#4523,#4530),.PCURVE_S1.);
#4518 = CIRCLE('',#4519,1.322875655532);
#4519 = AXIS2_PLACEMENT_3D('',#4520,#4521,#4522);
#4520 = CARTESIAN_POINT('',(70.,4.1,18.));
#4521 = DIRECTION('',(0.,1.,-0.));
#4522 = DIRECTION('',(-0.59037940003,0.,0.807125866281));
#4523 = PCURVE('',#1213,#4524);
#4524 = DEFINITIONAL_REPRESENTATION('',(#4525),#4529);
#4525 = CIRCLE('',#4526,1.322875655532);
#4526 = AXIS2_PLACEMENT_2D('',#4527,#4528);
#4527 = CARTESIAN_POINT('',(10.5,10.));
#4528 = DIRECTION('',(0.807125866281,-0.59037940003));
#4529 = ( GEOMETRIC_REPRESENTATION_CONTEXT(2) 
PARAMETRIC_REPRESENTATION_CONTEXT() REPRESENTATION_CONTEXT('2D SPACE',''
  ) );
#4530 = PCURVE('',#4531,#4536);
#4531 = SPHERICAL_SURFACE('',#4532,1.6);
#4532 = AXIS2_PLACEMENT_3D('',#4533,#4534,#4535);
#4533 = CARTESIAN_POINT('',(70.,3.2,18.));
#4534 = DIRECTION('',(0.,0.,1.));
#4535 = DIRECTION('',(1.,0.,0.));
#4536 = DEFINITIONAL_REPRESENTATION('',(#4537),#4617);
#4537 = B_SPLINE_CURVE_WITH_KNOTS('',8,(#4538,#4539,#4540,#4541,#4542,
    #4543,#4544,#4545,#4546,#4547,#4548,#4549,#4550,#4551,#4552,#4553,
    #4554,#4555,#4556,#4557,#4558,#4559,#4560,#4561,#4562,#4563,#4564,
    #4565,#4566,#4567,#4568,#4569,#4570,#4571,#4572,#4573,#4574,#4575,
    #4576,#4577,#4578,#4579,#4580,#4581,#4582,#4583,#4584,#4585,#4586,
    #4587,#4588,#4589,#4590,#4591,#4592,#4593,#4594,#4595,#4596,#4597,
    #4598,#4599,#4600,#4601,#4602,#4603,#4604,#4605,#4606,#4607,#4608,
    #4609,#4610,#4611,#4612,#4613,#4614,#4615,#4616),.UNSPECIFIED.,.F.,
  .F.,(9,7,7,7,7,7,7,7,7,7,7,9),(0.,0.135849577612,0.383689200327,
    0.631528823042,1.02422790474,1.760538682926,2.404810613838,
    2.968548553386,3.46181925049,3.893431110456,4.271091487927,
    4.666449687472),.UNSPECIFIED.);
#4538 = CARTESIAN_POINT('',(2.285520288893,0.730617272491));
#4539 = CARTESIAN_POINT('',(2.274028294465,0.741746901684));
#4540 = CARTESIAN_POINT('',(2.262111208022,0.752708081579));
#4541 = CARTESIAN_POINT('',(2.249755240726,0.763491302745));
#4542 = CARTESIAN_POINT('',(2.236946617814,0.774086474117));
#4543 = CARTESIAN_POINT('',(2.223671786459,0.784482898565));
#4544 = CARTESIAN_POINT('',(2.209917691839,0.794669255976));
#4545 = CARTESIAN_POINT('',(2.195672138174,0.804633597312));
#4546 = CARTESIAN_POINT('',(2.154018678994,0.832114008177));
#4547 = CARTESIAN_POINT('',(2.125441079551,0.849083941329));
#4548 = CARTESIAN_POINT('',(2.095126378506,0.865196905619));
#4549 = CARTESIAN_POINT('',(2.063022498611,0.880370278965));
#4550 = CARTESIAN_POINT('',(2.02910345716,0.894515241871));
#4551 = CARTESIAN_POINT('',(1.993382328898,0.907538896315));
#4552 = CARTESIAN_POINT('',(1.95592407475,0.919348325773));
#4553 = CARTESIAN_POINT('',(1.877792397952,0.940364866997));
#4554 = CARTESIAN_POINT('',(1.837118839275,0.949571888537));
#4555 = CARTESIAN_POINT('',(1.794965871151,0.957391216966));
#4556 = CARTESIAN_POINT('',(1.751523577571,0.963741127419));
#4557 = CARTESIAN_POINT('',(1.707051178035,0.968553022571));
#4558 = CARTESIAN_POINT('',(1.661868645118,0.971777761653));
#4559 = CARTESIAN_POINT('',(1.616332577262,0.97338991015));
#4560 = CARTESIAN_POINT('',(1.498644652471,0.97338991015));
#4561 = CARTESIAN_POINT('',(1.4264932203,0.969342164704));
#4562 = CARTESIAN_POINT('',(1.35574957305,0.961247109829));
#4563 = CARTESIAN_POINT('',(1.287831666602,0.949258406267));
#4564 = CARTESIAN_POINT('',(1.223810629943,0.933693645588));
#4565 = CARTESIAN_POINT('',(1.164161904882,0.914929592137));
#4566 = CARTESIAN_POINT('',(1.109050921052,0.893340145546));
#4567 = CARTESIAN_POINT('',(0.963467229981,0.824152192502));
#4568 = CARTESIAN_POINT('',(0.884246462217,0.770324611387));
#4569 = CARTESIAN_POINT('',(0.820360990184,0.71009804328));
#4570 = CARTESIAN_POINT('',(0.768615428592,0.645442230201));
#4571 = CARTESIAN_POINT('',(0.72672516288,0.577468106207));
#4572 = CARTESIAN_POINT('',(0.692969303155,0.507067973512));
#4573 = CARTESIAN_POINT('',(0.666073622172,0.434850978935));
#4574 = CARTESIAN_POINT('',(0.626857938173,0.296964519402));
#4575 = CARTESIAN_POINT('',(0.613135820966,0.231605023866));
#4576 = CARTESIAN_POINT('',(0.603399677573,0.165559669997));
#4577 = CARTESIAN_POINT('',(0.597279469749,9.908063569156E-02));
#4578 = CARTESIAN_POINT('',(0.59457336436,3.23783832312E-02));
#4579 = CARTESIAN_POINT('',(0.59521979129,-3.435086591052E-02));
#4580 = CARTESIAN_POINT('',(0.599295877399,-0.100902910688));
#4581 = CARTESIAN_POINT('',(0.613820338296,-0.224926086655));
#4582 = CARTESIAN_POINT('',(0.623408698424,-0.282492173768));
#4583 = CARTESIAN_POINT('',(0.635967321264,-0.339592268369));
#4584 = CARTESIAN_POINT('',(0.65175683428,-0.396054164146));
#4585 = CARTESIAN_POINT('',(0.671138666619,-0.451675006268));
#4586 = CARTESIAN_POINT('',(0.694614044366,-0.506203639139));
#4587 = CARTESIAN_POINT('',(0.722858760308,-0.559311912469));
#4588 = CARTESIAN_POINT('',(0.78633106482,-0.655380545119));
#4589 = CARTESIAN_POINT('',(0.82024456444,-0.698779576719));
#4590 = CARTESIAN_POINT('',(0.859008604801,-0.74044351915));
#4591 = CARTESIAN_POINT('',(0.903283985555,-0.779997954273));
#4592 = CARTESIAN_POINT('',(0.953764783789,-0.816975770244));
#4593 = CARTESIAN_POINT('',(1.01121615957,-0.85079000345));
#4594 = CARTESIAN_POINT('',(1.076028545506,-0.880711981258));
#4595 = CARTESIAN_POINT('',(1.210529438453,-0.928173353764));
#4596 = CARTESIAN_POINT('',(1.278596126813,-0.946793168568));
#4597 = CARTESIAN_POINT('',(1.351669596544,-0.961402161822));
#4598 = CARTESIAN_POINT('',(1.428981435428,-0.971531257276));
#4599 = CARTESIAN_POINT('',(1.509107380903,-0.976767639109));
#4600 = CARTESIAN_POINT('',(1.589788031301,-0.976956167367));
#4601 = CARTESIAN_POINT('',(1.669060110494,-0.972219515911));
#4602 = CARTESIAN_POINT('',(1.812219794385,-0.954645197063));
#4603 = CARTESIAN_POINT('',(1.876792349314,-0.942894455429));
#4604 = CARTESIAN_POINT('',(1.938119070478,-0.9277874326));
#4605 = CARTESIAN_POINT('',(1.995471156264,-0.909623232542));
#4606 = CARTESIAN_POINT('',(2.048549304128,-0.888746861669));
#4607 = CARTESIAN_POINT('',(2.097367941613,-0.865496790989));
#4608 = CARTESIAN_POINT('',(2.142075430064,-0.840174326426));
#4609 = CARTESIAN_POINT('',(2.225657631354,-0.784652417846));
#4610 = CARTESIAN_POINT('',(2.264160434332,-0.754279808282));
#4611 = CARTESIAN_POINT('',(2.298688087648,-0.722239463136));
#4612 = CARTESIAN_POINT('',(2.329605822651,-0.688795872155));
#4613 = CARTESIAN_POINT('',(2.35727195277,-0.654166219611));
#4614 = CARTESIAN_POINT('',(2.382010794785,-0.618529596083));
#4615 = CARTESIAN_POINT('',(2.404106524757,-0.582035289695));
#4616 = CARTESIAN_POINT('',(2.423803743136,-0.54480925863));
#4617 = ( GEOMETRIC_REPRESENTATION_CONTEXT(2) 
PARAMETRIC_REPRESENTATION_CONTEXT() REPRESENTATION_CONTEXT('2D SPACE',''
  ) );
#4618 = ORIENTED_EDGE('',*,*,#4619,.F.);
#4619 = EDGE_CURVE('',#4620,#4515,#4622,.T.);
#4620 = VERTEX_POINT('',#4621);
#4621 = CARTESIAN_POINT('',(67.710228152072,4.1,19.472001749992));
#4622 = SURFACE_CURVE('',#4623,(#4628,#4635),.PCURVE_S1.);
#4623 = CIRCLE('',#4624,1.322875655532);
#4624 = AXIS2_PLACEMENT_3D('',#4625,#4626,#4627);
#4625 = CARTESIAN_POINT('',(68.188266684282,4.1,18.238519215977));
#4626 = DIRECTION('',(0.,1.,0.));
#4627 = DIRECTION('',(0.59037940003,0.,-0.807125866281));
#4628 = PCURVE('',#1213,#4629);
#4629 = DEFINITIONAL_REPRESENTATION('',(#4630),#4634);
#4630 = CIRCLE('',#4631,1.322875655532);
#4631 = AXIS2_PLACEMENT_2D('',#4632,#4633);
#4632 = CARTESIAN_POINT('',(10.738519215977,8.188266684282));
#4633 = DIRECTION('',(-0.807125866281,0.59037940003));
#4634 = ( GEOMETRIC_REPRESENTATION_CONTEXT(2) 
PARAMETRIC_REPRESENTATION_CONTEXT() REPRESENTATION_CONTEXT('2D SPACE',''
  ) );
#4635 = PCURVE('',#4433,#4636);
#4636 = DEFINITIONAL_REPRESENTATION('',(#4637),#4710);
#4637 = B_SPLINE_CURVE_WITH_KNOTS('',8,(#4638,#4639,#4640,#4641,#4642,
    #4643,#4644,#4645,#4646,#4647,#4648,#4649,#4650,#4651,#4652,#4653,
    #4654,#4655,#4656,#4657,#4658,#4659,#4660,#4661,#4662,#4663,#4664,
    #4665,#4666,#4667,#4668,#4669,#4670,#4671,#4672,#4673,#4674,#4675,
    #4676,#4677,#4678,#4679,#4680,#4681,#4682,#4683,#4684,#4685,#4686,
    #4687,#4688,#4689,#4690,#4691,#4692,#4693,#4694,#4695,#4696,#4697,
    #4698,#4699,#4700,#4701,#4702,#4703,#4704,#4705,#4706,#4707,#4708,
    #4709),.UNSPECIFIED.,.F.,.F.,(9,7,7,7,7,7,7,7,7,7,9),(0.,
    0.3202265969,0.751838456867,1.129498834337,1.790404494911,
    2.781762985771,3.277442231201,3.525281853916,3.773121476632,
    4.16582055833,4.666449687472),.UNSPECIFIED.);
#4638 = CARTESIAN_POINT('',(0.856072401046,-0.730617259711));
#4639 = CARTESIAN_POINT('',(0.883161514052,-0.756852179937));
#4640 = CARTESIAN_POINT('',(0.912612574828,-0.78215113868));
#4641 = CARTESIAN_POINT('',(0.944606142431,-0.806389593537));
#4642 = CARTESIAN_POINT('',(0.979322540012,-0.829424984145));
#4643 = CARTESIAN_POINT('',(1.016926990119,-0.851094860171));
#4644 = CARTESIAN_POINT('',(1.057541576544,-0.871216590287));
#4645 = CARTESIAN_POINT('',(1.101193455168,-0.889591930865));
#4646 = CARTESIAN_POINT('',(1.210529438453,-0.928173353764));
#4647 = CARTESIAN_POINT('',(1.278596126813,-0.946793168568));
#4648 = CARTESIAN_POINT('',(1.351669596544,-0.961402161822));
#4649 = CARTESIAN_POINT('',(1.428981435428,-0.971531257276));
#4650 = CARTESIAN_POINT('',(1.509107380903,-0.976767639109));
#4651 = CARTESIAN_POINT('',(1.589788031301,-0.976956167367));
#4652 = CARTESIAN_POINT('',(1.669060110494,-0.972219515911));
#4653 = CARTESIAN_POINT('',(1.812219794385,-0.954645197063));
#4654 = CARTESIAN_POINT('',(1.876792349314,-0.942894455429));
#4655 = CARTESIAN_POINT('',(1.938119070478,-0.9277874326));
#4656 = CARTESIAN_POINT('',(1.995471156264,-0.909623232542));
#4657 = CARTESIAN_POINT('',(2.048549304128,-0.888746861669));
#4658 = CARTESIAN_POINT('',(2.097367941613,-0.865496790989));
#4659 = CARTESIAN_POINT('',(2.142075430064,-0.840174326426));
#4660 = CARTESIAN_POINT('',(2.254369802057,-0.765579523231));
#4661 = CARTESIAN_POINT('',(2.313967159713,-0.712588021205));
#4662 = CARTESIAN_POINT('',(2.362962775818,-0.655514853047));
#4663 = CARTESIAN_POINT('',(2.403361801222,-0.595457942752));
#4664 = CARTESIAN_POINT('',(2.436579231873,-0.533127727672));
#4665 = CARTESIAN_POINT('',(2.463745233429,-0.469078398312));
#4666 = CARTESIAN_POINT('',(2.485672829128,-0.403720021427));
#4667 = CARTESIAN_POINT('',(2.528862164464,-0.237893676731));
#4668 = CARTESIAN_POINT('',(2.54430817246,-0.136210081002));
#4669 = CARTESIAN_POINT('',(2.551264924762,-3.347192566327E-02));
#4670 = CARTESIAN_POINT('',(2.550507288932,6.959134517753E-02));
#4671 = CARTESIAN_POINT('',(2.542068083678,0.17230713742));
#4672 = CARTESIAN_POINT('',(2.525307297184,0.273962917581));
#4673 = CARTESIAN_POINT('',(2.498636405897,0.373658812623));
#4674 = CARTESIAN_POINT('',(2.43909944262,0.517883857296));
#4675 = CARTESIAN_POINT('',(2.415998692347,0.565072209334));
#4676 = CARTESIAN_POINT('',(2.389257340039,0.611176280532));
#4677 = CARTESIAN_POINT('',(2.358389814676,0.65595186271));
#4678 = CARTESIAN_POINT('',(2.322822815323,0.699100699849));
#4679 = CARTESIAN_POINT('',(2.281858844724,0.740237630578));
#4680 = CARTESIAN_POINT('',(2.234735396582,0.778862042876));
#4681 = CARTESIAN_POINT('',(2.154018678994,0.832114008177));
#4682 = CARTESIAN_POINT('',(2.125441079551,0.849083941329));
#4683 = CARTESIAN_POINT('',(2.095126378506,0.865196905619));
#4684 = CARTESIAN_POINT('',(2.063022498611,0.880370278965));
#4685 = CARTESIAN_POINT('',(2.02910345716,0.894515241871));
#4686 = CARTESIAN_POINT('',(1.993382328898,0.907538896315));
#4687 = CARTESIAN_POINT('',(1.95592407475,0.919348325773));
#4688 = CARTESIAN_POINT('',(1.877792397952,0.940364866997));
#4689 = CARTESIAN_POINT('',(1.837118839275,0.949571888537));
#4690 = CARTESIAN_POINT('',(1.794965871151,0.957391216966));
#4691 = CARTESIAN_POINT('',(1.751523577571,0.963741127419));
#4692 = CARTESIAN_POINT('',(1.707051178035,0.968553022571));
#4693 = CARTESIAN_POINT('',(1.661868645118,0.971777761653));
#4694 = CARTESIAN_POINT('',(1.616332577262,0.97338991015));
#4695 = CARTESIAN_POINT('',(1.498644652471,0.97338991015));
#4696 = CARTESIAN_POINT('',(1.4264932203,0.969342164704));
#4697 = CARTESIAN_POINT('',(1.35574957305,0.961247109829));
#4698 = CARTESIAN_POINT('',(1.287831666602,0.949258406267));
#4699 = CARTESIAN_POINT('',(1.223810629943,0.933693645588));
#4700 = CARTESIAN_POINT('',(1.164161904882,0.914929592137));
#4701 = CARTESIAN_POINT('',(1.109050921052,0.893340145546));
#4702 = CARTESIAN_POINT('',(0.993857933911,0.838595229225));
#4703 = CARTESIAN_POINT('',(0.936572240303,0.803891494493));
#4704 = CARTESIAN_POINT('',(0.886433507808,0.765888381422));
#4705 = CARTESIAN_POINT('',(0.842719639581,0.725238840762));
#4706 = CARTESIAN_POINT('',(0.804648963509,0.682448033186));
#4707 = CARTESIAN_POINT('',(0.771518790137,0.637912272065));
#4708 = CARTESIAN_POINT('',(0.742730925271,0.591947398186));
#4709 = CARTESIAN_POINT('',(0.717788916358,0.544809259126));
#4710 = ( GEOMETRIC_REPRESENTATION_CONTEXT(2) 
PARAMETRIC_REPRESENTATION_CONTEXT() REPRESENTATION_CONTEXT('2D SPACE',''
  ) );
#4711 = ORIENTED_EDGE('',*,*,#4712,.F.);
#4712 = EDGE_CURVE('',#4713,#4620,#4715,.T.);
#4713 = VERTEX_POINT('',#4714);
#4714 = CARTESIAN_POINT('',(66.357499007381,4.1,20.25300028582));
#4715 = SURFACE_CURVE('',#4716,(#4721,#4728),.PCURVE_S1.);
#4716 = CIRCLE('',#4717,1.322875655532);
#4717 = AXIS2_PLACEMENT_3D('',#4718,#4719,#4720);
#4718 = CARTESIAN_POINT('',(66.5,4.1,18.937822173509));
#4719 = DIRECTION('',(0.,1.,0.));
#4720 = DIRECTION('',(0.36136316381,0.,-0.932425151871));
#4721 = PCURVE('',#1213,#4722);
#4722 = DEFINITIONAL_REPRESENTATION('',(#4723),#4727);
#4723 = CIRCLE('',#4724,1.322875655532);
#4724 = AXIS2_PLACEMENT_2D('',#4725,#4726);
#4725 = CARTESIAN_POINT('',(11.437822173509,6.5));
#4726 = DIRECTION('',(-0.932425151871,0.36136316381));
#4727 = ( GEOMETRIC_REPRESENTATION_CONTEXT(2) 
PARAMETRIC_REPRESENTATION_CONTEXT() REPRESENTATION_CONTEXT('2D SPACE',''
  ) );
#4728 = PCURVE('',#4729,#4734);
#4729 = SPHERICAL_SURFACE('',#4730,1.6);
#4730 = AXIS2_PLACEMENT_3D('',#4731,#4732,#4733);
#4731 = CARTESIAN_POINT('',(66.5,3.2,18.937822173509));
#4732 = DIRECTION('',(0.,0.,1.));
#4733 = DIRECTION('',(1.,0.,0.));
#4734 = DEFINITIONAL_REPRESENTATION('',(#4735),#4815);
#4735 = B_SPLINE_CURVE_WITH_KNOTS('',8,(#4736,#4737,#4738,#4739,#4740,
    #4741,#4742,#4743,#4744,#4745,#4746,#4747,#4748,#4749,#4750,#4751,
    #4752,#4753,#4754,#4755,#4756,#4757,#4758,#4759,#4760,#4761,#4762,
    #4763,#4764,#4765,#4766,#4767,#4768,#4769,#4770,#4771,#4772,#4773,
    #4774,#4775,#4776,#4777,#4778,#4779,#4780,#4781,#4782,#4783,#4784,
    #4785,#4786,#4787,#4788,#4789,#4790,#4791,#4792,#4793,#4794,#4795,
    #4796,#4797,#4798,#4799,#4800,#4801,#4802,#4803,#4804,#4805,#4806,
    #4807,#4808,#4809,#4810,#4811,#4812,#4813,#4814),.UNSPECIFIED.,.F.,
  .F.,(9,7,7,7,7,7,7,7,7,7,7,9),(0.,5.842720910105E-02,0.490039069067,
    0.867699446538,1.528605107112,2.519963597972,3.015642843402,
    3.263482466117,3.511322088832,3.904021170531,4.640331948716,
    4.666449687472),.UNSPECIFIED.);
#4736 = CARTESIAN_POINT('',(1.082537306733,-0.880294652603));
#4737 = CARTESIAN_POINT('',(1.090344325328,-0.88372059853));
#4738 = CARTESIAN_POINT('',(1.098250595355,-0.887088995485));
#4739 = CARTESIAN_POINT('',(1.10625609805,-0.890398671643));
#4740 = CARTESIAN_POINT('',(1.114360692989,-0.893648445859));
#4741 = CARTESIAN_POINT('',(1.122564107979,-0.896837129957));
#4742 = CARTESIAN_POINT('',(1.130865928647,-0.899963531389));
#4743 = CARTESIAN_POINT('',(1.139265587854,-0.903026456331));
#4744 = CARTESIAN_POINT('',(1.210529438453,-0.928173353764));
#4745 = CARTESIAN_POINT('',(1.278596126813,-0.946793168568));
#4746 = CARTESIAN_POINT('',(1.351669596544,-0.961402161822));
#4747 = CARTESIAN_POINT('',(1.428981435428,-0.971531257276));
#4748 = CARTESIAN_POINT('',(1.509107380903,-0.976767639109));
#4749 = CARTESIAN_POINT('',(1.589788031301,-0.976956167367));
#4750 = CARTESIAN_POINT('',(1.669060110494,-0.972219515911));
#4751 = CARTESIAN_POINT('',(1.812219794385,-0.954645197063));
#4752 = CARTESIAN_POINT('',(1.876792349314,-0.942894455429));
#4753 = CARTESIAN_POINT('',(1.938119070478,-0.9277874326));
#4754 = CARTESIAN_POINT('',(1.995471156264,-0.909623232542));
#4755 = CARTESIAN_POINT('',(2.048549304128,-0.888746861669));
#4756 = CARTESIAN_POINT('',(2.097367941613,-0.865496790989));
#4757 = CARTESIAN_POINT('',(2.142075430064,-0.840174326426));
#4758 = CARTESIAN_POINT('',(2.254369802057,-0.765579523231));
#4759 = CARTESIAN_POINT('',(2.313967159713,-0.712588021205));
#4760 = CARTESIAN_POINT('',(2.362962775818,-0.655514853047));
#4761 = CARTESIAN_POINT('',(2.403361801222,-0.595457942752));
#4762 = CARTESIAN_POINT('',(2.436579231873,-0.533127727672));
#4763 = CARTESIAN_POINT('',(2.463745233429,-0.469078398312));
#4764 = CARTESIAN_POINT('',(2.485672829128,-0.403720021427));
#4765 = CARTESIAN_POINT('',(2.528862164464,-0.237893676731));
#4766 = CARTESIAN_POINT('',(2.54430817246,-0.136210081002));
#4767 = CARTESIAN_POINT('',(2.551264924762,-3.347192566327E-02));
#4768 = CARTESIAN_POINT('',(2.550507288932,6.959134517753E-02));
#4769 = CARTESIAN_POINT('',(2.542068083678,0.17230713742));
#4770 = CARTESIAN_POINT('',(2.525307297184,0.273962917581));
#4771 = CARTESIAN_POINT('',(2.498636405897,0.373658812623));
#4772 = CARTESIAN_POINT('',(2.43909944262,0.517883857296));
#4773 = CARTESIAN_POINT('',(2.415998692347,0.565072209334));
#4774 = CARTESIAN_POINT('',(2.389257340039,0.611176280532));
#4775 = CARTESIAN_POINT('',(2.358389814676,0.65595186271));
#4776 = CARTESIAN_POINT('',(2.322822815323,0.699100699849));
#4777 = CARTESIAN_POINT('',(2.281858844724,0.740237630578));
#4778 = CARTESIAN_POINT('',(2.234735396582,0.778862042876));
#4779 = CARTESIAN_POINT('',(2.154018678994,0.832114008177));
#4780 = CARTESIAN_POINT('',(2.125441079551,0.849083941329));
#4781 = CARTESIAN_POINT('',(2.095126378506,0.865196905619));
#4782 = CARTESIAN_POINT('',(2.063022498611,0.880370278965));
#4783 = CARTESIAN_POINT('',(2.02910345716,0.894515241871));
#4784 = CARTESIAN_POINT('',(1.993382328898,0.907538896315));
#4785 = CARTESIAN_POINT('',(1.95592407475,0.919348325773));
#4786 = CARTESIAN_POINT('',(1.877792397952,0.940364866997));
#4787 = CARTESIAN_POINT('',(1.837118839275,0.949571888537));
#4788 = CARTESIAN_POINT('',(1.794965871151,0.957391216966));
#4789 = CARTESIAN_POINT('',(1.751523577571,0.963741127419));
#4790 = CARTESIAN_POINT('',(1.707051178035,0.968553022571));
#4791 = CARTESIAN_POINT('',(1.661868645118,0.971777761653));
#4792 = CARTESIAN_POINT('',(1.616332577262,0.97338991015));
#4793 = CARTESIAN_POINT('',(1.498644652471,0.97338991015));
#4794 = CARTESIAN_POINT('',(1.4264932203,0.969342164704));
#4795 = CARTESIAN_POINT('',(1.35574957305,0.961247109829));
#4796 = CARTESIAN_POINT('',(1.287831666602,0.949258406267));
#4797 = CARTESIAN_POINT('',(1.223810629943,0.933693645588));
#4798 = CARTESIAN_POINT('',(1.164161904882,0.914929592137));
#4799 = CARTESIAN_POINT('',(1.109050921052,0.893340145546));
#4800 = CARTESIAN_POINT('',(0.963467229981,0.824152192502));
#4801 = CARTESIAN_POINT('',(0.884246462217,0.770324611387));
#4802 = CARTESIAN_POINT('',(0.820360990184,0.71009804328));
#4803 = CARTESIAN_POINT('',(0.768615428592,0.645442230201));
#4804 = CARTESIAN_POINT('',(0.72672516288,0.577468106207));
#4805 = CARTESIAN_POINT('',(0.692969303155,0.507067973512));
#4806 = CARTESIAN_POINT('',(0.666073622172,0.434850978935));
#4807 = CARTESIAN_POINT('',(0.644416711945,0.358703010287));
#4808 = CARTESIAN_POINT('',(0.643682357366,0.356092822853));
#4809 = CARTESIAN_POINT('',(0.642955487493,0.353480993306));
#4810 = CARTESIAN_POINT('',(0.642236063451,0.350867543207));
#4811 = CARTESIAN_POINT('',(0.64152404696,0.348252493915));
#4812 = CARTESIAN_POINT('',(0.64081940033,0.345635866597));
#4813 = CARTESIAN_POINT('',(0.640122086453,0.34301768223));
#4814 = CARTESIAN_POINT('',(0.639432068799,0.340397961604));
#4815 = ( GEOMETRIC_REPRESENTATION_CONTEXT(2) 
PARAMETRIC_REPRESENTATION_CONTEXT() REPRESENTATION_CONTEXT('2D SPACE',''
  ) );
#4816 = ORIENTED_EDGE('',*,*,#4817,.F.);
#4817 = EDGE_CURVE('',#4818,#4713,#4820,.T.);
#4818 = VERTEX_POINT('',#4819);
#4819 = CARTESIAN_POINT('',(65.25300028582,4.1,21.357499007381));
#4820 = SURFACE_CURVE('',#4821,(#4826,#4833),.PCURVE_S1.);
#4821 = CIRCLE('',#4822,1.322875655532);
#4822 = AXIS2_PLACEMENT_3D('',#4823,#4824,#4825);
#4823 = CARTESIAN_POINT('',(65.050252531694,4.1,20.050252531694));
#4824 = DIRECTION('',(0.,1.,0.));
#4825 = DIRECTION('',(0.107720625157,0.,-0.994181204266));
#4826 = PCURVE('',#1213,#4827);
#4827 = DEFINITIONAL_REPRESENTATION('',(#4828),#4832);
#4828 = CIRCLE('',#4829,1.322875655532);
#4829 = AXIS2_PLACEMENT_2D('',#4830,#4831);
#4830 = CARTESIAN_POINT('',(12.550252531694,5.050252531694));
#4831 = DIRECTION('',(-0.994181204266,0.107720625157));
#4832 = ( GEOMETRIC_REPRESENTATION_CONTEXT(2) 
PARAMETRIC_REPRESENTATION_CONTEXT() REPRESENTATION_CONTEXT('2D SPACE',''
  ) );
#4833 = PCURVE('',#4834,#4839);
#4834 = SPHERICAL_SURFACE('',#4835,1.6);
#4835 = AXIS2_PLACEMENT_3D('',#4836,#4837,#4838);
#4836 = CARTESIAN_POINT('',(65.050252531694,3.2,20.050252531694));
#4837 = DIRECTION('',(0.,0.,1.));
#4838 = DIRECTION('',(1.,0.,0.));
#4839 = DEFINITIONAL_REPRESENTATION('',(#4840),#4913);
#4840 = B_SPLINE_CURVE_WITH_KNOTS('',8,(#4841,#4842,#4843,#4844,#4845,
    #4846,#4847,#4848,#4849,#4850,#4851,#4852,#4853,#4854,#4855,#4856,
    #4857,#4858,#4859,#4860,#4861,#4862,#4863,#4864,#4865,#4866,#4867,
    #4868,#4869,#4870,#4871,#4872,#4873,#4874,#4875,#4876,#4877,#4878,
    #4879,#4880,#4881,#4882,#4883,#4884,#4885,#4886,#4887,#4888,#4889,
    #4890,#4891,#4892,#4893,#4894,#4895,#4896,#4897,#4898,#4899,#4900,
    #4901,#4902,#4903,#4904,#4905,#4906,#4907,#4908,#4909,#4910,#4911,
    #4912),.UNSPECIFIED.,.F.,.F.,(9,7,7,7,7,7,7,7,7,7,9),(0.,
    0.228239681268,0.605900058739,1.266805719312,2.258164210173,
    2.753843455603,3.001683078318,3.249522701033,3.642221782732,
    4.378532560917,4.666449687472),.UNSPECIFIED.);
#4841 = CARTESIAN_POINT('',(1.413765489941,-0.964890082182));
#4842 = CARTESIAN_POINT('',(1.454436941501,-0.969351767575));
#4843 = CARTESIAN_POINT('',(1.495850715269,-0.972503644868));
#4844 = CARTESIAN_POINT('',(1.537774168248,-0.974306591004));
#4845 = CARTESIAN_POINT('',(1.579939993141,-0.974735741924));
#4846 = CARTESIAN_POINT('',(1.622059334693,-0.973783860275));
#4847 = CARTESIAN_POINT('',(1.663844455877,-0.971463054603));
#4848 = CARTESIAN_POINT('',(1.705036504429,-0.967803044731));
#4849 = CARTESIAN_POINT('',(1.812219794385,-0.954645197063));
#4850 = CARTESIAN_POINT('',(1.876792349314,-0.942894455429));
#4851 = CARTESIAN_POINT('',(1.938119070478,-0.9277874326));
#4852 = CARTESIAN_POINT('',(1.995471156264,-0.909623232542));
#4853 = CARTESIAN_POINT('',(2.048549304128,-0.888746861669));
#4854 = CARTESIAN_POINT('',(2.097367941613,-0.865496790989));
#4855 = CARTESIAN_POINT('',(2.142075430064,-0.840174326426));
#4856 = CARTESIAN_POINT('',(2.254369802057,-0.765579523231));
#4857 = CARTESIAN_POINT('',(2.313967159711,-0.712588021206));
#4858 = CARTESIAN_POINT('',(2.362962775826,-0.655514853043));
#4859 = CARTESIAN_POINT('',(2.40336180122,-0.595457942755));
#4860 = CARTESIAN_POINT('',(2.436579231877,-0.533127727669));
#4861 = CARTESIAN_POINT('',(2.463745233428,-0.469078398313));
#4862 = CARTESIAN_POINT('',(2.485672829128,-0.403720021427));
#4863 = CARTESIAN_POINT('',(2.528862164464,-0.237893676731));
#4864 = CARTESIAN_POINT('',(2.54430817246,-0.136210081002));
#4865 = CARTESIAN_POINT('',(2.551264924762,-3.347192566326E-02));
#4866 = CARTESIAN_POINT('',(2.550507288931,6.959134517752E-02));
#4867 = CARTESIAN_POINT('',(2.542068083678,0.172307137419));
#4868 = CARTESIAN_POINT('',(2.525307297184,0.273962917581));
#4869 = CARTESIAN_POINT('',(2.498636405897,0.373658812623));
#4870 = CARTESIAN_POINT('',(2.43909944262,0.517883857296));
#4871 = CARTESIAN_POINT('',(2.415998692347,0.565072209334));
#4872 = CARTESIAN_POINT('',(2.38925734004,0.611176280532));
#4873 = CARTESIAN_POINT('',(2.358389814677,0.65595186271));
#4874 = CARTESIAN_POINT('',(2.322822815323,0.699100699849));
#4875 = CARTESIAN_POINT('',(2.281858844724,0.740237630578));
#4876 = CARTESIAN_POINT('',(2.234735396582,0.778862042876));
#4877 = CARTESIAN_POINT('',(2.154018678994,0.832114008177));
#4878 = CARTESIAN_POINT('',(2.125441079551,0.849083941329));
#4879 = CARTESIAN_POINT('',(2.095126378506,0.865196905619));
#4880 = CARTESIAN_POINT('',(2.063022498611,0.880370278965));
#4881 = CARTESIAN_POINT('',(2.02910345716,0.894515241871));
#4882 = CARTESIAN_POINT('',(1.993382328898,0.907538896315));
#4883 = CARTESIAN_POINT('',(1.95592407475,0.919348325773));
#4884 = CARTESIAN_POINT('',(1.877792397952,0.940364866997));
#4885 = CARTESIAN_POINT('',(1.837118839275,0.949571888537));
#4886 = CARTESIAN_POINT('',(1.794965871151,0.957391216966));
#4887 = CARTESIAN_POINT('',(1.751523577571,0.963741127419));
#4888 = CARTESIAN_POINT('',(1.707051178035,0.968553022571));
#4889 = CARTESIAN_POINT('',(1.661868645118,0.971777761653));
#4890 = CARTESIAN_POINT('',(1.616332577262,0.97338991015));
#4891 = CARTESIAN_POINT('',(1.498644652471,0.97338991015));
#4892 = CARTESIAN_POINT('',(1.4264932203,0.969342164704));
#4893 = CARTESIAN_POINT('',(1.35574957305,0.961247109829));
#4894 = CARTESIAN_POINT('',(1.287831666602,0.949258406267));
#4895 = CARTESIAN_POINT('',(1.223810629943,0.933693645588));
#4896 = CARTESIAN_POINT('',(1.164161904882,0.914929592137));
#4897 = CARTESIAN_POINT('',(1.109050921052,0.893340145546));
#4898 = CARTESIAN_POINT('',(0.963467229981,0.824152192502));
#4899 = CARTESIAN_POINT('',(0.884246462217,0.770324611387));
#4900 = CARTESIAN_POINT('',(0.820360990184,0.71009804328));
#4901 = CARTESIAN_POINT('',(0.768615428592,0.645442230201));
#4902 = CARTESIAN_POINT('',(0.72672516288,0.577468106207));
#4903 = CARTESIAN_POINT('',(0.692969303155,0.507067973512));
#4904 = CARTESIAN_POINT('',(0.666073622172,0.434850978935));
#4905 = CARTESIAN_POINT('',(0.636980256313,0.332555652035));
#4906 = CARTESIAN_POINT('',(0.629716294399,0.303597569127));
#4907 = CARTESIAN_POINT('',(0.623313820477,0.274466435312));
#4908 = CARTESIAN_POINT('',(0.617728825063,0.245188431651));
#4909 = CARTESIAN_POINT('',(0.612925205542,0.215787353437));
#4910 = CARTESIAN_POINT('',(0.608874008117,0.186285151681));
#4911 = CARTESIAN_POINT('',(0.60555287985,0.156702432763));
#4912 = CARTESIAN_POINT('',(0.602945730787,0.127058916219));
#4913 = ( GEOMETRIC_REPRESENTATION_CONTEXT(2) 
PARAMETRIC_REPRESENTATION_CONTEXT() REPRESENTATION_CONTEXT('2D SPACE',''
  ) );
#4914 = ORIENTED_EDGE('',*,*,#4915,.F.);
#4915 = EDGE_CURVE('',#4916,#4818,#4918,.T.);
#4916 = VERTEX_POINT('',#4917);
#4917 = CARTESIAN_POINT('',(63.735074419383,4.1,20.192753524313));
#4918 = SURFACE_CURVE('',#4919,(#4924,#4931),.PCURVE_S1.);
#4919 = CIRCLE('',#4920,1.322875655532);
#4920 = AXIS2_PLACEMENT_3D('',#4921,#4922,#4923);
#4921 = CARTESIAN_POINT('',(63.937822173509,4.1,21.5));
#4922 = DIRECTION('',(0.,1.,0.));
#4923 = DIRECTION('',(-0.153262896084,0.,-0.988185450553));
#4924 = PCURVE('',#1213,#4925);
#4925 = DEFINITIONAL_REPRESENTATION('',(#4926),#4930);
#4926 = CIRCLE('',#4927,1.322875655532);
#4927 = AXIS2_PLACEMENT_2D('',#4928,#4929);
#4928 = CARTESIAN_POINT('',(14.,3.937822173509));
#4929 = DIRECTION('',(-0.988185450553,-0.153262896084));
#4930 = ( GEOMETRIC_REPRESENTATION_CONTEXT(2) 
PARAMETRIC_REPRESENTATION_CONTEXT() REPRESENTATION_CONTEXT('2D SPACE',''
  ) );
#4931 = PCURVE('',#4932,#4937);
#4932 = SPHERICAL_SURFACE('',#4933,1.6);
#4933 = AXIS2_PLACEMENT_3D('',#4934,#4935,#4936);
#4934 = CARTESIAN_POINT('',(63.937822173509,3.2,21.5));
#4935 = DIRECTION('',(0.,0.,1.));
#4936 = DIRECTION('',(1.,0.,0.));
#4937 = DEFINITIONAL_REPRESENTATION('',(#4938),#5004);
#4938 = B_SPLINE_CURVE_WITH_KNOTS('',8,(#4939,#4940,#4941,#4942,#4943,
    #4944,#4945,#4946,#4947,#4948,#4949,#4950,#4951,#4952,#4953,#4954,
    #4955,#4956,#4957,#4958,#4959,#4960,#4961,#4962,#4963,#4964,#4965,
    #4966,#4967,#4968,#4969,#4970,#4971,#4972,#4973,#4974,#4975,#4976,
    #4977,#4978,#4979,#4980,#4981,#4982,#4983,#4984,#4985,#4986,#4987,
    #4988,#4989,#4990,#4991,#4992,#4993,#4994,#4995,#4996,#4997,#4998,
    #4999,#5000,#5001,#5002,#5003),.UNSPECIFIED.,.F.,.F.,(9,7,7,7,7,7,7,
    7,7,9),(0.,0.34410067094,1.005006331513,1.996364822374,
    2.492044067804,2.739883690519,2.987723313234,3.380422394933,
    4.116733173118,4.666449687472),.UNSPECIFIED.);
#4939 = CARTESIAN_POINT('',(1.792372783335,-0.956239487817));
#4940 = CARTESIAN_POINT('',(1.851830959855,-0.946786706454));
#4941 = CARTESIAN_POINT('',(1.909015391451,-0.93448252251));
#4942 = CARTESIAN_POINT('',(1.963263865886,-0.91950508233));
#4943 = CARTESIAN_POINT('',(2.014136317126,-0.902091137697));
#4944 = CARTESIAN_POINT('',(2.061466465025,-0.882499804328));
#4945 = CARTESIAN_POINT('',(2.105282962729,-0.860982137876));
#4946 = CARTESIAN_POINT('',(2.145704054563,-0.837763907047));
#4947 = CARTESIAN_POINT('',(2.254369802057,-0.765579523231));
#4948 = CARTESIAN_POINT('',(2.31396715971,-0.712588021206));
#4949 = CARTESIAN_POINT('',(2.362962775838,-0.655514853046));
#4950 = CARTESIAN_POINT('',(2.403361801231,-0.59545794275));
#4951 = CARTESIAN_POINT('',(2.436579231886,-0.533127727671));
#4952 = CARTESIAN_POINT('',(2.463745233425,-0.469078398312));
#4953 = CARTESIAN_POINT('',(2.485672829128,-0.403720021427));
#4954 = CARTESIAN_POINT('',(2.528862164464,-0.237893676731));
#4955 = CARTESIAN_POINT('',(2.54430817246,-0.136210081002));
#4956 = CARTESIAN_POINT('',(2.551264924762,-3.347192566326E-02));
#4957 = CARTESIAN_POINT('',(2.550507288931,6.959134517752E-02));
#4958 = CARTESIAN_POINT('',(2.542068083678,0.172307137419));
#4959 = CARTESIAN_POINT('',(2.525307297184,0.273962917581));
#4960 = CARTESIAN_POINT('',(2.498636405897,0.373658812623));
#4961 = CARTESIAN_POINT('',(2.43909944262,0.517883857296));
#4962 = CARTESIAN_POINT('',(2.415998692346,0.565072209334));
#4963 = CARTESIAN_POINT('',(2.38925734004,0.611176280532));
#4964 = CARTESIAN_POINT('',(2.358389814677,0.65595186271));
#4965 = CARTESIAN_POINT('',(2.322822815323,0.699100699849));
#4966 = CARTESIAN_POINT('',(2.281858844724,0.740237630578));
#4967 = CARTESIAN_POINT('',(2.234735396582,0.778862042876));
#4968 = CARTESIAN_POINT('',(2.154018678994,0.832114008177));
#4969 = CARTESIAN_POINT('',(2.125441079551,0.849083941329));
#4970 = CARTESIAN_POINT('',(2.095126378506,0.865196905619));
#4971 = CARTESIAN_POINT('',(2.063022498611,0.880370278965));
#4972 = CARTESIAN_POINT('',(2.02910345716,0.894515241871));
#4973 = CARTESIAN_POINT('',(1.993382328898,0.907538896315));
#4974 = CARTESIAN_POINT('',(1.95592407475,0.919348325773));
#4975 = CARTESIAN_POINT('',(1.877792397952,0.940364866997));
#4976 = CARTESIAN_POINT('',(1.837118839275,0.949571888537));
#4977 = CARTESIAN_POINT('',(1.794965871151,0.957391216965));
#4978 = CARTESIAN_POINT('',(1.751523577571,0.963741127419));
#4979 = CARTESIAN_POINT('',(1.707051178035,0.968553022571));
#4980 = CARTESIAN_POINT('',(1.661868645118,0.971777761653));
#4981 = CARTESIAN_POINT('',(1.616332577262,0.97338991015));
#4982 = CARTESIAN_POINT('',(1.498644652471,0.97338991015));
#4983 = CARTESIAN_POINT('',(1.4264932203,0.969342164704));
#4984 = CARTESIAN_POINT('',(1.35574957305,0.96124710983));
#4985 = CARTESIAN_POINT('',(1.287831666603,0.94925840627));
#4986 = CARTESIAN_POINT('',(1.22381062994,0.933693645588));
#4987 = CARTESIAN_POINT('',(1.164161904881,0.914929592137));
#4988 = CARTESIAN_POINT('',(1.109050921052,0.893340145546));
#4989 = CARTESIAN_POINT('',(0.963467229981,0.824152192502));
#4990 = CARTESIAN_POINT('',(0.884246462217,0.770324611389));
#4991 = CARTESIAN_POINT('',(0.820360990185,0.710098043275));
#4992 = CARTESIAN_POINT('',(0.768615428593,0.645442230208));
#4993 = CARTESIAN_POINT('',(0.726725162879,0.577468106202));
#4994 = CARTESIAN_POINT('',(0.692969303155,0.507067973514));
#4995 = CARTESIAN_POINT('',(0.666073622172,0.434850978935));
#4996 = CARTESIAN_POINT('',(0.62954380068,0.306408293783));
#4997 = CARTESIAN_POINT('',(0.617262243985,0.2507679543));
#4998 = CARTESIAN_POINT('',(0.607945840671,0.194593402841));
#4999 = CARTESIAN_POINT('',(0.601344448781,0.138048070848));
#5000 = CARTESIAN_POINT('',(0.597301300695,8.127073452144E-02));
#5001 = CARTESIAN_POINT('',(0.595738616667,2.438828815574E-02));
#5002 = CARTESIAN_POINT('',(0.596653395521,-3.247350994363E-02));
#5003 = CARTESIAN_POINT('',(0.600123382546,-8.918131895943E-02));
#5004 = ( GEOMETRIC_REPRESENTATION_CONTEXT(2) 
PARAMETRIC_REPRESENTATION_CONTEXT() REPRESENTATION_CONTEXT('2D SPACE',''
  ) );
#5005 = ORIENTED_EDGE('',*,*,#5006,.F.);
#5006 = EDGE_CURVE('',#5007,#4916,#5009,.T.);
#5007 = VERTEX_POINT('',#5008);
#5008 = CARTESIAN_POINT('',(65.192753524313,4.1,18.735074419383));
#5009 = SURFACE_CURVE('',#5010,(#5015,#5022),.PCURVE_S1.);
#5010 = CIRCLE('',#5011,1.322875655532);
#5011 = AXIS2_PLACEMENT_3D('',#5012,#5013,#5014);
#5012 = CARTESIAN_POINT('',(65.050252531694,4.1,20.050252531694));
#5013 = DIRECTION('',(0.,1.,0.));
#5014 = DIRECTION('',(0.107720625157,0.,-0.994181204266));
#5015 = PCURVE('',#1213,#5016);
#5016 = DEFINITIONAL_REPRESENTATION('',(#5017),#5021);
#5017 = CIRCLE('',#5018,1.322875655532);
#5018 = AXIS2_PLACEMENT_2D('',#5019,#5020);
#5019 = CARTESIAN_POINT('',(12.550252531694,5.050252531694));
#5020 = DIRECTION('',(-0.994181204266,0.107720625157));
#5021 = ( GEOMETRIC_REPRESENTATION_CONTEXT(2) 
PARAMETRIC_REPRESENTATION_CONTEXT() REPRESENTATION_CONTEXT('2D SPACE',''
  ) );
#5022 = PCURVE('',#4834,#5023);
#5023 = DEFINITIONAL_REPRESENTATION('',(#5024),#5097);
#5024 = B_SPLINE_CURVE_WITH_KNOTS('',8,(#5025,#5026,#5027,#5028,#5029,
    #5030,#5031,#5032,#5033,#5034,#5035,#5036,#5037,#5038,#5039,#5040,
    #5041,#5042,#5043,#5044,#5045,#5046,#5047,#5048,#5049,#5050,#5051,
    #5052,#5053,#5054,#5055,#5056,#5057,#5058,#5059,#5060,#5061,#5062,
    #5063,#5064,#5065,#5066,#5067,#5068,#5069,#5070,#5071,#5072,#5073,
    #5074,#5075,#5076,#5077,#5078,#5079,#5080,#5081,#5082,#5083,#5084,
    #5085,#5086,#5087,#5088,#5089,#5090,#5091,#5092,#5093,#5094,#5095,
    #5096),.UNSPECIFIED.,.F.,.F.,(9,7,7,7,7,7,7,7,7,7,9),(0.,
    0.228239681268,0.605900058739,1.266805719312,2.258164210173,
    2.753843455603,3.001683078318,3.249522701033,3.642221782732,
    4.378532560917,4.666449687472),.UNSPECIFIED.);
#5025 = CARTESIAN_POINT('',(1.413765489941,-0.964890082182));
#5026 = CARTESIAN_POINT('',(1.454436941501,-0.969351767575));
#5027 = CARTESIAN_POINT('',(1.495850715269,-0.972503644868));
#5028 = CARTESIAN_POINT('',(1.537774168248,-0.974306591004));
#5029 = CARTESIAN_POINT('',(1.579939993141,-0.974735741924));
#5030 = CARTESIAN_POINT('',(1.622059334693,-0.973783860275));
#5031 = CARTESIAN_POINT('',(1.663844455877,-0.971463054603));
#5032 = CARTESIAN_POINT('',(1.705036504429,-0.967803044731));
#5033 = CARTESIAN_POINT('',(1.812219794385,-0.954645197063));
#5034 = CARTESIAN_POINT('',(1.876792349314,-0.942894455429));
#5035 = CARTESIAN_POINT('',(1.938119070478,-0.9277874326));
#5036 = CARTESIAN_POINT('',(1.995471156264,-0.909623232542));
#5037 = CARTESIAN_POINT('',(2.048549304128,-0.888746861669));
#5038 = CARTESIAN_POINT('',(2.097367941613,-0.865496790989));
#5039 = CARTESIAN_POINT('',(2.142075430064,-0.840174326426));
#5040 = CARTESIAN_POINT('',(2.254369802057,-0.765579523231));
#5041 = CARTESIAN_POINT('',(2.313967159711,-0.712588021206));
#5042 = CARTESIAN_POINT('',(2.362962775826,-0.655514853043));
#5043 = CARTESIAN_POINT('',(2.40336180122,-0.595457942755));
#5044 = CARTESIAN_POINT('',(2.436579231877,-0.533127727669));
#5045 = CARTESIAN_POINT('',(2.463745233428,-0.469078398313));
#5046 = CARTESIAN_POINT('',(2.485672829128,-0.403720021427));
#5047 = CARTESIAN_POINT('',(2.528862164464,-0.237893676731));
#5048 = CARTESIAN_POINT('',(2.54430817246,-0.136210081002));
#5049 = CARTESIAN_POINT('',(2.551264924762,-3.347192566326E-02));
#5050 = CARTESIAN_POINT('',(2.550507288931,6.959134517752E-02));
#5051 = CARTESIAN_POINT('',(2.542068083678,0.172307137419));
#5052 = CARTESIAN_POINT('',(2.525307297184,0.273962917581));
#5053 = CARTESIAN_POINT('',(2.498636405897,0.373658812623));
#5054 = CARTESIAN_POINT('',(2.43909944262,0.517883857296));
#5055 = CARTESIAN_POINT('',(2.415998692347,0.565072209334));
#5056 = CARTESIAN_POINT('',(2.38925734004,0.611176280532));
#5057 = CARTESIAN_POINT('',(2.358389814677,0.65595186271));
#5058 = CARTESIAN_POINT('',(2.322822815323,0.699100699849));
#5059 = CARTESIAN_POINT('',(2.281858844724,0.740237630578));
#5060 = CARTESIAN_POINT('',(2.234735396582,0.778862042876));
#5061 = CARTESIAN_POINT('',(2.154018678994,0.832114008177));
#5062 = CARTESIAN_POINT('',(2.125441079551,0.849083941329));
#5063 = CARTESIAN_POINT('',(2.095126378506,0.865196905619));
#5064 = CARTESIAN_POINT('',(2.063022498611,0.880370278965));
#5065 = CARTESIAN_POINT('',(2.02910345716,0.894515241871));
#5066 = CARTESIAN_POINT('',(1.993382328898,0.907538896315));
#5067 = CARTESIAN_POINT('',(1.95592407475,0.919348325773));
#5068 = CARTESIAN_POINT('',(1.877792397952,0.940364866997));
#5069 = CARTESIAN_POINT('',(1.837118839275,0.949571888537));
#5070 = CARTESIAN_POINT('',(1.794965871151,0.957391216966));
#5071 = CARTESIAN_POINT('',(1.751523577571,0.963741127419));
#5072 = CARTESIAN_POINT('',(1.707051178035,0.968553022571));
#5073 = CARTESIAN_POINT('',(1.661868645118,0.971777761653));
#5074 = CARTESIAN_POINT('',(1.616332577262,0.97338991015));
#5075 = CARTESIAN_POINT('',(1.498644652471,0.97338991015));
#5076 = CARTESIAN_POINT('',(1.4264932203,0.969342164704));
#5077 = CARTESIAN_POINT('',(1.35574957305,0.961247109829));
#5078 = CARTESIAN_POINT('',(1.287831666602,0.949258406267));
#5079 = CARTESIAN_POINT('',(1.223810629943,0.933693645588));
#5080 = CARTESIAN_POINT('',(1.164161904882,0.914929592137));
#5081 = CARTESIAN_POINT('',(1.109050921052,0.893340145546));
#5082 = CARTESIAN_POINT('',(0.963467229981,0.824152192502));
#5083 = CARTESIAN_POINT('',(0.884246462217,0.770324611387));
#5084 = CARTESIAN_POINT('',(0.820360990184,0.71009804328));
#5085 = CARTESIAN_POINT('',(0.768615428592,0.645442230201));
#5086 = CARTESIAN_POINT('',(0.72672516288,0.577468106207));
#5087 = CARTESIAN_POINT('',(0.692969303155,0.507067973512));
#5088 = CARTESIAN_POINT('',(0.666073622172,0.434850978935));
#5089 = CARTESIAN_POINT('',(0.636980256313,0.332555652035));
#5090 = CARTESIAN_POINT('',(0.629716294399,0.303597569127));
#5091 = CARTESIAN_POINT('',(0.623313820477,0.274466435312));
#5092 = CARTESIAN_POINT('',(0.617728825063,0.245188431651));
#5093 = CARTESIAN_POINT('',(0.612925205542,0.215787353437));
#5094 = CARTESIAN_POINT('',(0.608874008117,0.186285151681));
#5095 = CARTESIAN_POINT('',(0.60555287985,0.156702432763));
#5096 = CARTESIAN_POINT('',(0.602945730787,0.127058916219));
#5097 = ( GEOMETRIC_REPRESENTATION_CONTEXT(2) 
PARAMETRIC_REPRESENTATION_CONTEXT() REPRESENTATION_CONTEXT('2D SPACE',''
  ) );
#5098 = ORIENTED_EDGE('',*,*,#5099,.F.);
#5099 = EDGE_CURVE('',#4417,#5007,#5100,.T.);
#5100 = SURFACE_CURVE('',#5101,(#5106,#5113),.PCURVE_S1.);
#5101 = CIRCLE('',#5102,1.322875655532);
#5102 = AXIS2_PLACEMENT_3D('',#5103,#5104,#5105);
#5103 = CARTESIAN_POINT('',(66.5,4.1,18.937822173509));
#5104 = DIRECTION('',(0.,1.,0.));
#5105 = DIRECTION('',(0.36136316381,0.,-0.932425151871));
#5106 = PCURVE('',#1213,#5107);
#5107 = DEFINITIONAL_REPRESENTATION('',(#5108),#5112);
#5108 = CIRCLE('',#5109,1.322875655532);
#5109 = AXIS2_PLACEMENT_2D('',#5110,#5111);
#5110 = CARTESIAN_POINT('',(11.437822173509,6.5));
#5111 = DIRECTION('',(-0.932425151871,0.36136316381));
#5112 = ( GEOMETRIC_REPRESENTATION_CONTEXT(2) 
PARAMETRIC_REPRESENTATION_CONTEXT() REPRESENTATION_CONTEXT('2D SPACE',''
  ) );
#5113 = PCURVE('',#4729,#5114);
#5114 = DEFINITIONAL_REPRESENTATION('',(#5115),#5195);
#5115 = B_SPLINE_CURVE_WITH_KNOTS('',8,(#5116,#5117,#5118,#5119,#5120,
    #5121,#5122,#5123,#5124,#5125,#5126,#5127,#5128,#5129,#5130,#5131,
    #5132,#5133,#5134,#5135,#5136,#5137,#5138,#5139,#5140,#5141,#5142,
    #5143,#5144,#5145,#5146,#5147,#5148,#5149,#5150,#5151,#5152,#5153,
    #5154,#5155,#5156,#5157,#5158,#5159,#5160,#5161,#5162,#5163,#5164,
    #5165,#5166,#5167,#5168,#5169,#5170,#5171,#5172,#5173,#5174,#5175,
    #5176,#5177,#5178,#5179,#5180,#5181,#5182,#5183,#5184,#5185,#5186,
    #5187,#5188,#5189,#5190,#5191,#5192,#5193,#5194),.UNSPECIFIED.,.F.,
  .F.,(9,7,7,7,7,7,7,7,7,7,7,9),(0.,5.842720910105E-02,0.490039069067,
    0.867699446538,1.528605107112,2.519963597972,3.015642843402,
    3.263482466117,3.511322088832,3.904021170531,4.640331948716,
    4.666449687472),.UNSPECIFIED.);
#5116 = CARTESIAN_POINT('',(1.082537306733,-0.880294652603));
#5117 = CARTESIAN_POINT('',(1.090344325328,-0.88372059853));
#5118 = CARTESIAN_POINT('',(1.098250595355,-0.887088995485));
#5119 = CARTESIAN_POINT('',(1.10625609805,-0.890398671643));
#5120 = CARTESIAN_POINT('',(1.114360692989,-0.893648445859));
#5121 = CARTESIAN_POINT('',(1.122564107979,-0.896837129957));
#5122 = CARTESIAN_POINT('',(1.130865928647,-0.899963531389));
#5123 = CARTESIAN_POINT('',(1.139265587854,-0.903026456331));
#5124 = CARTESIAN_POINT('',(1.210529438453,-0.928173353764));
#5125 = CARTESIAN_POINT('',(1.278596126813,-0.946793168568));
#5126 = CARTESIAN_POINT('',(1.351669596544,-0.961402161822));
#5127 = CARTESIAN_POINT('',(1.428981435428,-0.971531257276));
#5128 = CARTESIAN_POINT('',(1.509107380903,-0.976767639109));
#5129 = CARTESIAN_POINT('',(1.589788031301,-0.976956167367));
#5130 = CARTESIAN_POINT('',(1.669060110494,-0.972219515911));
#5131 = CARTESIAN_POINT('',(1.812219794385,-0.954645197063));
#5132 = CARTESIAN_POINT('',(1.876792349314,-0.942894455429));
#5133 = CARTESIAN_POINT('',(1.938119070478,-0.9277874326));
#5134 = CARTESIAN_POINT('',(1.995471156264,-0.909623232542));
#5135 = CARTESIAN_POINT('',(2.048549304128,-0.888746861669));
#5136 = CARTESIAN_POINT('',(2.097367941613,-0.865496790989));
#5137 = CARTESIAN_POINT('',(2.142075430064,-0.840174326426));
#5138 = CARTESIAN_POINT('',(2.254369802057,-0.765579523231));
#5139 = CARTESIAN_POINT('',(2.313967159713,-0.712588021205));
#5140 = CARTESIAN_POINT('',(2.362962775818,-0.655514853047));
#5141 = CARTESIAN_POINT('',(2.403361801222,-0.595457942752));
#5142 = CARTESIAN_POINT('',(2.436579231873,-0.533127727672));
#5143 = CARTESIAN_POINT('',(2.463745233429,-0.469078398312));
#5144 = CARTESIAN_POINT('',(2.485672829128,-0.403720021427));
#5145 = CARTESIAN_POINT('',(2.528862164464,-0.237893676731));
#5146 = CARTESIAN_POINT('',(2.54430817246,-0.136210081002));
#5147 = CARTESIAN_POINT('',(2.551264924762,-3.347192566327E-02));
#5148 = CARTESIAN_POINT('',(2.550507288932,6.959134517753E-02));
#5149 = CARTESIAN_POINT('',(2.542068083678,0.17230713742));
#5150 = CARTESIAN_POINT('',(2.525307297184,0.273962917581));
#5151 = CARTESIAN_POINT('',(2.498636405897,0.373658812623));
#5152 = CARTESIAN_POINT('',(2.43909944262,0.517883857296));
#5153 = CARTESIAN_POINT('',(2.415998692347,0.565072209334));
#5154 = CARTESIAN_POINT('',(2.389257340039,0.611176280532));
#5155 = CARTESIAN_POINT('',(2.358389814676,0.65595186271));
#5156 = CARTESIAN_POINT('',(2.322822815323,0.699100699849));
#5157 = CARTESIAN_POINT('',(2.281858844724,0.740237630578));
#5158 = CARTESIAN_POINT('',(2.234735396582,0.778862042876));
#5159 = CARTESIAN_POINT('',(2.154018678994,0.832114008177));
#5160 = CARTESIAN_POINT('',(2.125441079551,0.849083941329));
#5161 = CARTESIAN_POINT('',(2.095126378506,0.865196905619));
#5162 = CARTESIAN_POINT('',(2.063022498611,0.880370278965));
#5163 = CARTESIAN_POINT('',(2.02910345716,0.894515241871));
#5164 = CARTESIAN_POINT('',(1.993382328898,0.907538896315));
#5165 = CARTESIAN_POINT('',(1.95592407475,0.919348325773));
#5166 = CARTESIAN_POINT('',(1.877792397952,0.940364866997));
#5167 = CARTESIAN_POINT('',(1.837118839275,0.949571888537));
#5168 = CARTESIAN_POINT('',(1.794965871151,0.957391216966));
#5169 = CARTESIAN_POINT('',(1.751523577571,0.963741127419));
#5170 = CARTESIAN_POINT('',(1.707051178035,0.968553022571));
#5171 = CARTESIAN_POINT('',(1.661868645118,0.971777761653));
#5172 = CARTESIAN_POINT('',(1.616332577262,0.97338991015));
#5173 = CARTESIAN_POINT('',(1.498644652471,0.97338991015));
#5174 = CARTESIAN_POINT('',(1.4264932203,0.969342164704));
#5175 = CARTESIAN_POINT('',(1.35574957305,0.961247109829));
#5176 = CARTESIAN_POINT('',(1.287831666602,0.949258406267));
#5177 = CARTESIAN_POINT('',(1.223810629943,0.933693645588));
#5178 = CARTESIAN_POINT('',(1.164161904882,0.914929592137));
#5179 = CARTESIAN_POINT('',(1.109050921052,0.893340145546));
#5180 = CARTESIAN_POINT('',(0.963467229981,0.824152192502));
#5181 = CARTESIAN_POINT('',(0.884246462217,0.770324611387));
#5182 = CARTESIAN_POINT('',(0.820360990184,0.71009804328));
#5183 = CARTESIAN_POINT('',(0.768615428592,0.645442230201));
#5184 = CARTESIAN_POINT('',(0.72672516288,0.577468106207));
#5185 = CARTESIAN_POINT('',(0.692969303155,0.507067973512));
#5186 = CARTESIAN_POINT('',(0.666073622172,0.434850978935));
#5187 = CARTESIAN_POINT('',(0.644416711945,0.358703010287));
#5188 = CARTESIAN_POINT('',(0.643682357366,0.356092822853));
#5189 = CARTESIAN_POINT('',(0.642955487493,0.353480993306));
#5190 = CARTESIAN_POINT('',(0.642236063451,0.350867543207));
#5191 = CARTESIAN_POINT('',(0.64152404696,0.348252493915));
#5192 = CARTESIAN_POINT('',(0.64081940033,0.345635866597));
#5193 = CARTESIAN_POINT('',(0.640122086453,0.34301768223));
#5194 = CARTESIAN_POINT('',(0.639432068799,0.340397961604));
#5195 = ( GEOMETRIC_REPRESENTATION_CONTEXT(2) 
PARAMETRIC_REPRESENTATION_CONTEXT() REPRESENTATION_CONTEXT('2D SPACE',''
  ) );
#5196 = FACE_BOUND('',#5197,.F.);
#5197 = EDGE_LOOP('',(#5198));
#5198 = ORIENTED_EDGE('',*,*,#5199,.T.);
#5199 = EDGE_CURVE('',#5200,#5200,#5202,.T.);
#5200 = VERTEX_POINT('',#5201);
#5201 = CARTESIAN_POINT('',(72.2,4.1,25.));
#5202 = SURFACE_CURVE('',#5203,(#5208,#5219),.PCURVE_S1.);
#5203 = CIRCLE('',#5204,2.2);
#5204 = AXIS2_PLACEMENT_3D('',#5205,#5206,#5207);
#5205 = CARTESIAN_POINT('',(70.,4.1,25.));
#5206 = DIRECTION('',(0.,-1.,0.));
#5207 = DIRECTION('',(1.,0.,0.));
#5208 = PCURVE('',#1213,#5209);
#5209 = DEFINITIONAL_REPRESENTATION('',(#5210),#5218);
#5210 = ( BOUNDED_CURVE() B_SPLINE_CURVE(2,(#5211,#5212,#5213,#5214,
#5215,#5216,#5217),.UNSPECIFIED.,.T.,.F.) B_SPLINE_CURVE_WITH_KNOTS((1,2
    ,2,2,2,1),(-2.094395102393,0.,2.094395102393,4.188790204786,
6.28318530718,8.377580409573),.UNSPECIFIED.) CURVE() 
GEOMETRIC_REPRESENTATION_ITEM() RATIONAL_B_SPLINE_CURVE((1.,0.5,1.,0.5,
1.,0.5,1.)) REPRESENTATION_ITEM('') );
#5211 = CARTESIAN_POINT('',(17.5,12.2));
#5212 = CARTESIAN_POINT('',(21.310511776652,12.2));
#5213 = CARTESIAN_POINT('',(19.405255888326,8.9));
#5214 = CARTESIAN_POINT('',(17.5,5.6));
#5215 = CARTESIAN_POINT('',(15.594744111674,8.9));
#5216 = CARTESIAN_POINT('',(13.689488223348,12.2));
#5217 = CARTESIAN_POINT('',(17.5,12.2));
#5218 = ( GEOMETRIC_REPRESENTATION_CONTEXT(2) 
PARAMETRIC_REPRESENTATION_CONTEXT() REPRESENTATION_CONTEXT('2D SPACE',''
  ) );
#5219 = PCURVE('',#4324,#5220);
#5220 = DEFINITIONAL_REPRESENTATION('',(#5221),#5225);
#5221 = LINE('',#5222,#5223);
#5222 = CARTESIAN_POINT('',(0.,-4.1));
#5223 = VECTOR('',#5224,1.);
#5224 = DIRECTION('',(1.,0.));
#5225 = ( GEOMETRIC_REPRESENTATION_CONTEXT(2) 
PARAMETRIC_REPRESENTATION_CONTEXT() REPRESENTATION_CONTEXT('2D SPACE',''
  ) );
#5226 = ADVANCED_FACE('',(#5227,#5275),#1264,.T.);
#5227 = FACE_BOUND('',#5228,.T.);
#5228 = EDGE_LOOP('',(#5229,#5230,#5253,#5274));
#5229 = ORIENTED_EDGE('',*,*,#3975,.F.);
#5230 = ORIENTED_EDGE('',*,*,#5231,.T.);
#5231 = EDGE_CURVE('',#3948,#5232,#5234,.T.);
#5232 = VERTEX_POINT('',#5233);
#5233 = CARTESIAN_POINT('',(60.,-4.1,37.5));
#5234 = SURFACE_CURVE('',#5235,(#5239,#5246),.PCURVE_S1.);
#5235 = LINE('',#5236,#5237);
#5236 = CARTESIAN_POINT('',(60.,-4.1,7.5));
#5237 = VECTOR('',#5238,1.);
#5238 = DIRECTION('',(0.,0.,1.));
#5239 = PCURVE('',#1264,#5240);
#5240 = DEFINITIONAL_REPRESENTATION('',(#5241),#5245);
#5241 = LINE('',#5242,#5243);
#5242 = CARTESIAN_POINT('',(0.,0.));
#5243 = VECTOR('',#5244,1.);
#5244 = DIRECTION('',(1.,0.));
#5245 = ( GEOMETRIC_REPRESENTATION_CONTEXT(2) 
PARAMETRIC_REPRESENTATION_CONTEXT() REPRESENTATION_CONTEXT('2D SPACE',''
  ) );
#5246 = PCURVE('',#3963,#5247);
#5247 = DEFINITIONAL_REPRESENTATION('',(#5248),#5252);
#5248 = LINE('',#5249,#5250);
#5249 = CARTESIAN_POINT('',(0.,-4.2));
#5250 = VECTOR('',#5251,1.);
#5251 = DIRECTION('',(1.,0.));
#5252 = ( GEOMETRIC_REPRESENTATION_CONTEXT(2) 
PARAMETRIC_REPRESENTATION_CONTEXT() REPRESENTATION_CONTEXT('2D SPACE',''
  ) );
#5253 = ORIENTED_EDGE('',*,*,#5254,.T.);
#5254 = EDGE_CURVE('',#5232,#1249,#5255,.T.);
#5255 = SURFACE_CURVE('',#5256,(#5260,#5267),.PCURVE_S1.);
#5256 = LINE('',#5257,#5258);
#5257 = CARTESIAN_POINT('',(60.,-4.1,37.5));
#5258 = VECTOR('',#5259,1.);
#5259 = DIRECTION('',(1.,0.,0.));
#5260 = PCURVE('',#1264,#5261);
#5261 = DEFINITIONAL_REPRESENTATION('',(#5262),#5266);
#5262 = LINE('',#5263,#5264);
#5263 = CARTESIAN_POINT('',(30.,0.));
#5264 = VECTOR('',#5265,1.);
#5265 = DIRECTION('',(0.,1.));
#5266 = ( GEOMETRIC_REPRESENTATION_CONTEXT(2) 
PARAMETRIC_REPRESENTATION_CONTEXT() REPRESENTATION_CONTEXT('2D SPACE',''
  ) );
#5267 = PCURVE('',#1292,#5268);
#5268 = DEFINITIONAL_REPRESENTATION('',(#5269),#5273);
#5269 = LINE('',#5270,#5271);
#5270 = CARTESIAN_POINT('',(0.,4.2));
#5271 = VECTOR('',#5272,1.);
#5272 = DIRECTION('',(1.,0.));
#5273 = ( GEOMETRIC_REPRESENTATION_CONTEXT(2) 
PARAMETRIC_REPRESENTATION_CONTEXT() REPRESENTATION_CONTEXT('2D SPACE',''
  ) );
#5274 = ORIENTED_EDGE('',*,*,#1248,.F.);
#5275 = FACE_BOUND('',#5276,.T.);
#5276 = EDGE_LOOP('',(#5277));
#5277 = ORIENTED_EDGE('',*,*,#5278,.F.);
#5278 = EDGE_CURVE('',#5279,#5279,#5281,.T.);
#5279 = VERTEX_POINT('',#5280);
#5280 = CARTESIAN_POINT('',(72.2,-4.1,25.));
#5281 = SURFACE_CURVE('',#5282,(#5287,#5294),.PCURVE_S1.);
#5282 = CIRCLE('',#5283,2.2);
#5283 = AXIS2_PLACEMENT_3D('',#5284,#5285,#5286);
#5284 = CARTESIAN_POINT('',(70.,-4.1,25.));
#5285 = DIRECTION('',(-0.,1.,0.));
#5286 = DIRECTION('',(1.,0.,0.));
#5287 = PCURVE('',#1264,#5288);
#5288 = DEFINITIONAL_REPRESENTATION('',(#5289),#5293);
#5289 = CIRCLE('',#5290,2.2);
#5290 = AXIS2_PLACEMENT_2D('',#5291,#5292);
#5291 = CARTESIAN_POINT('',(17.5,10.));
#5292 = DIRECTION('',(0.,1.));
#5293 = ( GEOMETRIC_REPRESENTATION_CONTEXT(2) 
PARAMETRIC_REPRESENTATION_CONTEXT() REPRESENTATION_CONTEXT('2D SPACE',''
  ) );
#5294 = PCURVE('',#5295,#5300);
#5295 = CYLINDRICAL_SURFACE('',#5296,2.2);
#5296 = AXIS2_PLACEMENT_3D('',#5297,#5298,#5299);
#5297 = CARTESIAN_POINT('',(70.,0.,25.));
#5298 = DIRECTION('',(0.,1.,0.));
#5299 = DIRECTION('',(1.,0.,0.));
#5300 = DEFINITIONAL_REPRESENTATION('',(#5301),#5305);
#5301 = LINE('',#5302,#5303);
#5302 = CARTESIAN_POINT('',(-6.28318530718,-4.1));
#5303 = VECTOR('',#5304,1.);
#5304 = DIRECTION('',(1.,-0.));
#5305 = ( GEOMETRIC_REPRESENTATION_CONTEXT(2) 
PARAMETRIC_REPRESENTATION_CONTEXT() REPRESENTATION_CONTEXT('2D SPACE',''
  ) );
#5306 = ADVANCED_FACE('',(#5307),#1292,.T.);
#5307 = FACE_BOUND('',#5308,.T.);
#5308 = EDGE_LOOP('',(#5309,#5332,#5353,#5354));
#5309 = ORIENTED_EDGE('',*,*,#5310,.F.);
#5310 = EDGE_CURVE('',#5311,#5232,#5313,.T.);
#5311 = VERTEX_POINT('',#5312);
#5312 = CARTESIAN_POINT('',(60.,-8.3,37.5));
#5313 = SURFACE_CURVE('',#5314,(#5318,#5325),.PCURVE_S1.);
#5314 = LINE('',#5315,#5316);
#5315 = CARTESIAN_POINT('',(60.,-8.3,37.5));
#5316 = VECTOR('',#5317,1.);
#5317 = DIRECTION('',(0.,1.,0.));
#5318 = PCURVE('',#1292,#5319);
#5319 = DEFINITIONAL_REPRESENTATION('',(#5320),#5324);
#5320 = LINE('',#5321,#5322);
#5321 = CARTESIAN_POINT('',(0.,0.));
#5322 = VECTOR('',#5323,1.);
#5323 = DIRECTION('',(0.,1.));
#5324 = ( GEOMETRIC_REPRESENTATION_CONTEXT(2) 
PARAMETRIC_REPRESENTATION_CONTEXT() REPRESENTATION_CONTEXT('2D SPACE',''
  ) );
#5325 = PCURVE('',#3963,#5326);
#5326 = DEFINITIONAL_REPRESENTATION('',(#5327),#5331);
#5327 = LINE('',#5328,#5329);
#5328 = CARTESIAN_POINT('',(30.,0.));
#5329 = VECTOR('',#5330,1.);
#5330 = DIRECTION('',(0.,-1.));
#5331 = ( GEOMETRIC_REPRESENTATION_CONTEXT(2) 
PARAMETRIC_REPRESENTATION_CONTEXT() REPRESENTATION_CONTEXT('2D SPACE',''
  ) );
#5332 = ORIENTED_EDGE('',*,*,#5333,.T.);
#5333 = EDGE_CURVE('',#5311,#1277,#5334,.T.);
#5334 = SURFACE_CURVE('',#5335,(#5339,#5346),.PCURVE_S1.);
#5335 = LINE('',#5336,#5337);
#5336 = CARTESIAN_POINT('',(60.,-8.3,37.5));
#5337 = VECTOR('',#5338,1.);
#5338 = DIRECTION('',(1.,0.,0.));
#5339 = PCURVE('',#1292,#5340);
#5340 = DEFINITIONAL_REPRESENTATION('',(#5341),#5345);
#5341 = LINE('',#5342,#5343);
#5342 = CARTESIAN_POINT('',(0.,0.));
#5343 = VECTOR('',#5344,1.);
#5344 = DIRECTION('',(1.,0.));
#5345 = ( GEOMETRIC_REPRESENTATION_CONTEXT(2) 
PARAMETRIC_REPRESENTATION_CONTEXT() REPRESENTATION_CONTEXT('2D SPACE',''
  ) );
#5346 = PCURVE('',#1320,#5347);
#5347 = DEFINITIONAL_REPRESENTATION('',(#5348),#5352);
#5348 = LINE('',#5349,#5350);
#5349 = CARTESIAN_POINT('',(30.,0.));
#5350 = VECTOR('',#5351,1.);
#5351 = DIRECTION('',(0.,1.));
#5352 = ( GEOMETRIC_REPRESENTATION_CONTEXT(2) 
PARAMETRIC_REPRESENTATION_CONTEXT() REPRESENTATION_CONTEXT('2D SPACE',''
  ) );
#5353 = ORIENTED_EDGE('',*,*,#1276,.T.);
#5354 = ORIENTED_EDGE('',*,*,#5254,.F.);
#5355 = ADVANCED_FACE('',(#5356,#5382),#1320,.F.);
#5356 = FACE_BOUND('',#5357,.F.);
#5357 = EDGE_LOOP('',(#5358,#5359,#5380,#5381));
#5358 = ORIENTED_EDGE('',*,*,#3924,.F.);
#5359 = ORIENTED_EDGE('',*,*,#5360,.T.);
#5360 = EDGE_CURVE('',#3925,#5311,#5361,.T.);
#5361 = SURFACE_CURVE('',#5362,(#5366,#5373),.PCURVE_S1.);
#5362 = LINE('',#5363,#5364);
#5363 = CARTESIAN_POINT('',(60.,-8.3,7.5));
#5364 = VECTOR('',#5365,1.);
#5365 = DIRECTION('',(0.,0.,1.));
#5366 = PCURVE('',#1320,#5367);
#5367 = DEFINITIONAL_REPRESENTATION('',(#5368),#5372);
#5368 = LINE('',#5369,#5370);
#5369 = CARTESIAN_POINT('',(0.,0.));
#5370 = VECTOR('',#5371,1.);
#5371 = DIRECTION('',(1.,0.));
#5372 = ( GEOMETRIC_REPRESENTATION_CONTEXT(2) 
PARAMETRIC_REPRESENTATION_CONTEXT() REPRESENTATION_CONTEXT('2D SPACE',''
  ) );
#5373 = PCURVE('',#3963,#5374);
#5374 = DEFINITIONAL_REPRESENTATION('',(#5375),#5379);
#5375 = LINE('',#5376,#5377);
#5376 = CARTESIAN_POINT('',(0.,0.));
#5377 = VECTOR('',#5378,1.);
#5378 = DIRECTION('',(1.,0.));
#5379 = ( GEOMETRIC_REPRESENTATION_CONTEXT(2) 
PARAMETRIC_REPRESENTATION_CONTEXT() REPRESENTATION_CONTEXT('2D SPACE',''
  ) );
#5380 = ORIENTED_EDGE('',*,*,#5333,.T.);
#5381 = ORIENTED_EDGE('',*,*,#1304,.F.);
#5382 = FACE_BOUND('',#5383,.F.);
#5383 = EDGE_LOOP('',(#5384));
#5384 = ORIENTED_EDGE('',*,*,#5385,.F.);
#5385 = EDGE_CURVE('',#5386,#5386,#5388,.T.);
#5386 = VERTEX_POINT('',#5387);
#5387 = CARTESIAN_POINT('',(72.2,-8.3,25.));
#5388 = SURFACE_CURVE('',#5389,(#5394,#5401),.PCURVE_S1.);
#5389 = CIRCLE('',#5390,2.2);
#5390 = AXIS2_PLACEMENT_3D('',#5391,#5392,#5393);
#5391 = CARTESIAN_POINT('',(70.,-8.3,25.));
#5392 = DIRECTION('',(-0.,1.,0.));
#5393 = DIRECTION('',(1.,0.,0.));
#5394 = PCURVE('',#1320,#5395);
#5395 = DEFINITIONAL_REPRESENTATION('',(#5396),#5400);
#5396 = CIRCLE('',#5397,2.2);
#5397 = AXIS2_PLACEMENT_2D('',#5398,#5399);
#5398 = CARTESIAN_POINT('',(17.5,10.));
#5399 = DIRECTION('',(0.,1.));
#5400 = ( GEOMETRIC_REPRESENTATION_CONTEXT(2) 
PARAMETRIC_REPRESENTATION_CONTEXT() REPRESENTATION_CONTEXT('2D SPACE',''
  ) );
#5401 = PCURVE('',#5295,#5402);
#5402 = DEFINITIONAL_REPRESENTATION('',(#5403),#5407);
#5403 = LINE('',#5404,#5405);
#5404 = CARTESIAN_POINT('',(-6.28318530718,-8.3));
#5405 = VECTOR('',#5406,1.);
#5406 = DIRECTION('',(1.,-0.));
#5407 = ( GEOMETRIC_REPRESENTATION_CONTEXT(2) 
PARAMETRIC_REPRESENTATION_CONTEXT() REPRESENTATION_CONTEXT('2D SPACE',''
  ) );
#5408 = ADVANCED_FACE('',(#5409,#5457),#1515,.T.);
#5409 = FACE_BOUND('',#5410,.T.);
#5410 = EDGE_LOOP('',(#5411,#5412,#5435,#5456));
#5411 = ORIENTED_EDGE('',*,*,#3598,.F.);
#5412 = ORIENTED_EDGE('',*,*,#5413,.T.);
#5413 = EDGE_CURVE('',#3571,#5414,#5416,.T.);
#5414 = VERTEX_POINT('',#5415);
#5415 = CARTESIAN_POINT('',(-8.3,60.,37.5));
#5416 = SURFACE_CURVE('',#5417,(#5421,#5428),.PCURVE_S1.);
#5417 = LINE('',#5418,#5419);
#5418 = CARTESIAN_POINT('',(-8.3,60.,7.5));
#5419 = VECTOR('',#5420,1.);
#5420 = DIRECTION('',(0.,0.,1.));
#5421 = PCURVE('',#1515,#5422);
#5422 = DEFINITIONAL_REPRESENTATION('',(#5423),#5427);
#5423 = LINE('',#5424,#5425);
#5424 = CARTESIAN_POINT('',(0.,0.));
#5425 = VECTOR('',#5426,1.);
#5426 = DIRECTION('',(1.,0.));
#5427 = ( GEOMETRIC_REPRESENTATION_CONTEXT(2) 
PARAMETRIC_REPRESENTATION_CONTEXT() REPRESENTATION_CONTEXT('2D SPACE',''
  ) );
#5428 = PCURVE('',#3586,#5429);
#5429 = DEFINITIONAL_REPRESENTATION('',(#5430),#5434);
#5430 = LINE('',#5431,#5432);
#5431 = CARTESIAN_POINT('',(0.,-4.2));
#5432 = VECTOR('',#5433,1.);
#5433 = DIRECTION('',(1.,0.));
#5434 = ( GEOMETRIC_REPRESENTATION_CONTEXT(2) 
PARAMETRIC_REPRESENTATION_CONTEXT() REPRESENTATION_CONTEXT('2D SPACE',''
  ) );
#5435 = ORIENTED_EDGE('',*,*,#5436,.T.);
#5436 = EDGE_CURVE('',#5414,#1500,#5437,.T.);
#5437 = SURFACE_CURVE('',#5438,(#5442,#5449),.PCURVE_S1.);
#5438 = LINE('',#5439,#5440);
#5439 = CARTESIAN_POINT('',(-8.3,60.,37.5));
#5440 = VECTOR('',#5441,1.);
#5441 = DIRECTION('',(1.110223024625E-16,1.,0.));
#5442 = PCURVE('',#1515,#5443);
#5443 = DEFINITIONAL_REPRESENTATION('',(#5444),#5448);
#5444 = LINE('',#5445,#5446);
#5445 = CARTESIAN_POINT('',(30.,0.));
#5446 = VECTOR('',#5447,1.);
#5447 = DIRECTION('',(0.,1.));
#5448 = ( GEOMETRIC_REPRESENTATION_CONTEXT(2) 
PARAMETRIC_REPRESENTATION_CONTEXT() REPRESENTATION_CONTEXT('2D SPACE',''
  ) );
#5449 = PCURVE('',#1543,#5450);
#5450 = DEFINITIONAL_REPRESENTATION('',(#5451),#5455);
#5451 = LINE('',#5452,#5453);
#5452 = CARTESIAN_POINT('',(-4.662936703426E-16,4.2));
#5453 = VECTOR('',#5454,1.);
#5454 = DIRECTION('',(1.,0.));
#5455 = ( GEOMETRIC_REPRESENTATION_CONTEXT(2) 
PARAMETRIC_REPRESENTATION_CONTEXT() REPRESENTATION_CONTEXT('2D SPACE',''
  ) );
#5456 = ORIENTED_EDGE('',*,*,#1499,.F.);
#5457 = FACE_BOUND('',#5458,.T.);
#5458 = EDGE_LOOP('',(#5459));
#5459 = ORIENTED_EDGE('',*,*,#5460,.T.);
#5460 = EDGE_CURVE('',#5461,#5461,#5463,.T.);
#5461 = VERTEX_POINT('',#5462);
#5462 = CARTESIAN_POINT('',(-8.3,72.2,25.));
#5463 = SURFACE_CURVE('',#5464,(#5469,#5480),.PCURVE_S1.);
#5464 = CIRCLE('',#5465,2.2);
#5465 = AXIS2_PLACEMENT_3D('',#5466,#5467,#5468);
#5466 = CARTESIAN_POINT('',(-8.3,70.,25.));
#5467 = DIRECTION('',(1.,-1.110223024625E-16,0.));
#5468 = DIRECTION('',(1.110223024625E-16,1.,0.));
#5469 = PCURVE('',#1515,#5470);
#5470 = DEFINITIONAL_REPRESENTATION('',(#5471),#5479);
#5471 = ( BOUNDED_CURVE() B_SPLINE_CURVE(2,(#5472,#5473,#5474,#5475,
#5476,#5477,#5478),.UNSPECIFIED.,.T.,.F.) B_SPLINE_CURVE_WITH_KNOTS((1,2
    ,2,2,2,1),(-2.094395102393,0.,2.094395102393,4.188790204786,
6.28318530718,8.377580409573),.UNSPECIFIED.) CURVE() 
GEOMETRIC_REPRESENTATION_ITEM() RATIONAL_B_SPLINE_CURVE((1.,0.5,1.,0.5,
1.,0.5,1.)) REPRESENTATION_ITEM('') );
#5472 = CARTESIAN_POINT('',(17.5,12.2));
#5473 = CARTESIAN_POINT('',(21.310511776652,12.2));
#5474 = CARTESIAN_POINT('',(19.405255888326,8.9));
#5475 = CARTESIAN_POINT('',(17.5,5.6));
#5476 = CARTESIAN_POINT('',(15.594744111674,8.9));
#5477 = CARTESIAN_POINT('',(13.689488223348,12.2));
#5478 = CARTESIAN_POINT('',(17.5,12.2));
#5479 = ( GEOMETRIC_REPRESENTATION_CONTEXT(2) 
PARAMETRIC_REPRESENTATION_CONTEXT() REPRESENTATION_CONTEXT('2D SPACE',''
  ) );
#5480 = PCURVE('',#5481,#5486);
#5481 = CYLINDRICAL_SURFACE('',#5482,2.2);
#5482 = AXIS2_PLACEMENT_3D('',#5483,#5484,#5485);
#5483 = CARTESIAN_POINT('',(7.771561172376E-15,70.,25.));
#5484 = DIRECTION('',(1.,-1.110223024625E-16,0.));
#5485 = DIRECTION('',(1.110223024625E-16,1.,0.));
#5486 = DEFINITIONAL_REPRESENTATION('',(#5487),#5491);
#5487 = LINE('',#5488,#5489);
#5488 = CARTESIAN_POINT('',(0.,-8.3));
#5489 = VECTOR('',#5490,1.);
#5490 = DIRECTION('',(1.,0.));
#5491 = ( GEOMETRIC_REPRESENTATION_CONTEXT(2) 
PARAMETRIC_REPRESENTATION_CONTEXT() REPRESENTATION_CONTEXT('2D SPACE',''
  ) );
#5492 = ADVANCED_FACE('',(#5493),#1543,.T.);
#5493 = FACE_BOUND('',#5494,.T.);
#5494 = EDGE_LOOP('',(#5495,#5518,#5539,#5540));
#5495 = ORIENTED_EDGE('',*,*,#5496,.F.);
#5496 = EDGE_CURVE('',#5497,#5414,#5499,.T.);
#5497 = VERTEX_POINT('',#5498);
#5498 = CARTESIAN_POINT('',(-4.1,60.,37.5));
#5499 = SURFACE_CURVE('',#5500,(#5504,#5511),.PCURVE_S1.);
#5500 = LINE('',#5501,#5502);
#5501 = CARTESIAN_POINT('',(-4.1,60.,37.5));
#5502 = VECTOR('',#5503,1.);
#5503 = DIRECTION('',(-1.,1.110223024625E-16,0.));
#5504 = PCURVE('',#1543,#5505);
#5505 = DEFINITIONAL_REPRESENTATION('',(#5506),#5510);
#5506 = LINE('',#5507,#5508);
#5507 = CARTESIAN_POINT('',(0.,0.));
#5508 = VECTOR('',#5509,1.);
#5509 = DIRECTION('',(0.,1.));
#5510 = ( GEOMETRIC_REPRESENTATION_CONTEXT(2) 
PARAMETRIC_REPRESENTATION_CONTEXT() REPRESENTATION_CONTEXT('2D SPACE',''
  ) );
#5511 = PCURVE('',#3586,#5512);
#5512 = DEFINITIONAL_REPRESENTATION('',(#5513),#5517);
#5513 = LINE('',#5514,#5515);
#5514 = CARTESIAN_POINT('',(30.,0.));
#5515 = VECTOR('',#5516,1.);
#5516 = DIRECTION('',(0.,-1.));
#5517 = ( GEOMETRIC_REPRESENTATION_CONTEXT(2) 
PARAMETRIC_REPRESENTATION_CONTEXT() REPRESENTATION_CONTEXT('2D SPACE',''
  ) );
#5518 = ORIENTED_EDGE('',*,*,#5519,.T.);
#5519 = EDGE_CURVE('',#5497,#1528,#5520,.T.);
#5520 = SURFACE_CURVE('',#5521,(#5525,#5532),.PCURVE_S1.);
#5521 = LINE('',#5522,#5523);
#5522 = CARTESIAN_POINT('',(-4.1,60.,37.5));
#5523 = VECTOR('',#5524,1.);
#5524 = DIRECTION('',(1.110223024625E-16,1.,0.));
#5525 = PCURVE('',#1543,#5526);
#5526 = DEFINITIONAL_REPRESENTATION('',(#5527),#5531);
#5527 = LINE('',#5528,#5529);
#5528 = CARTESIAN_POINT('',(0.,0.));
#5529 = VECTOR('',#5530,1.);
#5530 = DIRECTION('',(1.,0.));
#5531 = ( GEOMETRIC_REPRESENTATION_CONTEXT(2) 
PARAMETRIC_REPRESENTATION_CONTEXT() REPRESENTATION_CONTEXT('2D SPACE',''
  ) );
#5532 = PCURVE('',#1571,#5533);
#5533 = DEFINITIONAL_REPRESENTATION('',(#5534),#5538);
#5534 = LINE('',#5535,#5536);
#5535 = CARTESIAN_POINT('',(30.,0.));
#5536 = VECTOR('',#5537,1.);
#5537 = DIRECTION('',(0.,1.));
#5538 = ( GEOMETRIC_REPRESENTATION_CONTEXT(2) 
PARAMETRIC_REPRESENTATION_CONTEXT() REPRESENTATION_CONTEXT('2D SPACE',''
  ) );
#5539 = ORIENTED_EDGE('',*,*,#1527,.T.);
#5540 = ORIENTED_EDGE('',*,*,#5436,.F.);
#5541 = ADVANCED_FACE('',(#5542,#5568,#6353),#1571,.F.);
#5542 = FACE_BOUND('',#5543,.F.);
#5543 = EDGE_LOOP('',(#5544,#5545,#5566,#5567));
#5544 = ORIENTED_EDGE('',*,*,#3547,.F.);
#5545 = ORIENTED_EDGE('',*,*,#5546,.T.);
#5546 = EDGE_CURVE('',#3548,#5497,#5547,.T.);
#5547 = SURFACE_CURVE('',#5548,(#5552,#5559),.PCURVE_S1.);
#5548 = LINE('',#5549,#5550);
#5549 = CARTESIAN_POINT('',(-4.1,60.,7.5));
#5550 = VECTOR('',#5551,1.);
#5551 = DIRECTION('',(0.,0.,1.));
#5552 = PCURVE('',#1571,#5553);
#5553 = DEFINITIONAL_REPRESENTATION('',(#5554),#5558);
#5554 = LINE('',#5555,#5556);
#5555 = CARTESIAN_POINT('',(0.,0.));
#5556 = VECTOR('',#5557,1.);
#5557 = DIRECTION('',(1.,0.));
#5558 = ( GEOMETRIC_REPRESENTATION_CONTEXT(2) 
PARAMETRIC_REPRESENTATION_CONTEXT() REPRESENTATION_CONTEXT('2D SPACE',''
  ) );
#5559 = PCURVE('',#3586,#5560);
#5560 = DEFINITIONAL_REPRESENTATION('',(#5561),#5565);
#5561 = LINE('',#5562,#5563);
#5562 = CARTESIAN_POINT('',(0.,0.));
#5563 = VECTOR('',#5564,1.);
#5564 = DIRECTION('',(1.,0.));
#5565 = ( GEOMETRIC_REPRESENTATION_CONTEXT(2) 
PARAMETRIC_REPRESENTATION_CONTEXT() REPRESENTATION_CONTEXT('2D SPACE',''
  ) );
#5566 = ORIENTED_EDGE('',*,*,#5519,.T.);
#5567 = ORIENTED_EDGE('',*,*,#1555,.F.);
#5568 = FACE_BOUND('',#5569,.F.);
#5569 = EDGE_LOOP('',(#5570,#5670,#5775,#5868,#5973,#6071,#6162,#6255));
#5570 = ORIENTED_EDGE('',*,*,#5571,.F.);
#5571 = EDGE_CURVE('',#5572,#5574,#5576,.T.);
#5572 = VERTEX_POINT('',#5573);
#5573 = CARTESIAN_POINT('',(-4.1,68.96926522011,17.170792056523));
#5574 = VERTEX_POINT('',#5575);
#5575 = CARTESIAN_POINT('',(-4.1,66.97803853221,17.704339639493));
#5576 = SURFACE_CURVE('',#5577,(#5582,#5589),.PCURVE_S1.);
#5577 = CIRCLE('',#5578,1.322875655532);
#5578 = AXIS2_PLACEMENT_3D('',#5579,#5580,#5581);
#5579 = CARTESIAN_POINT('',(-4.1,68.188266684282,18.238519215977));
#5580 = DIRECTION('',(-1.,1.110223024625E-16,0.));
#5581 = DIRECTION('',(6.55452803178E-17,0.59037940003,-0.807125866281));
#5582 = PCURVE('',#1571,#5583);
#5583 = DEFINITIONAL_REPRESENTATION('',(#5584),#5588);
#5584 = CIRCLE('',#5585,1.322875655532);
#5585 = AXIS2_PLACEMENT_2D('',#5586,#5587);
#5586 = CARTESIAN_POINT('',(10.738519215977,8.188266684282));
#5587 = DIRECTION('',(-0.807125866281,0.59037940003));
#5588 = ( GEOMETRIC_REPRESENTATION_CONTEXT(2) 
PARAMETRIC_REPRESENTATION_CONTEXT() REPRESENTATION_CONTEXT('2D SPACE',''
  ) );
#5589 = PCURVE('',#5590,#5595);
#5590 = SPHERICAL_SURFACE('',#5591,1.6);
#5591 = AXIS2_PLACEMENT_3D('',#5592,#5593,#5594);
#5592 = CARTESIAN_POINT('',(-3.2,68.188266684282,18.238519215977));
#5593 = DIRECTION('',(0.,0.,1.));
#5594 = DIRECTION('',(1.110223024625E-16,1.,0.));
#5595 = DEFINITIONAL_REPRESENTATION('',(#5596),#5669);
#5596 = B_SPLINE_CURVE_WITH_KNOTS('',8,(#5597,#5598,#5599,#5600,#5601,
    #5602,#5603,#5604,#5605,#5606,#5607,#5608,#5609,#5610,#5611,#5612,
    #5613,#5614,#5615,#5616,#5617,#5618,#5619,#5620,#5621,#5622,#5623,
    #5624,#5625,#5626,#5627,#5628,#5629,#5630,#5631,#5632,#5633,#5634,
    #5635,#5636,#5637,#5638,#5639,#5640,#5641,#5642,#5643,#5644,#5645,
    #5646,#5647,#5648,#5649,#5650,#5651,#5652,#5653,#5654,#5655,#5656,
    #5657,#5658,#5659,#5660,#5661,#5662,#5663,#5664,#5665,#5666,#5667,
    #5668),.UNSPECIFIED.,.F.,.F.,(9,7,7,7,7,7,7,7,7,7,9),(0.,
    0.3202265969,0.751838456867,1.129498834337,1.790404494911,
    2.781762985771,3.277442231201,3.525281853916,3.773121476632,
    4.16582055833,4.666449687472),.UNSPECIFIED.);
#5597 = CARTESIAN_POINT('',(0.856072401046,-0.730617259711));
#5598 = CARTESIAN_POINT('',(0.883161514052,-0.756852179937));
#5599 = CARTESIAN_POINT('',(0.912612574828,-0.78215113868));
#5600 = CARTESIAN_POINT('',(0.944606142431,-0.806389593537));
#5601 = CARTESIAN_POINT('',(0.979322540012,-0.829424984145));
#5602 = CARTESIAN_POINT('',(1.016926990119,-0.851094860171));
#5603 = CARTESIAN_POINT('',(1.057541576544,-0.871216590287));
#5604 = CARTESIAN_POINT('',(1.101193455168,-0.889591930865));
#5605 = CARTESIAN_POINT('',(1.210529438453,-0.928173353764));
#5606 = CARTESIAN_POINT('',(1.278596126813,-0.946793168568));
#5607 = CARTESIAN_POINT('',(1.351669596544,-0.961402161822));
#5608 = CARTESIAN_POINT('',(1.428981435428,-0.971531257276));
#5609 = CARTESIAN_POINT('',(1.509107380903,-0.976767639109));
#5610 = CARTESIAN_POINT('',(1.589788031301,-0.976956167367));
#5611 = CARTESIAN_POINT('',(1.669060110494,-0.972219515911));
#5612 = CARTESIAN_POINT('',(1.812219794385,-0.954645197063));
#5613 = CARTESIAN_POINT('',(1.876792349314,-0.942894455429));
#5614 = CARTESIAN_POINT('',(1.938119070478,-0.9277874326));
#5615 = CARTESIAN_POINT('',(1.995471156264,-0.909623232542));
#5616 = CARTESIAN_POINT('',(2.048549304128,-0.888746861669));
#5617 = CARTESIAN_POINT('',(2.097367941613,-0.865496790989));
#5618 = CARTESIAN_POINT('',(2.142075430064,-0.840174326426));
#5619 = CARTESIAN_POINT('',(2.254369802057,-0.765579523231));
#5620 = CARTESIAN_POINT('',(2.313967159713,-0.712588021205));
#5621 = CARTESIAN_POINT('',(2.362962775818,-0.655514853047));
#5622 = CARTESIAN_POINT('',(2.403361801222,-0.595457942752));
#5623 = CARTESIAN_POINT('',(2.436579231873,-0.533127727672));
#5624 = CARTESIAN_POINT('',(2.463745233429,-0.469078398312));
#5625 = CARTESIAN_POINT('',(2.485672829128,-0.403720021427));
#5626 = CARTESIAN_POINT('',(2.528862164464,-0.237893676731));
#5627 = CARTESIAN_POINT('',(2.54430817246,-0.136210081002));
#5628 = CARTESIAN_POINT('',(2.551264924762,-3.347192566327E-02));
#5629 = CARTESIAN_POINT('',(2.550507288932,6.959134517753E-02));
#5630 = CARTESIAN_POINT('',(2.542068083678,0.17230713742));
#5631 = CARTESIAN_POINT('',(2.525307297184,0.273962917581));
#5632 = CARTESIAN_POINT('',(2.498636405897,0.373658812623));
#5633 = CARTESIAN_POINT('',(2.43909944262,0.517883857296));
#5634 = CARTESIAN_POINT('',(2.415998692347,0.565072209334));
#5635 = CARTESIAN_POINT('',(2.389257340039,0.611176280532));
#5636 = CARTESIAN_POINT('',(2.358389814676,0.65595186271));
#5637 = CARTESIAN_POINT('',(2.322822815323,0.699100699849));
#5638 = CARTESIAN_POINT('',(2.281858844724,0.740237630578));
#5639 = CARTESIAN_POINT('',(2.234735396582,0.778862042876));
#5640 = CARTESIAN_POINT('',(2.154018678994,0.832114008177));
#5641 = CARTESIAN_POINT('',(2.125441079551,0.849083941329));
#5642 = CARTESIAN_POINT('',(2.095126378506,0.865196905619));
#5643 = CARTESIAN_POINT('',(2.063022498611,0.880370278965));
#5644 = CARTESIAN_POINT('',(2.02910345716,0.894515241871));
#5645 = CARTESIAN_POINT('',(1.993382328898,0.907538896315));
#5646 = CARTESIAN_POINT('',(1.95592407475,0.919348325773));
#5647 = CARTESIAN_POINT('',(1.877792397952,0.940364866997));
#5648 = CARTESIAN_POINT('',(1.837118839275,0.949571888537));
#5649 = CARTESIAN_POINT('',(1.794965871151,0.957391216966));
#5650 = CARTESIAN_POINT('',(1.751523577571,0.963741127419));
#5651 = CARTESIAN_POINT('',(1.707051178035,0.968553022571));
#5652 = CARTESIAN_POINT('',(1.661868645118,0.971777761653));
#5653 = CARTESIAN_POINT('',(1.616332577262,0.97338991015));
#5654 = CARTESIAN_POINT('',(1.498644652471,0.97338991015));
#5655 = CARTESIAN_POINT('',(1.4264932203,0.969342164704));
#5656 = CARTESIAN_POINT('',(1.35574957305,0.961247109829));
#5657 = CARTESIAN_POINT('',(1.287831666602,0.949258406267));
#5658 = CARTESIAN_POINT('',(1.223810629943,0.933693645588));
#5659 = CARTESIAN_POINT('',(1.164161904882,0.914929592137));
#5660 = CARTESIAN_POINT('',(1.109050921052,0.893340145546));
#5661 = CARTESIAN_POINT('',(0.993857933911,0.838595229225));
#5662 = CARTESIAN_POINT('',(0.936572240303,0.803891494493));
#5663 = CARTESIAN_POINT('',(0.886433507808,0.765888381422));
#5664 = CARTESIAN_POINT('',(0.842719639581,0.725238840762));
#5665 = CARTESIAN_POINT('',(0.804648963509,0.682448033186));
#5666 = CARTESIAN_POINT('',(0.771518790137,0.637912272065));
#5667 = CARTESIAN_POINT('',(0.742730925271,0.591947398186));
#5668 = CARTESIAN_POINT('',(0.717788916358,0.544809259126));
#5669 = ( GEOMETRIC_REPRESENTATION_CONTEXT(2) 
PARAMETRIC_REPRESENTATION_CONTEXT() REPRESENTATION_CONTEXT('2D SPACE',''
  ) );
#5670 = ORIENTED_EDGE('',*,*,#5671,.F.);
#5671 = EDGE_CURVE('',#5672,#5572,#5674,.T.);
#5672 = VERTEX_POINT('',#5673);
#5673 = CARTESIAN_POINT('',(-4.1,69.219001464172,19.067727159454));
#5674 = SURFACE_CURVE('',#5675,(#5680,#5687),.PCURVE_S1.);
#5675 = CIRCLE('',#5676,1.322875655532);
#5676 = AXIS2_PLACEMENT_3D('',#5677,#5678,#5679);
#5677 = CARTESIAN_POINT('',(-4.1,70.,18.));
#5678 = DIRECTION('',(-1.,1.110223024625E-16,0.));
#5679 = DIRECTION('',(-6.55452803178E-17,-0.59037940003,0.807125866281)
  );
#5680 = PCURVE('',#1571,#5681);
#5681 = DEFINITIONAL_REPRESENTATION('',(#5682),#5686);
#5682 = CIRCLE('',#5683,1.322875655532);
#5683 = AXIS2_PLACEMENT_2D('',#5684,#5685);
#5684 = CARTESIAN_POINT('',(10.5,10.));
#5685 = DIRECTION('',(0.807125866281,-0.59037940003));
#5686 = ( GEOMETRIC_REPRESENTATION_CONTEXT(2) 
PARAMETRIC_REPRESENTATION_CONTEXT() REPRESENTATION_CONTEXT('2D SPACE',''
  ) );
#5687 = PCURVE('',#5688,#5693);
#5688 = SPHERICAL_SURFACE('',#5689,1.6);
#5689 = AXIS2_PLACEMENT_3D('',#5690,#5691,#5692);
#5690 = CARTESIAN_POINT('',(-3.2,70.,18.));
#5691 = DIRECTION('',(0.,0.,1.));
#5692 = DIRECTION('',(1.110223024625E-16,1.,0.));
#5693 = DEFINITIONAL_REPRESENTATION('',(#5694),#5774);
#5694 = B_SPLINE_CURVE_WITH_KNOTS('',8,(#5695,#5696,#5697,#5698,#5699,
    #5700,#5701,#5702,#5703,#5704,#5705,#5706,#5707,#5708,#5709,#5710,
    #5711,#5712,#5713,#5714,#5715,#5716,#5717,#5718,#5719,#5720,#5721,
    #5722,#5723,#5724,#5725,#5726,#5727,#5728,#5729,#5730,#5731,#5732,
    #5733,#5734,#5735,#5736,#5737,#5738,#5739,#5740,#5741,#5742,#5743,
    #5744,#5745,#5746,#5747,#5748,#5749,#5750,#5751,#5752,#5753,#5754,
    #5755,#5756,#5757,#5758,#5759,#5760,#5761,#5762,#5763,#5764,#5765,
    #5766,#5767,#5768,#5769,#5770,#5771,#5772,#5773),.UNSPECIFIED.,.F.,
  .F.,(9,7,7,7,7,7,7,7,7,7,7,9),(0.,0.135849577612,0.383689200327,
    0.631528823042,1.02422790474,1.760538682926,2.404810613838,
    2.968548553386,3.46181925049,3.893431110456,4.271091487927,
    4.666449687472),.UNSPECIFIED.);
#5695 = CARTESIAN_POINT('',(2.285520288893,0.730617272491));
#5696 = CARTESIAN_POINT('',(2.274028294465,0.741746901684));
#5697 = CARTESIAN_POINT('',(2.262111208022,0.752708081579));
#5698 = CARTESIAN_POINT('',(2.249755240726,0.763491302745));
#5699 = CARTESIAN_POINT('',(2.236946617814,0.774086474117));
#5700 = CARTESIAN_POINT('',(2.223671786459,0.784482898565));
#5701 = CARTESIAN_POINT('',(2.209917691839,0.794669255976));
#5702 = CARTESIAN_POINT('',(2.195672138174,0.804633597312));
#5703 = CARTESIAN_POINT('',(2.154018678994,0.832114008177));
#5704 = CARTESIAN_POINT('',(2.125441079551,0.849083941329));
#5705 = CARTESIAN_POINT('',(2.095126378506,0.865196905619));
#5706 = CARTESIAN_POINT('',(2.063022498611,0.880370278965));
#5707 = CARTESIAN_POINT('',(2.02910345716,0.894515241871));
#5708 = CARTESIAN_POINT('',(1.993382328898,0.907538896315));
#5709 = CARTESIAN_POINT('',(1.95592407475,0.919348325773));
#5710 = CARTESIAN_POINT('',(1.877792397952,0.940364866997));
#5711 = CARTESIAN_POINT('',(1.837118839275,0.949571888537));
#5712 = CARTESIAN_POINT('',(1.794965871151,0.957391216966));
#5713 = CARTESIAN_POINT('',(1.751523577571,0.963741127419));
#5714 = CARTESIAN_POINT('',(1.707051178035,0.968553022571));
#5715 = CARTESIAN_POINT('',(1.661868645118,0.971777761653));
#5716 = CARTESIAN_POINT('',(1.616332577262,0.97338991015));
#5717 = CARTESIAN_POINT('',(1.498644652471,0.97338991015));
#5718 = CARTESIAN_POINT('',(1.4264932203,0.969342164704));
#5719 = CARTESIAN_POINT('',(1.35574957305,0.961247109829));
#5720 = CARTESIAN_POINT('',(1.287831666602,0.949258406267));
#5721 = CARTESIAN_POINT('',(1.223810629943,0.933693645588));
#5722 = CARTESIAN_POINT('',(1.164161904882,0.914929592137));
#5723 = CARTESIAN_POINT('',(1.109050921052,0.893340145546));
#5724 = CARTESIAN_POINT('',(0.963467229981,0.824152192502));
#5725 = CARTESIAN_POINT('',(0.884246462217,0.770324611387));
#5726 = CARTESIAN_POINT('',(0.820360990184,0.71009804328));
#5727 = CARTESIAN_POINT('',(0.768615428592,0.645442230201));
#5728 = CARTESIAN_POINT('',(0.72672516288,0.577468106207));
#5729 = CARTESIAN_POINT('',(0.692969303155,0.507067973512));
#5730 = CARTESIAN_POINT('',(0.666073622172,0.434850978935));
#5731 = CARTESIAN_POINT('',(0.626857938173,0.296964519402));
#5732 = CARTESIAN_POINT('',(0.613135820966,0.231605023866));
#5733 = CARTESIAN_POINT('',(0.603399677573,0.165559669997));
#5734 = CARTESIAN_POINT('',(0.597279469749,9.908063569156E-02));
#5735 = CARTESIAN_POINT('',(0.59457336436,3.23783832312E-02));
#5736 = CARTESIAN_POINT('',(0.59521979129,-3.435086591052E-02));
#5737 = CARTESIAN_POINT('',(0.599295877399,-0.100902910688));
#5738 = CARTESIAN_POINT('',(0.613820338296,-0.224926086655));
#5739 = CARTESIAN_POINT('',(0.623408698424,-0.282492173768));
#5740 = CARTESIAN_POINT('',(0.635967321264,-0.339592268369));
#5741 = CARTESIAN_POINT('',(0.65175683428,-0.396054164146));
#5742 = CARTESIAN_POINT('',(0.671138666619,-0.451675006268));
#5743 = CARTESIAN_POINT('',(0.694614044366,-0.506203639139));
#5744 = CARTESIAN_POINT('',(0.722858760308,-0.559311912469));
#5745 = CARTESIAN_POINT('',(0.78633106482,-0.655380545119));
#5746 = CARTESIAN_POINT('',(0.82024456444,-0.698779576719));
#5747 = CARTESIAN_POINT('',(0.859008604801,-0.74044351915));
#5748 = CARTESIAN_POINT('',(0.903283985555,-0.779997954273));
#5749 = CARTESIAN_POINT('',(0.953764783789,-0.816975770244));
#5750 = CARTESIAN_POINT('',(1.01121615957,-0.85079000345));
#5751 = CARTESIAN_POINT('',(1.076028545506,-0.880711981258));
#5752 = CARTESIAN_POINT('',(1.210529438453,-0.928173353764));
#5753 = CARTESIAN_POINT('',(1.278596126813,-0.946793168568));
#5754 = CARTESIAN_POINT('',(1.351669596544,-0.961402161822));
#5755 = CARTESIAN_POINT('',(1.428981435428,-0.971531257276));
#5756 = CARTESIAN_POINT('',(1.509107380903,-0.976767639109));
#5757 = CARTESIAN_POINT('',(1.589788031301,-0.976956167367));
#5758 = CARTESIAN_POINT('',(1.669060110494,-0.972219515911));
#5759 = CARTESIAN_POINT('',(1.812219794385,-0.954645197063));
#5760 = CARTESIAN_POINT('',(1.876792349314,-0.942894455429));
#5761 = CARTESIAN_POINT('',(1.938119070478,-0.9277874326));
#5762 = CARTESIAN_POINT('',(1.995471156264,-0.909623232542));
#5763 = CARTESIAN_POINT('',(2.048549304128,-0.888746861669));
#5764 = CARTESIAN_POINT('',(2.097367941613,-0.865496790989));
#5765 = CARTESIAN_POINT('',(2.142075430064,-0.840174326426));
#5766 = CARTESIAN_POINT('',(2.225657631354,-0.784652417846));
#5767 = CARTESIAN_POINT('',(2.264160434332,-0.754279808282));
#5768 = CARTESIAN_POINT('',(2.298688087648,-0.722239463136));
#5769 = CARTESIAN_POINT('',(2.329605822651,-0.688795872155));
#5770 = CARTESIAN_POINT('',(2.35727195277,-0.654166219611));
#5771 = CARTESIAN_POINT('',(2.382010794785,-0.618529596083));
#5772 = CARTESIAN_POINT('',(2.404106524757,-0.582035289695));
#5773 = CARTESIAN_POINT('',(2.423803743136,-0.54480925863));
#5774 = ( GEOMETRIC_REPRESENTATION_CONTEXT(2) 
PARAMETRIC_REPRESENTATION_CONTEXT() REPRESENTATION_CONTEXT('2D SPACE',''
  ) );
#5775 = ORIENTED_EDGE('',*,*,#5776,.F.);
#5776 = EDGE_CURVE('',#5777,#5672,#5779,.T.);
#5777 = VERTEX_POINT('',#5778);
#5778 = CARTESIAN_POINT('',(-4.1,67.710228152072,19.472001749992));
#5779 = SURFACE_CURVE('',#5780,(#5785,#5792),.PCURVE_S1.);
#5780 = CIRCLE('',#5781,1.322875655532);
#5781 = AXIS2_PLACEMENT_3D('',#5782,#5783,#5784);
#5782 = CARTESIAN_POINT('',(-4.1,68.188266684282,18.238519215977));
#5783 = DIRECTION('',(-1.,1.110223024625E-16,0.));
#5784 = DIRECTION('',(6.55452803178E-17,0.59037940003,-0.807125866281));
#5785 = PCURVE('',#1571,#5786);
#5786 = DEFINITIONAL_REPRESENTATION('',(#5787),#5791);
#5787 = CIRCLE('',#5788,1.322875655532);
#5788 = AXIS2_PLACEMENT_2D('',#5789,#5790);
#5789 = CARTESIAN_POINT('',(10.738519215977,8.188266684282));
#5790 = DIRECTION('',(-0.807125866281,0.59037940003));
#5791 = ( GEOMETRIC_REPRESENTATION_CONTEXT(2) 
PARAMETRIC_REPRESENTATION_CONTEXT() REPRESENTATION_CONTEXT('2D SPACE',''
  ) );
#5792 = PCURVE('',#5590,#5793);
#5793 = DEFINITIONAL_REPRESENTATION('',(#5794),#5867);
#5794 = B_SPLINE_CURVE_WITH_KNOTS('',8,(#5795,#5796,#5797,#5798,#5799,
    #5800,#5801,#5802,#5803,#5804,#5805,#5806,#5807,#5808,#5809,#5810,
    #5811,#5812,#5813,#5814,#5815,#5816,#5817,#5818,#5819,#5820,#5821,
    #5822,#5823,#5824,#5825,#5826,#5827,#5828,#5829,#5830,#5831,#5832,
    #5833,#5834,#5835,#5836,#5837,#5838,#5839,#5840,#5841,#5842,#5843,
    #5844,#5845,#5846,#5847,#5848,#5849,#5850,#5851,#5852,#5853,#5854,
    #5855,#5856,#5857,#5858,#5859,#5860,#5861,#5862,#5863,#5864,#5865,
    #5866),.UNSPECIFIED.,.F.,.F.,(9,7,7,7,7,7,7,7,7,7,9),(0.,
    0.3202265969,0.751838456867,1.129498834337,1.790404494911,
    2.781762985771,3.277442231201,3.525281853916,3.773121476632,
    4.16582055833,4.666449687472),.UNSPECIFIED.);
#5795 = CARTESIAN_POINT('',(0.856072401046,-0.730617259711));
#5796 = CARTESIAN_POINT('',(0.883161514052,-0.756852179937));
#5797 = CARTESIAN_POINT('',(0.912612574828,-0.78215113868));
#5798 = CARTESIAN_POINT('',(0.944606142431,-0.806389593537));
#5799 = CARTESIAN_POINT('',(0.979322540012,-0.829424984145));
#5800 = CARTESIAN_POINT('',(1.016926990119,-0.851094860171));
#5801 = CARTESIAN_POINT('',(1.057541576544,-0.871216590287));
#5802 = CARTESIAN_POINT('',(1.101193455168,-0.889591930865));
#5803 = CARTESIAN_POINT('',(1.210529438453,-0.928173353764));
#5804 = CARTESIAN_POINT('',(1.278596126813,-0.946793168568));
#5805 = CARTESIAN_POINT('',(1.351669596544,-0.961402161822));
#5806 = CARTESIAN_POINT('',(1.428981435428,-0.971531257276));
#5807 = CARTESIAN_POINT('',(1.509107380903,-0.976767639109));
#5808 = CARTESIAN_POINT('',(1.589788031301,-0.976956167367));
#5809 = CARTESIAN_POINT('',(1.669060110494,-0.972219515911));
#5810 = CARTESIAN_POINT('',(1.812219794385,-0.954645197063));
#5811 = CARTESIAN_POINT('',(1.876792349314,-0.942894455429));
#5812 = CARTESIAN_POINT('',(1.938119070478,-0.9277874326));
#5813 = CARTESIAN_POINT('',(1.995471156264,-0.909623232542));
#5814 = CARTESIAN_POINT('',(2.048549304128,-0.888746861669));
#5815 = CARTESIAN_POINT('',(2.097367941613,-0.865496790989));
#5816 = CARTESIAN_POINT('',(2.142075430064,-0.840174326426));
#5817 = CARTESIAN_POINT('',(2.254369802057,-0.765579523231));
#5818 = CARTESIAN_POINT('',(2.313967159713,-0.712588021205));
#5819 = CARTESIAN_POINT('',(2.362962775818,-0.655514853047));
#5820 = CARTESIAN_POINT('',(2.403361801222,-0.595457942752));
#5821 = CARTESIAN_POINT('',(2.436579231873,-0.533127727672));
#5822 = CARTESIAN_POINT('',(2.463745233429,-0.469078398312));
#5823 = CARTESIAN_POINT('',(2.485672829128,-0.403720021427));
#5824 = CARTESIAN_POINT('',(2.528862164464,-0.237893676731));
#5825 = CARTESIAN_POINT('',(2.54430817246,-0.136210081002));
#5826 = CARTESIAN_POINT('',(2.551264924762,-3.347192566327E-02));
#5827 = CARTESIAN_POINT('',(2.550507288932,6.959134517753E-02));
#5828 = CARTESIAN_POINT('',(2.542068083678,0.17230713742));
#5829 = CARTESIAN_POINT('',(2.525307297184,0.273962917581));
#5830 = CARTESIAN_POINT('',(2.498636405897,0.373658812623));
#5831 = CARTESIAN_POINT('',(2.43909944262,0.517883857296));
#5832 = CARTESIAN_POINT('',(2.415998692347,0.565072209334));
#5833 = CARTESIAN_POINT('',(2.389257340039,0.611176280532));
#5834 = CARTESIAN_POINT('',(2.358389814676,0.65595186271));
#5835 = CARTESIAN_POINT('',(2.322822815323,0.699100699849));
#5836 = CARTESIAN_POINT('',(2.281858844724,0.740237630578));
#5837 = CARTESIAN_POINT('',(2.234735396582,0.778862042876));
#5838 = CARTESIAN_POINT('',(2.154018678994,0.832114008177));
#5839 = CARTESIAN_POINT('',(2.125441079551,0.849083941329));
#5840 = CARTESIAN_POINT('',(2.095126378506,0.865196905619));
#5841 = CARTESIAN_POINT('',(2.063022498611,0.880370278965));
#5842 = CARTESIAN_POINT('',(2.02910345716,0.894515241871));
#5843 = CARTESIAN_POINT('',(1.993382328898,0.907538896315));
#5844 = CARTESIAN_POINT('',(1.95592407475,0.919348325773));
#5845 = CARTESIAN_POINT('',(1.877792397952,0.940364866997));
#5846 = CARTESIAN_POINT('',(1.837118839275,0.949571888537));
#5847 = CARTESIAN_POINT('',(1.794965871151,0.957391216966));
#5848 = CARTESIAN_POINT('',(1.751523577571,0.963741127419));
#5849 = CARTESIAN_POINT('',(1.707051178035,0.968553022571));
#5850 = CARTESIAN_POINT('',(1.661868645118,0.971777761653));
#5851 = CARTESIAN_POINT('',(1.616332577262,0.97338991015));
#5852 = CARTESIAN_POINT('',(1.498644652471,0.97338991015));
#5853 = CARTESIAN_POINT('',(1.4264932203,0.969342164704));
#5854 = CARTESIAN_POINT('',(1.35574957305,0.961247109829));
#5855 = CARTESIAN_POINT('',(1.287831666602,0.949258406267));
#5856 = CARTESIAN_POINT('',(1.223810629943,0.933693645588));
#5857 = CARTESIAN_POINT('',(1.164161904882,0.914929592137));
#5858 = CARTESIAN_POINT('',(1.109050921052,0.893340145546));
#5859 = CARTESIAN_POINT('',(0.993857933911,0.838595229225));
#5860 = CARTESIAN_POINT('',(0.936572240303,0.803891494493));
#5861 = CARTESIAN_POINT('',(0.886433507808,0.765888381422));
#5862 = CARTESIAN_POINT('',(0.842719639581,0.725238840762));
#5863 = CARTESIAN_POINT('',(0.804648963509,0.682448033186));
#5864 = CARTESIAN_POINT('',(0.771518790137,0.637912272065));
#5865 = CARTESIAN_POINT('',(0.742730925271,0.591947398186));
#5866 = CARTESIAN_POINT('',(0.717788916358,0.544809259126));
#5867 = ( GEOMETRIC_REPRESENTATION_CONTEXT(2) 
PARAMETRIC_REPRESENTATION_CONTEXT() REPRESENTATION_CONTEXT('2D SPACE',''
  ) );
#5868 = ORIENTED_EDGE('',*,*,#5869,.F.);
#5869 = EDGE_CURVE('',#5870,#5777,#5872,.T.);
#5870 = VERTEX_POINT('',#5871);
#5871 = CARTESIAN_POINT('',(-4.1,66.357499007381,20.25300028582));
#5872 = SURFACE_CURVE('',#5873,(#5878,#5885),.PCURVE_S1.);
#5873 = CIRCLE('',#5874,1.322875655532);
#5874 = AXIS2_PLACEMENT_3D('',#5875,#5876,#5877);
#5875 = CARTESIAN_POINT('',(-4.1,66.5,18.937822173509));
#5876 = DIRECTION('',(-1.,1.110223024625E-16,0.));
#5877 = DIRECTION('',(4.011937047131E-17,0.36136316381,-0.932425151871)
  );
#5878 = PCURVE('',#1571,#5879);
#5879 = DEFINITIONAL_REPRESENTATION('',(#5880),#5884);
#5880 = CIRCLE('',#5881,1.322875655532);
#5881 = AXIS2_PLACEMENT_2D('',#5882,#5883);
#5882 = CARTESIAN_POINT('',(11.437822173509,6.5));
#5883 = DIRECTION('',(-0.932425151871,0.36136316381));
#5884 = ( GEOMETRIC_REPRESENTATION_CONTEXT(2) 
PARAMETRIC_REPRESENTATION_CONTEXT() REPRESENTATION_CONTEXT('2D SPACE',''
  ) );
#5885 = PCURVE('',#5886,#5891);
#5886 = SPHERICAL_SURFACE('',#5887,1.6);
#5887 = AXIS2_PLACEMENT_3D('',#5888,#5889,#5890);
#5888 = CARTESIAN_POINT('',(-3.2,66.5,18.937822173509));
#5889 = DIRECTION('',(0.,0.,1.));
#5890 = DIRECTION('',(1.110223024625E-16,1.,0.));
#5891 = DEFINITIONAL_REPRESENTATION('',(#5892),#5972);
#5892 = B_SPLINE_CURVE_WITH_KNOTS('',8,(#5893,#5894,#5895,#5896,#5897,
    #5898,#5899,#5900,#5901,#5902,#5903,#5904,#5905,#5906,#5907,#5908,
    #5909,#5910,#5911,#5912,#5913,#5914,#5915,#5916,#5917,#5918,#5919,
    #5920,#5921,#5922,#5923,#5924,#5925,#5926,#5927,#5928,#5929,#5930,
    #5931,#5932,#5933,#5934,#5935,#5936,#5937,#5938,#5939,#5940,#5941,
    #5942,#5943,#5944,#5945,#5946,#5947,#5948,#5949,#5950,#5951,#5952,
    #5953,#5954,#5955,#5956,#5957,#5958,#5959,#5960,#5961,#5962,#5963,
    #5964,#5965,#5966,#5967,#5968,#5969,#5970,#5971),.UNSPECIFIED.,.F.,
  .F.,(9,7,7,7,7,7,7,7,7,7,7,9),(0.,5.842720910105E-02,0.490039069067,
    0.867699446538,1.528605107112,2.519963597972,3.015642843402,
    3.263482466117,3.511322088832,3.904021170531,4.640331948716,
    4.666449687472),.UNSPECIFIED.);
#5893 = CARTESIAN_POINT('',(1.082537306733,-0.880294652603));
#5894 = CARTESIAN_POINT('',(1.090344325328,-0.88372059853));
#5895 = CARTESIAN_POINT('',(1.098250595355,-0.887088995485));
#5896 = CARTESIAN_POINT('',(1.10625609805,-0.890398671643));
#5897 = CARTESIAN_POINT('',(1.114360692989,-0.893648445859));
#5898 = CARTESIAN_POINT('',(1.122564107979,-0.896837129957));
#5899 = CARTESIAN_POINT('',(1.130865928647,-0.899963531389));
#5900 = CARTESIAN_POINT('',(1.139265587854,-0.903026456331));
#5901 = CARTESIAN_POINT('',(1.210529438453,-0.928173353764));
#5902 = CARTESIAN_POINT('',(1.278596126813,-0.946793168568));
#5903 = CARTESIAN_POINT('',(1.351669596544,-0.961402161822));
#5904 = CARTESIAN_POINT('',(1.428981435428,-0.971531257276));
#5905 = CARTESIAN_POINT('',(1.509107380903,-0.976767639109));
#5906 = CARTESIAN_POINT('',(1.589788031301,-0.976956167367));
#5907 = CARTESIAN_POINT('',(1.669060110494,-0.972219515911));
#5908 = CARTESIAN_POINT('',(1.812219794385,-0.954645197063));
#5909 = CARTESIAN_POINT('',(1.876792349314,-0.942894455429));
#5910 = CARTESIAN_POINT('',(1.938119070478,-0.9277874326));
#5911 = CARTESIAN_POINT('',(1.995471156264,-0.909623232542));
#5912 = CARTESIAN_POINT('',(2.048549304128,-0.888746861669));
#5913 = CARTESIAN_POINT('',(2.097367941613,-0.865496790989));
#5914 = CARTESIAN_POINT('',(2.142075430064,-0.840174326426));
#5915 = CARTESIAN_POINT('',(2.254369802057,-0.765579523231));
#5916 = CARTESIAN_POINT('',(2.313967159713,-0.712588021205));
#5917 = CARTESIAN_POINT('',(2.362962775818,-0.655514853047));
#5918 = CARTESIAN_POINT('',(2.403361801222,-0.595457942752));
#5919 = CARTESIAN_POINT('',(2.436579231873,-0.533127727672));
#5920 = CARTESIAN_POINT('',(2.463745233429,-0.469078398312));
#5921 = CARTESIAN_POINT('',(2.485672829128,-0.403720021427));
#5922 = CARTESIAN_POINT('',(2.528862164464,-0.237893676731));
#5923 = CARTESIAN_POINT('',(2.54430817246,-0.136210081002));
#5924 = CARTESIAN_POINT('',(2.551264924762,-3.347192566327E-02));
#5925 = CARTESIAN_POINT('',(2.550507288932,6.959134517753E-02));
#5926 = CARTESIAN_POINT('',(2.542068083678,0.17230713742));
#5927 = CARTESIAN_POINT('',(2.525307297184,0.273962917581));
#5928 = CARTESIAN_POINT('',(2.498636405897,0.373658812623));
#5929 = CARTESIAN_POINT('',(2.43909944262,0.517883857296));
#5930 = CARTESIAN_POINT('',(2.415998692347,0.565072209334));
#5931 = CARTESIAN_POINT('',(2.389257340039,0.611176280532));
#5932 = CARTESIAN_POINT('',(2.358389814676,0.65595186271));
#5933 = CARTESIAN_POINT('',(2.322822815323,0.699100699849));
#5934 = CARTESIAN_POINT('',(2.281858844724,0.740237630578));
#5935 = CARTESIAN_POINT('',(2.234735396582,0.778862042876));
#5936 = CARTESIAN_POINT('',(2.154018678994,0.832114008177));
#5937 = CARTESIAN_POINT('',(2.125441079551,0.849083941329));
#5938 = CARTESIAN_POINT('',(2.095126378506,0.865196905619));
#5939 = CARTESIAN_POINT('',(2.063022498611,0.880370278965));
#5940 = CARTESIAN_POINT('',(2.02910345716,0.894515241871));
#5941 = CARTESIAN_POINT('',(1.993382328898,0.907538896315));
#5942 = CARTESIAN_POINT('',(1.95592407475,0.919348325773));
#5943 = CARTESIAN_POINT('',(1.877792397952,0.940364866997));
#5944 = CARTESIAN_POINT('',(1.837118839275,0.949571888537));
#5945 = CARTESIAN_POINT('',(1.794965871151,0.957391216966));
#5946 = CARTESIAN_POINT('',(1.751523577571,0.963741127419));
#5947 = CARTESIAN_POINT('',(1.707051178035,0.968553022571));
#5948 = CARTESIAN_POINT('',(1.661868645118,0.971777761653));
#5949 = CARTESIAN_POINT('',(1.616332577262,0.97338991015));
#5950 = CARTESIAN_POINT('',(1.498644652471,0.97338991015));
#5951 = CARTESIAN_POINT('',(1.4264932203,0.969342164704));
#5952 = CARTESIAN_POINT('',(1.35574957305,0.961247109829));
#5953 = CARTESIAN_POINT('',(1.287831666602,0.949258406267));
#5954 = CARTESIAN_POINT('',(1.223810629943,0.933693645588));
#5955 = CARTESIAN_POINT('',(1.164161904882,0.914929592137));
#5956 = CARTESIAN_POINT('',(1.109050921052,0.893340145546));
#5957 = CARTESIAN_POINT('',(0.963467229981,0.824152192502));
#5958 = CARTESIAN_POINT('',(0.884246462217,0.770324611387));
#5959 = CARTESIAN_POINT('',(0.820360990184,0.71009804328));
#5960 = CARTESIAN_POINT('',(0.768615428592,0.645442230201));
#5961 = CARTESIAN_POINT('',(0.72672516288,0.577468106207));
#5962 = CARTESIAN_POINT('',(0.692969303155,0.507067973512));
#5963 = CARTESIAN_POINT('',(0.666073622172,0.434850978935));
#5964 = CARTESIAN_POINT('',(0.644416711945,0.358703010287));
#5965 = CARTESIAN_POINT('',(0.643682357366,0.356092822853));
#5966 = CARTESIAN_POINT('',(0.642955487493,0.353480993306));
#5967 = CARTESIAN_POINT('',(0.642236063451,0.350867543207));
#5968 = CARTESIAN_POINT('',(0.64152404696,0.348252493915));
#5969 = CARTESIAN_POINT('',(0.64081940033,0.345635866597));
#5970 = CARTESIAN_POINT('',(0.640122086453,0.34301768223));
#5971 = CARTESIAN_POINT('',(0.639432068799,0.340397961604));
#5972 = ( GEOMETRIC_REPRESENTATION_CONTEXT(2) 
PARAMETRIC_REPRESENTATION_CONTEXT() REPRESENTATION_CONTEXT('2D SPACE',''
  ) );
#5973 = ORIENTED_EDGE('',*,*,#5974,.F.);
#5974 = EDGE_CURVE('',#5975,#5870,#5977,.T.);
#5975 = VERTEX_POINT('',#5976);
#5976 = CARTESIAN_POINT('',(-4.1,65.25300028582,21.357499007381));
#5977 = SURFACE_CURVE('',#5978,(#5983,#5990),.PCURVE_S1.);
#5978 = CIRCLE('',#5979,1.322875655532);
#5979 = AXIS2_PLACEMENT_3D('',#5980,#5981,#5982);
#5980 = CARTESIAN_POINT('',(-4.1,65.050252531694,20.050252531694));
#5981 = DIRECTION('',(-1.,1.110223024625E-16,0.));
#5982 = DIRECTION('',(1.19593918276E-17,0.107720625157,-0.994181204266)
  );
#5983 = PCURVE('',#1571,#5984);
#5984 = DEFINITIONAL_REPRESENTATION('',(#5985),#5989);
#5985 = CIRCLE('',#5986,1.322875655532);
#5986 = AXIS2_PLACEMENT_2D('',#5987,#5988);
#5987 = CARTESIAN_POINT('',(12.550252531694,5.050252531694));
#5988 = DIRECTION('',(-0.994181204266,0.107720625157));
#5989 = ( GEOMETRIC_REPRESENTATION_CONTEXT(2) 
PARAMETRIC_REPRESENTATION_CONTEXT() REPRESENTATION_CONTEXT('2D SPACE',''
  ) );
#5990 = PCURVE('',#5991,#5996);
#5991 = SPHERICAL_SURFACE('',#5992,1.6);
#5992 = AXIS2_PLACEMENT_3D('',#5993,#5994,#5995);
#5993 = CARTESIAN_POINT('',(-3.2,65.050252531694,20.050252531694));
#5994 = DIRECTION('',(0.,0.,1.));
#5995 = DIRECTION('',(1.110223024625E-16,1.,0.));
#5996 = DEFINITIONAL_REPRESENTATION('',(#5997),#6070);
#5997 = B_SPLINE_CURVE_WITH_KNOTS('',8,(#5998,#5999,#6000,#6001,#6002,
    #6003,#6004,#6005,#6006,#6007,#6008,#6009,#6010,#6011,#6012,#6013,
    #6014,#6015,#6016,#6017,#6018,#6019,#6020,#6021,#6022,#6023,#6024,
    #6025,#6026,#6027,#6028,#6029,#6030,#6031,#6032,#6033,#6034,#6035,
    #6036,#6037,#6038,#6039,#6040,#6041,#6042,#6043,#6044,#6045,#6046,
    #6047,#6048,#6049,#6050,#6051,#6052,#6053,#6054,#6055,#6056,#6057,
    #6058,#6059,#6060,#6061,#6062,#6063,#6064,#6065,#6066,#6067,#6068,
    #6069),.UNSPECIFIED.,.F.,.F.,(9,7,7,7,7,7,7,7,7,7,9),(0.,
    0.228239681268,0.605900058739,1.266805719312,2.258164210173,
    2.753843455603,3.001683078318,3.249522701033,3.642221782732,
    4.378532560917,4.666449687472),.UNSPECIFIED.);
#5998 = CARTESIAN_POINT('',(1.413765489941,-0.964890082182));
#5999 = CARTESIAN_POINT('',(1.454436941501,-0.969351767575));
#6000 = CARTESIAN_POINT('',(1.495850715269,-0.972503644868));
#6001 = CARTESIAN_POINT('',(1.537774168248,-0.974306591004));
#6002 = CARTESIAN_POINT('',(1.579939993141,-0.974735741924));
#6003 = CARTESIAN_POINT('',(1.622059334693,-0.973783860275));
#6004 = CARTESIAN_POINT('',(1.663844455877,-0.971463054603));
#6005 = CARTESIAN_POINT('',(1.705036504429,-0.967803044731));
#6006 = CARTESIAN_POINT('',(1.812219794385,-0.954645197063));
#6007 = CARTESIAN_POINT('',(1.876792349314,-0.942894455429));
#6008 = CARTESIAN_POINT('',(1.938119070478,-0.9277874326));
#6009 = CARTESIAN_POINT('',(1.995471156264,-0.909623232542));
#6010 = CARTESIAN_POINT('',(2.048549304128,-0.888746861669));
#6011 = CARTESIAN_POINT('',(2.097367941613,-0.865496790989));
#6012 = CARTESIAN_POINT('',(2.142075430064,-0.840174326426));
#6013 = CARTESIAN_POINT('',(2.254369802057,-0.765579523231));
#6014 = CARTESIAN_POINT('',(2.313967159711,-0.712588021206));
#6015 = CARTESIAN_POINT('',(2.362962775826,-0.655514853043));
#6016 = CARTESIAN_POINT('',(2.40336180122,-0.595457942755));
#6017 = CARTESIAN_POINT('',(2.436579231877,-0.533127727669));
#6018 = CARTESIAN_POINT('',(2.463745233428,-0.469078398313));
#6019 = CARTESIAN_POINT('',(2.485672829128,-0.403720021427));
#6020 = CARTESIAN_POINT('',(2.528862164464,-0.237893676731));
#6021 = CARTESIAN_POINT('',(2.54430817246,-0.136210081002));
#6022 = CARTESIAN_POINT('',(2.551264924762,-3.347192566326E-02));
#6023 = CARTESIAN_POINT('',(2.550507288931,6.959134517752E-02));
#6024 = CARTESIAN_POINT('',(2.542068083678,0.172307137419));
#6025 = CARTESIAN_POINT('',(2.525307297184,0.273962917581));
#6026 = CARTESIAN_POINT('',(2.498636405897,0.373658812623));
#6027 = CARTESIAN_POINT('',(2.43909944262,0.517883857296));
#6028 = CARTESIAN_POINT('',(2.415998692347,0.565072209334));
#6029 = CARTESIAN_POINT('',(2.38925734004,0.611176280532));
#6030 = CARTESIAN_POINT('',(2.358389814677,0.65595186271));
#6031 = CARTESIAN_POINT('',(2.322822815323,0.699100699849));
#6032 = CARTESIAN_POINT('',(2.281858844724,0.740237630578));
#6033 = CARTESIAN_POINT('',(2.234735396582,0.778862042876));
#6034 = CARTESIAN_POINT('',(2.154018678994,0.832114008177));
#6035 = CARTESIAN_POINT('',(2.125441079551,0.849083941329));
#6036 = CARTESIAN_POINT('',(2.095126378506,0.865196905619));
#6037 = CARTESIAN_POINT('',(2.063022498611,0.880370278965));
#6038 = CARTESIAN_POINT('',(2.02910345716,0.894515241871));
#6039 = CARTESIAN_POINT('',(1.993382328898,0.907538896315));
#6040 = CARTESIAN_POINT('',(1.95592407475,0.919348325773));
#6041 = CARTESIAN_POINT('',(1.877792397952,0.940364866997));
#6042 = CARTESIAN_POINT('',(1.837118839275,0.949571888537));
#6043 = CARTESIAN_POINT('',(1.794965871151,0.957391216966));
#6044 = CARTESIAN_POINT('',(1.751523577571,0.963741127419));
#6045 = CARTESIAN_POINT('',(1.707051178035,0.968553022571));
#6046 = CARTESIAN_POINT('',(1.661868645118,0.971777761653));
#6047 = CARTESIAN_POINT('',(1.616332577262,0.97338991015));
#6048 = CARTESIAN_POINT('',(1.498644652471,0.97338991015));
#6049 = CARTESIAN_POINT('',(1.4264932203,0.969342164704));
#6050 = CARTESIAN_POINT('',(1.35574957305,0.961247109829));
#6051 = CARTESIAN_POINT('',(1.287831666602,0.949258406267));
#6052 = CARTESIAN_POINT('',(1.223810629943,0.933693645588));
#6053 = CARTESIAN_POINT('',(1.164161904882,0.914929592137));
#6054 = CARTESIAN_POINT('',(1.109050921052,0.893340145546));
#6055 = CARTESIAN_POINT('',(0.963467229981,0.824152192502));
#6056 = CARTESIAN_POINT('',(0.884246462217,0.770324611387));
#6057 = CARTESIAN_POINT('',(0.820360990184,0.71009804328));
#6058 = CARTESIAN_POINT('',(0.768615428592,0.645442230201));
#6059 = CARTESIAN_POINT('',(0.72672516288,0.577468106207));
#6060 = CARTESIAN_POINT('',(0.692969303155,0.507067973512));
#6061 = CARTESIAN_POINT('',(0.666073622172,0.434850978935));
#6062 = CARTESIAN_POINT('',(0.636980256313,0.332555652035));
#6063 = CARTESIAN_POINT('',(0.629716294399,0.303597569127));
#6064 = CARTESIAN_POINT('',(0.623313820477,0.274466435312));
#6065 = CARTESIAN_POINT('',(0.617728825063,0.245188431651));
#6066 = CARTESIAN_POINT('',(0.612925205542,0.215787353437));
#6067 = CARTESIAN_POINT('',(0.608874008117,0.186285151681));
#6068 = CARTESIAN_POINT('',(0.60555287985,0.156702432763));
#6069 = CARTESIAN_POINT('',(0.602945730787,0.127058916219));
#6070 = ( GEOMETRIC_REPRESENTATION_CONTEXT(2) 
PARAMETRIC_REPRESENTATION_CONTEXT() REPRESENTATION_CONTEXT('2D SPACE',''
  ) );
#6071 = ORIENTED_EDGE('',*,*,#6072,.F.);
#6072 = EDGE_CURVE('',#6073,#5975,#6075,.T.);
#6073 = VERTEX_POINT('',#6074);
#6074 = CARTESIAN_POINT('',(-4.1,63.735074419383,20.192753524313));
#6075 = SURFACE_CURVE('',#6076,(#6081,#6088),.PCURVE_S1.);
#6076 = CIRCLE('',#6077,1.322875655532);
#6077 = AXIS2_PLACEMENT_3D('',#6078,#6079,#6080);
#6078 = CARTESIAN_POINT('',(-4.1,63.937822173509,21.5));
#6079 = DIRECTION('',(-1.,1.110223024625E-16,0.));
#6080 = DIRECTION('',(-1.701559960533E-17,-0.153262896084,
    -0.988185450553));
#6081 = PCURVE('',#1571,#6082);
#6082 = DEFINITIONAL_REPRESENTATION('',(#6083),#6087);
#6083 = CIRCLE('',#6084,1.322875655532);
#6084 = AXIS2_PLACEMENT_2D('',#6085,#6086);
#6085 = CARTESIAN_POINT('',(14.,3.937822173509));
#6086 = DIRECTION('',(-0.988185450553,-0.153262896084));
#6087 = ( GEOMETRIC_REPRESENTATION_CONTEXT(2) 
PARAMETRIC_REPRESENTATION_CONTEXT() REPRESENTATION_CONTEXT('2D SPACE',''
  ) );
#6088 = PCURVE('',#6089,#6094);
#6089 = SPHERICAL_SURFACE('',#6090,1.6);
#6090 = AXIS2_PLACEMENT_3D('',#6091,#6092,#6093);
#6091 = CARTESIAN_POINT('',(-3.2,63.937822173509,21.5));
#6092 = DIRECTION('',(0.,0.,1.));
#6093 = DIRECTION('',(1.110223024625E-16,1.,0.));
#6094 = DEFINITIONAL_REPRESENTATION('',(#6095),#6161);
#6095 = B_SPLINE_CURVE_WITH_KNOTS('',8,(#6096,#6097,#6098,#6099,#6100,
    #6101,#6102,#6103,#6104,#6105,#6106,#6107,#6108,#6109,#6110,#6111,
    #6112,#6113,#6114,#6115,#6116,#6117,#6118,#6119,#6120,#6121,#6122,
    #6123,#6124,#6125,#6126,#6127,#6128,#6129,#6130,#6131,#6132,#6133,
    #6134,#6135,#6136,#6137,#6138,#6139,#6140,#6141,#6142,#6143,#6144,
    #6145,#6146,#6147,#6148,#6149,#6150,#6151,#6152,#6153,#6154,#6155,
    #6156,#6157,#6158,#6159,#6160),.UNSPECIFIED.,.F.,.F.,(9,7,7,7,7,7,7,
    7,7,9),(0.,0.34410067094,1.005006331513,1.996364822374,
    2.492044067804,2.739883690519,2.987723313234,3.380422394933,
    4.116733173118,4.666449687472),.UNSPECIFIED.);
#6096 = CARTESIAN_POINT('',(1.792372783335,-0.956239487817));
#6097 = CARTESIAN_POINT('',(1.851830959855,-0.946786706454));
#6098 = CARTESIAN_POINT('',(1.909015391451,-0.93448252251));
#6099 = CARTESIAN_POINT('',(1.963263865886,-0.91950508233));
#6100 = CARTESIAN_POINT('',(2.014136317126,-0.902091137697));
#6101 = CARTESIAN_POINT('',(2.061466465025,-0.882499804328));
#6102 = CARTESIAN_POINT('',(2.105282962729,-0.860982137876));
#6103 = CARTESIAN_POINT('',(2.145704054563,-0.837763907047));
#6104 = CARTESIAN_POINT('',(2.254369802057,-0.765579523231));
#6105 = CARTESIAN_POINT('',(2.31396715971,-0.712588021206));
#6106 = CARTESIAN_POINT('',(2.362962775838,-0.655514853046));
#6107 = CARTESIAN_POINT('',(2.403361801231,-0.59545794275));
#6108 = CARTESIAN_POINT('',(2.436579231886,-0.533127727671));
#6109 = CARTESIAN_POINT('',(2.463745233425,-0.469078398312));
#6110 = CARTESIAN_POINT('',(2.485672829128,-0.403720021427));
#6111 = CARTESIAN_POINT('',(2.528862164464,-0.237893676731));
#6112 = CARTESIAN_POINT('',(2.54430817246,-0.136210081002));
#6113 = CARTESIAN_POINT('',(2.551264924762,-3.347192566326E-02));
#6114 = CARTESIAN_POINT('',(2.550507288931,6.959134517752E-02));
#6115 = CARTESIAN_POINT('',(2.542068083678,0.172307137419));
#6116 = CARTESIAN_POINT('',(2.525307297184,0.273962917581));
#6117 = CARTESIAN_POINT('',(2.498636405897,0.373658812623));
#6118 = CARTESIAN_POINT('',(2.43909944262,0.517883857296));
#6119 = CARTESIAN_POINT('',(2.415998692346,0.565072209334));
#6120 = CARTESIAN_POINT('',(2.38925734004,0.611176280532));
#6121 = CARTESIAN_POINT('',(2.358389814677,0.65595186271));
#6122 = CARTESIAN_POINT('',(2.322822815323,0.699100699849));
#6123 = CARTESIAN_POINT('',(2.281858844724,0.740237630578));
#6124 = CARTESIAN_POINT('',(2.234735396582,0.778862042876));
#6125 = CARTESIAN_POINT('',(2.154018678994,0.832114008177));
#6126 = CARTESIAN_POINT('',(2.125441079551,0.849083941329));
#6127 = CARTESIAN_POINT('',(2.095126378506,0.865196905619));
#6128 = CARTESIAN_POINT('',(2.063022498611,0.880370278965));
#6129 = CARTESIAN_POINT('',(2.02910345716,0.894515241871));
#6130 = CARTESIAN_POINT('',(1.993382328898,0.907538896315));
#6131 = CARTESIAN_POINT('',(1.95592407475,0.919348325773));
#6132 = CARTESIAN_POINT('',(1.877792397952,0.940364866997));
#6133 = CARTESIAN_POINT('',(1.837118839275,0.949571888537));
#6134 = CARTESIAN_POINT('',(1.794965871151,0.957391216965));
#6135 = CARTESIAN_POINT('',(1.751523577571,0.963741127419));
#6136 = CARTESIAN_POINT('',(1.707051178035,0.968553022571));
#6137 = CARTESIAN_POINT('',(1.661868645118,0.971777761653));
#6138 = CARTESIAN_POINT('',(1.616332577262,0.97338991015));
#6139 = CARTESIAN_POINT('',(1.498644652471,0.97338991015));
#6140 = CARTESIAN_POINT('',(1.4264932203,0.969342164704));
#6141 = CARTESIAN_POINT('',(1.35574957305,0.96124710983));
#6142 = CARTESIAN_POINT('',(1.287831666603,0.94925840627));
#6143 = CARTESIAN_POINT('',(1.22381062994,0.933693645588));
#6144 = CARTESIAN_POINT('',(1.164161904881,0.914929592137));
#6145 = CARTESIAN_POINT('',(1.109050921052,0.893340145546));
#6146 = CARTESIAN_POINT('',(0.963467229981,0.824152192502));
#6147 = CARTESIAN_POINT('',(0.884246462217,0.770324611389));
#6148 = CARTESIAN_POINT('',(0.820360990185,0.710098043275));
#6149 = CARTESIAN_POINT('',(0.768615428593,0.645442230208));
#6150 = CARTESIAN_POINT('',(0.726725162879,0.577468106202));
#6151 = CARTESIAN_POINT('',(0.692969303155,0.507067973514));
#6152 = CARTESIAN_POINT('',(0.666073622172,0.434850978935));
#6153 = CARTESIAN_POINT('',(0.62954380068,0.306408293783));
#6154 = CARTESIAN_POINT('',(0.617262243985,0.2507679543));
#6155 = CARTESIAN_POINT('',(0.607945840671,0.194593402841));
#6156 = CARTESIAN_POINT('',(0.601344448781,0.138048070848));
#6157 = CARTESIAN_POINT('',(0.597301300695,8.127073452144E-02));
#6158 = CARTESIAN_POINT('',(0.595738616667,2.438828815574E-02));
#6159 = CARTESIAN_POINT('',(0.596653395521,-3.247350994363E-02));
#6160 = CARTESIAN_POINT('',(0.600123382546,-8.918131895943E-02));
#6161 = ( GEOMETRIC_REPRESENTATION_CONTEXT(2) 
PARAMETRIC_REPRESENTATION_CONTEXT() REPRESENTATION_CONTEXT('2D SPACE',''
  ) );
#6162 = ORIENTED_EDGE('',*,*,#6163,.F.);
#6163 = EDGE_CURVE('',#6164,#6073,#6166,.T.);
#6164 = VERTEX_POINT('',#6165);
#6165 = CARTESIAN_POINT('',(-4.1,65.192753524313,18.735074419383));
#6166 = SURFACE_CURVE('',#6167,(#6172,#6179),.PCURVE_S1.);
#6167 = CIRCLE('',#6168,1.322875655532);
#6168 = AXIS2_PLACEMENT_3D('',#6169,#6170,#6171);
#6169 = CARTESIAN_POINT('',(-4.1,65.050252531694,20.050252531694));
#6170 = DIRECTION('',(-1.,1.110223024625E-16,0.));
#6171 = DIRECTION('',(1.19593918276E-17,0.107720625157,-0.994181204266)
  );
#6172 = PCURVE('',#1571,#6173);
#6173 = DEFINITIONAL_REPRESENTATION('',(#6174),#6178);
#6174 = CIRCLE('',#6175,1.322875655532);
#6175 = AXIS2_PLACEMENT_2D('',#6176,#6177);
#6176 = CARTESIAN_POINT('',(12.550252531694,5.050252531694));
#6177 = DIRECTION('',(-0.994181204266,0.107720625157));
#6178 = ( GEOMETRIC_REPRESENTATION_CONTEXT(2) 
PARAMETRIC_REPRESENTATION_CONTEXT() REPRESENTATION_CONTEXT('2D SPACE',''
  ) );
#6179 = PCURVE('',#5991,#6180);
#6180 = DEFINITIONAL_REPRESENTATION('',(#6181),#6254);
#6181 = B_SPLINE_CURVE_WITH_KNOTS('',8,(#6182,#6183,#6184,#6185,#6186,
    #6187,#6188,#6189,#6190,#6191,#6192,#6193,#6194,#6195,#6196,#6197,
    #6198,#6199,#6200,#6201,#6202,#6203,#6204,#6205,#6206,#6207,#6208,
    #6209,#6210,#6211,#6212,#6213,#6214,#6215,#6216,#6217,#6218,#6219,
    #6220,#6221,#6222,#6223,#6224,#6225,#6226,#6227,#6228,#6229,#6230,
    #6231,#6232,#6233,#6234,#6235,#6236,#6237,#6238,#6239,#6240,#6241,
    #6242,#6243,#6244,#6245,#6246,#6247,#6248,#6249,#6250,#6251,#6252,
    #6253),.UNSPECIFIED.,.F.,.F.,(9,7,7,7,7,7,7,7,7,7,9),(0.,
    0.228239681268,0.605900058739,1.266805719312,2.258164210173,
    2.753843455603,3.001683078318,3.249522701033,3.642221782732,
    4.378532560917,4.666449687472),.UNSPECIFIED.);
#6182 = CARTESIAN_POINT('',(1.413765489941,-0.964890082182));
#6183 = CARTESIAN_POINT('',(1.454436941501,-0.969351767575));
#6184 = CARTESIAN_POINT('',(1.495850715269,-0.972503644868));
#6185 = CARTESIAN_POINT('',(1.537774168248,-0.974306591004));
#6186 = CARTESIAN_POINT('',(1.579939993141,-0.974735741924));
#6187 = CARTESIAN_POINT('',(1.622059334693,-0.973783860275));
#6188 = CARTESIAN_POINT('',(1.663844455877,-0.971463054603));
#6189 = CARTESIAN_POINT('',(1.705036504429,-0.967803044731));
#6190 = CARTESIAN_POINT('',(1.812219794385,-0.954645197063));
#6191 = CARTESIAN_POINT('',(1.876792349314,-0.942894455429));
#6192 = CARTESIAN_POINT('',(1.938119070478,-0.9277874326));
#6193 = CARTESIAN_POINT('',(1.995471156264,-0.909623232542));
#6194 = CARTESIAN_POINT('',(2.048549304128,-0.888746861669));
#6195 = CARTESIAN_POINT('',(2.097367941613,-0.865496790989));
#6196 = CARTESIAN_POINT('',(2.142075430064,-0.840174326426));
#6197 = CARTESIAN_POINT('',(2.254369802057,-0.765579523231));
#6198 = CARTESIAN_POINT('',(2.313967159711,-0.712588021206));
#6199 = CARTESIAN_POINT('',(2.362962775826,-0.655514853043));
#6200 = CARTESIAN_POINT('',(2.40336180122,-0.595457942755));
#6201 = CARTESIAN_POINT('',(2.436579231877,-0.533127727669));
#6202 = CARTESIAN_POINT('',(2.463745233428,-0.469078398313));
#6203 = CARTESIAN_POINT('',(2.485672829128,-0.403720021427));
#6204 = CARTESIAN_POINT('',(2.528862164464,-0.237893676731));
#6205 = CARTESIAN_POINT('',(2.54430817246,-0.136210081002));
#6206 = CARTESIAN_POINT('',(2.551264924762,-3.347192566326E-02));
#6207 = CARTESIAN_POINT('',(2.550507288931,6.959134517752E-02));
#6208 = CARTESIAN_POINT('',(2.542068083678,0.172307137419));
#6209 = CARTESIAN_POINT('',(2.525307297184,0.273962917581));
#6210 = CARTESIAN_POINT('',(2.498636405897,0.373658812623));
#6211 = CARTESIAN_POINT('',(2.43909944262,0.517883857296));
#6212 = CARTESIAN_POINT('',(2.415998692347,0.565072209334));
#6213 = CARTESIAN_POINT('',(2.38925734004,0.611176280532));
#6214 = CARTESIAN_POINT('',(2.358389814677,0.65595186271));
#6215 = CARTESIAN_POINT('',(2.322822815323,0.699100699849));
#6216 = CARTESIAN_POINT('',(2.281858844724,0.740237630578));
#6217 = CARTESIAN_POINT('',(2.234735396582,0.778862042876));
#6218 = CARTESIAN_POINT('',(2.154018678994,0.832114008177));
#6219 = CARTESIAN_POINT('',(2.125441079551,0.849083941329));
#6220 = CARTESIAN_POINT('',(2.095126378506,0.865196905619));
#6221 = CARTESIAN_POINT('',(2.063022498611,0.880370278965));
#6222 = CARTESIAN_POINT('',(2.02910345716,0.894515241871));
#6223 = CARTESIAN_POINT('',(1.993382328898,0.907538896315));
#6224 = CARTESIAN_POINT('',(1.95592407475,0.919348325773));
#6225 = CARTESIAN_POINT('',(1.877792397952,0.940364866997));
#6226 = CARTESIAN_POINT('',(1.837118839275,0.949571888537));
#6227 = CARTESIAN_POINT('',(1.794965871151,0.957391216966));
#6228 = CARTESIAN_POINT('',(1.751523577571,0.963741127419));
#6229 = CARTESIAN_POINT('',(1.707051178035,0.968553022571));
#6230 = CARTESIAN_POINT('',(1.661868645118,0.971777761653));
#6231 = CARTESIAN_POINT('',(1.616332577262,0.97338991015));
#6232 = CARTESIAN_POINT('',(1.498644652471,0.97338991015));
#6233 = CARTESIAN_POINT('',(1.4264932203,0.969342164704));
#6234 = CARTESIAN_POINT('',(1.35574957305,0.961247109829));
#6235 = CARTESIAN_POINT('',(1.287831666602,0.949258406267));
#6236 = CARTESIAN_POINT('',(1.223810629943,0.933693645588));
#6237 = CARTESIAN_POINT('',(1.164161904882,0.914929592137));
#6238 = CARTESIAN_POINT('',(1.109050921052,0.893340145546));
#6239 = CARTESIAN_POINT('',(0.963467229981,0.824152192502));
#6240 = CARTESIAN_POINT('',(0.884246462217,0.770324611387));
#6241 = CARTESIAN_POINT('',(0.820360990184,0.71009804328));
#6242 = CARTESIAN_POINT('',(0.768615428592,0.645442230201));
#6243 = CARTESIAN_POINT('',(0.72672516288,0.577468106207));
#6244 = CARTESIAN_POINT('',(0.692969303155,0.507067973512));
#6245 = CARTESIAN_POINT('',(0.666073622172,0.434850978935));
#6246 = CARTESIAN_POINT('',(0.636980256313,0.332555652035));
#6247 = CARTESIAN_POINT('',(0.629716294399,0.303597569127));
#6248 = CARTESIAN_POINT('',(0.623313820477,0.274466435312));
#6249 = CARTESIAN_POINT('',(0.617728825063,0.245188431651));
#6250 = CARTESIAN_POINT('',(0.612925205542,0.215787353437));
#6251 = CARTESIAN_POINT('',(0.608874008117,0.186285151681));
#6252 = CARTESIAN_POINT('',(0.60555287985,0.156702432763));
#6253 = CARTESIAN_POINT('',(0.602945730787,0.127058916219));
#6254 = ( GEOMETRIC_REPRESENTATION_CONTEXT(2) 
PARAMETRIC_REPRESENTATION_CONTEXT() REPRESENTATION_CONTEXT('2D SPACE',''
  ) );
#6255 = ORIENTED_EDGE('',*,*,#6256,.F.);
#6256 = EDGE_CURVE('',#5574,#6164,#6257,.T.);
#6257 = SURFACE_CURVE('',#6258,(#6263,#6270),.PCURVE_S1.);
#6258 = CIRCLE('',#6259,1.322875655532);
#6259 = AXIS2_PLACEMENT_3D('',#6260,#6261,#6262);
#6260 = CARTESIAN_POINT('',(-4.1,66.5,18.937822173509));
#6261 = DIRECTION('',(-1.,1.110223024625E-16,0.));
#6262 = DIRECTION('',(4.011937047131E-17,0.36136316381,-0.932425151871)
  );
#6263 = PCURVE('',#1571,#6264);
#6264 = DEFINITIONAL_REPRESENTATION('',(#6265),#6269);
#6265 = CIRCLE('',#6266,1.322875655532);
#6266 = AXIS2_PLACEMENT_2D('',#6267,#6268);
#6267 = CARTESIAN_POINT('',(11.437822173509,6.5));
#6268 = DIRECTION('',(-0.932425151871,0.36136316381));
#6269 = ( GEOMETRIC_REPRESENTATION_CONTEXT(2) 
PARAMETRIC_REPRESENTATION_CONTEXT() REPRESENTATION_CONTEXT('2D SPACE',''
  ) );
#6270 = PCURVE('',#5886,#6271);
#6271 = DEFINITIONAL_REPRESENTATION('',(#6272),#6352);
#6272 = B_SPLINE_CURVE_WITH_KNOTS('',8,(#6273,#6274,#6275,#6276,#6277,
    #6278,#6279,#6280,#6281,#6282,#6283,#6284,#6285,#6286,#6287,#6288,
    #6289,#6290,#6291,#6292,#6293,#6294,#6295,#6296,#6297,#6298,#6299,
    #6300,#6301,#6302,#6303,#6304,#6305,#6306,#6307,#6308,#6309,#6310,
    #6311,#6312,#6313,#6314,#6315,#6316,#6317,#6318,#6319,#6320,#6321,
    #6322,#6323,#6324,#6325,#6326,#6327,#6328,#6329,#6330,#6331,#6332,
    #6333,#6334,#6335,#6336,#6337,#6338,#6339,#6340,#6341,#6342,#6343,
    #6344,#6345,#6346,#6347,#6348,#6349,#6350,#6351),.UNSPECIFIED.,.F.,
  .F.,(9,7,7,7,7,7,7,7,7,7,7,9),(0.,5.842720910105E-02,0.490039069067,
    0.867699446538,1.528605107112,2.519963597972,3.015642843402,
    3.263482466117,3.511322088832,3.904021170531,4.640331948716,
    4.666449687472),.UNSPECIFIED.);
#6273 = CARTESIAN_POINT('',(1.082537306733,-0.880294652603));
#6274 = CARTESIAN_POINT('',(1.090344325328,-0.88372059853));
#6275 = CARTESIAN_POINT('',(1.098250595355,-0.887088995485));
#6276 = CARTESIAN_POINT('',(1.10625609805,-0.890398671643));
#6277 = CARTESIAN_POINT('',(1.114360692989,-0.893648445859));
#6278 = CARTESIAN_POINT('',(1.122564107979,-0.896837129957));
#6279 = CARTESIAN_POINT('',(1.130865928647,-0.899963531389));
#6280 = CARTESIAN_POINT('',(1.139265587854,-0.903026456331));
#6281 = CARTESIAN_POINT('',(1.210529438453,-0.928173353764));
#6282 = CARTESIAN_POINT('',(1.278596126813,-0.946793168568));
#6283 = CARTESIAN_POINT('',(1.351669596544,-0.961402161822));
#6284 = CARTESIAN_POINT('',(1.428981435428,-0.971531257276));
#6285 = CARTESIAN_POINT('',(1.509107380903,-0.976767639109));
#6286 = CARTESIAN_POINT('',(1.589788031301,-0.976956167367));
#6287 = CARTESIAN_POINT('',(1.669060110494,-0.972219515911));
#6288 = CARTESIAN_POINT('',(1.812219794385,-0.954645197063));
#6289 = CARTESIAN_POINT('',(1.876792349314,-0.942894455429));
#6290 = CARTESIAN_POINT('',(1.938119070478,-0.9277874326));
#6291 = CARTESIAN_POINT('',(1.995471156264,-0.909623232542));
#6292 = CARTESIAN_POINT('',(2.048549304128,-0.888746861669));
#6293 = CARTESIAN_POINT('',(2.097367941613,-0.865496790989));
#6294 = CARTESIAN_POINT('',(2.142075430064,-0.840174326426));
#6295 = CARTESIAN_POINT('',(2.254369802057,-0.765579523231));
#6296 = CARTESIAN_POINT('',(2.313967159713,-0.712588021205));
#6297 = CARTESIAN_POINT('',(2.362962775818,-0.655514853047));
#6298 = CARTESIAN_POINT('',(2.403361801222,-0.595457942752));
#6299 = CARTESIAN_POINT('',(2.436579231873,-0.533127727672));
#6300 = CARTESIAN_POINT('',(2.463745233429,-0.469078398312));
#6301 = CARTESIAN_POINT('',(2.485672829128,-0.403720021427));
#6302 = CARTESIAN_POINT('',(2.528862164464,-0.237893676731));
#6303 = CARTESIAN_POINT('',(2.54430817246,-0.136210081002));
#6304 = CARTESIAN_POINT('',(2.551264924762,-3.347192566327E-02));
#6305 = CARTESIAN_POINT('',(2.550507288932,6.959134517753E-02));
#6306 = CARTESIAN_POINT('',(2.542068083678,0.17230713742));
#6307 = CARTESIAN_POINT('',(2.525307297184,0.273962917581));
#6308 = CARTESIAN_POINT('',(2.498636405897,0.373658812623));
#6309 = CARTESIAN_POINT('',(2.43909944262,0.517883857296));
#6310 = CARTESIAN_POINT('',(2.415998692347,0.565072209334));
#6311 = CARTESIAN_POINT('',(2.389257340039,0.611176280532));
#6312 = CARTESIAN_POINT('',(2.358389814676,0.65595186271));
#6313 = CARTESIAN_POINT('',(2.322822815323,0.699100699849));
#6314 = CARTESIAN_POINT('',(2.281858844724,0.740237630578));
#6315 = CARTESIAN_POINT('',(2.234735396582,0.778862042876));
#6316 = CARTESIAN_POINT('',(2.154018678994,0.832114008177));
#6317 = CARTESIAN_POINT('',(2.125441079551,0.849083941329));
#6318 = CARTESIAN_POINT('',(2.095126378506,0.865196905619));
#6319 = CARTESIAN_POINT('',(2.063022498611,0.880370278965));
#6320 = CARTESIAN_POINT('',(2.02910345716,0.894515241871));
#6321 = CARTESIAN_POINT('',(1.993382328898,0.907538896315));
#6322 = CARTESIAN_POINT('',(1.95592407475,0.919348325773));
#6323 = CARTESIAN_POINT('',(1.877792397952,0.940364866997));
#6324 = CARTESIAN_POINT('',(1.837118839275,0.949571888537));
#6325 = CARTESIAN_POINT('',(1.794965871151,0.957391216966));
#6326 = CARTESIAN_POINT('',(1.751523577571,0.963741127419));
#6327 = CARTESIAN_POINT('',(1.707051178035,0.968553022571));
#6328 = CARTESIAN_POINT('',(1.661868645118,0.971777761653));
#6329 = CARTESIAN_POINT('',(1.616332577262,0.97338991015));
#6330 = CARTESIAN_POINT('',(1.498644652471,0.97338991015));
#6331 = CARTESIAN_POINT('',(1.4264932203,0.969342164704));
#6332 = CARTESIAN_POINT('',(1.35574957305,0.961247109829));
#6333 = CARTESIAN_POINT('',(1.287831666602,0.949258406267));
#6334 = CARTESIAN_POINT('',(1.223810629943,0.933693645588));
#6335 = CARTESIAN_POINT('',(1.164161904882,0.914929592137));
#6336 = CARTESIAN_POINT('',(1.109050921052,0.893340145546));
#6337 = CARTESIAN_POINT('',(0.963467229981,0.824152192502));
#6338 = CARTESIAN_POINT('',(0.884246462217,0.770324611387));
#6339 = CARTESIAN_POINT('',(0.820360990184,0.71009804328));
#6340 = CARTESIAN_POINT('',(0.768615428592,0.645442230201));
#6341 = CARTESIAN_POINT('',(0.72672516288,0.577468106207));
#6342 = CARTESIAN_POINT('',(0.692969303155,0.507067973512));
#6343 = CARTESIAN_POINT('',(0.666073622172,0.434850978935));
#6344 = CARTESIAN_POINT('',(0.644416711945,0.358703010287));
#6345 = CARTESIAN_POINT('',(0.643682357366,0.356092822853));
#6346 = CARTESIAN_POINT('',(0.642955487493,0.353480993306));
#6347 = CARTESIAN_POINT('',(0.642236063451,0.350867543207));
#6348 = CARTESIAN_POINT('',(0.64152404696,0.348252493915));
#6349 = CARTESIAN_POINT('',(0.64081940033,0.345635866597));
#6350 = CARTESIAN_POINT('',(0.640122086453,0.34301768223));
#6351 = CARTESIAN_POINT('',(0.639432068799,0.340397961604));
#6352 = ( GEOMETRIC_REPRESENTATION_CONTEXT(2) 
PARAMETRIC_REPRESENTATION_CONTEXT() REPRESENTATION_CONTEXT('2D SPACE',''
  ) );
#6353 = FACE_BOUND('',#6354,.F.);
#6354 = EDGE_LOOP('',(#6355));
#6355 = ORIENTED_EDGE('',*,*,#6356,.T.);
#6356 = EDGE_CURVE('',#6357,#6357,#6359,.T.);
#6357 = VERTEX_POINT('',#6358);
#6358 = CARTESIAN_POINT('',(-4.1,72.2,25.));
#6359 = SURFACE_CURVE('',#6360,(#6365,#6376),.PCURVE_S1.);
#6360 = CIRCLE('',#6361,2.2);
#6361 = AXIS2_PLACEMENT_3D('',#6362,#6363,#6364);
#6362 = CARTESIAN_POINT('',(-4.1,70.,25.));
#6363 = DIRECTION('',(1.,-1.110223024625E-16,0.));
#6364 = DIRECTION('',(1.110223024625E-16,1.,0.));
#6365 = PCURVE('',#1571,#6366);
#6366 = DEFINITIONAL_REPRESENTATION('',(#6367),#6375);
#6367 = ( BOUNDED_CURVE() B_SPLINE_CURVE(2,(#6368,#6369,#6370,#6371,
#6372,#6373,#6374),.UNSPECIFIED.,.T.,.F.) B_SPLINE_CURVE_WITH_KNOTS((1,2
    ,2,2,2,1),(-2.094395102393,0.,2.094395102393,4.188790204786,
6.28318530718,8.377580409573),.UNSPECIFIED.) CURVE() 
GEOMETRIC_REPRESENTATION_ITEM() RATIONAL_B_SPLINE_CURVE((1.,0.5,1.,0.5,
1.,0.5,1.)) REPRESENTATION_ITEM('') );
#6368 = CARTESIAN_POINT('',(17.5,12.2));
#6369 = CARTESIAN_POINT('',(21.310511776652,12.2));
#6370 = CARTESIAN_POINT('',(19.405255888326,8.9));
#6371 = CARTESIAN_POINT('',(17.5,5.6));
#6372 = CARTESIAN_POINT('',(15.594744111674,8.9));
#6373 = CARTESIAN_POINT('',(13.689488223348,12.2));
#6374 = CARTESIAN_POINT('',(17.5,12.2));
#6375 = ( GEOMETRIC_REPRESENTATION_CONTEXT(2) 
PARAMETRIC_REPRESENTATION_CONTEXT() REPRESENTATION_CONTEXT('2D SPACE',''
  ) );
#6376 = PCURVE('',#5481,#6377);
#6377 = DEFINITIONAL_REPRESENTATION('',(#6378),#6382);
#6378 = LINE('',#6379,#6380);
#6379 = CARTESIAN_POINT('',(0.,-4.1));
#6380 = VECTOR('',#6381,1.);
#6381 = DIRECTION('',(1.,0.));
#6382 = ( GEOMETRIC_REPRESENTATION_CONTEXT(2) 
PARAMETRIC_REPRESENTATION_CONTEXT() REPRESENTATION_CONTEXT('2D SPACE',''
  ) );
#6383 = ADVANCED_FACE('',(#6384,#6432),#1622,.T.);
#6384 = FACE_BOUND('',#6385,.T.);
#6385 = EDGE_LOOP('',(#6386,#6387,#6410,#6431));
#6386 = ORIENTED_EDGE('',*,*,#3525,.F.);
#6387 = ORIENTED_EDGE('',*,*,#6388,.T.);
#6388 = EDGE_CURVE('',#3498,#6389,#6391,.T.);
#6389 = VERTEX_POINT('',#6390);
#6390 = CARTESIAN_POINT('',(4.1,60.,37.5));
#6391 = SURFACE_CURVE('',#6392,(#6396,#6403),.PCURVE_S1.);
#6392 = LINE('',#6393,#6394);
#6393 = CARTESIAN_POINT('',(4.1,60.,7.5));
#6394 = VECTOR('',#6395,1.);
#6395 = DIRECTION('',(0.,0.,1.));
#6396 = PCURVE('',#1622,#6397);
#6397 = DEFINITIONAL_REPRESENTATION('',(#6398),#6402);
#6398 = LINE('',#6399,#6400);
#6399 = CARTESIAN_POINT('',(0.,0.));
#6400 = VECTOR('',#6401,1.);
#6401 = DIRECTION('',(1.,0.));
#6402 = ( GEOMETRIC_REPRESENTATION_CONTEXT(2) 
PARAMETRIC_REPRESENTATION_CONTEXT() REPRESENTATION_CONTEXT('2D SPACE',''
  ) );
#6403 = PCURVE('',#3513,#6404);
#6404 = DEFINITIONAL_REPRESENTATION('',(#6405),#6409);
#6405 = LINE('',#6406,#6407);
#6406 = CARTESIAN_POINT('',(0.,-4.2));
#6407 = VECTOR('',#6408,1.);
#6408 = DIRECTION('',(1.,0.));
#6409 = ( GEOMETRIC_REPRESENTATION_CONTEXT(2) 
PARAMETRIC_REPRESENTATION_CONTEXT() REPRESENTATION_CONTEXT('2D SPACE',''
  ) );
#6410 = ORIENTED_EDGE('',*,*,#6411,.T.);
#6411 = EDGE_CURVE('',#6389,#1607,#6412,.T.);
#6412 = SURFACE_CURVE('',#6413,(#6417,#6424),.PCURVE_S1.);
#6413 = LINE('',#6414,#6415);
#6414 = CARTESIAN_POINT('',(4.1,60.,37.5));
#6415 = VECTOR('',#6416,1.);
#6416 = DIRECTION('',(1.110223024625E-16,1.,0.));
#6417 = PCURVE('',#1622,#6418);
#6418 = DEFINITIONAL_REPRESENTATION('',(#6419),#6423);
#6419 = LINE('',#6420,#6421);
#6420 = CARTESIAN_POINT('',(30.,0.));
#6421 = VECTOR('',#6422,1.);
#6422 = DIRECTION('',(0.,1.));
#6423 = ( GEOMETRIC_REPRESENTATION_CONTEXT(2) 
PARAMETRIC_REPRESENTATION_CONTEXT() REPRESENTATION_CONTEXT('2D SPACE',''
  ) );
#6424 = PCURVE('',#1650,#6425);
#6425 = DEFINITIONAL_REPRESENTATION('',(#6426),#6430);
#6426 = LINE('',#6427,#6428);
#6427 = CARTESIAN_POINT('',(-4.662936703426E-16,4.2));
#6428 = VECTOR('',#6429,1.);
#6429 = DIRECTION('',(1.,0.));
#6430 = ( GEOMETRIC_REPRESENTATION_CONTEXT(2) 
PARAMETRIC_REPRESENTATION_CONTEXT() REPRESENTATION_CONTEXT('2D SPACE',''
  ) );
#6431 = ORIENTED_EDGE('',*,*,#1606,.F.);
#6432 = FACE_BOUND('',#6433,.T.);
#6433 = EDGE_LOOP('',(#6434));
#6434 = ORIENTED_EDGE('',*,*,#6435,.F.);
#6435 = EDGE_CURVE('',#6436,#6436,#6438,.T.);
#6436 = VERTEX_POINT('',#6437);
#6437 = CARTESIAN_POINT('',(4.1,72.2,25.));
#6438 = SURFACE_CURVE('',#6439,(#6444,#6451),.PCURVE_S1.);
#6439 = CIRCLE('',#6440,2.2);
#6440 = AXIS2_PLACEMENT_3D('',#6441,#6442,#6443);
#6441 = CARTESIAN_POINT('',(4.1,70.,25.));
#6442 = DIRECTION('',(-1.,1.110223024625E-16,0.));
#6443 = DIRECTION('',(1.110223024625E-16,1.,0.));
#6444 = PCURVE('',#1622,#6445);
#6445 = DEFINITIONAL_REPRESENTATION('',(#6446),#6450);
#6446 = CIRCLE('',#6447,2.2);
#6447 = AXIS2_PLACEMENT_2D('',#6448,#6449);
#6448 = CARTESIAN_POINT('',(17.5,10.));
#6449 = DIRECTION('',(0.,1.));
#6450 = ( GEOMETRIC_REPRESENTATION_CONTEXT(2) 
PARAMETRIC_REPRESENTATION_CONTEXT() REPRESENTATION_CONTEXT('2D SPACE',''
  ) );
#6451 = PCURVE('',#6452,#6457);
#6452 = CYLINDRICAL_SURFACE('',#6453,2.2);
#6453 = AXIS2_PLACEMENT_3D('',#6454,#6455,#6456);
#6454 = CARTESIAN_POINT('',(7.771561172376E-15,70.,25.));
#6455 = DIRECTION('',(-1.,1.110223024625E-16,0.));
#6456 = DIRECTION('',(1.110223024625E-16,1.,0.));
#6457 = DEFINITIONAL_REPRESENTATION('',(#6458),#6462);
#6458 = LINE('',#6459,#6460);
#6459 = CARTESIAN_POINT('',(-6.28318530718,-4.1));
#6460 = VECTOR('',#6461,1.);
#6461 = DIRECTION('',(1.,-0.));
#6462 = ( GEOMETRIC_REPRESENTATION_CONTEXT(2) 
PARAMETRIC_REPRESENTATION_CONTEXT() REPRESENTATION_CONTEXT('2D SPACE',''
  ) );
#6463 = ADVANCED_FACE('',(#6464),#1650,.T.);
#6464 = FACE_BOUND('',#6465,.T.);
#6465 = EDGE_LOOP('',(#6466,#6489,#6510,#6511));
#6466 = ORIENTED_EDGE('',*,*,#6467,.F.);
#6467 = EDGE_CURVE('',#6468,#6389,#6470,.T.);
#6468 = VERTEX_POINT('',#6469);
#6469 = CARTESIAN_POINT('',(8.3,60.,37.5));
#6470 = SURFACE_CURVE('',#6471,(#6475,#6482),.PCURVE_S1.);
#6471 = LINE('',#6472,#6473);
#6472 = CARTESIAN_POINT('',(8.3,60.,37.5));
#6473 = VECTOR('',#6474,1.);
#6474 = DIRECTION('',(-1.,1.110223024625E-16,0.));
#6475 = PCURVE('',#1650,#6476);
#6476 = DEFINITIONAL_REPRESENTATION('',(#6477),#6481);
#6477 = LINE('',#6478,#6479);
#6478 = CARTESIAN_POINT('',(0.,0.));
#6479 = VECTOR('',#6480,1.);
#6480 = DIRECTION('',(0.,1.));
#6481 = ( GEOMETRIC_REPRESENTATION_CONTEXT(2) 
PARAMETRIC_REPRESENTATION_CONTEXT() REPRESENTATION_CONTEXT('2D SPACE',''
  ) );
#6482 = PCURVE('',#3513,#6483);
#6483 = DEFINITIONAL_REPRESENTATION('',(#6484),#6488);
#6484 = LINE('',#6485,#6486);
#6485 = CARTESIAN_POINT('',(30.,0.));
#6486 = VECTOR('',#6487,1.);
#6487 = DIRECTION('',(0.,-1.));
#6488 = ( GEOMETRIC_REPRESENTATION_CONTEXT(2) 
PARAMETRIC_REPRESENTATION_CONTEXT() REPRESENTATION_CONTEXT('2D SPACE',''
  ) );
#6489 = ORIENTED_EDGE('',*,*,#6490,.T.);
#6490 = EDGE_CURVE('',#6468,#1635,#6491,.T.);
#6491 = SURFACE_CURVE('',#6492,(#6496,#6503),.PCURVE_S1.);
#6492 = LINE('',#6493,#6494);
#6493 = CARTESIAN_POINT('',(8.3,60.,37.5));
#6494 = VECTOR('',#6495,1.);
#6495 = DIRECTION('',(1.110223024625E-16,1.,0.));
#6496 = PCURVE('',#1650,#6497);
#6497 = DEFINITIONAL_REPRESENTATION('',(#6498),#6502);
#6498 = LINE('',#6499,#6500);
#6499 = CARTESIAN_POINT('',(0.,0.));
#6500 = VECTOR('',#6501,1.);
#6501 = DIRECTION('',(1.,0.));
#6502 = ( GEOMETRIC_REPRESENTATION_CONTEXT(2) 
PARAMETRIC_REPRESENTATION_CONTEXT() REPRESENTATION_CONTEXT('2D SPACE',''
  ) );
#6503 = PCURVE('',#1678,#6504);
#6504 = DEFINITIONAL_REPRESENTATION('',(#6505),#6509);
#6505 = LINE('',#6506,#6507);
#6506 = CARTESIAN_POINT('',(30.,0.));
#6507 = VECTOR('',#6508,1.);
#6508 = DIRECTION('',(0.,1.));
#6509 = ( GEOMETRIC_REPRESENTATION_CONTEXT(2) 
PARAMETRIC_REPRESENTATION_CONTEXT() REPRESENTATION_CONTEXT('2D SPACE',''
  ) );
#6510 = ORIENTED_EDGE('',*,*,#1634,.T.);
#6511 = ORIENTED_EDGE('',*,*,#6411,.F.);
#6512 = ADVANCED_FACE('',(#6513,#6539),#1678,.F.);
#6513 = FACE_BOUND('',#6514,.F.);
#6514 = EDGE_LOOP('',(#6515,#6516,#6537,#6538));
#6515 = ORIENTED_EDGE('',*,*,#3474,.F.);
#6516 = ORIENTED_EDGE('',*,*,#6517,.T.);
#6517 = EDGE_CURVE('',#3475,#6468,#6518,.T.);
#6518 = SURFACE_CURVE('',#6519,(#6523,#6530),.PCURVE_S1.);
#6519 = LINE('',#6520,#6521);
#6520 = CARTESIAN_POINT('',(8.3,60.,7.5));
#6521 = VECTOR('',#6522,1.);
#6522 = DIRECTION('',(0.,0.,1.));
#6523 = PCURVE('',#1678,#6524);
#6524 = DEFINITIONAL_REPRESENTATION('',(#6525),#6529);
#6525 = LINE('',#6526,#6527);
#6526 = CARTESIAN_POINT('',(0.,0.));
#6527 = VECTOR('',#6528,1.);
#6528 = DIRECTION('',(1.,0.));
#6529 = ( GEOMETRIC_REPRESENTATION_CONTEXT(2) 
PARAMETRIC_REPRESENTATION_CONTEXT() REPRESENTATION_CONTEXT('2D SPACE',''
  ) );
#6530 = PCURVE('',#3513,#6531);
#6531 = DEFINITIONAL_REPRESENTATION('',(#6532),#6536);
#6532 = LINE('',#6533,#6534);
#6533 = CARTESIAN_POINT('',(0.,0.));
#6534 = VECTOR('',#6535,1.);
#6535 = DIRECTION('',(1.,0.));
#6536 = ( GEOMETRIC_REPRESENTATION_CONTEXT(2) 
PARAMETRIC_REPRESENTATION_CONTEXT() REPRESENTATION_CONTEXT('2D SPACE',''
  ) );
#6537 = ORIENTED_EDGE('',*,*,#6490,.T.);
#6538 = ORIENTED_EDGE('',*,*,#1662,.F.);
#6539 = FACE_BOUND('',#6540,.F.);
#6540 = EDGE_LOOP('',(#6541));
#6541 = ORIENTED_EDGE('',*,*,#6542,.F.);
#6542 = EDGE_CURVE('',#6543,#6543,#6545,.T.);
#6543 = VERTEX_POINT('',#6544);
#6544 = CARTESIAN_POINT('',(8.3,72.2,25.));
#6545 = SURFACE_CURVE('',#6546,(#6551,#6558),.PCURVE_S1.);
#6546 = CIRCLE('',#6547,2.2);
#6547 = AXIS2_PLACEMENT_3D('',#6548,#6549,#6550);
#6548 = CARTESIAN_POINT('',(8.3,70.,25.));
#6549 = DIRECTION('',(-1.,1.110223024625E-16,0.));
#6550 = DIRECTION('',(1.110223024625E-16,1.,0.));
#6551 = PCURVE('',#1678,#6552);
#6552 = DEFINITIONAL_REPRESENTATION('',(#6553),#6557);
#6553 = CIRCLE('',#6554,2.2);
#6554 = AXIS2_PLACEMENT_2D('',#6555,#6556);
#6555 = CARTESIAN_POINT('',(17.5,10.));
#6556 = DIRECTION('',(0.,1.));
#6557 = ( GEOMETRIC_REPRESENTATION_CONTEXT(2) 
PARAMETRIC_REPRESENTATION_CONTEXT() REPRESENTATION_CONTEXT('2D SPACE',''
  ) );
#6558 = PCURVE('',#6452,#6559);
#6559 = DEFINITIONAL_REPRESENTATION('',(#6560),#6564);
#6560 = LINE('',#6561,#6562);
#6561 = CARTESIAN_POINT('',(-6.28318530718,-8.3));
#6562 = VECTOR('',#6563,1.);
#6563 = DIRECTION('',(1.,-0.));
#6564 = ( GEOMETRIC_REPRESENTATION_CONTEXT(2) 
PARAMETRIC_REPRESENTATION_CONTEXT() REPRESENTATION_CONTEXT('2D SPACE',''
  ) );
#6565 = ADVANCED_FACE('',(#6566,#6614),#1970,.F.);
#6566 = FACE_BOUND('',#6567,.F.);
#6567 = EDGE_LOOP('',(#6568,#6569,#6592,#6613));
#6568 = ORIENTED_EDGE('',*,*,#3774,.F.);
#6569 = ORIENTED_EDGE('',*,*,#6570,.T.);
#6570 = EDGE_CURVE('',#3775,#6571,#6573,.T.);
#6571 = VERTEX_POINT('',#6572);
#6572 = CARTESIAN_POINT('',(-8.3,-60.,37.5));
#6573 = SURFACE_CURVE('',#6574,(#6578,#6585),.PCURVE_S1.);
#6574 = LINE('',#6575,#6576);
#6575 = CARTESIAN_POINT('',(-8.3,-60.,7.5));
#6576 = VECTOR('',#6577,1.);
#6577 = DIRECTION('',(0.,0.,1.));
#6578 = PCURVE('',#1970,#6579);
#6579 = DEFINITIONAL_REPRESENTATION('',(#6580),#6584);
#6580 = LINE('',#6581,#6582);
#6581 = CARTESIAN_POINT('',(0.,0.));
#6582 = VECTOR('',#6583,1.);
#6583 = DIRECTION('',(1.,0.));
#6584 = ( GEOMETRIC_REPRESENTATION_CONTEXT(2) 
PARAMETRIC_REPRESENTATION_CONTEXT() REPRESENTATION_CONTEXT('2D SPACE',''
  ) );
#6585 = PCURVE('',#3813,#6586);
#6586 = DEFINITIONAL_REPRESENTATION('',(#6587),#6591);
#6587 = LINE('',#6588,#6589);
#6588 = CARTESIAN_POINT('',(0.,0.));
#6589 = VECTOR('',#6590,1.);
#6590 = DIRECTION('',(1.,0.));
#6591 = ( GEOMETRIC_REPRESENTATION_CONTEXT(2) 
PARAMETRIC_REPRESENTATION_CONTEXT() REPRESENTATION_CONTEXT('2D SPACE',''
  ) );
#6592 = ORIENTED_EDGE('',*,*,#6593,.T.);
#6593 = EDGE_CURVE('',#6571,#1955,#6594,.T.);
#6594 = SURFACE_CURVE('',#6595,(#6599,#6606),.PCURVE_S1.);
#6595 = LINE('',#6596,#6597);
#6596 = CARTESIAN_POINT('',(-8.3,-60.,37.5));
#6597 = VECTOR('',#6598,1.);
#6598 = DIRECTION('',(-2.22044604925E-16,-1.,0.));
#6599 = PCURVE('',#1970,#6600);
#6600 = DEFINITIONAL_REPRESENTATION('',(#6601),#6605);
#6601 = LINE('',#6602,#6603);
#6602 = CARTESIAN_POINT('',(30.,0.));
#6603 = VECTOR('',#6604,1.);
#6604 = DIRECTION('',(0.,1.));
#6605 = ( GEOMETRIC_REPRESENTATION_CONTEXT(2) 
PARAMETRIC_REPRESENTATION_CONTEXT() REPRESENTATION_CONTEXT('2D SPACE',''
  ) );
#6606 = PCURVE('',#1998,#6607);
#6607 = DEFINITIONAL_REPRESENTATION('',(#6608),#6612);
#6608 = LINE('',#6609,#6610);
#6609 = CARTESIAN_POINT('',(0.,0.));
#6610 = VECTOR('',#6611,1.);
#6611 = DIRECTION('',(1.,0.));
#6612 = ( GEOMETRIC_REPRESENTATION_CONTEXT(2) 
PARAMETRIC_REPRESENTATION_CONTEXT() REPRESENTATION_CONTEXT('2D SPACE',''
  ) );
#6613 = ORIENTED_EDGE('',*,*,#1954,.F.);
#6614 = FACE_BOUND('',#6615,.F.);
#6615 = EDGE_LOOP('',(#6616));
#6616 = ORIENTED_EDGE('',*,*,#6617,.F.);
#6617 = EDGE_CURVE('',#6618,#6618,#6620,.T.);
#6618 = VERTEX_POINT('',#6619);
#6619 = CARTESIAN_POINT('',(-8.3,-72.2,25.));
#6620 = SURFACE_CURVE('',#6621,(#6626,#6633),.PCURVE_S1.);
#6621 = CIRCLE('',#6622,2.2);
#6622 = AXIS2_PLACEMENT_3D('',#6623,#6624,#6625);
#6623 = CARTESIAN_POINT('',(-8.3,-70.,25.));
#6624 = DIRECTION('',(1.,-2.22044604925E-16,0.));
#6625 = DIRECTION('',(-2.22044604925E-16,-1.,0.));
#6626 = PCURVE('',#1970,#6627);
#6627 = DEFINITIONAL_REPRESENTATION('',(#6628),#6632);
#6628 = CIRCLE('',#6629,2.2);
#6629 = AXIS2_PLACEMENT_2D('',#6630,#6631);
#6630 = CARTESIAN_POINT('',(17.5,10.));
#6631 = DIRECTION('',(0.,1.));
#6632 = ( GEOMETRIC_REPRESENTATION_CONTEXT(2) 
PARAMETRIC_REPRESENTATION_CONTEXT() REPRESENTATION_CONTEXT('2D SPACE',''
  ) );
#6633 = PCURVE('',#6634,#6639);
#6634 = CYLINDRICAL_SURFACE('',#6635,2.2);
#6635 = AXIS2_PLACEMENT_3D('',#6636,#6637,#6638);
#6636 = CARTESIAN_POINT('',(-1.554312234475E-14,-70.,25.));
#6637 = DIRECTION('',(1.,-2.22044604925E-16,0.));
#6638 = DIRECTION('',(-2.22044604925E-16,-1.,0.));
#6639 = DEFINITIONAL_REPRESENTATION('',(#6640),#6644);
#6640 = LINE('',#6641,#6642);
#6641 = CARTESIAN_POINT('',(-6.28318530718,-8.3));
#6642 = VECTOR('',#6643,1.);
#6643 = DIRECTION('',(1.,-0.));
#6644 = ( GEOMETRIC_REPRESENTATION_CONTEXT(2) 
PARAMETRIC_REPRESENTATION_CONTEXT() REPRESENTATION_CONTEXT('2D SPACE',''
  ) );
#6645 = ADVANCED_FACE('',(#6646),#1998,.T.);
#6646 = FACE_BOUND('',#6647,.T.);
#6647 = EDGE_LOOP('',(#6648,#6671,#6672,#6673));
#6648 = ORIENTED_EDGE('',*,*,#6649,.F.);
#6649 = EDGE_CURVE('',#6571,#6650,#6652,.T.);
#6650 = VERTEX_POINT('',#6651);
#6651 = CARTESIAN_POINT('',(-4.1,-60.,37.5));
#6652 = SURFACE_CURVE('',#6653,(#6657,#6664),.PCURVE_S1.);
#6653 = LINE('',#6654,#6655);
#6654 = CARTESIAN_POINT('',(-8.3,-60.,37.5));
#6655 = VECTOR('',#6656,1.);
#6656 = DIRECTION('',(1.,-2.22044604925E-16,0.));
#6657 = PCURVE('',#1998,#6658);
#6658 = DEFINITIONAL_REPRESENTATION('',(#6659),#6663);
#6659 = LINE('',#6660,#6661);
#6660 = CARTESIAN_POINT('',(0.,0.));
#6661 = VECTOR('',#6662,1.);
#6662 = DIRECTION('',(0.,1.));
#6663 = ( GEOMETRIC_REPRESENTATION_CONTEXT(2) 
PARAMETRIC_REPRESENTATION_CONTEXT() REPRESENTATION_CONTEXT('2D SPACE',''
  ) );
#6664 = PCURVE('',#3813,#6665);
#6665 = DEFINITIONAL_REPRESENTATION('',(#6666),#6670);
#6666 = LINE('',#6667,#6668);
#6667 = CARTESIAN_POINT('',(30.,0.));
#6668 = VECTOR('',#6669,1.);
#6669 = DIRECTION('',(0.,-1.));
#6670 = ( GEOMETRIC_REPRESENTATION_CONTEXT(2) 
PARAMETRIC_REPRESENTATION_CONTEXT() REPRESENTATION_CONTEXT('2D SPACE',''
  ) );
#6671 = ORIENTED_EDGE('',*,*,#6593,.T.);
#6672 = ORIENTED_EDGE('',*,*,#1982,.T.);
#6673 = ORIENTED_EDGE('',*,*,#6674,.F.);
#6674 = EDGE_CURVE('',#6650,#1983,#6675,.T.);
#6675 = SURFACE_CURVE('',#6676,(#6680,#6687),.PCURVE_S1.);
#6676 = LINE('',#6677,#6678);
#6677 = CARTESIAN_POINT('',(-4.1,-60.,37.5));
#6678 = VECTOR('',#6679,1.);
#6679 = DIRECTION('',(-2.22044604925E-16,-1.,0.));
#6680 = PCURVE('',#1998,#6681);
#6681 = DEFINITIONAL_REPRESENTATION('',(#6682),#6686);
#6682 = LINE('',#6683,#6684);
#6683 = CARTESIAN_POINT('',(-9.325873406851E-16,4.2));
#6684 = VECTOR('',#6685,1.);
#6685 = DIRECTION('',(1.,0.));
#6686 = ( GEOMETRIC_REPRESENTATION_CONTEXT(2) 
PARAMETRIC_REPRESENTATION_CONTEXT() REPRESENTATION_CONTEXT('2D SPACE',''
  ) );
#6687 = PCURVE('',#2026,#6688);
#6688 = DEFINITIONAL_REPRESENTATION('',(#6689),#6693);
#6689 = LINE('',#6690,#6691);
#6690 = CARTESIAN_POINT('',(30.,0.));
#6691 = VECTOR('',#6692,1.);
#6692 = DIRECTION('',(0.,1.));
#6693 = ( GEOMETRIC_REPRESENTATION_CONTEXT(2) 
PARAMETRIC_REPRESENTATION_CONTEXT() REPRESENTATION_CONTEXT('2D SPACE',''
  ) );
#6694 = ADVANCED_FACE('',(#6695,#6721),#2026,.T.);
#6695 = FACE_BOUND('',#6696,.T.);
#6696 = EDGE_LOOP('',(#6697,#6698,#6719,#6720));
#6697 = ORIENTED_EDGE('',*,*,#3825,.F.);
#6698 = ORIENTED_EDGE('',*,*,#6699,.T.);
#6699 = EDGE_CURVE('',#3798,#6650,#6700,.T.);
#6700 = SURFACE_CURVE('',#6701,(#6705,#6712),.PCURVE_S1.);
#6701 = LINE('',#6702,#6703);
#6702 = CARTESIAN_POINT('',(-4.1,-60.,7.5));
#6703 = VECTOR('',#6704,1.);
#6704 = DIRECTION('',(0.,0.,1.));
#6705 = PCURVE('',#2026,#6706);
#6706 = DEFINITIONAL_REPRESENTATION('',(#6707),#6711);
#6707 = LINE('',#6708,#6709);
#6708 = CARTESIAN_POINT('',(0.,0.));
#6709 = VECTOR('',#6710,1.);
#6710 = DIRECTION('',(1.,0.));
#6711 = ( GEOMETRIC_REPRESENTATION_CONTEXT(2) 
PARAMETRIC_REPRESENTATION_CONTEXT() REPRESENTATION_CONTEXT('2D SPACE',''
  ) );
#6712 = PCURVE('',#3813,#6713);
#6713 = DEFINITIONAL_REPRESENTATION('',(#6714),#6718);
#6714 = LINE('',#6715,#6716);
#6715 = CARTESIAN_POINT('',(0.,-4.2));
#6716 = VECTOR('',#6717,1.);
#6717 = DIRECTION('',(1.,0.));
#6718 = ( GEOMETRIC_REPRESENTATION_CONTEXT(2) 
PARAMETRIC_REPRESENTATION_CONTEXT() REPRESENTATION_CONTEXT('2D SPACE',''
  ) );
#6719 = ORIENTED_EDGE('',*,*,#6674,.T.);
#6720 = ORIENTED_EDGE('',*,*,#2010,.F.);
#6721 = FACE_BOUND('',#6722,.T.);
#6722 = EDGE_LOOP('',(#6723));
#6723 = ORIENTED_EDGE('',*,*,#6724,.F.);
#6724 = EDGE_CURVE('',#6725,#6725,#6727,.T.);
#6725 = VERTEX_POINT('',#6726);
#6726 = CARTESIAN_POINT('',(-4.1,-72.2,25.));
#6727 = SURFACE_CURVE('',#6728,(#6733,#6740),.PCURVE_S1.);
#6728 = CIRCLE('',#6729,2.2);
#6729 = AXIS2_PLACEMENT_3D('',#6730,#6731,#6732);
#6730 = CARTESIAN_POINT('',(-4.1,-70.,25.));
#6731 = DIRECTION('',(1.,-2.22044604925E-16,0.));
#6732 = DIRECTION('',(-2.22044604925E-16,-1.,0.));
#6733 = PCURVE('',#2026,#6734);
#6734 = DEFINITIONAL_REPRESENTATION('',(#6735),#6739);
#6735 = CIRCLE('',#6736,2.2);
#6736 = AXIS2_PLACEMENT_2D('',#6737,#6738);
#6737 = CARTESIAN_POINT('',(17.5,10.));
#6738 = DIRECTION('',(0.,1.));
#6739 = ( GEOMETRIC_REPRESENTATION_CONTEXT(2) 
PARAMETRIC_REPRESENTATION_CONTEXT() REPRESENTATION_CONTEXT('2D SPACE',''
  ) );
#6740 = PCURVE('',#6634,#6741);
#6741 = DEFINITIONAL_REPRESENTATION('',(#6742),#6746);
#6742 = LINE('',#6743,#6744);
#6743 = CARTESIAN_POINT('',(-6.28318530718,-4.1));
#6744 = VECTOR('',#6745,1.);
#6745 = DIRECTION('',(1.,-0.));
#6746 = ( GEOMETRIC_REPRESENTATION_CONTEXT(2) 
PARAMETRIC_REPRESENTATION_CONTEXT() REPRESENTATION_CONTEXT('2D SPACE',''
  ) );
#6747 = ADVANCED_FACE('',(#6748,#6796,#7581),#2077,.F.);
#6748 = FACE_BOUND('',#6749,.F.);
#6749 = EDGE_LOOP('',(#6750,#6751,#6774,#6795));
#6750 = ORIENTED_EDGE('',*,*,#3847,.F.);
#6751 = ORIENTED_EDGE('',*,*,#6752,.T.);
#6752 = EDGE_CURVE('',#3848,#6753,#6755,.T.);
#6753 = VERTEX_POINT('',#6754);
#6754 = CARTESIAN_POINT('',(4.1,-60.,37.5));
#6755 = SURFACE_CURVE('',#6756,(#6760,#6767),.PCURVE_S1.);
#6756 = LINE('',#6757,#6758);
#6757 = CARTESIAN_POINT('',(4.1,-60.,7.5));
#6758 = VECTOR('',#6759,1.);
#6759 = DIRECTION('',(0.,0.,1.));
#6760 = PCURVE('',#2077,#6761);
#6761 = DEFINITIONAL_REPRESENTATION('',(#6762),#6766);
#6762 = LINE('',#6763,#6764);
#6763 = CARTESIAN_POINT('',(0.,0.));
#6764 = VECTOR('',#6765,1.);
#6765 = DIRECTION('',(1.,0.));
#6766 = ( GEOMETRIC_REPRESENTATION_CONTEXT(2) 
PARAMETRIC_REPRESENTATION_CONTEXT() REPRESENTATION_CONTEXT('2D SPACE',''
  ) );
#6767 = PCURVE('',#3886,#6768);
#6768 = DEFINITIONAL_REPRESENTATION('',(#6769),#6773);
#6769 = LINE('',#6770,#6771);
#6770 = CARTESIAN_POINT('',(0.,0.));
#6771 = VECTOR('',#6772,1.);
#6772 = DIRECTION('',(1.,0.));
#6773 = ( GEOMETRIC_REPRESENTATION_CONTEXT(2) 
PARAMETRIC_REPRESENTATION_CONTEXT() REPRESENTATION_CONTEXT('2D SPACE',''
  ) );
#6774 = ORIENTED_EDGE('',*,*,#6775,.T.);
#6775 = EDGE_CURVE('',#6753,#2062,#6776,.T.);
#6776 = SURFACE_CURVE('',#6777,(#6781,#6788),.PCURVE_S1.);
#6777 = LINE('',#6778,#6779);
#6778 = CARTESIAN_POINT('',(4.1,-60.,37.5));
#6779 = VECTOR('',#6780,1.);
#6780 = DIRECTION('',(-2.22044604925E-16,-1.,0.));
#6781 = PCURVE('',#2077,#6782);
#6782 = DEFINITIONAL_REPRESENTATION('',(#6783),#6787);
#6783 = LINE('',#6784,#6785);
#6784 = CARTESIAN_POINT('',(30.,0.));
#6785 = VECTOR('',#6786,1.);
#6786 = DIRECTION('',(0.,1.));
#6787 = ( GEOMETRIC_REPRESENTATION_CONTEXT(2) 
PARAMETRIC_REPRESENTATION_CONTEXT() REPRESENTATION_CONTEXT('2D SPACE',''
  ) );
#6788 = PCURVE('',#2105,#6789);
#6789 = DEFINITIONAL_REPRESENTATION('',(#6790),#6794);
#6790 = LINE('',#6791,#6792);
#6791 = CARTESIAN_POINT('',(0.,0.));
#6792 = VECTOR('',#6793,1.);
#6793 = DIRECTION('',(1.,0.));
#6794 = ( GEOMETRIC_REPRESENTATION_CONTEXT(2) 
PARAMETRIC_REPRESENTATION_CONTEXT() REPRESENTATION_CONTEXT('2D SPACE',''
  ) );
#6795 = ORIENTED_EDGE('',*,*,#2061,.F.);
#6796 = FACE_BOUND('',#6797,.F.);
#6797 = EDGE_LOOP('',(#6798,#6898,#7003,#7096,#7201,#7299,#7390,#7483));
#6798 = ORIENTED_EDGE('',*,*,#6799,.F.);
#6799 = EDGE_CURVE('',#6800,#6802,#6804,.T.);
#6800 = VERTEX_POINT('',#6801);
#6801 = CARTESIAN_POINT('',(4.1,-68.96926522011,17.170792056523));
#6802 = VERTEX_POINT('',#6803);
#6803 = CARTESIAN_POINT('',(4.1,-66.97803853221,17.704339639493));
#6804 = SURFACE_CURVE('',#6805,(#6810,#6817),.PCURVE_S1.);
#6805 = CIRCLE('',#6806,1.322875655532);
#6806 = AXIS2_PLACEMENT_3D('',#6807,#6808,#6809);
#6807 = CARTESIAN_POINT('',(4.1,-68.18826668428,18.238519215977));
#6808 = DIRECTION('',(1.,-2.22044604925E-16,0.));
#6809 = DIRECTION('',(-1.310905606356E-16,-0.59037940003,-0.807125866281
    ));
#6810 = PCURVE('',#2077,#6811);
#6811 = DEFINITIONAL_REPRESENTATION('',(#6812),#6816);
#6812 = CIRCLE('',#6813,1.322875655532);
#6813 = AXIS2_PLACEMENT_2D('',#6814,#6815);
#6814 = CARTESIAN_POINT('',(10.738519215977,8.188266684282));
#6815 = DIRECTION('',(-0.807125866281,0.59037940003));
#6816 = ( GEOMETRIC_REPRESENTATION_CONTEXT(2) 
PARAMETRIC_REPRESENTATION_CONTEXT() REPRESENTATION_CONTEXT('2D SPACE',''
  ) );
#6817 = PCURVE('',#6818,#6823);
#6818 = SPHERICAL_SURFACE('',#6819,1.6);
#6819 = AXIS2_PLACEMENT_3D('',#6820,#6821,#6822);
#6820 = CARTESIAN_POINT('',(3.2,-68.18826668428,18.238519215977));
#6821 = DIRECTION('',(0.,0.,1.));
#6822 = DIRECTION('',(-2.22044604925E-16,-1.,0.));
#6823 = DEFINITIONAL_REPRESENTATION('',(#6824),#6897);
#6824 = B_SPLINE_CURVE_WITH_KNOTS('',8,(#6825,#6826,#6827,#6828,#6829,
    #6830,#6831,#6832,#6833,#6834,#6835,#6836,#6837,#6838,#6839,#6840,
    #6841,#6842,#6843,#6844,#6845,#6846,#6847,#6848,#6849,#6850,#6851,
    #6852,#6853,#6854,#6855,#6856,#6857,#6858,#6859,#6860,#6861,#6862,
    #6863,#6864,#6865,#6866,#6867,#6868,#6869,#6870,#6871,#6872,#6873,
    #6874,#6875,#6876,#6877,#6878,#6879,#6880,#6881,#6882,#6883,#6884,
    #6885,#6886,#6887,#6888,#6889,#6890,#6891,#6892,#6893,#6894,#6895,
    #6896),.UNSPECIFIED.,.F.,.F.,(9,7,7,7,7,7,7,7,7,7,9),(0.,
    0.3202265969,0.751838456867,1.129498834337,1.790404494911,
    2.781762985771,3.277442231201,3.525281853916,3.773121476632,
    4.16582055833,4.666449687472),.UNSPECIFIED.);
#6825 = CARTESIAN_POINT('',(0.856072401046,-0.730617259711));
#6826 = CARTESIAN_POINT('',(0.883161514052,-0.756852179937));
#6827 = CARTESIAN_POINT('',(0.912612574828,-0.78215113868));
#6828 = CARTESIAN_POINT('',(0.944606142431,-0.806389593537));
#6829 = CARTESIAN_POINT('',(0.979322540012,-0.829424984145));
#6830 = CARTESIAN_POINT('',(1.016926990119,-0.851094860171));
#6831 = CARTESIAN_POINT('',(1.057541576544,-0.871216590287));
#6832 = CARTESIAN_POINT('',(1.101193455168,-0.889591930865));
#6833 = CARTESIAN_POINT('',(1.210529438453,-0.928173353764));
#6834 = CARTESIAN_POINT('',(1.278596126813,-0.946793168568));
#6835 = CARTESIAN_POINT('',(1.351669596544,-0.961402161822));
#6836 = CARTESIAN_POINT('',(1.428981435428,-0.971531257276));
#6837 = CARTESIAN_POINT('',(1.509107380903,-0.976767639109));
#6838 = CARTESIAN_POINT('',(1.589788031301,-0.976956167367));
#6839 = CARTESIAN_POINT('',(1.669060110494,-0.972219515911));
#6840 = CARTESIAN_POINT('',(1.812219794385,-0.954645197063));
#6841 = CARTESIAN_POINT('',(1.876792349314,-0.942894455429));
#6842 = CARTESIAN_POINT('',(1.938119070478,-0.9277874326));
#6843 = CARTESIAN_POINT('',(1.995471156264,-0.909623232542));
#6844 = CARTESIAN_POINT('',(2.048549304128,-0.888746861669));
#6845 = CARTESIAN_POINT('',(2.097367941613,-0.865496790989));
#6846 = CARTESIAN_POINT('',(2.142075430064,-0.840174326426));
#6847 = CARTESIAN_POINT('',(2.254369802057,-0.765579523231));
#6848 = CARTESIAN_POINT('',(2.313967159713,-0.712588021205));
#6849 = CARTESIAN_POINT('',(2.362962775818,-0.655514853047));
#6850 = CARTESIAN_POINT('',(2.403361801222,-0.595457942752));
#6851 = CARTESIAN_POINT('',(2.436579231873,-0.533127727672));
#6852 = CARTESIAN_POINT('',(2.463745233429,-0.469078398312));
#6853 = CARTESIAN_POINT('',(2.485672829128,-0.403720021427));
#6854 = CARTESIAN_POINT('',(2.528862164464,-0.237893676731));
#6855 = CARTESIAN_POINT('',(2.54430817246,-0.136210081002));
#6856 = CARTESIAN_POINT('',(2.551264924762,-3.347192566327E-02));
#6857 = CARTESIAN_POINT('',(2.550507288932,6.959134517753E-02));
#6858 = CARTESIAN_POINT('',(2.542068083678,0.17230713742));
#6859 = CARTESIAN_POINT('',(2.525307297184,0.273962917581));
#6860 = CARTESIAN_POINT('',(2.498636405897,0.373658812623));
#6861 = CARTESIAN_POINT('',(2.43909944262,0.517883857296));
#6862 = CARTESIAN_POINT('',(2.415998692347,0.565072209334));
#6863 = CARTESIAN_POINT('',(2.389257340039,0.611176280532));
#6864 = CARTESIAN_POINT('',(2.358389814676,0.65595186271));
#6865 = CARTESIAN_POINT('',(2.322822815323,0.699100699849));
#6866 = CARTESIAN_POINT('',(2.281858844724,0.740237630578));
#6867 = CARTESIAN_POINT('',(2.234735396582,0.778862042876));
#6868 = CARTESIAN_POINT('',(2.154018678994,0.832114008177));
#6869 = CARTESIAN_POINT('',(2.125441079551,0.849083941329));
#6870 = CARTESIAN_POINT('',(2.095126378506,0.865196905619));
#6871 = CARTESIAN_POINT('',(2.063022498611,0.880370278965));
#6872 = CARTESIAN_POINT('',(2.02910345716,0.894515241871));
#6873 = CARTESIAN_POINT('',(1.993382328898,0.907538896315));
#6874 = CARTESIAN_POINT('',(1.95592407475,0.919348325773));
#6875 = CARTESIAN_POINT('',(1.877792397952,0.940364866997));
#6876 = CARTESIAN_POINT('',(1.837118839275,0.949571888537));
#6877 = CARTESIAN_POINT('',(1.794965871151,0.957391216966));
#6878 = CARTESIAN_POINT('',(1.751523577571,0.963741127419));
#6879 = CARTESIAN_POINT('',(1.707051178035,0.968553022571));
#6880 = CARTESIAN_POINT('',(1.661868645118,0.971777761653));
#6881 = CARTESIAN_POINT('',(1.616332577262,0.97338991015));
#6882 = CARTESIAN_POINT('',(1.498644652471,0.97338991015));
#6883 = CARTESIAN_POINT('',(1.4264932203,0.969342164704));
#6884 = CARTESIAN_POINT('',(1.35574957305,0.961247109829));
#6885 = CARTESIAN_POINT('',(1.287831666602,0.949258406267));
#6886 = CARTESIAN_POINT('',(1.223810629943,0.933693645588));
#6887 = CARTESIAN_POINT('',(1.164161904882,0.914929592137));
#6888 = CARTESIAN_POINT('',(1.109050921052,0.893340145546));
#6889 = CARTESIAN_POINT('',(0.993857933911,0.838595229225));
#6890 = CARTESIAN_POINT('',(0.936572240303,0.803891494493));
#6891 = CARTESIAN_POINT('',(0.886433507808,0.765888381422));
#6892 = CARTESIAN_POINT('',(0.842719639581,0.725238840762));
#6893 = CARTESIAN_POINT('',(0.804648963509,0.682448033186));
#6894 = CARTESIAN_POINT('',(0.771518790137,0.637912272065));
#6895 = CARTESIAN_POINT('',(0.742730925271,0.591947398186));
#6896 = CARTESIAN_POINT('',(0.717788916358,0.544809259126));
#6897 = ( GEOMETRIC_REPRESENTATION_CONTEXT(2) 
PARAMETRIC_REPRESENTATION_CONTEXT() REPRESENTATION_CONTEXT('2D SPACE',''
  ) );
#6898 = ORIENTED_EDGE('',*,*,#6899,.F.);
#6899 = EDGE_CURVE('',#6900,#6800,#6902,.T.);
#6900 = VERTEX_POINT('',#6901);
#6901 = CARTESIAN_POINT('',(4.1,-69.21900146417,19.067727159454));
#6902 = SURFACE_CURVE('',#6903,(#6908,#6915),.PCURVE_S1.);
#6903 = CIRCLE('',#6904,1.322875655532);
#6904 = AXIS2_PLACEMENT_3D('',#6905,#6906,#6907);
#6905 = CARTESIAN_POINT('',(4.1,-70.,18.));
#6906 = DIRECTION('',(1.,-2.22044604925E-16,0.));
#6907 = DIRECTION('',(1.310905606356E-16,0.59037940003,0.807125866281));
#6908 = PCURVE('',#2077,#6909);
#6909 = DEFINITIONAL_REPRESENTATION('',(#6910),#6914);
#6910 = CIRCLE('',#6911,1.322875655532);
#6911 = AXIS2_PLACEMENT_2D('',#6912,#6913);
#6912 = CARTESIAN_POINT('',(10.5,10.));
#6913 = DIRECTION('',(0.807125866281,-0.59037940003));
#6914 = ( GEOMETRIC_REPRESENTATION_CONTEXT(2) 
PARAMETRIC_REPRESENTATION_CONTEXT() REPRESENTATION_CONTEXT('2D SPACE',''
  ) );
#6915 = PCURVE('',#6916,#6921);
#6916 = SPHERICAL_SURFACE('',#6917,1.6);
#6917 = AXIS2_PLACEMENT_3D('',#6918,#6919,#6920);
#6918 = CARTESIAN_POINT('',(3.2,-70.,18.));
#6919 = DIRECTION('',(0.,0.,1.));
#6920 = DIRECTION('',(-2.22044604925E-16,-1.,0.));
#6921 = DEFINITIONAL_REPRESENTATION('',(#6922),#7002);
#6922 = B_SPLINE_CURVE_WITH_KNOTS('',8,(#6923,#6924,#6925,#6926,#6927,
    #6928,#6929,#6930,#6931,#6932,#6933,#6934,#6935,#6936,#6937,#6938,
    #6939,#6940,#6941,#6942,#6943,#6944,#6945,#6946,#6947,#6948,#6949,
    #6950,#6951,#6952,#6953,#6954,#6955,#6956,#6957,#6958,#6959,#6960,
    #6961,#6962,#6963,#6964,#6965,#6966,#6967,#6968,#6969,#6970,#6971,
    #6972,#6973,#6974,#6975,#6976,#6977,#6978,#6979,#6980,#6981,#6982,
    #6983,#6984,#6985,#6986,#6987,#6988,#6989,#6990,#6991,#6992,#6993,
    #6994,#6995,#6996,#6997,#6998,#6999,#7000,#7001),.UNSPECIFIED.,.F.,
  .F.,(9,7,7,7,7,7,7,7,7,7,7,9),(0.,0.135849577612,0.383689200327,
    0.631528823042,1.02422790474,1.760538682926,2.404810613838,
    2.968548553386,3.46181925049,3.893431110456,4.271091487927,
    4.666449687472),.UNSPECIFIED.);
#6923 = CARTESIAN_POINT('',(2.285520288893,0.730617272491));
#6924 = CARTESIAN_POINT('',(2.274028294465,0.741746901684));
#6925 = CARTESIAN_POINT('',(2.262111208022,0.752708081579));
#6926 = CARTESIAN_POINT('',(2.249755240726,0.763491302745));
#6927 = CARTESIAN_POINT('',(2.236946617814,0.774086474117));
#6928 = CARTESIAN_POINT('',(2.223671786459,0.784482898565));
#6929 = CARTESIAN_POINT('',(2.209917691839,0.794669255976));
#6930 = CARTESIAN_POINT('',(2.195672138174,0.804633597312));
#6931 = CARTESIAN_POINT('',(2.154018678994,0.832114008177));
#6932 = CARTESIAN_POINT('',(2.125441079551,0.849083941329));
#6933 = CARTESIAN_POINT('',(2.095126378506,0.865196905619));
#6934 = CARTESIAN_POINT('',(2.063022498611,0.880370278965));
#6935 = CARTESIAN_POINT('',(2.02910345716,0.894515241871));
#6936 = CARTESIAN_POINT('',(1.993382328898,0.907538896315));
#6937 = CARTESIAN_POINT('',(1.95592407475,0.919348325773));
#6938 = CARTESIAN_POINT('',(1.877792397952,0.940364866997));
#6939 = CARTESIAN_POINT('',(1.837118839275,0.949571888537));
#6940 = CARTESIAN_POINT('',(1.794965871151,0.957391216966));
#6941 = CARTESIAN_POINT('',(1.751523577571,0.963741127419));
#6942 = CARTESIAN_POINT('',(1.707051178035,0.968553022571));
#6943 = CARTESIAN_POINT('',(1.661868645118,0.971777761653));
#6944 = CARTESIAN_POINT('',(1.616332577262,0.97338991015));
#6945 = CARTESIAN_POINT('',(1.498644652471,0.97338991015));
#6946 = CARTESIAN_POINT('',(1.4264932203,0.969342164704));
#6947 = CARTESIAN_POINT('',(1.35574957305,0.961247109829));
#6948 = CARTESIAN_POINT('',(1.287831666602,0.949258406267));
#6949 = CARTESIAN_POINT('',(1.223810629943,0.933693645588));
#6950 = CARTESIAN_POINT('',(1.164161904882,0.914929592137));
#6951 = CARTESIAN_POINT('',(1.109050921052,0.893340145546));
#6952 = CARTESIAN_POINT('',(0.963467229981,0.824152192502));
#6953 = CARTESIAN_POINT('',(0.884246462217,0.770324611387));
#6954 = CARTESIAN_POINT('',(0.820360990184,0.71009804328));
#6955 = CARTESIAN_POINT('',(0.768615428592,0.645442230201));
#6956 = CARTESIAN_POINT('',(0.72672516288,0.577468106207));
#6957 = CARTESIAN_POINT('',(0.692969303155,0.507067973512));
#6958 = CARTESIAN_POINT('',(0.666073622172,0.434850978935));
#6959 = CARTESIAN_POINT('',(0.626857938173,0.296964519402));
#6960 = CARTESIAN_POINT('',(0.613135820966,0.231605023866));
#6961 = CARTESIAN_POINT('',(0.603399677573,0.165559669997));
#6962 = CARTESIAN_POINT('',(0.597279469749,9.908063569156E-02));
#6963 = CARTESIAN_POINT('',(0.59457336436,3.23783832312E-02));
#6964 = CARTESIAN_POINT('',(0.59521979129,-3.435086591052E-02));
#6965 = CARTESIAN_POINT('',(0.599295877399,-0.100902910688));
#6966 = CARTESIAN_POINT('',(0.613820338296,-0.224926086655));
#6967 = CARTESIAN_POINT('',(0.623408698424,-0.282492173768));
#6968 = CARTESIAN_POINT('',(0.635967321264,-0.339592268369));
#6969 = CARTESIAN_POINT('',(0.65175683428,-0.396054164146));
#6970 = CARTESIAN_POINT('',(0.671138666619,-0.451675006268));
#6971 = CARTESIAN_POINT('',(0.694614044366,-0.506203639139));
#6972 = CARTESIAN_POINT('',(0.722858760308,-0.559311912469));
#6973 = CARTESIAN_POINT('',(0.78633106482,-0.655380545119));
#6974 = CARTESIAN_POINT('',(0.82024456444,-0.698779576719));
#6975 = CARTESIAN_POINT('',(0.859008604801,-0.74044351915));
#6976 = CARTESIAN_POINT('',(0.903283985555,-0.779997954273));
#6977 = CARTESIAN_POINT('',(0.953764783789,-0.816975770244));
#6978 = CARTESIAN_POINT('',(1.01121615957,-0.85079000345));
#6979 = CARTESIAN_POINT('',(1.076028545506,-0.880711981258));
#6980 = CARTESIAN_POINT('',(1.210529438453,-0.928173353764));
#6981 = CARTESIAN_POINT('',(1.278596126813,-0.946793168568));
#6982 = CARTESIAN_POINT('',(1.351669596544,-0.961402161822));
#6983 = CARTESIAN_POINT('',(1.428981435428,-0.971531257276));
#6984 = CARTESIAN_POINT('',(1.509107380903,-0.976767639109));
#6985 = CARTESIAN_POINT('',(1.589788031301,-0.976956167367));
#6986 = CARTESIAN_POINT('',(1.669060110494,-0.972219515911));
#6987 = CARTESIAN_POINT('',(1.812219794385,-0.954645197063));
#6988 = CARTESIAN_POINT('',(1.876792349314,-0.942894455429));
#6989 = CARTESIAN_POINT('',(1.938119070478,-0.9277874326));
#6990 = CARTESIAN_POINT('',(1.995471156264,-0.909623232542));
#6991 = CARTESIAN_POINT('',(2.048549304128,-0.888746861669));
#6992 = CARTESIAN_POINT('',(2.097367941613,-0.865496790989));
#6993 = CARTESIAN_POINT('',(2.142075430064,-0.840174326426));
#6994 = CARTESIAN_POINT('',(2.225657631354,-0.784652417846));
#6995 = CARTESIAN_POINT('',(2.264160434332,-0.754279808282));
#6996 = CARTESIAN_POINT('',(2.298688087648,-0.722239463136));
#6997 = CARTESIAN_POINT('',(2.329605822651,-0.688795872155));
#6998 = CARTESIAN_POINT('',(2.35727195277,-0.654166219611));
#6999 = CARTESIAN_POINT('',(2.382010794785,-0.618529596083));
#7000 = CARTESIAN_POINT('',(2.404106524757,-0.582035289695));
#7001 = CARTESIAN_POINT('',(2.423803743136,-0.54480925863));
#7002 = ( GEOMETRIC_REPRESENTATION_CONTEXT(2) 
PARAMETRIC_REPRESENTATION_CONTEXT() REPRESENTATION_CONTEXT('2D SPACE',''
  ) );
#7003 = ORIENTED_EDGE('',*,*,#7004,.F.);
#7004 = EDGE_CURVE('',#7005,#6900,#7007,.T.);
#7005 = VERTEX_POINT('',#7006);
#7006 = CARTESIAN_POINT('',(4.1,-67.71022815207,19.472001749992));
#7007 = SURFACE_CURVE('',#7008,(#7013,#7020),.PCURVE_S1.);
#7008 = CIRCLE('',#7009,1.322875655532);
#7009 = AXIS2_PLACEMENT_3D('',#7010,#7011,#7012);
#7010 = CARTESIAN_POINT('',(4.1,-68.18826668428,18.238519215977));
#7011 = DIRECTION('',(1.,-2.22044604925E-16,0.));
#7012 = DIRECTION('',(-1.310905606356E-16,-0.59037940003,-0.807125866281
    ));
#7013 = PCURVE('',#2077,#7014);
#7014 = DEFINITIONAL_REPRESENTATION('',(#7015),#7019);
#7015 = CIRCLE('',#7016,1.322875655532);
#7016 = AXIS2_PLACEMENT_2D('',#7017,#7018);
#7017 = CARTESIAN_POINT('',(10.738519215977,8.188266684282));
#7018 = DIRECTION('',(-0.807125866281,0.59037940003));
#7019 = ( GEOMETRIC_REPRESENTATION_CONTEXT(2) 
PARAMETRIC_REPRESENTATION_CONTEXT() REPRESENTATION_CONTEXT('2D SPACE',''
  ) );
#7020 = PCURVE('',#6818,#7021);
#7021 = DEFINITIONAL_REPRESENTATION('',(#7022),#7095);
#7022 = B_SPLINE_CURVE_WITH_KNOTS('',8,(#7023,#7024,#7025,#7026,#7027,
    #7028,#7029,#7030,#7031,#7032,#7033,#7034,#7035,#7036,#7037,#7038,
    #7039,#7040,#7041,#7042,#7043,#7044,#7045,#7046,#7047,#7048,#7049,
    #7050,#7051,#7052,#7053,#7054,#7055,#7056,#7057,#7058,#7059,#7060,
    #7061,#7062,#7063,#7064,#7065,#7066,#7067,#7068,#7069,#7070,#7071,
    #7072,#7073,#7074,#7075,#7076,#7077,#7078,#7079,#7080,#7081,#7082,
    #7083,#7084,#7085,#7086,#7087,#7088,#7089,#7090,#7091,#7092,#7093,
    #7094),.UNSPECIFIED.,.F.,.F.,(9,7,7,7,7,7,7,7,7,7,9),(0.,
    0.3202265969,0.751838456867,1.129498834337,1.790404494911,
    2.781762985771,3.277442231201,3.525281853916,3.773121476632,
    4.16582055833,4.666449687472),.UNSPECIFIED.);
#7023 = CARTESIAN_POINT('',(0.856072401046,-0.730617259711));
#7024 = CARTESIAN_POINT('',(0.883161514052,-0.756852179937));
#7025 = CARTESIAN_POINT('',(0.912612574828,-0.78215113868));
#7026 = CARTESIAN_POINT('',(0.944606142431,-0.806389593537));
#7027 = CARTESIAN_POINT('',(0.979322540012,-0.829424984145));
#7028 = CARTESIAN_POINT('',(1.016926990119,-0.851094860171));
#7029 = CARTESIAN_POINT('',(1.057541576544,-0.871216590287));
#7030 = CARTESIAN_POINT('',(1.101193455168,-0.889591930865));
#7031 = CARTESIAN_POINT('',(1.210529438453,-0.928173353764));
#7032 = CARTESIAN_POINT('',(1.278596126813,-0.946793168568));
#7033 = CARTESIAN_POINT('',(1.351669596544,-0.961402161822));
#7034 = CARTESIAN_POINT('',(1.428981435428,-0.971531257276));
#7035 = CARTESIAN_POINT('',(1.509107380903,-0.976767639109));
#7036 = CARTESIAN_POINT('',(1.589788031301,-0.976956167367));
#7037 = CARTESIAN_POINT('',(1.669060110494,-0.972219515911));
#7038 = CARTESIAN_POINT('',(1.812219794385,-0.954645197063));
#7039 = CARTESIAN_POINT('',(1.876792349314,-0.942894455429));
#7040 = CARTESIAN_POINT('',(1.938119070478,-0.9277874326));
#7041 = CARTESIAN_POINT('',(1.995471156264,-0.909623232542));
#7042 = CARTESIAN_POINT('',(2.048549304128,-0.888746861669));
#7043 = CARTESIAN_POINT('',(2.097367941613,-0.865496790989));
#7044 = CARTESIAN_POINT('',(2.142075430064,-0.840174326426));
#7045 = CARTESIAN_POINT('',(2.254369802057,-0.765579523231));
#7046 = CARTESIAN_POINT('',(2.313967159713,-0.712588021205));
#7047 = CARTESIAN_POINT('',(2.362962775818,-0.655514853047));
#7048 = CARTESIAN_POINT('',(2.403361801222,-0.595457942752));
#7049 = CARTESIAN_POINT('',(2.436579231873,-0.533127727672));
#7050 = CARTESIAN_POINT('',(2.463745233429,-0.469078398312));
#7051 = CARTESIAN_POINT('',(2.485672829128,-0.403720021427));
#7052 = CARTESIAN_POINT('',(2.528862164464,-0.237893676731));
#7053 = CARTESIAN_POINT('',(2.54430817246,-0.136210081002));
#7054 = CARTESIAN_POINT('',(2.551264924762,-3.347192566327E-02));
#7055 = CARTESIAN_POINT('',(2.550507288932,6.959134517753E-02));
#7056 = CARTESIAN_POINT('',(2.542068083678,0.17230713742));
#7057 = CARTESIAN_POINT('',(2.525307297184,0.273962917581));
#7058 = CARTESIAN_POINT('',(2.498636405897,0.373658812623));
#7059 = CARTESIAN_POINT('',(2.43909944262,0.517883857296));
#7060 = CARTESIAN_POINT('',(2.415998692347,0.565072209334));
#7061 = CARTESIAN_POINT('',(2.389257340039,0.611176280532));
#7062 = CARTESIAN_POINT('',(2.358389814676,0.65595186271));
#7063 = CARTESIAN_POINT('',(2.322822815323,0.699100699849));
#7064 = CARTESIAN_POINT('',(2.281858844724,0.740237630578));
#7065 = CARTESIAN_POINT('',(2.234735396582,0.778862042876));
#7066 = CARTESIAN_POINT('',(2.154018678994,0.832114008177));
#7067 = CARTESIAN_POINT('',(2.125441079551,0.849083941329));
#7068 = CARTESIAN_POINT('',(2.095126378506,0.865196905619));
#7069 = CARTESIAN_POINT('',(2.063022498611,0.880370278965));
#7070 = CARTESIAN_POINT('',(2.02910345716,0.894515241871));
#7071 = CARTESIAN_POINT('',(1.993382328898,0.907538896315));
#7072 = CARTESIAN_POINT('',(1.95592407475,0.919348325773));
#7073 = CARTESIAN_POINT('',(1.877792397952,0.940364866997));
#7074 = CARTESIAN_POINT('',(1.837118839275,0.949571888537));
#7075 = CARTESIAN_POINT('',(1.794965871151,0.957391216966));
#7076 = CARTESIAN_POINT('',(1.751523577571,0.963741127419));
#7077 = CARTESIAN_POINT('',(1.707051178035,0.968553022571));
#7078 = CARTESIAN_POINT('',(1.661868645118,0.971777761653));
#7079 = CARTESIAN_POINT('',(1.616332577262,0.97338991015));
#7080 = CARTESIAN_POINT('',(1.498644652471,0.97338991015));
#7081 = CARTESIAN_POINT('',(1.4264932203,0.969342164704));
#7082 = CARTESIAN_POINT('',(1.35574957305,0.961247109829));
#7083 = CARTESIAN_POINT('',(1.287831666602,0.949258406267));
#7084 = CARTESIAN_POINT('',(1.223810629943,0.933693645588));
#7085 = CARTESIAN_POINT('',(1.164161904882,0.914929592137));
#7086 = CARTESIAN_POINT('',(1.109050921052,0.893340145546));
#7087 = CARTESIAN_POINT('',(0.993857933911,0.838595229225));
#7088 = CARTESIAN_POINT('',(0.936572240303,0.803891494493));
#7089 = CARTESIAN_POINT('',(0.886433507808,0.765888381422));
#7090 = CARTESIAN_POINT('',(0.842719639581,0.725238840762));
#7091 = CARTESIAN_POINT('',(0.804648963509,0.682448033186));
#7092 = CARTESIAN_POINT('',(0.771518790137,0.637912272065));
#7093 = CARTESIAN_POINT('',(0.742730925271,0.591947398186));
#7094 = CARTESIAN_POINT('',(0.717788916358,0.544809259126));
#7095 = ( GEOMETRIC_REPRESENTATION_CONTEXT(2) 
PARAMETRIC_REPRESENTATION_CONTEXT() REPRESENTATION_CONTEXT('2D SPACE',''
  ) );
#7096 = ORIENTED_EDGE('',*,*,#7097,.F.);
#7097 = EDGE_CURVE('',#7098,#7005,#7100,.T.);
#7098 = VERTEX_POINT('',#7099);
#7099 = CARTESIAN_POINT('',(4.1,-66.35749900738,20.25300028582));
#7100 = SURFACE_CURVE('',#7101,(#7106,#7113),.PCURVE_S1.);
#7101 = CIRCLE('',#7102,1.322875655532);
#7102 = AXIS2_PLACEMENT_3D('',#7103,#7104,#7105);
#7103 = CARTESIAN_POINT('',(4.1,-66.5,18.937822173509));
#7104 = DIRECTION('',(1.,-2.22044604925E-16,0.));
#7105 = DIRECTION('',(-8.023874094263E-17,-0.36136316381,-0.932425151871
    ));
#7106 = PCURVE('',#2077,#7107);
#7107 = DEFINITIONAL_REPRESENTATION('',(#7108),#7112);
#7108 = CIRCLE('',#7109,1.322875655532);
#7109 = AXIS2_PLACEMENT_2D('',#7110,#7111);
#7110 = CARTESIAN_POINT('',(11.437822173509,6.5));
#7111 = DIRECTION('',(-0.932425151871,0.36136316381));
#7112 = ( GEOMETRIC_REPRESENTATION_CONTEXT(2) 
PARAMETRIC_REPRESENTATION_CONTEXT() REPRESENTATION_CONTEXT('2D SPACE',''
  ) );
#7113 = PCURVE('',#7114,#7119);
#7114 = SPHERICAL_SURFACE('',#7115,1.6);
#7115 = AXIS2_PLACEMENT_3D('',#7116,#7117,#7118);
#7116 = CARTESIAN_POINT('',(3.2,-66.5,18.937822173509));
#7117 = DIRECTION('',(0.,0.,1.));
#7118 = DIRECTION('',(-2.22044604925E-16,-1.,0.));
#7119 = DEFINITIONAL_REPRESENTATION('',(#7120),#7200);
#7120 = B_SPLINE_CURVE_WITH_KNOTS('',8,(#7121,#7122,#7123,#7124,#7125,
    #7126,#7127,#7128,#7129,#7130,#7131,#7132,#7133,#7134,#7135,#7136,
    #7137,#7138,#7139,#7140,#7141,#7142,#7143,#7144,#7145,#7146,#7147,
    #7148,#7149,#7150,#7151,#7152,#7153,#7154,#7155,#7156,#7157,#7158,
    #7159,#7160,#7161,#7162,#7163,#7164,#7165,#7166,#7167,#7168,#7169,
    #7170,#7171,#7172,#7173,#7174,#7175,#7176,#7177,#7178,#7179,#7180,
    #7181,#7182,#7183,#7184,#7185,#7186,#7187,#7188,#7189,#7190,#7191,
    #7192,#7193,#7194,#7195,#7196,#7197,#7198,#7199),.UNSPECIFIED.,.F.,
  .F.,(9,7,7,7,7,7,7,7,7,7,7,9),(0.,5.842720910105E-02,0.490039069067,
    0.867699446538,1.528605107112,2.519963597972,3.015642843402,
    3.263482466117,3.511322088832,3.904021170531,4.640331948716,
    4.666449687472),.UNSPECIFIED.);
#7121 = CARTESIAN_POINT('',(1.082537306733,-0.880294652603));
#7122 = CARTESIAN_POINT('',(1.090344325328,-0.88372059853));
#7123 = CARTESIAN_POINT('',(1.098250595355,-0.887088995485));
#7124 = CARTESIAN_POINT('',(1.10625609805,-0.890398671643));
#7125 = CARTESIAN_POINT('',(1.114360692989,-0.893648445859));
#7126 = CARTESIAN_POINT('',(1.122564107979,-0.896837129957));
#7127 = CARTESIAN_POINT('',(1.130865928647,-0.899963531389));
#7128 = CARTESIAN_POINT('',(1.139265587854,-0.903026456331));
#7129 = CARTESIAN_POINT('',(1.210529438453,-0.928173353764));
#7130 = CARTESIAN_POINT('',(1.278596126813,-0.946793168568));
#7131 = CARTESIAN_POINT('',(1.351669596544,-0.961402161822));
#7132 = CARTESIAN_POINT('',(1.428981435428,-0.971531257276));
#7133 = CARTESIAN_POINT('',(1.509107380903,-0.976767639109));
#7134 = CARTESIAN_POINT('',(1.589788031301,-0.976956167367));
#7135 = CARTESIAN_POINT('',(1.669060110494,-0.972219515911));
#7136 = CARTESIAN_POINT('',(1.812219794385,-0.954645197063));
#7137 = CARTESIAN_POINT('',(1.876792349314,-0.942894455429));
#7138 = CARTESIAN_POINT('',(1.938119070478,-0.9277874326));
#7139 = CARTESIAN_POINT('',(1.995471156264,-0.909623232542));
#7140 = CARTESIAN_POINT('',(2.048549304128,-0.888746861669));
#7141 = CARTESIAN_POINT('',(2.097367941613,-0.865496790989));
#7142 = CARTESIAN_POINT('',(2.142075430064,-0.840174326426));
#7143 = CARTESIAN_POINT('',(2.254369802057,-0.765579523231));
#7144 = CARTESIAN_POINT('',(2.313967159713,-0.712588021205));
#7145 = CARTESIAN_POINT('',(2.362962775818,-0.655514853047));
#7146 = CARTESIAN_POINT('',(2.403361801222,-0.595457942752));
#7147 = CARTESIAN_POINT('',(2.436579231873,-0.533127727672));
#7148 = CARTESIAN_POINT('',(2.463745233429,-0.469078398312));
#7149 = CARTESIAN_POINT('',(2.485672829128,-0.403720021427));
#7150 = CARTESIAN_POINT('',(2.528862164464,-0.237893676731));
#7151 = CARTESIAN_POINT('',(2.54430817246,-0.136210081002));
#7152 = CARTESIAN_POINT('',(2.551264924762,-3.347192566327E-02));
#7153 = CARTESIAN_POINT('',(2.550507288932,6.959134517753E-02));
#7154 = CARTESIAN_POINT('',(2.542068083678,0.17230713742));
#7155 = CARTESIAN_POINT('',(2.525307297184,0.273962917581));
#7156 = CARTESIAN_POINT('',(2.498636405897,0.373658812623));
#7157 = CARTESIAN_POINT('',(2.43909944262,0.517883857296));
#7158 = CARTESIAN_POINT('',(2.415998692347,0.565072209334));
#7159 = CARTESIAN_POINT('',(2.389257340039,0.611176280532));
#7160 = CARTESIAN_POINT('',(2.358389814676,0.65595186271));
#7161 = CARTESIAN_POINT('',(2.322822815323,0.699100699849));
#7162 = CARTESIAN_POINT('',(2.281858844724,0.740237630578));
#7163 = CARTESIAN_POINT('',(2.234735396582,0.778862042876));
#7164 = CARTESIAN_POINT('',(2.154018678994,0.832114008177));
#7165 = CARTESIAN_POINT('',(2.125441079551,0.849083941329));
#7166 = CARTESIAN_POINT('',(2.095126378506,0.865196905619));
#7167 = CARTESIAN_POINT('',(2.063022498611,0.880370278965));
#7168 = CARTESIAN_POINT('',(2.02910345716,0.894515241871));
#7169 = CARTESIAN_POINT('',(1.993382328898,0.907538896315));
#7170 = CARTESIAN_POINT('',(1.95592407475,0.919348325773));
#7171 = CARTESIAN_POINT('',(1.877792397952,0.940364866997));
#7172 = CARTESIAN_POINT('',(1.837118839275,0.949571888537));
#7173 = CARTESIAN_POINT('',(1.794965871151,0.957391216966));
#7174 = CARTESIAN_POINT('',(1.751523577571,0.963741127419));
#7175 = CARTESIAN_POINT('',(1.707051178035,0.968553022571));
#7176 = CARTESIAN_POINT('',(1.661868645118,0.971777761653));
#7177 = CARTESIAN_POINT('',(1.616332577262,0.97338991015));
#7178 = CARTESIAN_POINT('',(1.498644652471,0.97338991015));
#7179 = CARTESIAN_POINT('',(1.4264932203,0.969342164704));
#7180 = CARTESIAN_POINT('',(1.35574957305,0.961247109829));
#7181 = CARTESIAN_POINT('',(1.287831666602,0.949258406267));
#7182 = CARTESIAN_POINT('',(1.223810629943,0.933693645588));
#7183 = CARTESIAN_POINT('',(1.164161904882,0.914929592137));
#7184 = CARTESIAN_POINT('',(1.109050921052,0.893340145546));
#7185 = CARTESIAN_POINT('',(0.963467229981,0.824152192502));
#7186 = CARTESIAN_POINT('',(0.884246462217,0.770324611387));
#7187 = CARTESIAN_POINT('',(0.820360990184,0.71009804328));
#7188 = CARTESIAN_POINT('',(0.768615428592,0.645442230201));
#7189 = CARTESIAN_POINT('',(0.72672516288,0.577468106207));
#7190 = CARTESIAN_POINT('',(0.692969303155,0.507067973512));
#7191 = CARTESIAN_POINT('',(0.666073622172,0.434850978935));
#7192 = CARTESIAN_POINT('',(0.644416711945,0.358703010287));
#7193 = CARTESIAN_POINT('',(0.643682357366,0.356092822853));
#7194 = CARTESIAN_POINT('',(0.642955487493,0.353480993306));
#7195 = CARTESIAN_POINT('',(0.642236063451,0.350867543207));
#7196 = CARTESIAN_POINT('',(0.64152404696,0.348252493915));
#7197 = CARTESIAN_POINT('',(0.64081940033,0.345635866597));
#7198 = CARTESIAN_POINT('',(0.640122086453,0.34301768223));
#7199 = CARTESIAN_POINT('',(0.639432068799,0.340397961604));
#7200 = ( GEOMETRIC_REPRESENTATION_CONTEXT(2) 
PARAMETRIC_REPRESENTATION_CONTEXT() REPRESENTATION_CONTEXT('2D SPACE',''
  ) );
#7201 = ORIENTED_EDGE('',*,*,#7202,.F.);
#7202 = EDGE_CURVE('',#7203,#7098,#7205,.T.);
#7203 = VERTEX_POINT('',#7204);
#7204 = CARTESIAN_POINT('',(4.1,-65.25300028582,21.357499007381));
#7205 = SURFACE_CURVE('',#7206,(#7211,#7218),.PCURVE_S1.);
#7206 = CIRCLE('',#7207,1.322875655532);
#7207 = AXIS2_PLACEMENT_3D('',#7208,#7209,#7210);
#7208 = CARTESIAN_POINT('',(4.1,-65.05025253169,20.050252531694));
#7209 = DIRECTION('',(1.,-2.22044604925E-16,0.));
#7210 = DIRECTION('',(-2.39187836552E-17,-0.107720625157,-0.994181204266
    ));
#7211 = PCURVE('',#2077,#7212);
#7212 = DEFINITIONAL_REPRESENTATION('',(#7213),#7217);
#7213 = CIRCLE('',#7214,1.322875655532);
#7214 = AXIS2_PLACEMENT_2D('',#7215,#7216);
#7215 = CARTESIAN_POINT('',(12.550252531694,5.050252531694));
#7216 = DIRECTION('',(-0.994181204266,0.107720625157));
#7217 = ( GEOMETRIC_REPRESENTATION_CONTEXT(2) 
PARAMETRIC_REPRESENTATION_CONTEXT() REPRESENTATION_CONTEXT('2D SPACE',''
  ) );
#7218 = PCURVE('',#7219,#7224);
#7219 = SPHERICAL_SURFACE('',#7220,1.6);
#7220 = AXIS2_PLACEMENT_3D('',#7221,#7222,#7223);
#7221 = CARTESIAN_POINT('',(3.2,-65.05025253169,20.050252531694));
#7222 = DIRECTION('',(0.,0.,1.));
#7223 = DIRECTION('',(-2.22044604925E-16,-1.,0.));
#7224 = DEFINITIONAL_REPRESENTATION('',(#7225),#7298);
#7225 = B_SPLINE_CURVE_WITH_KNOTS('',8,(#7226,#7227,#7228,#7229,#7230,
    #7231,#7232,#7233,#7234,#7235,#7236,#7237,#7238,#7239,#7240,#7241,
    #7242,#7243,#7244,#7245,#7246,#7247,#7248,#7249,#7250,#7251,#7252,
    #7253,#7254,#7255,#7256,#7257,#7258,#7259,#7260,#7261,#7262,#7263,
    #7264,#7265,#7266,#7267,#7268,#7269,#7270,#7271,#7272,#7273,#7274,
    #7275,#7276,#7277,#7278,#7279,#7280,#7281,#7282,#7283,#7284,#7285,
    #7286,#7287,#7288,#7289,#7290,#7291,#7292,#7293,#7294,#7295,#7296,
    #7297),.UNSPECIFIED.,.F.,.F.,(9,7,7,7,7,7,7,7,7,7,9),(0.,
    0.228239681268,0.605900058739,1.266805719312,2.258164210173,
    2.753843455603,3.001683078318,3.249522701033,3.642221782732,
    4.378532560917,4.666449687472),.UNSPECIFIED.);
#7226 = CARTESIAN_POINT('',(1.413765489941,-0.964890082182));
#7227 = CARTESIAN_POINT('',(1.454436941501,-0.969351767575));
#7228 = CARTESIAN_POINT('',(1.495850715269,-0.972503644868));
#7229 = CARTESIAN_POINT('',(1.537774168248,-0.974306591004));
#7230 = CARTESIAN_POINT('',(1.579939993141,-0.974735741924));
#7231 = CARTESIAN_POINT('',(1.622059334693,-0.973783860275));
#7232 = CARTESIAN_POINT('',(1.663844455877,-0.971463054603));
#7233 = CARTESIAN_POINT('',(1.705036504429,-0.967803044731));
#7234 = CARTESIAN_POINT('',(1.812219794385,-0.954645197063));
#7235 = CARTESIAN_POINT('',(1.876792349314,-0.942894455429));
#7236 = CARTESIAN_POINT('',(1.938119070478,-0.9277874326));
#7237 = CARTESIAN_POINT('',(1.995471156264,-0.909623232542));
#7238 = CARTESIAN_POINT('',(2.048549304128,-0.888746861669));
#7239 = CARTESIAN_POINT('',(2.097367941613,-0.865496790989));
#7240 = CARTESIAN_POINT('',(2.142075430064,-0.840174326426));
#7241 = CARTESIAN_POINT('',(2.254369802057,-0.765579523231));
#7242 = CARTESIAN_POINT('',(2.313967159711,-0.712588021206));
#7243 = CARTESIAN_POINT('',(2.362962775826,-0.655514853043));
#7244 = CARTESIAN_POINT('',(2.40336180122,-0.595457942755));
#7245 = CARTESIAN_POINT('',(2.436579231877,-0.533127727669));
#7246 = CARTESIAN_POINT('',(2.463745233428,-0.469078398313));
#7247 = CARTESIAN_POINT('',(2.485672829128,-0.403720021427));
#7248 = CARTESIAN_POINT('',(2.528862164464,-0.237893676731));
#7249 = CARTESIAN_POINT('',(2.54430817246,-0.136210081002));
#7250 = CARTESIAN_POINT('',(2.551264924762,-3.347192566326E-02));
#7251 = CARTESIAN_POINT('',(2.550507288931,6.959134517752E-02));
#7252 = CARTESIAN_POINT('',(2.542068083678,0.172307137419));
#7253 = CARTESIAN_POINT('',(2.525307297184,0.273962917581));
#7254 = CARTESIAN_POINT('',(2.498636405897,0.373658812623));
#7255 = CARTESIAN_POINT('',(2.43909944262,0.517883857296));
#7256 = CARTESIAN_POINT('',(2.415998692347,0.565072209334));
#7257 = CARTESIAN_POINT('',(2.38925734004,0.611176280532));
#7258 = CARTESIAN_POINT('',(2.358389814677,0.65595186271));
#7259 = CARTESIAN_POINT('',(2.322822815323,0.699100699849));
#7260 = CARTESIAN_POINT('',(2.281858844724,0.740237630578));
#7261 = CARTESIAN_POINT('',(2.234735396582,0.778862042876));
#7262 = CARTESIAN_POINT('',(2.154018678994,0.832114008177));
#7263 = CARTESIAN_POINT('',(2.125441079551,0.849083941329));
#7264 = CARTESIAN_POINT('',(2.095126378506,0.865196905619));
#7265 = CARTESIAN_POINT('',(2.063022498611,0.880370278965));
#7266 = CARTESIAN_POINT('',(2.02910345716,0.894515241871));
#7267 = CARTESIAN_POINT('',(1.993382328898,0.907538896315));
#7268 = CARTESIAN_POINT('',(1.95592407475,0.919348325773));
#7269 = CARTESIAN_POINT('',(1.877792397952,0.940364866997));
#7270 = CARTESIAN_POINT('',(1.837118839275,0.949571888537));
#7271 = CARTESIAN_POINT('',(1.794965871151,0.957391216966));
#7272 = CARTESIAN_POINT('',(1.751523577571,0.963741127419));
#7273 = CARTESIAN_POINT('',(1.707051178035,0.968553022571));
#7274 = CARTESIAN_POINT('',(1.661868645118,0.971777761653));
#7275 = CARTESIAN_POINT('',(1.616332577262,0.97338991015));
#7276 = CARTESIAN_POINT('',(1.498644652471,0.97338991015));
#7277 = CARTESIAN_POINT('',(1.4264932203,0.969342164704));
#7278 = CARTESIAN_POINT('',(1.35574957305,0.961247109829));
#7279 = CARTESIAN_POINT('',(1.287831666602,0.949258406267));
#7280 = CARTESIAN_POINT('',(1.223810629943,0.933693645588));
#7281 = CARTESIAN_POINT('',(1.164161904882,0.914929592137));
#7282 = CARTESIAN_POINT('',(1.109050921052,0.893340145546));
#7283 = CARTESIAN_POINT('',(0.963467229981,0.824152192502));
#7284 = CARTESIAN_POINT('',(0.884246462217,0.770324611387));
#7285 = CARTESIAN_POINT('',(0.820360990184,0.71009804328));
#7286 = CARTESIAN_POINT('',(0.768615428592,0.645442230201));
#7287 = CARTESIAN_POINT('',(0.72672516288,0.577468106207));
#7288 = CARTESIAN_POINT('',(0.692969303155,0.507067973512));
#7289 = CARTESIAN_POINT('',(0.666073622172,0.434850978935));
#7290 = CARTESIAN_POINT('',(0.636980256313,0.332555652035));
#7291 = CARTESIAN_POINT('',(0.629716294399,0.303597569127));
#7292 = CARTESIAN_POINT('',(0.623313820477,0.274466435312));
#7293 = CARTESIAN_POINT('',(0.617728825063,0.245188431651));
#7294 = CARTESIAN_POINT('',(0.612925205542,0.215787353437));
#7295 = CARTESIAN_POINT('',(0.608874008117,0.186285151681));
#7296 = CARTESIAN_POINT('',(0.60555287985,0.156702432763));
#7297 = CARTESIAN_POINT('',(0.602945730787,0.127058916219));
#7298 = ( GEOMETRIC_REPRESENTATION_CONTEXT(2) 
PARAMETRIC_REPRESENTATION_CONTEXT() REPRESENTATION_CONTEXT('2D SPACE',''
  ) );
#7299 = ORIENTED_EDGE('',*,*,#7300,.F.);
#7300 = EDGE_CURVE('',#7301,#7203,#7303,.T.);
#7301 = VERTEX_POINT('',#7302);
#7302 = CARTESIAN_POINT('',(4.1,-63.73507441938,20.192753524313));
#7303 = SURFACE_CURVE('',#7304,(#7309,#7316),.PCURVE_S1.);
#7304 = CIRCLE('',#7305,1.322875655532);
#7305 = AXIS2_PLACEMENT_3D('',#7306,#7307,#7308);
#7306 = CARTESIAN_POINT('',(4.1,-63.9378221735,21.5));
#7307 = DIRECTION('',(1.,-2.22044604925E-16,0.));
#7308 = DIRECTION('',(3.403119921067E-17,0.153262896084,-0.988185450553)
  );
#7309 = PCURVE('',#2077,#7310);
#7310 = DEFINITIONAL_REPRESENTATION('',(#7311),#7315);
#7311 = CIRCLE('',#7312,1.322875655532);
#7312 = AXIS2_PLACEMENT_2D('',#7313,#7314);
#7313 = CARTESIAN_POINT('',(14.,3.937822173509));
#7314 = DIRECTION('',(-0.988185450553,-0.153262896084));
#7315 = ( GEOMETRIC_REPRESENTATION_CONTEXT(2) 
PARAMETRIC_REPRESENTATION_CONTEXT() REPRESENTATION_CONTEXT('2D SPACE',''
  ) );
#7316 = PCURVE('',#7317,#7322);
#7317 = SPHERICAL_SURFACE('',#7318,1.6);
#7318 = AXIS2_PLACEMENT_3D('',#7319,#7320,#7321);
#7319 = CARTESIAN_POINT('',(3.2,-63.9378221735,21.5));
#7320 = DIRECTION('',(0.,0.,1.));
#7321 = DIRECTION('',(-2.22044604925E-16,-1.,0.));
#7322 = DEFINITIONAL_REPRESENTATION('',(#7323),#7389);
#7323 = B_SPLINE_CURVE_WITH_KNOTS('',8,(#7324,#7325,#7326,#7327,#7328,
    #7329,#7330,#7331,#7332,#7333,#7334,#7335,#7336,#7337,#7338,#7339,
    #7340,#7341,#7342,#7343,#7344,#7345,#7346,#7347,#7348,#7349,#7350,
    #7351,#7352,#7353,#7354,#7355,#7356,#7357,#7358,#7359,#7360,#7361,
    #7362,#7363,#7364,#7365,#7366,#7367,#7368,#7369,#7370,#7371,#7372,
    #7373,#7374,#7375,#7376,#7377,#7378,#7379,#7380,#7381,#7382,#7383,
    #7384,#7385,#7386,#7387,#7388),.UNSPECIFIED.,.F.,.F.,(9,7,7,7,7,7,7,
    7,7,9),(0.,0.34410067094,1.005006331513,1.996364822374,
    2.492044067804,2.739883690519,2.987723313234,3.380422394933,
    4.116733173118,4.666449687472),.UNSPECIFIED.);
#7324 = CARTESIAN_POINT('',(1.792372783335,-0.956239487817));
#7325 = CARTESIAN_POINT('',(1.851830959855,-0.946786706454));
#7326 = CARTESIAN_POINT('',(1.909015391451,-0.93448252251));
#7327 = CARTESIAN_POINT('',(1.963263865886,-0.91950508233));
#7328 = CARTESIAN_POINT('',(2.014136317126,-0.902091137697));
#7329 = CARTESIAN_POINT('',(2.061466465025,-0.882499804328));
#7330 = CARTESIAN_POINT('',(2.105282962729,-0.860982137876));
#7331 = CARTESIAN_POINT('',(2.145704054563,-0.837763907047));
#7332 = CARTESIAN_POINT('',(2.254369802057,-0.765579523231));
#7333 = CARTESIAN_POINT('',(2.31396715971,-0.712588021206));
#7334 = CARTESIAN_POINT('',(2.362962775838,-0.655514853046));
#7335 = CARTESIAN_POINT('',(2.403361801231,-0.59545794275));
#7336 = CARTESIAN_POINT('',(2.436579231886,-0.533127727671));
#7337 = CARTESIAN_POINT('',(2.463745233425,-0.469078398312));
#7338 = CARTESIAN_POINT('',(2.485672829128,-0.403720021427));
#7339 = CARTESIAN_POINT('',(2.528862164464,-0.237893676731));
#7340 = CARTESIAN_POINT('',(2.54430817246,-0.136210081002));
#7341 = CARTESIAN_POINT('',(2.551264924762,-3.347192566326E-02));
#7342 = CARTESIAN_POINT('',(2.550507288931,6.959134517752E-02));
#7343 = CARTESIAN_POINT('',(2.542068083678,0.172307137419));
#7344 = CARTESIAN_POINT('',(2.525307297184,0.273962917581));
#7345 = CARTESIAN_POINT('',(2.498636405897,0.373658812623));
#7346 = CARTESIAN_POINT('',(2.43909944262,0.517883857296));
#7347 = CARTESIAN_POINT('',(2.415998692346,0.565072209334));
#7348 = CARTESIAN_POINT('',(2.38925734004,0.611176280532));
#7349 = CARTESIAN_POINT('',(2.358389814677,0.65595186271));
#7350 = CARTESIAN_POINT('',(2.322822815323,0.699100699849));
#7351 = CARTESIAN_POINT('',(2.281858844724,0.740237630578));
#7352 = CARTESIAN_POINT('',(2.234735396582,0.778862042876));
#7353 = CARTESIAN_POINT('',(2.154018678994,0.832114008177));
#7354 = CARTESIAN_POINT('',(2.125441079551,0.849083941329));
#7355 = CARTESIAN_POINT('',(2.095126378506,0.865196905619));
#7356 = CARTESIAN_POINT('',(2.063022498611,0.880370278965));
#7357 = CARTESIAN_POINT('',(2.02910345716,0.894515241871));
#7358 = CARTESIAN_POINT('',(1.993382328898,0.907538896315));
#7359 = CARTESIAN_POINT('',(1.95592407475,0.919348325773));
#7360 = CARTESIAN_POINT('',(1.877792397952,0.940364866997));
#7361 = CARTESIAN_POINT('',(1.837118839275,0.949571888537));
#7362 = CARTESIAN_POINT('',(1.794965871151,0.957391216965));
#7363 = CARTESIAN_POINT('',(1.751523577571,0.963741127419));
#7364 = CARTESIAN_POINT('',(1.707051178035,0.968553022571));
#7365 = CARTESIAN_POINT('',(1.661868645118,0.971777761653));
#7366 = CARTESIAN_POINT('',(1.616332577262,0.97338991015));
#7367 = CARTESIAN_POINT('',(1.498644652471,0.97338991015));
#7368 = CARTESIAN_POINT('',(1.4264932203,0.969342164704));
#7369 = CARTESIAN_POINT('',(1.35574957305,0.96124710983));
#7370 = CARTESIAN_POINT('',(1.287831666603,0.94925840627));
#7371 = CARTESIAN_POINT('',(1.22381062994,0.933693645588));
#7372 = CARTESIAN_POINT('',(1.164161904881,0.914929592137));
#7373 = CARTESIAN_POINT('',(1.109050921052,0.893340145546));
#7374 = CARTESIAN_POINT('',(0.963467229981,0.824152192502));
#7375 = CARTESIAN_POINT('',(0.884246462217,0.770324611389));
#7376 = CARTESIAN_POINT('',(0.820360990185,0.710098043275));
#7377 = CARTESIAN_POINT('',(0.768615428593,0.645442230208));
#7378 = CARTESIAN_POINT('',(0.726725162879,0.577468106202));
#7379 = CARTESIAN_POINT('',(0.692969303155,0.507067973514));
#7380 = CARTESIAN_POINT('',(0.666073622172,0.434850978935));
#7381 = CARTESIAN_POINT('',(0.62954380068,0.306408293783));
#7382 = CARTESIAN_POINT('',(0.617262243985,0.2507679543));
#7383 = CARTESIAN_POINT('',(0.607945840671,0.194593402841));
#7384 = CARTESIAN_POINT('',(0.601344448781,0.138048070848));
#7385 = CARTESIAN_POINT('',(0.597301300695,8.127073452144E-02));
#7386 = CARTESIAN_POINT('',(0.595738616667,2.438828815574E-02));
#7387 = CARTESIAN_POINT('',(0.596653395521,-3.247350994363E-02));
#7388 = CARTESIAN_POINT('',(0.600123382546,-8.918131895943E-02));
#7389 = ( GEOMETRIC_REPRESENTATION_CONTEXT(2) 
PARAMETRIC_REPRESENTATION_CONTEXT() REPRESENTATION_CONTEXT('2D SPACE',''
  ) );
#7390 = ORIENTED_EDGE('',*,*,#7391,.F.);
#7391 = EDGE_CURVE('',#7392,#7301,#7394,.T.);
#7392 = VERTEX_POINT('',#7393);
#7393 = CARTESIAN_POINT('',(4.1,-65.19275352431,18.735074419383));
#7394 = SURFACE_CURVE('',#7395,(#7400,#7407),.PCURVE_S1.);
#7395 = CIRCLE('',#7396,1.322875655532);
#7396 = AXIS2_PLACEMENT_3D('',#7397,#7398,#7399);
#7397 = CARTESIAN_POINT('',(4.1,-65.05025253169,20.050252531694));
#7398 = DIRECTION('',(1.,-2.22044604925E-16,0.));
#7399 = DIRECTION('',(-2.39187836552E-17,-0.107720625157,-0.994181204266
    ));
#7400 = PCURVE('',#2077,#7401);
#7401 = DEFINITIONAL_REPRESENTATION('',(#7402),#7406);
#7402 = CIRCLE('',#7403,1.322875655532);
#7403 = AXIS2_PLACEMENT_2D('',#7404,#7405);
#7404 = CARTESIAN_POINT('',(12.550252531694,5.050252531694));
#7405 = DIRECTION('',(-0.994181204266,0.107720625157));
#7406 = ( GEOMETRIC_REPRESENTATION_CONTEXT(2) 
PARAMETRIC_REPRESENTATION_CONTEXT() REPRESENTATION_CONTEXT('2D SPACE',''
  ) );
#7407 = PCURVE('',#7219,#7408);
#7408 = DEFINITIONAL_REPRESENTATION('',(#7409),#7482);
#7409 = B_SPLINE_CURVE_WITH_KNOTS('',8,(#7410,#7411,#7412,#7413,#7414,
    #7415,#7416,#7417,#7418,#7419,#7420,#7421,#7422,#7423,#7424,#7425,
    #7426,#7427,#7428,#7429,#7430,#7431,#7432,#7433,#7434,#7435,#7436,
    #7437,#7438,#7439,#7440,#7441,#7442,#7443,#7444,#7445,#7446,#7447,
    #7448,#7449,#7450,#7451,#7452,#7453,#7454,#7455,#7456,#7457,#7458,
    #7459,#7460,#7461,#7462,#7463,#7464,#7465,#7466,#7467,#7468,#7469,
    #7470,#7471,#7472,#7473,#7474,#7475,#7476,#7477,#7478,#7479,#7480,
    #7481),.UNSPECIFIED.,.F.,.F.,(9,7,7,7,7,7,7,7,7,7,9),(0.,
    0.228239681268,0.605900058739,1.266805719312,2.258164210173,
    2.753843455603,3.001683078318,3.249522701033,3.642221782732,
    4.378532560917,4.666449687472),.UNSPECIFIED.);
#7410 = CARTESIAN_POINT('',(1.413765489941,-0.964890082182));
#7411 = CARTESIAN_POINT('',(1.454436941501,-0.969351767575));
#7412 = CARTESIAN_POINT('',(1.495850715269,-0.972503644868));
#7413 = CARTESIAN_POINT('',(1.537774168248,-0.974306591004));
#7414 = CARTESIAN_POINT('',(1.579939993141,-0.974735741924));
#7415 = CARTESIAN_POINT('',(1.622059334693,-0.973783860275));
#7416 = CARTESIAN_POINT('',(1.663844455877,-0.971463054603));
#7417 = CARTESIAN_POINT('',(1.705036504429,-0.967803044731));
#7418 = CARTESIAN_POINT('',(1.812219794385,-0.954645197063));
#7419 = CARTESIAN_POINT('',(1.876792349314,-0.942894455429));
#7420 = CARTESIAN_POINT('',(1.938119070478,-0.9277874326));
#7421 = CARTESIAN_POINT('',(1.995471156264,-0.909623232542));
#7422 = CARTESIAN_POINT('',(2.048549304128,-0.888746861669));
#7423 = CARTESIAN_POINT('',(2.097367941613,-0.865496790989));
#7424 = CARTESIAN_POINT('',(2.142075430064,-0.840174326426));
#7425 = CARTESIAN_POINT('',(2.254369802057,-0.765579523231));
#7426 = CARTESIAN_POINT('',(2.313967159711,-0.712588021206));
#7427 = CARTESIAN_POINT('',(2.362962775826,-0.655514853043));
#7428 = CARTESIAN_POINT('',(2.40336180122,-0.595457942755));
#7429 = CARTESIAN_POINT('',(2.436579231877,-0.533127727669));
#7430 = CARTESIAN_POINT('',(2.463745233428,-0.469078398313));
#7431 = CARTESIAN_POINT('',(2.485672829128,-0.403720021427));
#7432 = CARTESIAN_POINT('',(2.528862164464,-0.237893676731));
#7433 = CARTESIAN_POINT('',(2.54430817246,-0.136210081002));
#7434 = CARTESIAN_POINT('',(2.551264924762,-3.347192566326E-02));
#7435 = CARTESIAN_POINT('',(2.550507288931,6.959134517752E-02));
#7436 = CARTESIAN_POINT('',(2.542068083678,0.172307137419));
#7437 = CARTESIAN_POINT('',(2.525307297184,0.273962917581));
#7438 = CARTESIAN_POINT('',(2.498636405897,0.373658812623));
#7439 = CARTESIAN_POINT('',(2.43909944262,0.517883857296));
#7440 = CARTESIAN_POINT('',(2.415998692347,0.565072209334));
#7441 = CARTESIAN_POINT('',(2.38925734004,0.611176280532));
#7442 = CARTESIAN_POINT('',(2.358389814677,0.65595186271));
#7443 = CARTESIAN_POINT('',(2.322822815323,0.699100699849));
#7444 = CARTESIAN_POINT('',(2.281858844724,0.740237630578));
#7445 = CARTESIAN_POINT('',(2.234735396582,0.778862042876));
#7446 = CARTESIAN_POINT('',(2.154018678994,0.832114008177));
#7447 = CARTESIAN_POINT('',(2.125441079551,0.849083941329));
#7448 = CARTESIAN_POINT('',(2.095126378506,0.865196905619));
#7449 = CARTESIAN_POINT('',(2.063022498611,0.880370278965));
#7450 = CARTESIAN_POINT('',(2.02910345716,0.894515241871));
#7451 = CARTESIAN_POINT('',(1.993382328898,0.907538896315));
#7452 = CARTESIAN_POINT('',(1.95592407475,0.919348325773));
#7453 = CARTESIAN_POINT('',(1.877792397952,0.940364866997));
#7454 = CARTESIAN_POINT('',(1.837118839275,0.949571888537));
#7455 = CARTESIAN_POINT('',(1.794965871151,0.957391216966));
#7456 = CARTESIAN_POINT('',(1.751523577571,0.963741127419));
#7457 = CARTESIAN_POINT('',(1.707051178035,0.968553022571));
#7458 = CARTESIAN_POINT('',(1.661868645118,0.971777761653));
#7459 = CARTESIAN_POINT('',(1.616332577262,0.97338991015));
#7460 = CARTESIAN_POINT('',(1.498644652471,0.97338991015));
#7461 = CARTESIAN_POINT('',(1.4264932203,0.969342164704));
#7462 = CARTESIAN_POINT('',(1.35574957305,0.961247109829));
#7463 = CARTESIAN_POINT('',(1.287831666602,0.949258406267));
#7464 = CARTESIAN_POINT('',(1.223810629943,0.933693645588));
#7465 = CARTESIAN_POINT('',(1.164161904882,0.914929592137));
#7466 = CARTESIAN_POINT('',(1.109050921052,0.893340145546));
#7467 = CARTESIAN_POINT('',(0.963467229981,0.824152192502));
#7468 = CARTESIAN_POINT('',(0.884246462217,0.770324611387));
#7469 = CARTESIAN_POINT('',(0.820360990184,0.71009804328));
#7470 = CARTESIAN_POINT('',(0.768615428592,0.645442230201));
#7471 = CARTESIAN_POINT('',(0.72672516288,0.577468106207));
#7472 = CARTESIAN_POINT('',(0.692969303155,0.507067973512));
#7473 = CARTESIAN_POINT('',(0.666073622172,0.434850978935));
#7474 = CARTESIAN_POINT('',(0.636980256313,0.332555652035));
#7475 = CARTESIAN_POINT('',(0.629716294399,0.303597569127));
#7476 = CARTESIAN_POINT('',(0.623313820477,0.274466435312));
#7477 = CARTESIAN_POINT('',(0.617728825063,0.245188431651));
#7478 = CARTESIAN_POINT('',(0.612925205542,0.215787353437));
#7479 = CARTESIAN_POINT('',(0.608874008117,0.186285151681));
#7480 = CARTESIAN_POINT('',(0.60555287985,0.156702432763));
#7481 = CARTESIAN_POINT('',(0.602945730787,0.127058916219));
#7482 = ( GEOMETRIC_REPRESENTATION_CONTEXT(2) 
PARAMETRIC_REPRESENTATION_CONTEXT() REPRESENTATION_CONTEXT('2D SPACE',''
  ) );
#7483 = ORIENTED_EDGE('',*,*,#7484,.F.);
#7484 = EDGE_CURVE('',#6802,#7392,#7485,.T.);
#7485 = SURFACE_CURVE('',#7486,(#7491,#7498),.PCURVE_S1.);
#7486 = CIRCLE('',#7487,1.322875655532);
#7487 = AXIS2_PLACEMENT_3D('',#7488,#7489,#7490);
#7488 = CARTESIAN_POINT('',(4.1,-66.5,18.937822173509));
#7489 = DIRECTION('',(1.,-2.22044604925E-16,0.));
#7490 = DIRECTION('',(-8.023874094263E-17,-0.36136316381,-0.932425151871
    ));
#7491 = PCURVE('',#2077,#7492);
#7492 = DEFINITIONAL_REPRESENTATION('',(#7493),#7497);
#7493 = CIRCLE('',#7494,1.322875655532);
#7494 = AXIS2_PLACEMENT_2D('',#7495,#7496);
#7495 = CARTESIAN_POINT('',(11.437822173509,6.5));
#7496 = DIRECTION('',(-0.932425151871,0.36136316381));
#7497 = ( GEOMETRIC_REPRESENTATION_CONTEXT(2) 
PARAMETRIC_REPRESENTATION_CONTEXT() REPRESENTATION_CONTEXT('2D SPACE',''
  ) );
#7498 = PCURVE('',#7114,#7499);
#7499 = DEFINITIONAL_REPRESENTATION('',(#7500),#7580);
#7500 = B_SPLINE_CURVE_WITH_KNOTS('',8,(#7501,#7502,#7503,#7504,#7505,
    #7506,#7507,#7508,#7509,#7510,#7511,#7512,#7513,#7514,#7515,#7516,
    #7517,#7518,#7519,#7520,#7521,#7522,#7523,#7524,#7525,#7526,#7527,
    #7528,#7529,#7530,#7531,#7532,#7533,#7534,#7535,#7536,#7537,#7538,
    #7539,#7540,#7541,#7542,#7543,#7544,#7545,#7546,#7547,#7548,#7549,
    #7550,#7551,#7552,#7553,#7554,#7555,#7556,#7557,#7558,#7559,#7560,
    #7561,#7562,#7563,#7564,#7565,#7566,#7567,#7568,#7569,#7570,#7571,
    #7572,#7573,#7574,#7575,#7576,#7577,#7578,#7579),.UNSPECIFIED.,.F.,
  .F.,(9,7,7,7,7,7,7,7,7,7,7,9),(0.,5.842720910105E-02,0.490039069067,
    0.867699446538,1.528605107112,2.519963597972,3.015642843402,
    3.263482466117,3.511322088832,3.904021170531,4.640331948716,
    4.666449687472),.UNSPECIFIED.);
#7501 = CARTESIAN_POINT('',(1.082537306733,-0.880294652603));
#7502 = CARTESIAN_POINT('',(1.090344325328,-0.88372059853));
#7503 = CARTESIAN_POINT('',(1.098250595355,-0.887088995485));
#7504 = CARTESIAN_POINT('',(1.10625609805,-0.890398671643));
#7505 = CARTESIAN_POINT('',(1.114360692989,-0.893648445859));
#7506 = CARTESIAN_POINT('',(1.122564107979,-0.896837129957));
#7507 = CARTESIAN_POINT('',(1.130865928647,-0.899963531389));
#7508 = CARTESIAN_POINT('',(1.139265587854,-0.903026456331));
#7509 = CARTESIAN_POINT('',(1.210529438453,-0.928173353764));
#7510 = CARTESIAN_POINT('',(1.278596126813,-0.946793168568));
#7511 = CARTESIAN_POINT('',(1.351669596544,-0.961402161822));
#7512 = CARTESIAN_POINT('',(1.428981435428,-0.971531257276));
#7513 = CARTESIAN_POINT('',(1.509107380903,-0.976767639109));
#7514 = CARTESIAN_POINT('',(1.589788031301,-0.976956167367));
#7515 = CARTESIAN_POINT('',(1.669060110494,-0.972219515911));
#7516 = CARTESIAN_POINT('',(1.812219794385,-0.954645197063));
#7517 = CARTESIAN_POINT('',(1.876792349314,-0.942894455429));
#7518 = CARTESIAN_POINT('',(1.938119070478,-0.9277874326));
#7519 = CARTESIAN_POINT('',(1.995471156264,-0.909623232542));
#7520 = CARTESIAN_POINT('',(2.048549304128,-0.888746861669));
#7521 = CARTESIAN_POINT('',(2.097367941613,-0.865496790989));
#7522 = CARTESIAN_POINT('',(2.142075430064,-0.840174326426));
#7523 = CARTESIAN_POINT('',(2.254369802057,-0.765579523231));
#7524 = CARTESIAN_POINT('',(2.313967159713,-0.712588021205));
#7525 = CARTESIAN_POINT('',(2.362962775818,-0.655514853047));
#7526 = CARTESIAN_POINT('',(2.403361801222,-0.595457942752));
#7527 = CARTESIAN_POINT('',(2.436579231873,-0.533127727672));
#7528 = CARTESIAN_POINT('',(2.463745233429,-0.469078398312));
#7529 = CARTESIAN_POINT('',(2.485672829128,-0.403720021427));
#7530 = CARTESIAN_POINT('',(2.528862164464,-0.237893676731));
#7531 = CARTESIAN_POINT('',(2.54430817246,-0.136210081002));
#7532 = CARTESIAN_POINT('',(2.551264924762,-3.347192566327E-02));
#7533 = CARTESIAN_POINT('',(2.550507288932,6.959134517753E-02));
#7534 = CARTESIAN_POINT('',(2.542068083678,0.17230713742));
#7535 = CARTESIAN_POINT('',(2.525307297184,0.273962917581));
#7536 = CARTESIAN_POINT('',(2.498636405897,0.373658812623));
#7537 = CARTESIAN_POINT('',(2.43909944262,0.517883857296));
#7538 = CARTESIAN_POINT('',(2.415998692347,0.565072209334));
#7539 = CARTESIAN_POINT('',(2.389257340039,0.611176280532));
#7540 = CARTESIAN_POINT('',(2.358389814676,0.65595186271));
#7541 = CARTESIAN_POINT('',(2.322822815323,0.699100699849));
#7542 = CARTESIAN_POINT('',(2.281858844724,0.740237630578));
#7543 = CARTESIAN_POINT('',(2.234735396582,0.778862042876));
#7544 = CARTESIAN_POINT('',(2.154018678994,0.832114008177));
#7545 = CARTESIAN_POINT('',(2.125441079551,0.849083941329));
#7546 = CARTESIAN_POINT('',(2.095126378506,0.865196905619));
#7547 = CARTESIAN_POINT('',(2.063022498611,0.880370278965));
#7548 = CARTESIAN_POINT('',(2.02910345716,0.894515241871));
#7549 = CARTESIAN_POINT('',(1.993382328898,0.907538896315));
#7550 = CARTESIAN_POINT('',(1.95592407475,0.919348325773));
#7551 = CARTESIAN_POINT('',(1.877792397952,0.940364866997));
#7552 = CARTESIAN_POINT('',(1.837118839275,0.949571888537));
#7553 = CARTESIAN_POINT('',(1.794965871151,0.957391216966));
#7554 = CARTESIAN_POINT('',(1.751523577571,0.963741127419));
#7555 = CARTESIAN_POINT('',(1.707051178035,0.968553022571));
#7556 = CARTESIAN_POINT('',(1.661868645118,0.971777761653));
#7557 = CARTESIAN_POINT('',(1.616332577262,0.97338991015));
#7558 = CARTESIAN_POINT('',(1.498644652471,0.97338991015));
#7559 = CARTESIAN_POINT('',(1.4264932203,0.969342164704));
#7560 = CARTESIAN_POINT('',(1.35574957305,0.961247109829));
#7561 = CARTESIAN_POINT('',(1.287831666602,0.949258406267));
#7562 = CARTESIAN_POINT('',(1.223810629943,0.933693645588));
#7563 = CARTESIAN_POINT('',(1.164161904882,0.914929592137));
#7564 = CARTESIAN_POINT('',(1.109050921052,0.893340145546));
#7565 = CARTESIAN_POINT('',(0.963467229981,0.824152192502));
#7566 = CARTESIAN_POINT('',(0.884246462217,0.770324611387));
#7567 = CARTESIAN_POINT('',(0.820360990184,0.71009804328));
#7568 = CARTESIAN_POINT('',(0.768615428592,0.645442230201));
#7569 = CARTESIAN_POINT('',(0.72672516288,0.577468106207));
#7570 = CARTESIAN_POINT('',(0.692969303155,0.507067973512));
#7571 = CARTESIAN_POINT('',(0.666073622172,0.434850978935));
#7572 = CARTESIAN_POINT('',(0.644416711945,0.358703010287));
#7573 = CARTESIAN_POINT('',(0.643682357366,0.356092822853));
#7574 = CARTESIAN_POINT('',(0.642955487493,0.353480993306));
#7575 = CARTESIAN_POINT('',(0.642236063451,0.350867543207));
#7576 = CARTESIAN_POINT('',(0.64152404696,0.348252493915));
#7577 = CARTESIAN_POINT('',(0.64081940033,0.345635866597));
#7578 = CARTESIAN_POINT('',(0.640122086453,0.34301768223));
#7579 = CARTESIAN_POINT('',(0.639432068799,0.340397961604));
#7580 = ( GEOMETRIC_REPRESENTATION_CONTEXT(2) 
PARAMETRIC_REPRESENTATION_CONTEXT() REPRESENTATION_CONTEXT('2D SPACE',''
  ) );
#7581 = FACE_BOUND('',#7582,.F.);
#7582 = EDGE_LOOP('',(#7583));
#7583 = ORIENTED_EDGE('',*,*,#7584,.T.);
#7584 = EDGE_CURVE('',#7585,#7585,#7587,.T.);
#7585 = VERTEX_POINT('',#7586);
#7586 = CARTESIAN_POINT('',(4.1,-72.2,25.));
#7587 = SURFACE_CURVE('',#7588,(#7593,#7604),.PCURVE_S1.);
#7588 = CIRCLE('',#7589,2.2);
#7589 = AXIS2_PLACEMENT_3D('',#7590,#7591,#7592);
#7590 = CARTESIAN_POINT('',(4.1,-70.,25.));
#7591 = DIRECTION('',(-1.,2.22044604925E-16,0.));
#7592 = DIRECTION('',(-2.22044604925E-16,-1.,0.));
#7593 = PCURVE('',#2077,#7594);
#7594 = DEFINITIONAL_REPRESENTATION('',(#7595),#7603);
#7595 = ( BOUNDED_CURVE() B_SPLINE_CURVE(2,(#7596,#7597,#7598,#7599,
#7600,#7601,#7602),.UNSPECIFIED.,.T.,.F.) B_SPLINE_CURVE_WITH_KNOTS((1,2
    ,2,2,2,1),(-2.094395102393,0.,2.094395102393,4.188790204786,
6.28318530718,8.377580409573),.UNSPECIFIED.) CURVE() 
GEOMETRIC_REPRESENTATION_ITEM() RATIONAL_B_SPLINE_CURVE((1.,0.5,1.,0.5,
1.,0.5,1.)) REPRESENTATION_ITEM('') );
#7596 = CARTESIAN_POINT('',(17.5,12.2));
#7597 = CARTESIAN_POINT('',(21.310511776652,12.2));
#7598 = CARTESIAN_POINT('',(19.405255888326,8.9));
#7599 = CARTESIAN_POINT('',(17.5,5.6));
#7600 = CARTESIAN_POINT('',(15.594744111674,8.9));
#7601 = CARTESIAN_POINT('',(13.689488223348,12.2));
#7602 = CARTESIAN_POINT('',(17.5,12.2));
#7603 = ( GEOMETRIC_REPRESENTATION_CONTEXT(2) 
PARAMETRIC_REPRESENTATION_CONTEXT() REPRESENTATION_CONTEXT('2D SPACE',''
  ) );
#7604 = PCURVE('',#7605,#7610);
#7605 = CYLINDRICAL_SURFACE('',#7606,2.2);
#7606 = AXIS2_PLACEMENT_3D('',#7607,#7608,#7609);
#7607 = CARTESIAN_POINT('',(-1.554312234475E-14,-70.,25.));
#7608 = DIRECTION('',(-1.,2.22044604925E-16,0.));
#7609 = DIRECTION('',(-2.22044604925E-16,-1.,0.));
#7610 = DEFINITIONAL_REPRESENTATION('',(#7611),#7615);
#7611 = LINE('',#7612,#7613);
#7612 = CARTESIAN_POINT('',(0.,-4.1));
#7613 = VECTOR('',#7614,1.);
#7614 = DIRECTION('',(1.,0.));
#7615 = ( GEOMETRIC_REPRESENTATION_CONTEXT(2) 
PARAMETRIC_REPRESENTATION_CONTEXT() REPRESENTATION_CONTEXT('2D SPACE',''
  ) );
#7616 = ADVANCED_FACE('',(#7617),#2105,.T.);
#7617 = FACE_BOUND('',#7618,.T.);
#7618 = EDGE_LOOP('',(#7619,#7642,#7643,#7644));
#7619 = ORIENTED_EDGE('',*,*,#7620,.F.);
#7620 = EDGE_CURVE('',#6753,#7621,#7623,.T.);
#7621 = VERTEX_POINT('',#7622);
#7622 = CARTESIAN_POINT('',(8.3,-60.,37.5));
#7623 = SURFACE_CURVE('',#7624,(#7628,#7635),.PCURVE_S1.);
#7624 = LINE('',#7625,#7626);
#7625 = CARTESIAN_POINT('',(4.1,-60.,37.5));
#7626 = VECTOR('',#7627,1.);
#7627 = DIRECTION('',(1.,-2.22044604925E-16,0.));
#7628 = PCURVE('',#2105,#7629);
#7629 = DEFINITIONAL_REPRESENTATION('',(#7630),#7634);
#7630 = LINE('',#7631,#7632);
#7631 = CARTESIAN_POINT('',(0.,0.));
#7632 = VECTOR('',#7633,1.);
#7633 = DIRECTION('',(0.,1.));
#7634 = ( GEOMETRIC_REPRESENTATION_CONTEXT(2) 
PARAMETRIC_REPRESENTATION_CONTEXT() REPRESENTATION_CONTEXT('2D SPACE',''
  ) );
#7635 = PCURVE('',#3886,#7636);
#7636 = DEFINITIONAL_REPRESENTATION('',(#7637),#7641);
#7637 = LINE('',#7638,#7639);
#7638 = CARTESIAN_POINT('',(30.,0.));
#7639 = VECTOR('',#7640,1.);
#7640 = DIRECTION('',(0.,-1.));
#7641 = ( GEOMETRIC_REPRESENTATION_CONTEXT(2) 
PARAMETRIC_REPRESENTATION_CONTEXT() REPRESENTATION_CONTEXT('2D SPACE',''
  ) );
#7642 = ORIENTED_EDGE('',*,*,#6775,.T.);
#7643 = ORIENTED_EDGE('',*,*,#2089,.T.);
#7644 = ORIENTED_EDGE('',*,*,#7645,.F.);
#7645 = EDGE_CURVE('',#7621,#2090,#7646,.T.);
#7646 = SURFACE_CURVE('',#7647,(#7651,#7658),.PCURVE_S1.);
#7647 = LINE('',#7648,#7649);
#7648 = CARTESIAN_POINT('',(8.3,-60.,37.5));
#7649 = VECTOR('',#7650,1.);
#7650 = DIRECTION('',(-2.22044604925E-16,-1.,0.));
#7651 = PCURVE('',#2105,#7652);
#7652 = DEFINITIONAL_REPRESENTATION('',(#7653),#7657);
#7653 = LINE('',#7654,#7655);
#7654 = CARTESIAN_POINT('',(-9.325873406851E-16,4.2));
#7655 = VECTOR('',#7656,1.);
#7656 = DIRECTION('',(1.,0.));
#7657 = ( GEOMETRIC_REPRESENTATION_CONTEXT(2) 
PARAMETRIC_REPRESENTATION_CONTEXT() REPRESENTATION_CONTEXT('2D SPACE',''
  ) );
#7658 = PCURVE('',#2133,#7659);
#7659 = DEFINITIONAL_REPRESENTATION('',(#7660),#7664);
#7660 = LINE('',#7661,#7662);
#7661 = CARTESIAN_POINT('',(30.,0.));
#7662 = VECTOR('',#7663,1.);
#7663 = DIRECTION('',(0.,1.));
#7664 = ( GEOMETRIC_REPRESENTATION_CONTEXT(2) 
PARAMETRIC_REPRESENTATION_CONTEXT() REPRESENTATION_CONTEXT('2D SPACE',''
  ) );
#7665 = ADVANCED_FACE('',(#7666,#7692),#2133,.T.);
#7666 = FACE_BOUND('',#7667,.T.);
#7667 = EDGE_LOOP('',(#7668,#7669,#7690,#7691));
#7668 = ORIENTED_EDGE('',*,*,#3898,.F.);
#7669 = ORIENTED_EDGE('',*,*,#7670,.T.);
#7670 = EDGE_CURVE('',#3871,#7621,#7671,.T.);
#7671 = SURFACE_CURVE('',#7672,(#7676,#7683),.PCURVE_S1.);
#7672 = LINE('',#7673,#7674);
#7673 = CARTESIAN_POINT('',(8.3,-60.,7.5));
#7674 = VECTOR('',#7675,1.);
#7675 = DIRECTION('',(0.,0.,1.));
#7676 = PCURVE('',#2133,#7677);
#7677 = DEFINITIONAL_REPRESENTATION('',(#7678),#7682);
#7678 = LINE('',#7679,#7680);
#7679 = CARTESIAN_POINT('',(0.,0.));
#7680 = VECTOR('',#7681,1.);
#7681 = DIRECTION('',(1.,0.));
#7682 = ( GEOMETRIC_REPRESENTATION_CONTEXT(2) 
PARAMETRIC_REPRESENTATION_CONTEXT() REPRESENTATION_CONTEXT('2D SPACE',''
  ) );
#7683 = PCURVE('',#3886,#7684);
#7684 = DEFINITIONAL_REPRESENTATION('',(#7685),#7689);
#7685 = LINE('',#7686,#7687);
#7686 = CARTESIAN_POINT('',(0.,-4.2));
#7687 = VECTOR('',#7688,1.);
#7688 = DIRECTION('',(1.,0.));
#7689 = ( GEOMETRIC_REPRESENTATION_CONTEXT(2) 
PARAMETRIC_REPRESENTATION_CONTEXT() REPRESENTATION_CONTEXT('2D SPACE',''
  ) );
#7690 = ORIENTED_EDGE('',*,*,#7645,.T.);
#7691 = ORIENTED_EDGE('',*,*,#2117,.F.);
#7692 = FACE_BOUND('',#7693,.T.);
#7693 = EDGE_LOOP('',(#7694));
#7694 = ORIENTED_EDGE('',*,*,#7695,.T.);
#7695 = EDGE_CURVE('',#7696,#7696,#7698,.T.);
#7696 = VERTEX_POINT('',#7697);
#7697 = CARTESIAN_POINT('',(8.3,-72.2,25.));
#7698 = SURFACE_CURVE('',#7699,(#7704,#7715),.PCURVE_S1.);
#7699 = CIRCLE('',#7700,2.2);
#7700 = AXIS2_PLACEMENT_3D('',#7701,#7702,#7703);
#7701 = CARTESIAN_POINT('',(8.3,-70.,25.));
#7702 = DIRECTION('',(-1.,2.22044604925E-16,0.));
#7703 = DIRECTION('',(-2.22044604925E-16,-1.,0.));
#7704 = PCURVE('',#2133,#7705);
#7705 = DEFINITIONAL_REPRESENTATION('',(#7706),#7714);
#7706 = ( BOUNDED_CURVE() B_SPLINE_CURVE(2,(#7707,#7708,#7709,#7710,
#7711,#7712,#7713),.UNSPECIFIED.,.T.,.F.) B_SPLINE_CURVE_WITH_KNOTS((1,2
    ,2,2,2,1),(-2.094395102393,0.,2.094395102393,4.188790204786,
6.28318530718,8.377580409573),.UNSPECIFIED.) CURVE() 
GEOMETRIC_REPRESENTATION_ITEM() RATIONAL_B_SPLINE_CURVE((1.,0.5,1.,0.5,
1.,0.5,1.)) REPRESENTATION_ITEM('') );
#7707 = CARTESIAN_POINT('',(17.5,12.2));
#7708 = CARTESIAN_POINT('',(21.310511776652,12.2));
#7709 = CARTESIAN_POINT('',(19.405255888326,8.9));
#7710 = CARTESIAN_POINT('',(17.5,5.6));
#7711 = CARTESIAN_POINT('',(15.594744111674,8.9));
#7712 = CARTESIAN_POINT('',(13.689488223348,12.2));
#7713 = CARTESIAN_POINT('',(17.5,12.2));
#7714 = ( GEOMETRIC_REPRESENTATION_CONTEXT(2) 
PARAMETRIC_REPRESENTATION_CONTEXT() REPRESENTATION_CONTEXT('2D SPACE',''
  ) );
#7715 = PCURVE('',#7605,#7716);
#7716 = DEFINITIONAL_REPRESENTATION('',(#7717),#7721);
#7717 = LINE('',#7718,#7719);
#7718 = CARTESIAN_POINT('',(0.,-8.3));
#7719 = VECTOR('',#7720,1.);
#7720 = DIRECTION('',(1.,0.));
#7721 = ( GEOMETRIC_REPRESENTATION_CONTEXT(2) 
PARAMETRIC_REPRESENTATION_CONTEXT() REPRESENTATION_CONTEXT('2D SPACE',''
  ) );
#7722 = ADVANCED_FACE('',(#7723,#7771),#2330,.F.);
#7723 = FACE_BOUND('',#7724,.F.);
#7724 = EDGE_LOOP('',(#7725,#7726,#7749,#7770));
#7725 = ORIENTED_EDGE('',*,*,#3624,.F.);
#7726 = ORIENTED_EDGE('',*,*,#7727,.T.);
#7727 = EDGE_CURVE('',#3625,#7728,#7730,.T.);
#7728 = VERTEX_POINT('',#7729);
#7729 = CARTESIAN_POINT('',(-60.,8.3,37.5));
#7730 = SURFACE_CURVE('',#7731,(#7735,#7742),.PCURVE_S1.);
#7731 = LINE('',#7732,#7733);
#7732 = CARTESIAN_POINT('',(-60.,8.3,7.5));
#7733 = VECTOR('',#7734,1.);
#7734 = DIRECTION('',(0.,0.,1.));
#7735 = PCURVE('',#2330,#7736);
#7736 = DEFINITIONAL_REPRESENTATION('',(#7737),#7741);
#7737 = LINE('',#7738,#7739);
#7738 = CARTESIAN_POINT('',(0.,0.));
#7739 = VECTOR('',#7740,1.);
#7740 = DIRECTION('',(1.,0.));
#7741 = ( GEOMETRIC_REPRESENTATION_CONTEXT(2) 
PARAMETRIC_REPRESENTATION_CONTEXT() REPRESENTATION_CONTEXT('2D SPACE',''
  ) );
#7742 = PCURVE('',#3663,#7743);
#7743 = DEFINITIONAL_REPRESENTATION('',(#7744),#7748);
#7744 = LINE('',#7745,#7746);
#7745 = CARTESIAN_POINT('',(0.,0.));
#7746 = VECTOR('',#7747,1.);
#7747 = DIRECTION('',(1.,0.));
#7748 = ( GEOMETRIC_REPRESENTATION_CONTEXT(2) 
PARAMETRIC_REPRESENTATION_CONTEXT() REPRESENTATION_CONTEXT('2D SPACE',''
  ) );
#7749 = ORIENTED_EDGE('',*,*,#7750,.T.);
#7750 = EDGE_CURVE('',#7728,#2315,#7751,.T.);
#7751 = SURFACE_CURVE('',#7752,(#7756,#7763),.PCURVE_S1.);
#7752 = LINE('',#7753,#7754);
#7753 = CARTESIAN_POINT('',(-60.,8.3,37.5));
#7754 = VECTOR('',#7755,1.);
#7755 = DIRECTION('',(-1.,1.224646799147E-16,0.));
#7756 = PCURVE('',#2330,#7757);
#7757 = DEFINITIONAL_REPRESENTATION('',(#7758),#7762);
#7758 = LINE('',#7759,#7760);
#7759 = CARTESIAN_POINT('',(30.,0.));
#7760 = VECTOR('',#7761,1.);
#7761 = DIRECTION('',(0.,1.));
#7762 = ( GEOMETRIC_REPRESENTATION_CONTEXT(2) 
PARAMETRIC_REPRESENTATION_CONTEXT() REPRESENTATION_CONTEXT('2D SPACE',''
  ) );
#7763 = PCURVE('',#2358,#7764);
#7764 = DEFINITIONAL_REPRESENTATION('',(#7765),#7769);
#7765 = LINE('',#7766,#7767);
#7766 = CARTESIAN_POINT('',(0.,0.));
#7767 = VECTOR('',#7768,1.);
#7768 = DIRECTION('',(1.,0.));
#7769 = ( GEOMETRIC_REPRESENTATION_CONTEXT(2) 
PARAMETRIC_REPRESENTATION_CONTEXT() REPRESENTATION_CONTEXT('2D SPACE',''
  ) );
#7770 = ORIENTED_EDGE('',*,*,#2314,.F.);
#7771 = FACE_BOUND('',#7772,.F.);
#7772 = EDGE_LOOP('',(#7773));
#7773 = ORIENTED_EDGE('',*,*,#7774,.F.);
#7774 = EDGE_CURVE('',#7775,#7775,#7777,.T.);
#7775 = VERTEX_POINT('',#7776);
#7776 = CARTESIAN_POINT('',(-72.2,8.3,25.));
#7777 = SURFACE_CURVE('',#7778,(#7783,#7790),.PCURVE_S1.);
#7778 = CIRCLE('',#7779,2.2);
#7779 = AXIS2_PLACEMENT_3D('',#7780,#7781,#7782);
#7780 = CARTESIAN_POINT('',(-70.,8.3,25.));
#7781 = DIRECTION('',(-1.224646799147E-16,-1.,0.));
#7782 = DIRECTION('',(-1.,1.224646799147E-16,0.));
#7783 = PCURVE('',#2330,#7784);
#7784 = DEFINITIONAL_REPRESENTATION('',(#7785),#7789);
#7785 = CIRCLE('',#7786,2.2);
#7786 = AXIS2_PLACEMENT_2D('',#7787,#7788);
#7787 = CARTESIAN_POINT('',(17.5,10.));
#7788 = DIRECTION('',(0.,1.));
#7789 = ( GEOMETRIC_REPRESENTATION_CONTEXT(2) 
PARAMETRIC_REPRESENTATION_CONTEXT() REPRESENTATION_CONTEXT('2D SPACE',''
  ) );
#7790 = PCURVE('',#7791,#7796);
#7791 = CYLINDRICAL_SURFACE('',#7792,2.2);
#7792 = AXIS2_PLACEMENT_3D('',#7793,#7794,#7795);
#7793 = CARTESIAN_POINT('',(-70.,8.572527594031E-15,25.));
#7794 = DIRECTION('',(-1.224646799147E-16,-1.,0.));
#7795 = DIRECTION('',(-1.,1.224646799147E-16,0.));
#7796 = DEFINITIONAL_REPRESENTATION('',(#7797),#7801);
#7797 = LINE('',#7798,#7799);
#7798 = CARTESIAN_POINT('',(-6.28318530718,-8.3));
#7799 = VECTOR('',#7800,1.);
#7800 = DIRECTION('',(1.,-0.));
#7801 = ( GEOMETRIC_REPRESENTATION_CONTEXT(2) 
PARAMETRIC_REPRESENTATION_CONTEXT() REPRESENTATION_CONTEXT('2D SPACE',''
  ) );
#7802 = ADVANCED_FACE('',(#7803),#2358,.T.);
#7803 = FACE_BOUND('',#7804,.T.);
#7804 = EDGE_LOOP('',(#7805,#7828,#7829,#7830));
#7805 = ORIENTED_EDGE('',*,*,#7806,.F.);
#7806 = EDGE_CURVE('',#7728,#7807,#7809,.T.);
#7807 = VERTEX_POINT('',#7808);
#7808 = CARTESIAN_POINT('',(-60.,4.1,37.5));
#7809 = SURFACE_CURVE('',#7810,(#7814,#7821),.PCURVE_S1.);
#7810 = LINE('',#7811,#7812);
#7811 = CARTESIAN_POINT('',(-60.,8.3,37.5));
#7812 = VECTOR('',#7813,1.);
#7813 = DIRECTION('',(-1.224646799147E-16,-1.,0.));
#7814 = PCURVE('',#2358,#7815);
#7815 = DEFINITIONAL_REPRESENTATION('',(#7816),#7820);
#7816 = LINE('',#7817,#7818);
#7817 = CARTESIAN_POINT('',(0.,0.));
#7818 = VECTOR('',#7819,1.);
#7819 = DIRECTION('',(0.,1.));
#7820 = ( GEOMETRIC_REPRESENTATION_CONTEXT(2) 
PARAMETRIC_REPRESENTATION_CONTEXT() REPRESENTATION_CONTEXT('2D SPACE',''
  ) );
#7821 = PCURVE('',#3663,#7822);
#7822 = DEFINITIONAL_REPRESENTATION('',(#7823),#7827);
#7823 = LINE('',#7824,#7825);
#7824 = CARTESIAN_POINT('',(30.,0.));
#7825 = VECTOR('',#7826,1.);
#7826 = DIRECTION('',(0.,-1.));
#7827 = ( GEOMETRIC_REPRESENTATION_CONTEXT(2) 
PARAMETRIC_REPRESENTATION_CONTEXT() REPRESENTATION_CONTEXT('2D SPACE',''
  ) );
#7828 = ORIENTED_EDGE('',*,*,#7750,.T.);
#7829 = ORIENTED_EDGE('',*,*,#2342,.T.);
#7830 = ORIENTED_EDGE('',*,*,#7831,.F.);
#7831 = EDGE_CURVE('',#7807,#2343,#7832,.T.);
#7832 = SURFACE_CURVE('',#7833,(#7837,#7844),.PCURVE_S1.);
#7833 = LINE('',#7834,#7835);
#7834 = CARTESIAN_POINT('',(-60.,4.1,37.5));
#7835 = VECTOR('',#7836,1.);
#7836 = DIRECTION('',(-1.,1.224646799147E-16,0.));
#7837 = PCURVE('',#2358,#7838);
#7838 = DEFINITIONAL_REPRESENTATION('',(#7839),#7843);
#7839 = LINE('',#7840,#7841);
#7840 = CARTESIAN_POINT('',(-5.143516556419E-16,4.2));
#7841 = VECTOR('',#7842,1.);
#7842 = DIRECTION('',(1.,0.));
#7843 = ( GEOMETRIC_REPRESENTATION_CONTEXT(2) 
PARAMETRIC_REPRESENTATION_CONTEXT() REPRESENTATION_CONTEXT('2D SPACE',''
  ) );
#7844 = PCURVE('',#2386,#7845);
#7845 = DEFINITIONAL_REPRESENTATION('',(#7846),#7850);
#7846 = LINE('',#7847,#7848);
#7847 = CARTESIAN_POINT('',(30.,0.));
#7848 = VECTOR('',#7849,1.);
#7849 = DIRECTION('',(0.,1.));
#7850 = ( GEOMETRIC_REPRESENTATION_CONTEXT(2) 
PARAMETRIC_REPRESENTATION_CONTEXT() REPRESENTATION_CONTEXT('2D SPACE',''
  ) );
#7851 = ADVANCED_FACE('',(#7852,#7878),#2386,.T.);
#7852 = FACE_BOUND('',#7853,.T.);
#7853 = EDGE_LOOP('',(#7854,#7855,#7876,#7877));
#7854 = ORIENTED_EDGE('',*,*,#3675,.F.);
#7855 = ORIENTED_EDGE('',*,*,#7856,.T.);
#7856 = EDGE_CURVE('',#3648,#7807,#7857,.T.);
#7857 = SURFACE_CURVE('',#7858,(#7862,#7869),.PCURVE_S1.);
#7858 = LINE('',#7859,#7860);
#7859 = CARTESIAN_POINT('',(-60.,4.1,7.5));
#7860 = VECTOR('',#7861,1.);
#7861 = DIRECTION('',(0.,0.,1.));
#7862 = PCURVE('',#2386,#7863);
#7863 = DEFINITIONAL_REPRESENTATION('',(#7864),#7868);
#7864 = LINE('',#7865,#7866);
#7865 = CARTESIAN_POINT('',(0.,0.));
#7866 = VECTOR('',#7867,1.);
#7867 = DIRECTION('',(1.,0.));
#7868 = ( GEOMETRIC_REPRESENTATION_CONTEXT(2) 
PARAMETRIC_REPRESENTATION_CONTEXT() REPRESENTATION_CONTEXT('2D SPACE',''
  ) );
#7869 = PCURVE('',#3663,#7870);
#7870 = DEFINITIONAL_REPRESENTATION('',(#7871),#7875);
#7871 = LINE('',#7872,#7873);
#7872 = CARTESIAN_POINT('',(0.,-4.2));
#7873 = VECTOR('',#7874,1.);
#7874 = DIRECTION('',(1.,0.));
#7875 = ( GEOMETRIC_REPRESENTATION_CONTEXT(2) 
PARAMETRIC_REPRESENTATION_CONTEXT() REPRESENTATION_CONTEXT('2D SPACE',''
  ) );
#7876 = ORIENTED_EDGE('',*,*,#7831,.T.);
#7877 = ORIENTED_EDGE('',*,*,#2370,.F.);
#7878 = FACE_BOUND('',#7879,.T.);
#7879 = EDGE_LOOP('',(#7880));
#7880 = ORIENTED_EDGE('',*,*,#7881,.F.);
#7881 = EDGE_CURVE('',#7882,#7882,#7884,.T.);
#7882 = VERTEX_POINT('',#7883);
#7883 = CARTESIAN_POINT('',(-72.2,4.1,25.));
#7884 = SURFACE_CURVE('',#7885,(#7890,#7897),.PCURVE_S1.);
#7885 = CIRCLE('',#7886,2.2);
#7886 = AXIS2_PLACEMENT_3D('',#7887,#7888,#7889);
#7887 = CARTESIAN_POINT('',(-70.,4.1,25.));
#7888 = DIRECTION('',(-1.224646799147E-16,-1.,0.));
#7889 = DIRECTION('',(-1.,1.224646799147E-16,0.));
#7890 = PCURVE('',#2386,#7891);
#7891 = DEFINITIONAL_REPRESENTATION('',(#7892),#7896);
#7892 = CIRCLE('',#7893,2.2);
#7893 = AXIS2_PLACEMENT_2D('',#7894,#7895);
#7894 = CARTESIAN_POINT('',(17.5,10.));
#7895 = DIRECTION('',(0.,1.));
#7896 = ( GEOMETRIC_REPRESENTATION_CONTEXT(2) 
PARAMETRIC_REPRESENTATION_CONTEXT() REPRESENTATION_CONTEXT('2D SPACE',''
  ) );
#7897 = PCURVE('',#7791,#7898);
#7898 = DEFINITIONAL_REPRESENTATION('',(#7899),#7903);
#7899 = LINE('',#7900,#7901);
#7900 = CARTESIAN_POINT('',(-6.28318530718,-4.1));
#7901 = VECTOR('',#7902,1.);
#7902 = DIRECTION('',(1.,-0.));
#7903 = ( GEOMETRIC_REPRESENTATION_CONTEXT(2) 
PARAMETRIC_REPRESENTATION_CONTEXT() REPRESENTATION_CONTEXT('2D SPACE',''
  ) );
#7904 = ADVANCED_FACE('',(#7905,#7953,#8738),#2437,.F.);
#7905 = FACE_BOUND('',#7906,.F.);
#7906 = EDGE_LOOP('',(#7907,#7908,#7931,#7952));
#7907 = ORIENTED_EDGE('',*,*,#3697,.F.);
#7908 = ORIENTED_EDGE('',*,*,#7909,.T.);
#7909 = EDGE_CURVE('',#3698,#7910,#7912,.T.);
#7910 = VERTEX_POINT('',#7911);
#7911 = CARTESIAN_POINT('',(-60.,-4.1,37.5));
#7912 = SURFACE_CURVE('',#7913,(#7917,#7924),.PCURVE_S1.);
#7913 = LINE('',#7914,#7915);
#7914 = CARTESIAN_POINT('',(-60.,-4.1,7.5));
#7915 = VECTOR('',#7916,1.);
#7916 = DIRECTION('',(0.,0.,1.));
#7917 = PCURVE('',#2437,#7918);
#7918 = DEFINITIONAL_REPRESENTATION('',(#7919),#7923);
#7919 = LINE('',#7920,#7921);
#7920 = CARTESIAN_POINT('',(0.,0.));
#7921 = VECTOR('',#7922,1.);
#7922 = DIRECTION('',(1.,0.));
#7923 = ( GEOMETRIC_REPRESENTATION_CONTEXT(2) 
PARAMETRIC_REPRESENTATION_CONTEXT() REPRESENTATION_CONTEXT('2D SPACE',''
  ) );
#7924 = PCURVE('',#3736,#7925);
#7925 = DEFINITIONAL_REPRESENTATION('',(#7926),#7930);
#7926 = LINE('',#7927,#7928);
#7927 = CARTESIAN_POINT('',(0.,0.));
#7928 = VECTOR('',#7929,1.);
#7929 = DIRECTION('',(1.,0.));
#7930 = ( GEOMETRIC_REPRESENTATION_CONTEXT(2) 
PARAMETRIC_REPRESENTATION_CONTEXT() REPRESENTATION_CONTEXT('2D SPACE',''
  ) );
#7931 = ORIENTED_EDGE('',*,*,#7932,.T.);
#7932 = EDGE_CURVE('',#7910,#2422,#7933,.T.);
#7933 = SURFACE_CURVE('',#7934,(#7938,#7945),.PCURVE_S1.);
#7934 = LINE('',#7935,#7936);
#7935 = CARTESIAN_POINT('',(-60.,-4.1,37.5));
#7936 = VECTOR('',#7937,1.);
#7937 = DIRECTION('',(-1.,1.224646799147E-16,0.));
#7938 = PCURVE('',#2437,#7939);
#7939 = DEFINITIONAL_REPRESENTATION('',(#7940),#7944);
#7940 = LINE('',#7941,#7942);
#7941 = CARTESIAN_POINT('',(30.,0.));
#7942 = VECTOR('',#7943,1.);
#7943 = DIRECTION('',(0.,1.));
#7944 = ( GEOMETRIC_REPRESENTATION_CONTEXT(2) 
PARAMETRIC_REPRESENTATION_CONTEXT() REPRESENTATION_CONTEXT('2D SPACE',''
  ) );
#7945 = PCURVE('',#2465,#7946);
#7946 = DEFINITIONAL_REPRESENTATION('',(#7947),#7951);
#7947 = LINE('',#7948,#7949);
#7948 = CARTESIAN_POINT('',(0.,0.));
#7949 = VECTOR('',#7950,1.);
#7950 = DIRECTION('',(1.,0.));
#7951 = ( GEOMETRIC_REPRESENTATION_CONTEXT(2) 
PARAMETRIC_REPRESENTATION_CONTEXT() REPRESENTATION_CONTEXT('2D SPACE',''
  ) );
#7952 = ORIENTED_EDGE('',*,*,#2421,.F.);
#7953 = FACE_BOUND('',#7954,.F.);
#7954 = EDGE_LOOP('',(#7955,#8055,#8160,#8253,#8358,#8456,#8547,#8640));
#7955 = ORIENTED_EDGE('',*,*,#7956,.F.);
#7956 = EDGE_CURVE('',#7957,#7959,#7961,.T.);
#7957 = VERTEX_POINT('',#7958);
#7958 = CARTESIAN_POINT('',(-68.96926522011,-4.1,17.170792056523));
#7959 = VERTEX_POINT('',#7960);
#7960 = CARTESIAN_POINT('',(-66.97803853221,-4.1,17.704339639493));
#7961 = SURFACE_CURVE('',#7962,(#7967,#7974),.PCURVE_S1.);
#7962 = CIRCLE('',#7963,1.322875655532);
#7963 = AXIS2_PLACEMENT_3D('',#7964,#7965,#7966);
#7964 = CARTESIAN_POINT('',(-68.18826668428,-4.1,18.238519215977));
#7965 = DIRECTION('',(-1.224646799147E-16,-1.,0.));
#7966 = DIRECTION('',(-0.59037940003,7.230062425296E-17,-0.807125866281)
  );
#7967 = PCURVE('',#2437,#7968);
#7968 = DEFINITIONAL_REPRESENTATION('',(#7969),#7973);
#7969 = CIRCLE('',#7970,1.322875655532);
#7970 = AXIS2_PLACEMENT_2D('',#7971,#7972);
#7971 = CARTESIAN_POINT('',(10.738519215977,8.188266684282));
#7972 = DIRECTION('',(-0.807125866281,0.59037940003));
#7973 = ( GEOMETRIC_REPRESENTATION_CONTEXT(2) 
PARAMETRIC_REPRESENTATION_CONTEXT() REPRESENTATION_CONTEXT('2D SPACE',''
  ) );
#7974 = PCURVE('',#7975,#7980);
#7975 = SPHERICAL_SURFACE('',#7976,1.6);
#7976 = AXIS2_PLACEMENT_3D('',#7977,#7978,#7979);
#7977 = CARTESIAN_POINT('',(-68.18826668428,-3.2,18.238519215977));
#7978 = DIRECTION('',(0.,0.,1.));
#7979 = DIRECTION('',(-1.,1.224646799147E-16,0.));
#7980 = DEFINITIONAL_REPRESENTATION('',(#7981),#8054);
#7981 = B_SPLINE_CURVE_WITH_KNOTS('',8,(#7982,#7983,#7984,#7985,#7986,
    #7987,#7988,#7989,#7990,#7991,#7992,#7993,#7994,#7995,#7996,#7997,
    #7998,#7999,#8000,#8001,#8002,#8003,#8004,#8005,#8006,#8007,#8008,
    #8009,#8010,#8011,#8012,#8013,#8014,#8015,#8016,#8017,#8018,#8019,
    #8020,#8021,#8022,#8023,#8024,#8025,#8026,#8027,#8028,#8029,#8030,
    #8031,#8032,#8033,#8034,#8035,#8036,#8037,#8038,#8039,#8040,#8041,
    #8042,#8043,#8044,#8045,#8046,#8047,#8048,#8049,#8050,#8051,#8052,
    #8053),.UNSPECIFIED.,.F.,.F.,(9,7,7,7,7,7,7,7,7,7,9),(0.,
    0.3202265969,0.751838456867,1.129498834337,1.790404494911,
    2.781762985771,3.277442231201,3.525281853916,3.773121476632,
    4.16582055833,4.666449687472),.UNSPECIFIED.);
#7982 = CARTESIAN_POINT('',(0.856072401046,-0.730617259711));
#7983 = CARTESIAN_POINT('',(0.883161514052,-0.756852179937));
#7984 = CARTESIAN_POINT('',(0.912612574828,-0.78215113868));
#7985 = CARTESIAN_POINT('',(0.944606142431,-0.806389593537));
#7986 = CARTESIAN_POINT('',(0.979322540012,-0.829424984145));
#7987 = CARTESIAN_POINT('',(1.016926990119,-0.851094860171));
#7988 = CARTESIAN_POINT('',(1.057541576544,-0.871216590287));
#7989 = CARTESIAN_POINT('',(1.101193455168,-0.889591930865));
#7990 = CARTESIAN_POINT('',(1.210529438453,-0.928173353764));
#7991 = CARTESIAN_POINT('',(1.278596126813,-0.946793168568));
#7992 = CARTESIAN_POINT('',(1.351669596544,-0.961402161822));
#7993 = CARTESIAN_POINT('',(1.428981435428,-0.971531257276));
#7994 = CARTESIAN_POINT('',(1.509107380903,-0.976767639109));
#7995 = CARTESIAN_POINT('',(1.589788031301,-0.976956167367));
#7996 = CARTESIAN_POINT('',(1.669060110494,-0.972219515911));
#7997 = CARTESIAN_POINT('',(1.812219794385,-0.954645197063));
#7998 = CARTESIAN_POINT('',(1.876792349314,-0.942894455429));
#7999 = CARTESIAN_POINT('',(1.938119070478,-0.9277874326));
#8000 = CARTESIAN_POINT('',(1.995471156264,-0.909623232542));
#8001 = CARTESIAN_POINT('',(2.048549304128,-0.888746861669));
#8002 = CARTESIAN_POINT('',(2.097367941613,-0.865496790989));
#8003 = CARTESIAN_POINT('',(2.142075430064,-0.840174326426));
#8004 = CARTESIAN_POINT('',(2.254369802057,-0.765579523231));
#8005 = CARTESIAN_POINT('',(2.313967159713,-0.712588021205));
#8006 = CARTESIAN_POINT('',(2.362962775818,-0.655514853047));
#8007 = CARTESIAN_POINT('',(2.403361801222,-0.595457942752));
#8008 = CARTESIAN_POINT('',(2.436579231873,-0.533127727672));
#8009 = CARTESIAN_POINT('',(2.463745233429,-0.469078398312));
#8010 = CARTESIAN_POINT('',(2.485672829128,-0.403720021427));
#8011 = CARTESIAN_POINT('',(2.528862164464,-0.237893676731));
#8012 = CARTESIAN_POINT('',(2.54430817246,-0.136210081002));
#8013 = CARTESIAN_POINT('',(2.551264924762,-3.347192566327E-02));
#8014 = CARTESIAN_POINT('',(2.550507288932,6.959134517753E-02));
#8015 = CARTESIAN_POINT('',(2.542068083678,0.17230713742));
#8016 = CARTESIAN_POINT('',(2.525307297184,0.273962917581));
#8017 = CARTESIAN_POINT('',(2.498636405897,0.373658812623));
#8018 = CARTESIAN_POINT('',(2.43909944262,0.517883857296));
#8019 = CARTESIAN_POINT('',(2.415998692347,0.565072209334));
#8020 = CARTESIAN_POINT('',(2.389257340039,0.611176280532));
#8021 = CARTESIAN_POINT('',(2.358389814676,0.65595186271));
#8022 = CARTESIAN_POINT('',(2.322822815323,0.699100699849));
#8023 = CARTESIAN_POINT('',(2.281858844724,0.740237630578));
#8024 = CARTESIAN_POINT('',(2.234735396582,0.778862042876));
#8025 = CARTESIAN_POINT('',(2.154018678994,0.832114008177));
#8026 = CARTESIAN_POINT('',(2.125441079551,0.849083941329));
#8027 = CARTESIAN_POINT('',(2.095126378506,0.865196905619));
#8028 = CARTESIAN_POINT('',(2.063022498611,0.880370278965));
#8029 = CARTESIAN_POINT('',(2.02910345716,0.894515241871));
#8030 = CARTESIAN_POINT('',(1.993382328898,0.907538896315));
#8031 = CARTESIAN_POINT('',(1.95592407475,0.919348325773));
#8032 = CARTESIAN_POINT('',(1.877792397952,0.940364866997));
#8033 = CARTESIAN_POINT('',(1.837118839275,0.949571888537));
#8034 = CARTESIAN_POINT('',(1.794965871151,0.957391216966));
#8035 = CARTESIAN_POINT('',(1.751523577571,0.963741127419));
#8036 = CARTESIAN_POINT('',(1.707051178035,0.968553022571));
#8037 = CARTESIAN_POINT('',(1.661868645118,0.971777761653));
#8038 = CARTESIAN_POINT('',(1.616332577262,0.97338991015));
#8039 = CARTESIAN_POINT('',(1.498644652471,0.97338991015));
#8040 = CARTESIAN_POINT('',(1.4264932203,0.969342164704));
#8041 = CARTESIAN_POINT('',(1.35574957305,0.961247109829));
#8042 = CARTESIAN_POINT('',(1.287831666602,0.949258406267));
#8043 = CARTESIAN_POINT('',(1.223810629943,0.933693645588));
#8044 = CARTESIAN_POINT('',(1.164161904882,0.914929592137));
#8045 = CARTESIAN_POINT('',(1.109050921052,0.893340145546));
#8046 = CARTESIAN_POINT('',(0.993857933911,0.838595229225));
#8047 = CARTESIAN_POINT('',(0.936572240303,0.803891494493));
#8048 = CARTESIAN_POINT('',(0.886433507808,0.765888381422));
#8049 = CARTESIAN_POINT('',(0.842719639581,0.725238840762));
#8050 = CARTESIAN_POINT('',(0.804648963509,0.682448033186));
#8051 = CARTESIAN_POINT('',(0.771518790137,0.637912272065));
#8052 = CARTESIAN_POINT('',(0.742730925271,0.591947398186));
#8053 = CARTESIAN_POINT('',(0.717788916358,0.544809259126));
#8054 = ( GEOMETRIC_REPRESENTATION_CONTEXT(2) 
PARAMETRIC_REPRESENTATION_CONTEXT() REPRESENTATION_CONTEXT('2D SPACE',''
  ) );
#8055 = ORIENTED_EDGE('',*,*,#8056,.F.);
#8056 = EDGE_CURVE('',#8057,#7957,#8059,.T.);
#8057 = VERTEX_POINT('',#8058);
#8058 = CARTESIAN_POINT('',(-69.21900146417,-4.1,19.067727159454));
#8059 = SURFACE_CURVE('',#8060,(#8065,#8072),.PCURVE_S1.);
#8060 = CIRCLE('',#8061,1.322875655532);
#8061 = AXIS2_PLACEMENT_3D('',#8062,#8063,#8064);
#8062 = CARTESIAN_POINT('',(-70.,-4.1,18.));
#8063 = DIRECTION('',(-1.224646799147E-16,-1.,0.));
#8064 = DIRECTION('',(0.59037940003,-7.230062425296E-17,0.807125866281)
  );
#8065 = PCURVE('',#2437,#8066);
#8066 = DEFINITIONAL_REPRESENTATION('',(#8067),#8071);
#8067 = CIRCLE('',#8068,1.322875655532);
#8068 = AXIS2_PLACEMENT_2D('',#8069,#8070);
#8069 = CARTESIAN_POINT('',(10.5,10.));
#8070 = DIRECTION('',(0.807125866281,-0.59037940003));
#8071 = ( GEOMETRIC_REPRESENTATION_CONTEXT(2) 
PARAMETRIC_REPRESENTATION_CONTEXT() REPRESENTATION_CONTEXT('2D SPACE',''
  ) );
#8072 = PCURVE('',#8073,#8078);
#8073 = SPHERICAL_SURFACE('',#8074,1.6);
#8074 = AXIS2_PLACEMENT_3D('',#8075,#8076,#8077);
#8075 = CARTESIAN_POINT('',(-70.,-3.2,18.));
#8076 = DIRECTION('',(0.,0.,1.));
#8077 = DIRECTION('',(-1.,1.224646799147E-16,0.));
#8078 = DEFINITIONAL_REPRESENTATION('',(#8079),#8159);
#8079 = B_SPLINE_CURVE_WITH_KNOTS('',8,(#8080,#8081,#8082,#8083,#8084,
    #8085,#8086,#8087,#8088,#8089,#8090,#8091,#8092,#8093,#8094,#8095,
    #8096,#8097,#8098,#8099,#8100,#8101,#8102,#8103,#8104,#8105,#8106,
    #8107,#8108,#8109,#8110,#8111,#8112,#8113,#8114,#8115,#8116,#8117,
    #8118,#8119,#8120,#8121,#8122,#8123,#8124,#8125,#8126,#8127,#8128,
    #8129,#8130,#8131,#8132,#8133,#8134,#8135,#8136,#8137,#8138,#8139,
    #8140,#8141,#8142,#8143,#8144,#8145,#8146,#8147,#8148,#8149,#8150,
    #8151,#8152,#8153,#8154,#8155,#8156,#8157,#8158),.UNSPECIFIED.,.F.,
  .F.,(9,7,7,7,7,7,7,7,7,7,7,9),(0.,0.135849577612,0.383689200327,
    0.631528823042,1.02422790474,1.760538682926,2.404810613838,
    2.968548553386,3.46181925049,3.893431110456,4.271091487927,
    4.666449687472),.UNSPECIFIED.);
#8080 = CARTESIAN_POINT('',(2.285520288893,0.730617272491));
#8081 = CARTESIAN_POINT('',(2.274028294465,0.741746901684));
#8082 = CARTESIAN_POINT('',(2.262111208022,0.752708081579));
#8083 = CARTESIAN_POINT('',(2.249755240726,0.763491302745));
#8084 = CARTESIAN_POINT('',(2.236946617814,0.774086474117));
#8085 = CARTESIAN_POINT('',(2.223671786459,0.784482898565));
#8086 = CARTESIAN_POINT('',(2.209917691839,0.794669255976));
#8087 = CARTESIAN_POINT('',(2.195672138174,0.804633597312));
#8088 = CARTESIAN_POINT('',(2.154018678994,0.832114008177));
#8089 = CARTESIAN_POINT('',(2.125441079551,0.849083941329));
#8090 = CARTESIAN_POINT('',(2.095126378506,0.865196905619));
#8091 = CARTESIAN_POINT('',(2.063022498611,0.880370278965));
#8092 = CARTESIAN_POINT('',(2.02910345716,0.894515241871));
#8093 = CARTESIAN_POINT('',(1.993382328898,0.907538896315));
#8094 = CARTESIAN_POINT('',(1.95592407475,0.919348325773));
#8095 = CARTESIAN_POINT('',(1.877792397952,0.940364866997));
#8096 = CARTESIAN_POINT('',(1.837118839275,0.949571888537));
#8097 = CARTESIAN_POINT('',(1.794965871151,0.957391216966));
#8098 = CARTESIAN_POINT('',(1.751523577571,0.963741127419));
#8099 = CARTESIAN_POINT('',(1.707051178035,0.968553022571));
#8100 = CARTESIAN_POINT('',(1.661868645118,0.971777761653));
#8101 = CARTESIAN_POINT('',(1.616332577262,0.97338991015));
#8102 = CARTESIAN_POINT('',(1.498644652471,0.97338991015));
#8103 = CARTESIAN_POINT('',(1.4264932203,0.969342164704));
#8104 = CARTESIAN_POINT('',(1.35574957305,0.961247109829));
#8105 = CARTESIAN_POINT('',(1.287831666602,0.949258406267));
#8106 = CARTESIAN_POINT('',(1.223810629943,0.933693645588));
#8107 = CARTESIAN_POINT('',(1.164161904882,0.914929592137));
#8108 = CARTESIAN_POINT('',(1.109050921052,0.893340145546));
#8109 = CARTESIAN_POINT('',(0.963467229981,0.824152192502));
#8110 = CARTESIAN_POINT('',(0.884246462217,0.770324611387));
#8111 = CARTESIAN_POINT('',(0.820360990184,0.71009804328));
#8112 = CARTESIAN_POINT('',(0.768615428592,0.645442230201));
#8113 = CARTESIAN_POINT('',(0.72672516288,0.577468106207));
#8114 = CARTESIAN_POINT('',(0.692969303155,0.507067973512));
#8115 = CARTESIAN_POINT('',(0.666073622172,0.434850978935));
#8116 = CARTESIAN_POINT('',(0.626857938173,0.296964519402));
#8117 = CARTESIAN_POINT('',(0.613135820966,0.231605023866));
#8118 = CARTESIAN_POINT('',(0.603399677573,0.165559669997));
#8119 = CARTESIAN_POINT('',(0.597279469749,9.908063569156E-02));
#8120 = CARTESIAN_POINT('',(0.59457336436,3.23783832312E-02));
#8121 = CARTESIAN_POINT('',(0.59521979129,-3.435086591052E-02));
#8122 = CARTESIAN_POINT('',(0.599295877399,-0.100902910688));
#8123 = CARTESIAN_POINT('',(0.613820338296,-0.224926086655));
#8124 = CARTESIAN_POINT('',(0.623408698424,-0.282492173768));
#8125 = CARTESIAN_POINT('',(0.635967321264,-0.339592268369));
#8126 = CARTESIAN_POINT('',(0.65175683428,-0.396054164146));
#8127 = CARTESIAN_POINT('',(0.671138666619,-0.451675006268));
#8128 = CARTESIAN_POINT('',(0.694614044366,-0.506203639139));
#8129 = CARTESIAN_POINT('',(0.722858760308,-0.559311912469));
#8130 = CARTESIAN_POINT('',(0.78633106482,-0.655380545119));
#8131 = CARTESIAN_POINT('',(0.82024456444,-0.698779576719));
#8132 = CARTESIAN_POINT('',(0.859008604801,-0.74044351915));
#8133 = CARTESIAN_POINT('',(0.903283985555,-0.779997954273));
#8134 = CARTESIAN_POINT('',(0.953764783789,-0.816975770244));
#8135 = CARTESIAN_POINT('',(1.01121615957,-0.85079000345));
#8136 = CARTESIAN_POINT('',(1.076028545506,-0.880711981258));
#8137 = CARTESIAN_POINT('',(1.210529438453,-0.928173353764));
#8138 = CARTESIAN_POINT('',(1.278596126813,-0.946793168568));
#8139 = CARTESIAN_POINT('',(1.351669596544,-0.961402161822));
#8140 = CARTESIAN_POINT('',(1.428981435428,-0.971531257276));
#8141 = CARTESIAN_POINT('',(1.509107380903,-0.976767639109));
#8142 = CARTESIAN_POINT('',(1.589788031301,-0.976956167367));
#8143 = CARTESIAN_POINT('',(1.669060110494,-0.972219515911));
#8144 = CARTESIAN_POINT('',(1.812219794385,-0.954645197063));
#8145 = CARTESIAN_POINT('',(1.876792349314,-0.942894455429));
#8146 = CARTESIAN_POINT('',(1.938119070478,-0.9277874326));
#8147 = CARTESIAN_POINT('',(1.995471156264,-0.909623232542));
#8148 = CARTESIAN_POINT('',(2.048549304128,-0.888746861669));
#8149 = CARTESIAN_POINT('',(2.097367941613,-0.865496790989));
#8150 = CARTESIAN_POINT('',(2.142075430064,-0.840174326426));
#8151 = CARTESIAN_POINT('',(2.225657631354,-0.784652417846));
#8152 = CARTESIAN_POINT('',(2.264160434332,-0.754279808282));
#8153 = CARTESIAN_POINT('',(2.298688087648,-0.722239463136));
#8154 = CARTESIAN_POINT('',(2.329605822651,-0.688795872155));
#8155 = CARTESIAN_POINT('',(2.35727195277,-0.654166219611));
#8156 = CARTESIAN_POINT('',(2.382010794785,-0.618529596083));
#8157 = CARTESIAN_POINT('',(2.404106524757,-0.582035289695));
#8158 = CARTESIAN_POINT('',(2.423803743136,-0.54480925863));
#8159 = ( GEOMETRIC_REPRESENTATION_CONTEXT(2) 
PARAMETRIC_REPRESENTATION_CONTEXT() REPRESENTATION_CONTEXT('2D SPACE',''
  ) );
#8160 = ORIENTED_EDGE('',*,*,#8161,.F.);
#8161 = EDGE_CURVE('',#8162,#8057,#8164,.T.);
#8162 = VERTEX_POINT('',#8163);
#8163 = CARTESIAN_POINT('',(-67.71022815207,-4.1,19.472001749992));
#8164 = SURFACE_CURVE('',#8165,(#8170,#8177),.PCURVE_S1.);
#8165 = CIRCLE('',#8166,1.322875655532);
#8166 = AXIS2_PLACEMENT_3D('',#8167,#8168,#8169);
#8167 = CARTESIAN_POINT('',(-68.18826668428,-4.1,18.238519215977));
#8168 = DIRECTION('',(-1.224646799147E-16,-1.,0.));
#8169 = DIRECTION('',(-0.59037940003,7.230062425296E-17,-0.807125866281)
  );
#8170 = PCURVE('',#2437,#8171);
#8171 = DEFINITIONAL_REPRESENTATION('',(#8172),#8176);
#8172 = CIRCLE('',#8173,1.322875655532);
#8173 = AXIS2_PLACEMENT_2D('',#8174,#8175);
#8174 = CARTESIAN_POINT('',(10.738519215977,8.188266684282));
#8175 = DIRECTION('',(-0.807125866281,0.59037940003));
#8176 = ( GEOMETRIC_REPRESENTATION_CONTEXT(2) 
PARAMETRIC_REPRESENTATION_CONTEXT() REPRESENTATION_CONTEXT('2D SPACE',''
  ) );
#8177 = PCURVE('',#7975,#8178);
#8178 = DEFINITIONAL_REPRESENTATION('',(#8179),#8252);
#8179 = B_SPLINE_CURVE_WITH_KNOTS('',8,(#8180,#8181,#8182,#8183,#8184,
    #8185,#8186,#8187,#8188,#8189,#8190,#8191,#8192,#8193,#8194,#8195,
    #8196,#8197,#8198,#8199,#8200,#8201,#8202,#8203,#8204,#8205,#8206,
    #8207,#8208,#8209,#8210,#8211,#8212,#8213,#8214,#8215,#8216,#8217,
    #8218,#8219,#8220,#8221,#8222,#8223,#8224,#8225,#8226,#8227,#8228,
    #8229,#8230,#8231,#8232,#8233,#8234,#8235,#8236,#8237,#8238,#8239,
    #8240,#8241,#8242,#8243,#8244,#8245,#8246,#8247,#8248,#8249,#8250,
    #8251),.UNSPECIFIED.,.F.,.F.,(9,7,7,7,7,7,7,7,7,7,9),(0.,
    0.3202265969,0.751838456867,1.129498834337,1.790404494911,
    2.781762985771,3.277442231201,3.525281853916,3.773121476632,
    4.16582055833,4.666449687472),.UNSPECIFIED.);
#8180 = CARTESIAN_POINT('',(0.856072401046,-0.730617259711));
#8181 = CARTESIAN_POINT('',(0.883161514052,-0.756852179937));
#8182 = CARTESIAN_POINT('',(0.912612574828,-0.78215113868));
#8183 = CARTESIAN_POINT('',(0.944606142431,-0.806389593537));
#8184 = CARTESIAN_POINT('',(0.979322540012,-0.829424984145));
#8185 = CARTESIAN_POINT('',(1.016926990119,-0.851094860171));
#8186 = CARTESIAN_POINT('',(1.057541576544,-0.871216590287));
#8187 = CARTESIAN_POINT('',(1.101193455168,-0.889591930865));
#8188 = CARTESIAN_POINT('',(1.210529438453,-0.928173353764));
#8189 = CARTESIAN_POINT('',(1.278596126813,-0.946793168568));
#8190 = CARTESIAN_POINT('',(1.351669596544,-0.961402161822));
#8191 = CARTESIAN_POINT('',(1.428981435428,-0.971531257276));
#8192 = CARTESIAN_POINT('',(1.509107380903,-0.976767639109));
#8193 = CARTESIAN_POINT('',(1.589788031301,-0.976956167367));
#8194 = CARTESIAN_POINT('',(1.669060110494,-0.972219515911));
#8195 = CARTESIAN_POINT('',(1.812219794385,-0.954645197063));
#8196 = CARTESIAN_POINT('',(1.876792349314,-0.942894455429));
#8197 = CARTESIAN_POINT('',(1.938119070478,-0.9277874326));
#8198 = CARTESIAN_POINT('',(1.995471156264,-0.909623232542));
#8199 = CARTESIAN_POINT('',(2.048549304128,-0.888746861669));
#8200 = CARTESIAN_POINT('',(2.097367941613,-0.865496790989));
#8201 = CARTESIAN_POINT('',(2.142075430064,-0.840174326426));
#8202 = CARTESIAN_POINT('',(2.254369802057,-0.765579523231));
#8203 = CARTESIAN_POINT('',(2.313967159713,-0.712588021205));
#8204 = CARTESIAN_POINT('',(2.362962775818,-0.655514853047));
#8205 = CARTESIAN_POINT('',(2.403361801222,-0.595457942752));
#8206 = CARTESIAN_POINT('',(2.436579231873,-0.533127727672));
#8207 = CARTESIAN_POINT('',(2.463745233429,-0.469078398312));
#8208 = CARTESIAN_POINT('',(2.485672829128,-0.403720021427));
#8209 = CARTESIAN_POINT('',(2.528862164464,-0.237893676731));
#8210 = CARTESIAN_POINT('',(2.54430817246,-0.136210081002));
#8211 = CARTESIAN_POINT('',(2.551264924762,-3.347192566327E-02));
#8212 = CARTESIAN_POINT('',(2.550507288932,6.959134517753E-02));
#8213 = CARTESIAN_POINT('',(2.542068083678,0.17230713742));
#8214 = CARTESIAN_POINT('',(2.525307297184,0.273962917581));
#8215 = CARTESIAN_POINT('',(2.498636405897,0.373658812623));
#8216 = CARTESIAN_POINT('',(2.43909944262,0.517883857296));
#8217 = CARTESIAN_POINT('',(2.415998692347,0.565072209334));
#8218 = CARTESIAN_POINT('',(2.389257340039,0.611176280532));
#8219 = CARTESIAN_POINT('',(2.358389814676,0.65595186271));
#8220 = CARTESIAN_POINT('',(2.322822815323,0.699100699849));
#8221 = CARTESIAN_POINT('',(2.281858844724,0.740237630578));
#8222 = CARTESIAN_POINT('',(2.234735396582,0.778862042876));
#8223 = CARTESIAN_POINT('',(2.154018678994,0.832114008177));
#8224 = CARTESIAN_POINT('',(2.125441079551,0.849083941329));
#8225 = CARTESIAN_POINT('',(2.095126378506,0.865196905619));
#8226 = CARTESIAN_POINT('',(2.063022498611,0.880370278965));
#8227 = CARTESIAN_POINT('',(2.02910345716,0.894515241871));
#8228 = CARTESIAN_POINT('',(1.993382328898,0.907538896315));
#8229 = CARTESIAN_POINT('',(1.95592407475,0.919348325773));
#8230 = CARTESIAN_POINT('',(1.877792397952,0.940364866997));
#8231 = CARTESIAN_POINT('',(1.837118839275,0.949571888537));
#8232 = CARTESIAN_POINT('',(1.794965871151,0.957391216966));
#8233 = CARTESIAN_POINT('',(1.751523577571,0.963741127419));
#8234 = CARTESIAN_POINT('',(1.707051178035,0.968553022571));
#8235 = CARTESIAN_POINT('',(1.661868645118,0.971777761653));
#8236 = CARTESIAN_POINT('',(1.616332577262,0.97338991015));
#8237 = CARTESIAN_POINT('',(1.498644652471,0.97338991015));
#8238 = CARTESIAN_POINT('',(1.4264932203,0.969342164704));
#8239 = CARTESIAN_POINT('',(1.35574957305,0.961247109829));
#8240 = CARTESIAN_POINT('',(1.287831666602,0.949258406267));
#8241 = CARTESIAN_POINT('',(1.223810629943,0.933693645588));
#8242 = CARTESIAN_POINT('',(1.164161904882,0.914929592137));
#8243 = CARTESIAN_POINT('',(1.109050921052,0.893340145546));
#8244 = CARTESIAN_POINT('',(0.993857933911,0.838595229225));
#8245 = CARTESIAN_POINT('',(0.936572240303,0.803891494493));
#8246 = CARTESIAN_POINT('',(0.886433507808,0.765888381422));
#8247 = CARTESIAN_POINT('',(0.842719639581,0.725238840762));
#8248 = CARTESIAN_POINT('',(0.804648963509,0.682448033186));
#8249 = CARTESIAN_POINT('',(0.771518790137,0.637912272065));
#8250 = CARTESIAN_POINT('',(0.742730925271,0.591947398186));
#8251 = CARTESIAN_POINT('',(0.717788916358,0.544809259126));
#8252 = ( GEOMETRIC_REPRESENTATION_CONTEXT(2) 
PARAMETRIC_REPRESENTATION_CONTEXT() REPRESENTATION_CONTEXT('2D SPACE',''
  ) );
#8253 = ORIENTED_EDGE('',*,*,#8254,.F.);
#8254 = EDGE_CURVE('',#8255,#8162,#8257,.T.);
#8255 = VERTEX_POINT('',#8256);
#8256 = CARTESIAN_POINT('',(-66.35749900738,-4.1,20.25300028582));
#8257 = SURFACE_CURVE('',#8258,(#8263,#8270),.PCURVE_S1.);
#8258 = CIRCLE('',#8259,1.322875655532);
#8259 = AXIS2_PLACEMENT_3D('',#8260,#8261,#8262);
#8260 = CARTESIAN_POINT('',(-66.5,-4.1,18.937822173509));
#8261 = DIRECTION('',(-1.224646799147E-16,-1.,-6.162975822039E-33));
#8262 = DIRECTION('',(-0.36136316381,4.425422418895E-17,-0.932425151871)
  );
#8263 = PCURVE('',#2437,#8264);
#8264 = DEFINITIONAL_REPRESENTATION('',(#8265),#8269);
#8265 = CIRCLE('',#8266,1.322875655532);
#8266 = AXIS2_PLACEMENT_2D('',#8267,#8268);
#8267 = CARTESIAN_POINT('',(11.437822173509,6.5));
#8268 = DIRECTION('',(-0.932425151871,0.36136316381));
#8269 = ( GEOMETRIC_REPRESENTATION_CONTEXT(2) 
PARAMETRIC_REPRESENTATION_CONTEXT() REPRESENTATION_CONTEXT('2D SPACE',''
  ) );
#8270 = PCURVE('',#8271,#8276);
#8271 = SPHERICAL_SURFACE('',#8272,1.6);
#8272 = AXIS2_PLACEMENT_3D('',#8273,#8274,#8275);
#8273 = CARTESIAN_POINT('',(-66.5,-3.2,18.937822173509));
#8274 = DIRECTION('',(0.,0.,1.));
#8275 = DIRECTION('',(-1.,1.224646799147E-16,0.));
#8276 = DEFINITIONAL_REPRESENTATION('',(#8277),#8357);
#8277 = B_SPLINE_CURVE_WITH_KNOTS('',8,(#8278,#8279,#8280,#8281,#8282,
    #8283,#8284,#8285,#8286,#8287,#8288,#8289,#8290,#8291,#8292,#8293,
    #8294,#8295,#8296,#8297,#8298,#8299,#8300,#8301,#8302,#8303,#8304,
    #8305,#8306,#8307,#8308,#8309,#8310,#8311,#8312,#8313,#8314,#8315,
    #8316,#8317,#8318,#8319,#8320,#8321,#8322,#8323,#8324,#8325,#8326,
    #8327,#8328,#8329,#8330,#8331,#8332,#8333,#8334,#8335,#8336,#8337,
    #8338,#8339,#8340,#8341,#8342,#8343,#8344,#8345,#8346,#8347,#8348,
    #8349,#8350,#8351,#8352,#8353,#8354,#8355,#8356),.UNSPECIFIED.,.F.,
  .F.,(9,7,7,7,7,7,7,7,7,7,7,9),(0.,5.842720910105E-02,0.490039069067,
    0.867699446538,1.528605107112,2.519963597972,3.015642843402,
    3.263482466117,3.511322088832,3.904021170531,4.640331948716,
    4.666449687472),.UNSPECIFIED.);
#8278 = CARTESIAN_POINT('',(1.082537306733,-0.880294652603));
#8279 = CARTESIAN_POINT('',(1.090344325328,-0.88372059853));
#8280 = CARTESIAN_POINT('',(1.098250595355,-0.887088995485));
#8281 = CARTESIAN_POINT('',(1.10625609805,-0.890398671643));
#8282 = CARTESIAN_POINT('',(1.114360692989,-0.893648445859));
#8283 = CARTESIAN_POINT('',(1.122564107979,-0.896837129957));
#8284 = CARTESIAN_POINT('',(1.130865928647,-0.899963531389));
#8285 = CARTESIAN_POINT('',(1.139265587854,-0.903026456331));
#8286 = CARTESIAN_POINT('',(1.210529438453,-0.928173353764));
#8287 = CARTESIAN_POINT('',(1.278596126813,-0.946793168568));
#8288 = CARTESIAN_POINT('',(1.351669596544,-0.961402161822));
#8289 = CARTESIAN_POINT('',(1.428981435428,-0.971531257276));
#8290 = CARTESIAN_POINT('',(1.509107380903,-0.976767639109));
#8291 = CARTESIAN_POINT('',(1.589788031301,-0.976956167367));
#8292 = CARTESIAN_POINT('',(1.669060110494,-0.972219515911));
#8293 = CARTESIAN_POINT('',(1.812219794385,-0.954645197063));
#8294 = CARTESIAN_POINT('',(1.876792349314,-0.942894455429));
#8295 = CARTESIAN_POINT('',(1.938119070478,-0.9277874326));
#8296 = CARTESIAN_POINT('',(1.995471156264,-0.909623232542));
#8297 = CARTESIAN_POINT('',(2.048549304128,-0.888746861669));
#8298 = CARTESIAN_POINT('',(2.097367941613,-0.865496790989));
#8299 = CARTESIAN_POINT('',(2.142075430064,-0.840174326426));
#8300 = CARTESIAN_POINT('',(2.254369802057,-0.765579523231));
#8301 = CARTESIAN_POINT('',(2.313967159713,-0.712588021205));
#8302 = CARTESIAN_POINT('',(2.362962775818,-0.655514853047));
#8303 = CARTESIAN_POINT('',(2.403361801222,-0.595457942752));
#8304 = CARTESIAN_POINT('',(2.436579231873,-0.533127727672));
#8305 = CARTESIAN_POINT('',(2.463745233429,-0.469078398312));
#8306 = CARTESIAN_POINT('',(2.485672829128,-0.403720021427));
#8307 = CARTESIAN_POINT('',(2.528862164464,-0.237893676731));
#8308 = CARTESIAN_POINT('',(2.54430817246,-0.136210081002));
#8309 = CARTESIAN_POINT('',(2.551264924762,-3.347192566327E-02));
#8310 = CARTESIAN_POINT('',(2.550507288932,6.959134517753E-02));
#8311 = CARTESIAN_POINT('',(2.542068083678,0.17230713742));
#8312 = CARTESIAN_POINT('',(2.525307297184,0.273962917581));
#8313 = CARTESIAN_POINT('',(2.498636405897,0.373658812623));
#8314 = CARTESIAN_POINT('',(2.43909944262,0.517883857296));
#8315 = CARTESIAN_POINT('',(2.415998692347,0.565072209334));
#8316 = CARTESIAN_POINT('',(2.389257340039,0.611176280532));
#8317 = CARTESIAN_POINT('',(2.358389814676,0.65595186271));
#8318 = CARTESIAN_POINT('',(2.322822815323,0.699100699849));
#8319 = CARTESIAN_POINT('',(2.281858844724,0.740237630578));
#8320 = CARTESIAN_POINT('',(2.234735396582,0.778862042876));
#8321 = CARTESIAN_POINT('',(2.154018678994,0.832114008177));
#8322 = CARTESIAN_POINT('',(2.125441079551,0.849083941329));
#8323 = CARTESIAN_POINT('',(2.095126378506,0.865196905619));
#8324 = CARTESIAN_POINT('',(2.063022498611,0.880370278965));
#8325 = CARTESIAN_POINT('',(2.02910345716,0.894515241871));
#8326 = CARTESIAN_POINT('',(1.993382328898,0.907538896315));
#8327 = CARTESIAN_POINT('',(1.95592407475,0.919348325773));
#8328 = CARTESIAN_POINT('',(1.877792397952,0.940364866997));
#8329 = CARTESIAN_POINT('',(1.837118839275,0.949571888537));
#8330 = CARTESIAN_POINT('',(1.794965871151,0.957391216966));
#8331 = CARTESIAN_POINT('',(1.751523577571,0.963741127419));
#8332 = CARTESIAN_POINT('',(1.707051178035,0.968553022571));
#8333 = CARTESIAN_POINT('',(1.661868645118,0.971777761653));
#8334 = CARTESIAN_POINT('',(1.616332577262,0.97338991015));
#8335 = CARTESIAN_POINT('',(1.498644652471,0.97338991015));
#8336 = CARTESIAN_POINT('',(1.4264932203,0.969342164704));
#8337 = CARTESIAN_POINT('',(1.35574957305,0.961247109829));
#8338 = CARTESIAN_POINT('',(1.287831666602,0.949258406267));
#8339 = CARTESIAN_POINT('',(1.223810629943,0.933693645588));
#8340 = CARTESIAN_POINT('',(1.164161904882,0.914929592137));
#8341 = CARTESIAN_POINT('',(1.109050921052,0.893340145546));
#8342 = CARTESIAN_POINT('',(0.963467229981,0.824152192502));
#8343 = CARTESIAN_POINT('',(0.884246462217,0.770324611387));
#8344 = CARTESIAN_POINT('',(0.820360990184,0.71009804328));
#8345 = CARTESIAN_POINT('',(0.768615428592,0.645442230201));
#8346 = CARTESIAN_POINT('',(0.72672516288,0.577468106207));
#8347 = CARTESIAN_POINT('',(0.692969303155,0.507067973512));
#8348 = CARTESIAN_POINT('',(0.666073622172,0.434850978935));
#8349 = CARTESIAN_POINT('',(0.644416711945,0.358703010287));
#8350 = CARTESIAN_POINT('',(0.643682357366,0.356092822853));
#8351 = CARTESIAN_POINT('',(0.642955487493,0.353480993306));
#8352 = CARTESIAN_POINT('',(0.642236063451,0.350867543207));
#8353 = CARTESIAN_POINT('',(0.64152404696,0.348252493915));
#8354 = CARTESIAN_POINT('',(0.64081940033,0.345635866597));
#8355 = CARTESIAN_POINT('',(0.640122086453,0.34301768223));
#8356 = CARTESIAN_POINT('',(0.639432068799,0.340397961604));
#8357 = ( GEOMETRIC_REPRESENTATION_CONTEXT(2) 
PARAMETRIC_REPRESENTATION_CONTEXT() REPRESENTATION_CONTEXT('2D SPACE',''
  ) );
#8358 = ORIENTED_EDGE('',*,*,#8359,.F.);
#8359 = EDGE_CURVE('',#8360,#8255,#8362,.T.);
#8360 = VERTEX_POINT('',#8361);
#8361 = CARTESIAN_POINT('',(-65.25300028582,-4.1,21.357499007381));
#8362 = SURFACE_CURVE('',#8363,(#8368,#8375),.PCURVE_S1.);
#8363 = CIRCLE('',#8364,1.322875655532);
#8364 = AXIS2_PLACEMENT_3D('',#8365,#8366,#8367);
#8365 = CARTESIAN_POINT('',(-65.05025253169,-4.1,20.050252531694));
#8366 = DIRECTION('',(-1.224646799147E-16,-1.,-1.54074395551E-33));
#8367 = DIRECTION('',(-0.107720625157,1.319197188003E-17,-0.994181204266
    ));
#8368 = PCURVE('',#2437,#8369);
#8369 = DEFINITIONAL_REPRESENTATION('',(#8370),#8374);
#8370 = CIRCLE('',#8371,1.322875655532);
#8371 = AXIS2_PLACEMENT_2D('',#8372,#8373);
#8372 = CARTESIAN_POINT('',(12.550252531694,5.050252531694));
#8373 = DIRECTION('',(-0.994181204266,0.107720625157));
#8374 = ( GEOMETRIC_REPRESENTATION_CONTEXT(2) 
PARAMETRIC_REPRESENTATION_CONTEXT() REPRESENTATION_CONTEXT('2D SPACE',''
  ) );
#8375 = PCURVE('',#8376,#8381);
#8376 = SPHERICAL_SURFACE('',#8377,1.6);
#8377 = AXIS2_PLACEMENT_3D('',#8378,#8379,#8380);
#8378 = CARTESIAN_POINT('',(-65.05025253169,-3.2,20.050252531694));
#8379 = DIRECTION('',(0.,0.,1.));
#8380 = DIRECTION('',(-1.,1.224646799147E-16,0.));
#8381 = DEFINITIONAL_REPRESENTATION('',(#8382),#8455);
#8382 = B_SPLINE_CURVE_WITH_KNOTS('',8,(#8383,#8384,#8385,#8386,#8387,
    #8388,#8389,#8390,#8391,#8392,#8393,#8394,#8395,#8396,#8397,#8398,
    #8399,#8400,#8401,#8402,#8403,#8404,#8405,#8406,#8407,#8408,#8409,
    #8410,#8411,#8412,#8413,#8414,#8415,#8416,#8417,#8418,#8419,#8420,
    #8421,#8422,#8423,#8424,#8425,#8426,#8427,#8428,#8429,#8430,#8431,
    #8432,#8433,#8434,#8435,#8436,#8437,#8438,#8439,#8440,#8441,#8442,
    #8443,#8444,#8445,#8446,#8447,#8448,#8449,#8450,#8451,#8452,#8453,
    #8454),.UNSPECIFIED.,.F.,.F.,(9,7,7,7,7,7,7,7,7,7,9),(0.,
    0.228239681268,0.605900058739,1.266805719312,2.258164210173,
    2.753843455603,3.001683078318,3.249522701033,3.642221782732,
    4.378532560917,4.666449687472),.UNSPECIFIED.);
#8383 = CARTESIAN_POINT('',(1.413765489941,-0.964890082182));
#8384 = CARTESIAN_POINT('',(1.454436941501,-0.969351767575));
#8385 = CARTESIAN_POINT('',(1.495850715269,-0.972503644868));
#8386 = CARTESIAN_POINT('',(1.537774168248,-0.974306591004));
#8387 = CARTESIAN_POINT('',(1.579939993141,-0.974735741924));
#8388 = CARTESIAN_POINT('',(1.622059334693,-0.973783860275));
#8389 = CARTESIAN_POINT('',(1.663844455877,-0.971463054603));
#8390 = CARTESIAN_POINT('',(1.705036504429,-0.967803044731));
#8391 = CARTESIAN_POINT('',(1.812219794385,-0.954645197063));
#8392 = CARTESIAN_POINT('',(1.876792349314,-0.942894455429));
#8393 = CARTESIAN_POINT('',(1.938119070478,-0.9277874326));
#8394 = CARTESIAN_POINT('',(1.995471156264,-0.909623232542));
#8395 = CARTESIAN_POINT('',(2.048549304128,-0.888746861669));
#8396 = CARTESIAN_POINT('',(2.097367941613,-0.865496790989));
#8397 = CARTESIAN_POINT('',(2.142075430064,-0.840174326426));
#8398 = CARTESIAN_POINT('',(2.254369802057,-0.765579523231));
#8399 = CARTESIAN_POINT('',(2.313967159711,-0.712588021206));
#8400 = CARTESIAN_POINT('',(2.362962775826,-0.655514853043));
#8401 = CARTESIAN_POINT('',(2.40336180122,-0.595457942755));
#8402 = CARTESIAN_POINT('',(2.436579231877,-0.533127727669));
#8403 = CARTESIAN_POINT('',(2.463745233428,-0.469078398313));
#8404 = CARTESIAN_POINT('',(2.485672829128,-0.403720021427));
#8405 = CARTESIAN_POINT('',(2.528862164464,-0.237893676731));
#8406 = CARTESIAN_POINT('',(2.54430817246,-0.136210081002));
#8407 = CARTESIAN_POINT('',(2.551264924762,-3.347192566326E-02));
#8408 = CARTESIAN_POINT('',(2.550507288931,6.959134517752E-02));
#8409 = CARTESIAN_POINT('',(2.542068083678,0.172307137419));
#8410 = CARTESIAN_POINT('',(2.525307297184,0.273962917581));
#8411 = CARTESIAN_POINT('',(2.498636405897,0.373658812623));
#8412 = CARTESIAN_POINT('',(2.43909944262,0.517883857296));
#8413 = CARTESIAN_POINT('',(2.415998692347,0.565072209334));
#8414 = CARTESIAN_POINT('',(2.38925734004,0.611176280532));
#8415 = CARTESIAN_POINT('',(2.358389814677,0.65595186271));
#8416 = CARTESIAN_POINT('',(2.322822815323,0.699100699849));
#8417 = CARTESIAN_POINT('',(2.281858844724,0.740237630578));
#8418 = CARTESIAN_POINT('',(2.234735396582,0.778862042876));
#8419 = CARTESIAN_POINT('',(2.154018678994,0.832114008177));
#8420 = CARTESIAN_POINT('',(2.125441079551,0.849083941329));
#8421 = CARTESIAN_POINT('',(2.095126378506,0.865196905619));
#8422 = CARTESIAN_POINT('',(2.063022498611,0.880370278965));
#8423 = CARTESIAN_POINT('',(2.02910345716,0.894515241871));
#8424 = CARTESIAN_POINT('',(1.993382328898,0.907538896315));
#8425 = CARTESIAN_POINT('',(1.95592407475,0.919348325773));
#8426 = CARTESIAN_POINT('',(1.877792397952,0.940364866997));
#8427 = CARTESIAN_POINT('',(1.837118839275,0.949571888537));
#8428 = CARTESIAN_POINT('',(1.794965871151,0.957391216966));
#8429 = CARTESIAN_POINT('',(1.751523577571,0.963741127419));
#8430 = CARTESIAN_POINT('',(1.707051178035,0.968553022571));
#8431 = CARTESIAN_POINT('',(1.661868645118,0.971777761653));
#8432 = CARTESIAN_POINT('',(1.616332577262,0.97338991015));
#8433 = CARTESIAN_POINT('',(1.498644652471,0.97338991015));
#8434 = CARTESIAN_POINT('',(1.4264932203,0.969342164704));
#8435 = CARTESIAN_POINT('',(1.35574957305,0.961247109829));
#8436 = CARTESIAN_POINT('',(1.287831666602,0.949258406267));
#8437 = CARTESIAN_POINT('',(1.223810629943,0.933693645588));
#8438 = CARTESIAN_POINT('',(1.164161904882,0.914929592137));
#8439 = CARTESIAN_POINT('',(1.109050921052,0.893340145546));
#8440 = CARTESIAN_POINT('',(0.963467229981,0.824152192502));
#8441 = CARTESIAN_POINT('',(0.884246462217,0.770324611387));
#8442 = CARTESIAN_POINT('',(0.820360990184,0.71009804328));
#8443 = CARTESIAN_POINT('',(0.768615428592,0.645442230201));
#8444 = CARTESIAN_POINT('',(0.72672516288,0.577468106207));
#8445 = CARTESIAN_POINT('',(0.692969303155,0.507067973512));
#8446 = CARTESIAN_POINT('',(0.666073622172,0.434850978935));
#8447 = CARTESIAN_POINT('',(0.636980256313,0.332555652035));
#8448 = CARTESIAN_POINT('',(0.629716294399,0.303597569127));
#8449 = CARTESIAN_POINT('',(0.623313820477,0.274466435312));
#8450 = CARTESIAN_POINT('',(0.617728825063,0.245188431651));
#8451 = CARTESIAN_POINT('',(0.612925205542,0.215787353437));
#8452 = CARTESIAN_POINT('',(0.608874008117,0.186285151681));
#8453 = CARTESIAN_POINT('',(0.60555287985,0.156702432763));
#8454 = CARTESIAN_POINT('',(0.602945730787,0.127058916219));
#8455 = ( GEOMETRIC_REPRESENTATION_CONTEXT(2) 
PARAMETRIC_REPRESENTATION_CONTEXT() REPRESENTATION_CONTEXT('2D SPACE',''
  ) );
#8456 = ORIENTED_EDGE('',*,*,#8457,.F.);
#8457 = EDGE_CURVE('',#8458,#8360,#8460,.T.);
#8458 = VERTEX_POINT('',#8459);
#8459 = CARTESIAN_POINT('',(-63.73507441938,-4.1,20.192753524313));
#8460 = SURFACE_CURVE('',#8461,(#8466,#8473),.PCURVE_S1.);
#8461 = CIRCLE('',#8462,1.322875655532);
#8462 = AXIS2_PLACEMENT_3D('',#8463,#8464,#8465);
#8463 = CARTESIAN_POINT('',(-63.9378221735,-4.1,21.5));
#8464 = DIRECTION('',(-1.224646799147E-16,-1.,0.));
#8465 = DIRECTION('',(0.153262896084,-1.876929151175E-17,-0.988185450553
    ));
#8466 = PCURVE('',#2437,#8467);
#8467 = DEFINITIONAL_REPRESENTATION('',(#8468),#8472);
#8468 = CIRCLE('',#8469,1.322875655532);
#8469 = AXIS2_PLACEMENT_2D('',#8470,#8471);
#8470 = CARTESIAN_POINT('',(14.,3.937822173509));
#8471 = DIRECTION('',(-0.988185450553,-0.153262896084));
#8472 = ( GEOMETRIC_REPRESENTATION_CONTEXT(2) 
PARAMETRIC_REPRESENTATION_CONTEXT() REPRESENTATION_CONTEXT('2D SPACE',''
  ) );
#8473 = PCURVE('',#8474,#8479);
#8474 = SPHERICAL_SURFACE('',#8475,1.6);
#8475 = AXIS2_PLACEMENT_3D('',#8476,#8477,#8478);
#8476 = CARTESIAN_POINT('',(-63.9378221735,-3.2,21.5));
#8477 = DIRECTION('',(0.,0.,1.));
#8478 = DIRECTION('',(-1.,1.224646799147E-16,0.));
#8479 = DEFINITIONAL_REPRESENTATION('',(#8480),#8546);
#8480 = B_SPLINE_CURVE_WITH_KNOTS('',8,(#8481,#8482,#8483,#8484,#8485,
    #8486,#8487,#8488,#8489,#8490,#8491,#8492,#8493,#8494,#8495,#8496,
    #8497,#8498,#8499,#8500,#8501,#8502,#8503,#8504,#8505,#8506,#8507,
    #8508,#8509,#8510,#8511,#8512,#8513,#8514,#8515,#8516,#8517,#8518,
    #8519,#8520,#8521,#8522,#8523,#8524,#8525,#8526,#8527,#8528,#8529,
    #8530,#8531,#8532,#8533,#8534,#8535,#8536,#8537,#8538,#8539,#8540,
    #8541,#8542,#8543,#8544,#8545),.UNSPECIFIED.,.F.,.F.,(9,7,7,7,7,7,7,
    7,7,9),(0.,0.34410067094,1.005006331513,1.996364822374,
    2.492044067804,2.739883690519,2.987723313234,3.380422394933,
    4.116733173118,4.666449687472),.UNSPECIFIED.);
#8481 = CARTESIAN_POINT('',(1.792372783335,-0.956239487817));
#8482 = CARTESIAN_POINT('',(1.851830959855,-0.946786706454));
#8483 = CARTESIAN_POINT('',(1.909015391451,-0.93448252251));
#8484 = CARTESIAN_POINT('',(1.963263865886,-0.91950508233));
#8485 = CARTESIAN_POINT('',(2.014136317126,-0.902091137697));
#8486 = CARTESIAN_POINT('',(2.061466465025,-0.882499804328));
#8487 = CARTESIAN_POINT('',(2.105282962729,-0.860982137876));
#8488 = CARTESIAN_POINT('',(2.145704054563,-0.837763907047));
#8489 = CARTESIAN_POINT('',(2.254369802057,-0.765579523231));
#8490 = CARTESIAN_POINT('',(2.31396715971,-0.712588021206));
#8491 = CARTESIAN_POINT('',(2.362962775838,-0.655514853046));
#8492 = CARTESIAN_POINT('',(2.403361801231,-0.59545794275));
#8493 = CARTESIAN_POINT('',(2.436579231886,-0.533127727671));
#8494 = CARTESIAN_POINT('',(2.463745233425,-0.469078398312));
#8495 = CARTESIAN_POINT('',(2.485672829128,-0.403720021427));
#8496 = CARTESIAN_POINT('',(2.528862164464,-0.237893676731));
#8497 = CARTESIAN_POINT('',(2.54430817246,-0.136210081002));
#8498 = CARTESIAN_POINT('',(2.551264924762,-3.347192566326E-02));
#8499 = CARTESIAN_POINT('',(2.550507288931,6.959134517752E-02));
#8500 = CARTESIAN_POINT('',(2.542068083678,0.172307137419));
#8501 = CARTESIAN_POINT('',(2.525307297184,0.273962917581));
#8502 = CARTESIAN_POINT('',(2.498636405897,0.373658812623));
#8503 = CARTESIAN_POINT('',(2.43909944262,0.517883857296));
#8504 = CARTESIAN_POINT('',(2.415998692346,0.565072209334));
#8505 = CARTESIAN_POINT('',(2.38925734004,0.611176280532));
#8506 = CARTESIAN_POINT('',(2.358389814677,0.65595186271));
#8507 = CARTESIAN_POINT('',(2.322822815323,0.699100699849));
#8508 = CARTESIAN_POINT('',(2.281858844724,0.740237630578));
#8509 = CARTESIAN_POINT('',(2.234735396582,0.778862042876));
#8510 = CARTESIAN_POINT('',(2.154018678994,0.832114008177));
#8511 = CARTESIAN_POINT('',(2.125441079551,0.849083941329));
#8512 = CARTESIAN_POINT('',(2.095126378506,0.865196905619));
#8513 = CARTESIAN_POINT('',(2.063022498611,0.880370278965));
#8514 = CARTESIAN_POINT('',(2.02910345716,0.894515241871));
#8515 = CARTESIAN_POINT('',(1.993382328898,0.907538896315));
#8516 = CARTESIAN_POINT('',(1.95592407475,0.919348325773));
#8517 = CARTESIAN_POINT('',(1.877792397952,0.940364866997));
#8518 = CARTESIAN_POINT('',(1.837118839275,0.949571888537));
#8519 = CARTESIAN_POINT('',(1.794965871151,0.957391216965));
#8520 = CARTESIAN_POINT('',(1.751523577571,0.963741127419));
#8521 = CARTESIAN_POINT('',(1.707051178035,0.968553022571));
#8522 = CARTESIAN_POINT('',(1.661868645118,0.971777761653));
#8523 = CARTESIAN_POINT('',(1.616332577262,0.97338991015));
#8524 = CARTESIAN_POINT('',(1.498644652471,0.97338991015));
#8525 = CARTESIAN_POINT('',(1.4264932203,0.969342164704));
#8526 = CARTESIAN_POINT('',(1.35574957305,0.96124710983));
#8527 = CARTESIAN_POINT('',(1.287831666603,0.94925840627));
#8528 = CARTESIAN_POINT('',(1.22381062994,0.933693645588));
#8529 = CARTESIAN_POINT('',(1.164161904881,0.914929592137));
#8530 = CARTESIAN_POINT('',(1.109050921052,0.893340145546));
#8531 = CARTESIAN_POINT('',(0.963467229981,0.824152192502));
#8532 = CARTESIAN_POINT('',(0.884246462217,0.770324611389));
#8533 = CARTESIAN_POINT('',(0.820360990185,0.710098043275));
#8534 = CARTESIAN_POINT('',(0.768615428593,0.645442230208));
#8535 = CARTESIAN_POINT('',(0.726725162879,0.577468106202));
#8536 = CARTESIAN_POINT('',(0.692969303155,0.507067973514));
#8537 = CARTESIAN_POINT('',(0.666073622172,0.434850978935));
#8538 = CARTESIAN_POINT('',(0.62954380068,0.306408293783));
#8539 = CARTESIAN_POINT('',(0.617262243985,0.2507679543));
#8540 = CARTESIAN_POINT('',(0.607945840671,0.194593402841));
#8541 = CARTESIAN_POINT('',(0.601344448781,0.138048070848));
#8542 = CARTESIAN_POINT('',(0.597301300695,8.127073452144E-02));
#8543 = CARTESIAN_POINT('',(0.595738616667,2.438828815574E-02));
#8544 = CARTESIAN_POINT('',(0.596653395521,-3.247350994363E-02));
#8545 = CARTESIAN_POINT('',(0.600123382546,-8.918131895943E-02));
#8546 = ( GEOMETRIC_REPRESENTATION_CONTEXT(2) 
PARAMETRIC_REPRESENTATION_CONTEXT() REPRESENTATION_CONTEXT('2D SPACE',''
  ) );
#8547 = ORIENTED_EDGE('',*,*,#8548,.F.);
#8548 = EDGE_CURVE('',#8549,#8458,#8551,.T.);
#8549 = VERTEX_POINT('',#8550);
#8550 = CARTESIAN_POINT('',(-65.19275352431,-4.1,18.735074419383));
#8551 = SURFACE_CURVE('',#8552,(#8557,#8564),.PCURVE_S1.);
#8552 = CIRCLE('',#8553,1.322875655532);
#8553 = AXIS2_PLACEMENT_3D('',#8554,#8555,#8556);
#8554 = CARTESIAN_POINT('',(-65.05025253169,-4.1,20.050252531694));
#8555 = DIRECTION('',(-1.224646799147E-16,-1.,-1.54074395551E-33));
#8556 = DIRECTION('',(-0.107720625157,1.319197188003E-17,-0.994181204266
    ));
#8557 = PCURVE('',#2437,#8558);
#8558 = DEFINITIONAL_REPRESENTATION('',(#8559),#8563);
#8559 = CIRCLE('',#8560,1.322875655532);
#8560 = AXIS2_PLACEMENT_2D('',#8561,#8562);
#8561 = CARTESIAN_POINT('',(12.550252531694,5.050252531694));
#8562 = DIRECTION('',(-0.994181204266,0.107720625157));
#8563 = ( GEOMETRIC_REPRESENTATION_CONTEXT(2) 
PARAMETRIC_REPRESENTATION_CONTEXT() REPRESENTATION_CONTEXT('2D SPACE',''
  ) );
#8564 = PCURVE('',#8376,#8565);
#8565 = DEFINITIONAL_REPRESENTATION('',(#8566),#8639);
#8566 = B_SPLINE_CURVE_WITH_KNOTS('',8,(#8567,#8568,#8569,#8570,#8571,
    #8572,#8573,#8574,#8575,#8576,#8577,#8578,#8579,#8580,#8581,#8582,
    #8583,#8584,#8585,#8586,#8587,#8588,#8589,#8590,#8591,#8592,#8593,
    #8594,#8595,#8596,#8597,#8598,#8599,#8600,#8601,#8602,#8603,#8604,
    #8605,#8606,#8607,#8608,#8609,#8610,#8611,#8612,#8613,#8614,#8615,
    #8616,#8617,#8618,#8619,#8620,#8621,#8622,#8623,#8624,#8625,#8626,
    #8627,#8628,#8629,#8630,#8631,#8632,#8633,#8634,#8635,#8636,#8637,
    #8638),.UNSPECIFIED.,.F.,.F.,(9,7,7,7,7,7,7,7,7,7,9),(0.,
    0.228239681268,0.605900058739,1.266805719312,2.258164210173,
    2.753843455603,3.001683078318,3.249522701033,3.642221782732,
    4.378532560917,4.666449687472),.UNSPECIFIED.);
#8567 = CARTESIAN_POINT('',(1.413765489941,-0.964890082182));
#8568 = CARTESIAN_POINT('',(1.454436941501,-0.969351767575));
#8569 = CARTESIAN_POINT('',(1.495850715269,-0.972503644868));
#8570 = CARTESIAN_POINT('',(1.537774168248,-0.974306591004));
#8571 = CARTESIAN_POINT('',(1.579939993141,-0.974735741924));
#8572 = CARTESIAN_POINT('',(1.622059334693,-0.973783860275));
#8573 = CARTESIAN_POINT('',(1.663844455877,-0.971463054603));
#8574 = CARTESIAN_POINT('',(1.705036504429,-0.967803044731));
#8575 = CARTESIAN_POINT('',(1.812219794385,-0.954645197063));
#8576 = CARTESIAN_POINT('',(1.876792349314,-0.942894455429));
#8577 = CARTESIAN_POINT('',(1.938119070478,-0.9277874326));
#8578 = CARTESIAN_POINT('',(1.995471156264,-0.909623232542));
#8579 = CARTESIAN_POINT('',(2.048549304128,-0.888746861669));
#8580 = CARTESIAN_POINT('',(2.097367941613,-0.865496790989));
#8581 = CARTESIAN_POINT('',(2.142075430064,-0.840174326426));
#8582 = CARTESIAN_POINT('',(2.254369802057,-0.765579523231));
#8583 = CARTESIAN_POINT('',(2.313967159711,-0.712588021206));
#8584 = CARTESIAN_POINT('',(2.362962775826,-0.655514853043));
#8585 = CARTESIAN_POINT('',(2.40336180122,-0.595457942755));
#8586 = CARTESIAN_POINT('',(2.436579231877,-0.533127727669));
#8587 = CARTESIAN_POINT('',(2.463745233428,-0.469078398313));
#8588 = CARTESIAN_POINT('',(2.485672829128,-0.403720021427));
#8589 = CARTESIAN_POINT('',(2.528862164464,-0.237893676731));
#8590 = CARTESIAN_POINT('',(2.54430817246,-0.136210081002));
#8591 = CARTESIAN_POINT('',(2.551264924762,-3.347192566326E-02));
#8592 = CARTESIAN_POINT('',(2.550507288931,6.959134517752E-02));
#8593 = CARTESIAN_POINT('',(2.542068083678,0.172307137419));
#8594 = CARTESIAN_POINT('',(2.525307297184,0.273962917581));
#8595 = CARTESIAN_POINT('',(2.498636405897,0.373658812623));
#8596 = CARTESIAN_POINT('',(2.43909944262,0.517883857296));
#8597 = CARTESIAN_POINT('',(2.415998692347,0.565072209334));
#8598 = CARTESIAN_POINT('',(2.38925734004,0.611176280532));
#8599 = CARTESIAN_POINT('',(2.358389814677,0.65595186271));
#8600 = CARTESIAN_POINT('',(2.322822815323,0.699100699849));
#8601 = CARTESIAN_POINT('',(2.281858844724,0.740237630578));
#8602 = CARTESIAN_POINT('',(2.234735396582,0.778862042876));
#8603 = CARTESIAN_POINT('',(2.154018678994,0.832114008177));
#8604 = CARTESIAN_POINT('',(2.125441079551,0.849083941329));
#8605 = CARTESIAN_POINT('',(2.095126378506,0.865196905619));
#8606 = CARTESIAN_POINT('',(2.063022498611,0.880370278965));
#8607 = CARTESIAN_POINT('',(2.02910345716,0.894515241871));
#8608 = CARTESIAN_POINT('',(1.993382328898,0.907538896315));
#8609 = CARTESIAN_POINT('',(1.95592407475,0.919348325773));
#8610 = CARTESIAN_POINT('',(1.877792397952,0.940364866997));
#8611 = CARTESIAN_POINT('',(1.837118839275,0.949571888537));
#8612 = CARTESIAN_POINT('',(1.794965871151,0.957391216966));
#8613 = CARTESIAN_POINT('',(1.751523577571,0.963741127419));
#8614 = CARTESIAN_POINT('',(1.707051178035,0.968553022571));
#8615 = CARTESIAN_POINT('',(1.661868645118,0.971777761653));
#8616 = CARTESIAN_POINT('',(1.616332577262,0.97338991015));
#8617 = CARTESIAN_POINT('',(1.498644652471,0.97338991015));
#8618 = CARTESIAN_POINT('',(1.4264932203,0.969342164704));
#8619 = CARTESIAN_POINT('',(1.35574957305,0.961247109829));
#8620 = CARTESIAN_POINT('',(1.287831666602,0.949258406267));
#8621 = CARTESIAN_POINT('',(1.223810629943,0.933693645588));
#8622 = CARTESIAN_POINT('',(1.164161904882,0.914929592137));
#8623 = CARTESIAN_POINT('',(1.109050921052,0.893340145546));
#8624 = CARTESIAN_POINT('',(0.963467229981,0.824152192502));
#8625 = CARTESIAN_POINT('',(0.884246462217,0.770324611387));
#8626 = CARTESIAN_POINT('',(0.820360990184,0.71009804328));
#8627 = CARTESIAN_POINT('',(0.768615428592,0.645442230201));
#8628 = CARTESIAN_POINT('',(0.72672516288,0.577468106207));
#8629 = CARTESIAN_POINT('',(0.692969303155,0.507067973512));
#8630 = CARTESIAN_POINT('',(0.666073622172,0.434850978935));
#8631 = CARTESIAN_POINT('',(0.636980256313,0.332555652035));
#8632 = CARTESIAN_POINT('',(0.629716294399,0.303597569127));
#8633 = CARTESIAN_POINT('',(0.623313820477,0.274466435312));
#8634 = CARTESIAN_POINT('',(0.617728825063,0.245188431651));
#8635 = CARTESIAN_POINT('',(0.612925205542,0.215787353437));
#8636 = CARTESIAN_POINT('',(0.608874008117,0.186285151681));
#8637 = CARTESIAN_POINT('',(0.60555287985,0.156702432763));
#8638 = CARTESIAN_POINT('',(0.602945730787,0.127058916219));
#8639 = ( GEOMETRIC_REPRESENTATION_CONTEXT(2) 
PARAMETRIC_REPRESENTATION_CONTEXT() REPRESENTATION_CONTEXT('2D SPACE',''
  ) );
#8640 = ORIENTED_EDGE('',*,*,#8641,.F.);
#8641 = EDGE_CURVE('',#7959,#8549,#8642,.T.);
#8642 = SURFACE_CURVE('',#8643,(#8648,#8655),.PCURVE_S1.);
#8643 = CIRCLE('',#8644,1.322875655532);
#8644 = AXIS2_PLACEMENT_3D('',#8645,#8646,#8647);
#8645 = CARTESIAN_POINT('',(-66.5,-4.1,18.937822173509));
#8646 = DIRECTION('',(-1.224646799147E-16,-1.,-6.162975822039E-33));
#8647 = DIRECTION('',(-0.36136316381,4.425422418895E-17,-0.932425151871)
  );
#8648 = PCURVE('',#2437,#8649);
#8649 = DEFINITIONAL_REPRESENTATION('',(#8650),#8654);
#8650 = CIRCLE('',#8651,1.322875655532);
#8651 = AXIS2_PLACEMENT_2D('',#8652,#8653);
#8652 = CARTESIAN_POINT('',(11.437822173509,6.5));
#8653 = DIRECTION('',(-0.932425151871,0.36136316381));
#8654 = ( GEOMETRIC_REPRESENTATION_CONTEXT(2) 
PARAMETRIC_REPRESENTATION_CONTEXT() REPRESENTATION_CONTEXT('2D SPACE',''
  ) );
#8655 = PCURVE('',#8271,#8656);
#8656 = DEFINITIONAL_REPRESENTATION('',(#8657),#8737);
#8657 = B_SPLINE_CURVE_WITH_KNOTS('',8,(#8658,#8659,#8660,#8661,#8662,
    #8663,#8664,#8665,#8666,#8667,#8668,#8669,#8670,#8671,#8672,#8673,
    #8674,#8675,#8676,#8677,#8678,#8679,#8680,#8681,#8682,#8683,#8684,
    #8685,#8686,#8687,#8688,#8689,#8690,#8691,#8692,#8693,#8694,#8695,
    #8696,#8697,#8698,#8699,#8700,#8701,#8702,#8703,#8704,#8705,#8706,
    #8707,#8708,#8709,#8710,#8711,#8712,#8713,#8714,#8715,#8716,#8717,
    #8718,#8719,#8720,#8721,#8722,#8723,#8724,#8725,#8726,#8727,#8728,
    #8729,#8730,#8731,#8732,#8733,#8734,#8735,#8736),.UNSPECIFIED.,.F.,
  .F.,(9,7,7,7,7,7,7,7,7,7,7,9),(0.,5.842720910105E-02,0.490039069067,
    0.867699446538,1.528605107112,2.519963597972,3.015642843402,
    3.263482466117,3.511322088832,3.904021170531,4.640331948716,
    4.666449687472),.UNSPECIFIED.);
#8658 = CARTESIAN_POINT('',(1.082537306733,-0.880294652603));
#8659 = CARTESIAN_POINT('',(1.090344325328,-0.88372059853));
#8660 = CARTESIAN_POINT('',(1.098250595355,-0.887088995485));
#8661 = CARTESIAN_POINT('',(1.10625609805,-0.890398671643));
#8662 = CARTESIAN_POINT('',(1.114360692989,-0.893648445859));
#8663 = CARTESIAN_POINT('',(1.122564107979,-0.896837129957));
#8664 = CARTESIAN_POINT('',(1.130865928647,-0.899963531389));
#8665 = CARTESIAN_POINT('',(1.139265587854,-0.903026456331));
#8666 = CARTESIAN_POINT('',(1.210529438453,-0.928173353764));
#8667 = CARTESIAN_POINT('',(1.278596126813,-0.946793168568));
#8668 = CARTESIAN_POINT('',(1.351669596544,-0.961402161822));
#8669 = CARTESIAN_POINT('',(1.428981435428,-0.971531257276));
#8670 = CARTESIAN_POINT('',(1.509107380903,-0.976767639109));
#8671 = CARTESIAN_POINT('',(1.589788031301,-0.976956167367));
#8672 = CARTESIAN_POINT('',(1.669060110494,-0.972219515911));
#8673 = CARTESIAN_POINT('',(1.812219794385,-0.954645197063));
#8674 = CARTESIAN_POINT('',(1.876792349314,-0.942894455429));
#8675 = CARTESIAN_POINT('',(1.938119070478,-0.9277874326));
#8676 = CARTESIAN_POINT('',(1.995471156264,-0.909623232542));
#8677 = CARTESIAN_POINT('',(2.048549304128,-0.888746861669));
#8678 = CARTESIAN_POINT('',(2.097367941613,-0.865496790989));
#8679 = CARTESIAN_POINT('',(2.142075430064,-0.840174326426));
#8680 = CARTESIAN_POINT('',(2.254369802057,-0.765579523231));
#8681 = CARTESIAN_POINT('',(2.313967159713,-0.712588021205));
#8682 = CARTESIAN_POINT('',(2.362962775818,-0.655514853047));
#8683 = CARTESIAN_POINT('',(2.403361801222,-0.595457942752));
#8684 = CARTESIAN_POINT('',(2.436579231873,-0.533127727672));
#8685 = CARTESIAN_POINT('',(2.463745233429,-0.469078398312));
#8686 = CARTESIAN_POINT('',(2.485672829128,-0.403720021427));
#8687 = CARTESIAN_POINT('',(2.528862164464,-0.237893676731));
#8688 = CARTESIAN_POINT('',(2.54430817246,-0.136210081002));
#8689 = CARTESIAN_POINT('',(2.551264924762,-3.347192566327E-02));
#8690 = CARTESIAN_POINT('',(2.550507288932,6.959134517753E-02));
#8691 = CARTESIAN_POINT('',(2.542068083678,0.17230713742));
#8692 = CARTESIAN_POINT('',(2.525307297184,0.273962917581));
#8693 = CARTESIAN_POINT('',(2.498636405897,0.373658812623));
#8694 = CARTESIAN_POINT('',(2.43909944262,0.517883857296));
#8695 = CARTESIAN_POINT('',(2.415998692347,0.565072209334));
#8696 = CARTESIAN_POINT('',(2.389257340039,0.611176280532));
#8697 = CARTESIAN_POINT('',(2.358389814676,0.65595186271));
#8698 = CARTESIAN_POINT('',(2.322822815323,0.699100699849));
#8699 = CARTESIAN_POINT('',(2.281858844724,0.740237630578));
#8700 = CARTESIAN_POINT('',(2.234735396582,0.778862042876));
#8701 = CARTESIAN_POINT('',(2.154018678994,0.832114008177));
#8702 = CARTESIAN_POINT('',(2.125441079551,0.849083941329));
#8703 = CARTESIAN_POINT('',(2.095126378506,0.865196905619));
#8704 = CARTESIAN_POINT('',(2.063022498611,0.880370278965));
#8705 = CARTESIAN_POINT('',(2.02910345716,0.894515241871));
#8706 = CARTESIAN_POINT('',(1.993382328898,0.907538896315));
#8707 = CARTESIAN_POINT('',(1.95592407475,0.919348325773));
#8708 = CARTESIAN_POINT('',(1.877792397952,0.940364866997));
#8709 = CARTESIAN_POINT('',(1.837118839275,0.949571888537));
#8710 = CARTESIAN_POINT('',(1.794965871151,0.957391216966));
#8711 = CARTESIAN_POINT('',(1.751523577571,0.963741127419));
#8712 = CARTESIAN_POINT('',(1.707051178035,0.968553022571));
#8713 = CARTESIAN_POINT('',(1.661868645118,0.971777761653));
#8714 = CARTESIAN_POINT('',(1.616332577262,0.97338991015));
#8715 = CARTESIAN_POINT('',(1.498644652471,0.97338991015));
#8716 = CARTESIAN_POINT('',(1.4264932203,0.969342164704));
#8717 = CARTESIAN_POINT('',(1.35574957305,0.961247109829));
#8718 = CARTESIAN_POINT('',(1.287831666602,0.949258406267));
#8719 = CARTESIAN_POINT('',(1.223810629943,0.933693645588));
#8720 = CARTESIAN_POINT('',(1.164161904882,0.914929592137));
#8721 = CARTESIAN_POINT('',(1.109050921052,0.893340145546));
#8722 = CARTESIAN_POINT('',(0.963467229981,0.824152192502));
#8723 = CARTESIAN_POINT('',(0.884246462217,0.770324611387));
#8724 = CARTESIAN_POINT('',(0.820360990184,0.71009804328));
#8725 = CARTESIAN_POINT('',(0.768615428592,0.645442230201));
#8726 = CARTESIAN_POINT('',(0.72672516288,0.577468106207));
#8727 = CARTESIAN_POINT('',(0.692969303155,0.507067973512));
#8728 = CARTESIAN_POINT('',(0.666073622172,0.434850978935));
#8729 = CARTESIAN_POINT('',(0.644416711945,0.358703010287));
#8730 = CARTESIAN_POINT('',(0.643682357366,0.356092822853));
#8731 = CARTESIAN_POINT('',(0.642955487493,0.353480993306));
#8732 = CARTESIAN_POINT('',(0.642236063451,0.350867543207));
#8733 = CARTESIAN_POINT('',(0.64152404696,0.348252493915));
#8734 = CARTESIAN_POINT('',(0.64081940033,0.345635866597));
#8735 = CARTESIAN_POINT('',(0.640122086453,0.34301768223));
#8736 = CARTESIAN_POINT('',(0.639432068799,0.340397961604));
#8737 = ( GEOMETRIC_REPRESENTATION_CONTEXT(2) 
PARAMETRIC_REPRESENTATION_CONTEXT() REPRESENTATION_CONTEXT('2D SPACE',''
  ) );
#8738 = FACE_BOUND('',#8739,.F.);
#8739 = EDGE_LOOP('',(#8740));
#8740 = ORIENTED_EDGE('',*,*,#8741,.T.);
#8741 = EDGE_CURVE('',#8742,#8742,#8744,.T.);
#8742 = VERTEX_POINT('',#8743);
#8743 = CARTESIAN_POINT('',(-72.2,-4.1,25.));
#8744 = SURFACE_CURVE('',#8745,(#8750,#8761),.PCURVE_S1.);
#8745 = CIRCLE('',#8746,2.2);
#8746 = AXIS2_PLACEMENT_3D('',#8747,#8748,#8749);
#8747 = CARTESIAN_POINT('',(-70.,-4.1,25.));
#8748 = DIRECTION('',(1.224646799147E-16,1.,-0.));
#8749 = DIRECTION('',(-1.,1.224646799147E-16,0.));
#8750 = PCURVE('',#2437,#8751);
#8751 = DEFINITIONAL_REPRESENTATION('',(#8752),#8760);
#8752 = ( BOUNDED_CURVE() B_SPLINE_CURVE(2,(#8753,#8754,#8755,#8756,
#8757,#8758,#8759),.UNSPECIFIED.,.T.,.F.) B_SPLINE_CURVE_WITH_KNOTS((1,2
    ,2,2,2,1),(-2.094395102393,0.,2.094395102393,4.188790204786,
6.28318530718,8.377580409573),.UNSPECIFIED.) CURVE() 
GEOMETRIC_REPRESENTATION_ITEM() RATIONAL_B_SPLINE_CURVE((1.,0.5,1.,0.5,
1.,0.5,1.)) REPRESENTATION_ITEM('') );
#8753 = CARTESIAN_POINT('',(17.5,12.2));
#8754 = CARTESIAN_POINT('',(21.310511776652,12.2));
#8755 = CARTESIAN_POINT('',(19.405255888326,8.9));
#8756 = CARTESIAN_POINT('',(17.5,5.6));
#8757 = CARTESIAN_POINT('',(15.594744111674,8.9));
#8758 = CARTESIAN_POINT('',(13.689488223348,12.2));
#8759 = CARTESIAN_POINT('',(17.5,12.2));
#8760 = ( GEOMETRIC_REPRESENTATION_CONTEXT(2) 
PARAMETRIC_REPRESENTATION_CONTEXT() REPRESENTATION_CONTEXT('2D SPACE',''
  ) );
#8761 = PCURVE('',#8762,#8767);
#8762 = CYLINDRICAL_SURFACE('',#8763,2.2);
#8763 = AXIS2_PLACEMENT_3D('',#8764,#8765,#8766);
#8764 = CARTESIAN_POINT('',(-70.,8.572527594031E-15,25.));
#8765 = DIRECTION('',(1.224646799147E-16,1.,0.));
#8766 = DIRECTION('',(-1.,1.224646799147E-16,0.));
#8767 = DEFINITIONAL_REPRESENTATION('',(#8768),#8772);
#8768 = LINE('',#8769,#8770);
#8769 = CARTESIAN_POINT('',(0.,-4.1));
#8770 = VECTOR('',#8771,1.);
#8771 = DIRECTION('',(1.,0.));
#8772 = ( GEOMETRIC_REPRESENTATION_CONTEXT(2) 
PARAMETRIC_REPRESENTATION_CONTEXT() REPRESENTATION_CONTEXT('2D SPACE',''
  ) );
#8773 = ADVANCED_FACE('',(#8774),#2465,.T.);
#8774 = FACE_BOUND('',#8775,.T.);
#8775 = EDGE_LOOP('',(#8776,#8799,#8800,#8801));
#8776 = ORIENTED_EDGE('',*,*,#8777,.F.);
#8777 = EDGE_CURVE('',#7910,#8778,#8780,.T.);
#8778 = VERTEX_POINT('',#8779);
#8779 = CARTESIAN_POINT('',(-60.,-8.3,37.5));
#8780 = SURFACE_CURVE('',#8781,(#8785,#8792),.PCURVE_S1.);
#8781 = LINE('',#8782,#8783);
#8782 = CARTESIAN_POINT('',(-60.,-4.1,37.5));
#8783 = VECTOR('',#8784,1.);
#8784 = DIRECTION('',(-1.224646799147E-16,-1.,0.));
#8785 = PCURVE('',#2465,#8786);
#8786 = DEFINITIONAL_REPRESENTATION('',(#8787),#8791);
#8787 = LINE('',#8788,#8789);
#8788 = CARTESIAN_POINT('',(0.,0.));
#8789 = VECTOR('',#8790,1.);
#8790 = DIRECTION('',(0.,1.));
#8791 = ( GEOMETRIC_REPRESENTATION_CONTEXT(2) 
PARAMETRIC_REPRESENTATION_CONTEXT() REPRESENTATION_CONTEXT('2D SPACE',''
  ) );
#8792 = PCURVE('',#3736,#8793);
#8793 = DEFINITIONAL_REPRESENTATION('',(#8794),#8798);
#8794 = LINE('',#8795,#8796);
#8795 = CARTESIAN_POINT('',(30.,0.));
#8796 = VECTOR('',#8797,1.);
#8797 = DIRECTION('',(0.,-1.));
#8798 = ( GEOMETRIC_REPRESENTATION_CONTEXT(2) 
PARAMETRIC_REPRESENTATION_CONTEXT() REPRESENTATION_CONTEXT('2D SPACE',''
  ) );
#8799 = ORIENTED_EDGE('',*,*,#7932,.T.);
#8800 = ORIENTED_EDGE('',*,*,#2449,.T.);
#8801 = ORIENTED_EDGE('',*,*,#8802,.F.);
#8802 = EDGE_CURVE('',#8778,#2450,#8803,.T.);
#8803 = SURFACE_CURVE('',#8804,(#8808,#8815),.PCURVE_S1.);
#8804 = LINE('',#8805,#8806);
#8805 = CARTESIAN_POINT('',(-60.,-8.3,37.5));
#8806 = VECTOR('',#8807,1.);
#8807 = DIRECTION('',(-1.,1.224646799147E-16,0.));
#8808 = PCURVE('',#2465,#8809);
#8809 = DEFINITIONAL_REPRESENTATION('',(#8810),#8814);
#8810 = LINE('',#8811,#8812);
#8811 = CARTESIAN_POINT('',(-5.143516556419E-16,4.2));
#8812 = VECTOR('',#8813,1.);
#8813 = DIRECTION('',(1.,0.));
#8814 = ( GEOMETRIC_REPRESENTATION_CONTEXT(2) 
PARAMETRIC_REPRESENTATION_CONTEXT() REPRESENTATION_CONTEXT('2D SPACE',''
  ) );
#8815 = PCURVE('',#2493,#8816);
#8816 = DEFINITIONAL_REPRESENTATION('',(#8817),#8821);
#8817 = LINE('',#8818,#8819);
#8818 = CARTESIAN_POINT('',(30.,0.));
#8819 = VECTOR('',#8820,1.);
#8820 = DIRECTION('',(0.,1.));
#8821 = ( GEOMETRIC_REPRESENTATION_CONTEXT(2) 
PARAMETRIC_REPRESENTATION_CONTEXT() REPRESENTATION_CONTEXT('2D SPACE',''
  ) );
#8822 = ADVANCED_FACE('',(#8823,#8849),#2493,.T.);
#8823 = FACE_BOUND('',#8824,.T.);
#8824 = EDGE_LOOP('',(#8825,#8826,#8847,#8848));
#8825 = ORIENTED_EDGE('',*,*,#3748,.F.);
#8826 = ORIENTED_EDGE('',*,*,#8827,.T.);
#8827 = EDGE_CURVE('',#3721,#8778,#8828,.T.);
#8828 = SURFACE_CURVE('',#8829,(#8833,#8840),.PCURVE_S1.);
#8829 = LINE('',#8830,#8831);
#8830 = CARTESIAN_POINT('',(-60.,-8.3,7.5));
#8831 = VECTOR('',#8832,1.);
#8832 = DIRECTION('',(0.,0.,1.));
#8833 = PCURVE('',#2493,#8834);
#8834 = DEFINITIONAL_REPRESENTATION('',(#8835),#8839);
#8835 = LINE('',#8836,#8837);
#8836 = CARTESIAN_POINT('',(0.,0.));
#8837 = VECTOR('',#8838,1.);
#8838 = DIRECTION('',(1.,0.));
#8839 = ( GEOMETRIC_REPRESENTATION_CONTEXT(2) 
PARAMETRIC_REPRESENTATION_CONTEXT() REPRESENTATION_CONTEXT('2D SPACE',''
  ) );
#8840 = PCURVE('',#3736,#8841);
#8841 = DEFINITIONAL_REPRESENTATION('',(#8842),#8846);
#8842 = LINE('',#8843,#8844);
#8843 = CARTESIAN_POINT('',(0.,-4.2));
#8844 = VECTOR('',#8845,1.);
#8845 = DIRECTION('',(1.,0.));
#8846 = ( GEOMETRIC_REPRESENTATION_CONTEXT(2) 
PARAMETRIC_REPRESENTATION_CONTEXT() REPRESENTATION_CONTEXT('2D SPACE',''
  ) );
#8847 = ORIENTED_EDGE('',*,*,#8802,.T.);
#8848 = ORIENTED_EDGE('',*,*,#2477,.F.);
#8849 = FACE_BOUND('',#8850,.T.);
#8850 = EDGE_LOOP('',(#8851));
#8851 = ORIENTED_EDGE('',*,*,#8852,.T.);
#8852 = EDGE_CURVE('',#8853,#8853,#8855,.T.);
#8853 = VERTEX_POINT('',#8854);
#8854 = CARTESIAN_POINT('',(-72.2,-8.3,25.));
#8855 = SURFACE_CURVE('',#8856,(#8861,#8872),.PCURVE_S1.);
#8856 = CIRCLE('',#8857,2.2);
#8857 = AXIS2_PLACEMENT_3D('',#8858,#8859,#8860);
#8858 = CARTESIAN_POINT('',(-70.,-8.3,25.));
#8859 = DIRECTION('',(1.224646799147E-16,1.,-0.));
#8860 = DIRECTION('',(-1.,1.224646799147E-16,0.));
#8861 = PCURVE('',#2493,#8862);
#8862 = DEFINITIONAL_REPRESENTATION('',(#8863),#8871);
#8863 = ( BOUNDED_CURVE() B_SPLINE_CURVE(2,(#8864,#8865,#8866,#8867,
#8868,#8869,#8870),.UNSPECIFIED.,.T.,.F.) B_SPLINE_CURVE_WITH_KNOTS((1,2
    ,2,2,2,1),(-2.094395102393,0.,2.094395102393,4.188790204786,
6.28318530718,8.377580409573),.UNSPECIFIED.) CURVE() 
GEOMETRIC_REPRESENTATION_ITEM() RATIONAL_B_SPLINE_CURVE((1.,0.5,1.,0.5,
1.,0.5,1.)) REPRESENTATION_ITEM('') );
#8864 = CARTESIAN_POINT('',(17.5,12.2));
#8865 = CARTESIAN_POINT('',(21.310511776652,12.2));
#8866 = CARTESIAN_POINT('',(19.405255888326,8.9));
#8867 = CARTESIAN_POINT('',(17.5,5.6));
#8868 = CARTESIAN_POINT('',(15.594744111674,8.9));
#8869 = CARTESIAN_POINT('',(13.689488223348,12.2));
#8870 = CARTESIAN_POINT('',(17.5,12.2));
#8871 = ( GEOMETRIC_REPRESENTATION_CONTEXT(2) 
PARAMETRIC_REPRESENTATION_CONTEXT() REPRESENTATION_CONTEXT('2D SPACE',''
  ) );
#8872 = PCURVE('',#8762,#8873);
#8873 = DEFINITIONAL_REPRESENTATION('',(#8874),#8878);
#8874 = LINE('',#8875,#8876);
#8875 = CARTESIAN_POINT('',(0.,-8.3));
#8876 = VECTOR('',#8877,1.);
#8877 = DIRECTION('',(1.,0.));
#8878 = ( GEOMETRIC_REPRESENTATION_CONTEXT(2) 
PARAMETRIC_REPRESENTATION_CONTEXT() REPRESENTATION_CONTEXT('2D SPACE',''
  ) );
#8879 = ADVANCED_FACE('',(#8880,#9020),#3020,.T.);
#8880 = FACE_BOUND('',#8881,.T.);
#8881 = EDGE_LOOP('',(#8882,#8907,#8930,#8953,#8976,#8999));
#8882 = ORIENTED_EDGE('',*,*,#8883,.T.);
#8883 = EDGE_CURVE('',#8884,#8886,#8888,.T.);
#8884 = VERTEX_POINT('',#8885);
#8885 = CARTESIAN_POINT('',(6.639528095681,0.,1.5));
#8886 = VERTEX_POINT('',#8887);
#8887 = CARTESIAN_POINT('',(3.31976404784,5.75,1.5));
#8888 = SURFACE_CURVE('',#8889,(#8893,#8900),.PCURVE_S1.);
#8889 = LINE('',#8890,#8891);
#8890 = CARTESIAN_POINT('',(6.639528095681,0.,1.5));
#8891 = VECTOR('',#8892,1.);
#8892 = DIRECTION('',(-0.5,0.866025403784,0.));
#8893 = PCURVE('',#3020,#8894);
#8894 = DEFINITIONAL_REPRESENTATION('',(#8895),#8899);
#8895 = LINE('',#8896,#8897);
#8896 = CARTESIAN_POINT('',(6.639528095681,-1.783617564182E-16));
#8897 = VECTOR('',#8898,1.);
#8898 = DIRECTION('',(-0.5,0.866025403784));
#8899 = ( GEOMETRIC_REPRESENTATION_CONTEXT(2) 
PARAMETRIC_REPRESENTATION_CONTEXT() REPRESENTATION_CONTEXT('2D SPACE',''
  ) );
#8900 = PCURVE('',#4127,#8901);
#8901 = DEFINITIONAL_REPRESENTATION('',(#8902),#8906);
#8902 = LINE('',#8903,#8904);
#8903 = CARTESIAN_POINT('',(0.,0.));
#8904 = VECTOR('',#8905,1.);
#8905 = DIRECTION('',(1.,0.));
#8906 = ( GEOMETRIC_REPRESENTATION_CONTEXT(2) 
PARAMETRIC_REPRESENTATION_CONTEXT() REPRESENTATION_CONTEXT('2D SPACE',''
  ) );
#8907 = ORIENTED_EDGE('',*,*,#8908,.T.);
#8908 = EDGE_CURVE('',#8886,#8909,#8911,.T.);
#8909 = VERTEX_POINT('',#8910);
#8910 = CARTESIAN_POINT('',(-3.31976404784,5.75,1.5));
#8911 = SURFACE_CURVE('',#8912,(#8916,#8923),.PCURVE_S1.);
#8912 = LINE('',#8913,#8914);
#8913 = CARTESIAN_POINT('',(3.31976404784,5.75,1.5));
#8914 = VECTOR('',#8915,1.);
#8915 = DIRECTION('',(-1.,1.337713173136E-16,0.));
#8916 = PCURVE('',#3020,#8917);
#8917 = DEFINITIONAL_REPRESENTATION('',(#8918),#8922);
#8918 = LINE('',#8919,#8920);
#8919 = CARTESIAN_POINT('',(3.31976404784,5.75));
#8920 = VECTOR('',#8921,1.);
#8921 = DIRECTION('',(-1.,1.337713173136E-16));
#8922 = ( GEOMETRIC_REPRESENTATION_CONTEXT(2) 
PARAMETRIC_REPRESENTATION_CONTEXT() REPRESENTATION_CONTEXT('2D SPACE',''
  ) );
#8923 = PCURVE('',#4101,#8924);
#8924 = DEFINITIONAL_REPRESENTATION('',(#8925),#8929);
#8925 = LINE('',#8926,#8927);
#8926 = CARTESIAN_POINT('',(0.,0.));
#8927 = VECTOR('',#8928,1.);
#8928 = DIRECTION('',(1.,0.));
#8929 = ( GEOMETRIC_REPRESENTATION_CONTEXT(2) 
PARAMETRIC_REPRESENTATION_CONTEXT() REPRESENTATION_CONTEXT('2D SPACE',''
  ) );
#8930 = ORIENTED_EDGE('',*,*,#8931,.T.);
#8931 = EDGE_CURVE('',#8909,#8932,#8934,.T.);
#8932 = VERTEX_POINT('',#8933);
#8933 = CARTESIAN_POINT('',(-6.639528095681,8.131076830224E-16,1.5));
#8934 = SURFACE_CURVE('',#8935,(#8939,#8946),.PCURVE_S1.);
#8935 = LINE('',#8936,#8937);
#8936 = CARTESIAN_POINT('',(-3.31976404784,5.75,1.5));
#8937 = VECTOR('',#8938,1.);
#8938 = DIRECTION('',(-0.5,-0.866025403784,0.));
#8939 = PCURVE('',#3020,#8940);
#8940 = DEFINITIONAL_REPRESENTATION('',(#8941),#8945);
#8941 = LINE('',#8942,#8943);
#8942 = CARTESIAN_POINT('',(-3.31976404784,5.75));
#8943 = VECTOR('',#8944,1.);
#8944 = DIRECTION('',(-0.5,-0.866025403784));
#8945 = ( GEOMETRIC_REPRESENTATION_CONTEXT(2) 
PARAMETRIC_REPRESENTATION_CONTEXT() REPRESENTATION_CONTEXT('2D SPACE',''
  ) );
#8946 = PCURVE('',#4229,#8947);
#8947 = DEFINITIONAL_REPRESENTATION('',(#8948),#8952);
#8948 = LINE('',#8949,#8950);
#8949 = CARTESIAN_POINT('',(0.,0.));
#8950 = VECTOR('',#8951,1.);
#8951 = DIRECTION('',(1.,0.));
#8952 = ( GEOMETRIC_REPRESENTATION_CONTEXT(2) 
PARAMETRIC_REPRESENTATION_CONTEXT() REPRESENTATION_CONTEXT('2D SPACE',''
  ) );
#8953 = ORIENTED_EDGE('',*,*,#8954,.T.);
#8954 = EDGE_CURVE('',#8932,#8955,#8957,.T.);
#8955 = VERTEX_POINT('',#8956);
#8956 = CARTESIAN_POINT('',(-3.31976404784,-5.75,1.5));
#8957 = SURFACE_CURVE('',#8958,(#8962,#8969),.PCURVE_S1.);
#8958 = LINE('',#8959,#8960);
#8959 = CARTESIAN_POINT('',(-6.639528095681,8.131076830224E-16,1.5));
#8960 = VECTOR('',#8961,1.);
#8961 = DIRECTION('',(0.5,-0.866025403784,0.));
#8962 = PCURVE('',#3020,#8963);
#8963 = DEFINITIONAL_REPRESENTATION('',(#8964),#8968);
#8964 = LINE('',#8965,#8966);
#8965 = CARTESIAN_POINT('',(-6.639528095681,6.347459266042E-16));
#8966 = VECTOR('',#8967,1.);
#8967 = DIRECTION('',(0.5,-0.866025403784));
#8968 = ( GEOMETRIC_REPRESENTATION_CONTEXT(2) 
PARAMETRIC_REPRESENTATION_CONTEXT() REPRESENTATION_CONTEXT('2D SPACE',''
  ) );
#8969 = PCURVE('',#4205,#8970);
#8970 = DEFINITIONAL_REPRESENTATION('',(#8971),#8975);
#8971 = LINE('',#8972,#8973);
#8972 = CARTESIAN_POINT('',(0.,0.));
#8973 = VECTOR('',#8974,1.);
#8974 = DIRECTION('',(1.,0.));
#8975 = ( GEOMETRIC_REPRESENTATION_CONTEXT(2) 
PARAMETRIC_REPRESENTATION_CONTEXT() REPRESENTATION_CONTEXT('2D SPACE',''
  ) );
#8976 = ORIENTED_EDGE('',*,*,#8977,.T.);
#8977 = EDGE_CURVE('',#8955,#8978,#8980,.T.);
#8978 = VERTEX_POINT('',#8979);
#8979 = CARTESIAN_POINT('',(3.31976404784,-5.75,1.5));
#8980 = SURFACE_CURVE('',#8981,(#8985,#8992),.PCURVE_S1.);
#8981 = LINE('',#8982,#8983);
#8982 = CARTESIAN_POINT('',(-3.31976404784,-5.75,1.5));
#8983 = VECTOR('',#8984,1.);
#8984 = DIRECTION('',(1.,-6.688565865682E-16,0.));
#8985 = PCURVE('',#3020,#8986);
#8986 = DEFINITIONAL_REPRESENTATION('',(#8987),#8991);
#8987 = LINE('',#8988,#8989);
#8988 = CARTESIAN_POINT('',(-3.31976404784,-5.75));
#8989 = VECTOR('',#8990,1.);
#8990 = DIRECTION('',(1.,-6.688565865682E-16));
#8991 = ( GEOMETRIC_REPRESENTATION_CONTEXT(2) 
PARAMETRIC_REPRESENTATION_CONTEXT() REPRESENTATION_CONTEXT('2D SPACE',''
  ) );
#8992 = PCURVE('',#4179,#8993);
#8993 = DEFINITIONAL_REPRESENTATION('',(#8994),#8998);
#8994 = LINE('',#8995,#8996);
#8995 = CARTESIAN_POINT('',(0.,0.));
#8996 = VECTOR('',#8997,1.);
#8997 = DIRECTION('',(1.,0.));
#8998 = ( GEOMETRIC_REPRESENTATION_CONTEXT(2) 
PARAMETRIC_REPRESENTATION_CONTEXT() REPRESENTATION_CONTEXT('2D SPACE',''
  ) );
#8999 = ORIENTED_EDGE('',*,*,#9000,.T.);
#9000 = EDGE_CURVE('',#8978,#8884,#9001,.T.);
#9001 = SURFACE_CURVE('',#9002,(#9006,#9013),.PCURVE_S1.);
#9002 = LINE('',#9003,#9004);
#9003 = CARTESIAN_POINT('',(3.31976404784,-5.75,1.5));
#9004 = VECTOR('',#9005,1.);
#9005 = DIRECTION('',(0.5,0.866025403784,0.));
#9006 = PCURVE('',#3020,#9007);
#9007 = DEFINITIONAL_REPRESENTATION('',(#9008),#9012);
#9008 = LINE('',#9009,#9010);
#9009 = CARTESIAN_POINT('',(3.31976404784,-5.75));
#9010 = VECTOR('',#9011,1.);
#9011 = DIRECTION('',(0.5,0.866025403784));
#9012 = ( GEOMETRIC_REPRESENTATION_CONTEXT(2) 
PARAMETRIC_REPRESENTATION_CONTEXT() REPRESENTATION_CONTEXT('2D SPACE',''
  ) );
#9013 = PCURVE('',#4153,#9014);
#9014 = DEFINITIONAL_REPRESENTATION('',(#9015),#9019);
#9015 = LINE('',#9016,#9017);
#9016 = CARTESIAN_POINT('',(0.,0.));
#9017 = VECTOR('',#9018,1.);
#9018 = DIRECTION('',(1.,0.));
#9019 = ( GEOMETRIC_REPRESENTATION_CONTEXT(2) 
PARAMETRIC_REPRESENTATION_CONTEXT() REPRESENTATION_CONTEXT('2D SPACE',''
  ) );
#9020 = FACE_BOUND('',#9021,.T.);
#9021 = EDGE_LOOP('',(#9022));
#9022 = ORIENTED_EDGE('',*,*,#3005,.T.);
#9023 = ADVANCED_FACE('',(#9024),#3077,.F.);
#9024 = FACE_BOUND('',#9025,.F.);
#9025 = EDGE_LOOP('',(#9026));
#9026 = ORIENTED_EDGE('',*,*,#3062,.T.);
#9027 = ADVANCED_FACE('',(#9028),#4036,.F.);
#9028 = FACE_BOUND('',#9029,.F.);
#9029 = EDGE_LOOP('',(#9030,#9031,#9032,#9033));
#9030 = ORIENTED_EDGE('',*,*,#4389,.F.);
#9031 = ORIENTED_EDGE('',*,*,#4020,.T.);
#9032 = ORIENTED_EDGE('',*,*,#4256,.T.);
#9033 = ORIENTED_EDGE('',*,*,#4339,.F.);
#9034 = ADVANCED_FACE('',(#9035),#3513,.F.);
#9035 = FACE_BOUND('',#9036,.F.);
#9036 = EDGE_LOOP('',(#9037,#9038,#9039,#9040));
#9037 = ORIENTED_EDGE('',*,*,#6517,.F.);
#9038 = ORIENTED_EDGE('',*,*,#3497,.T.);
#9039 = ORIENTED_EDGE('',*,*,#6388,.T.);
#9040 = ORIENTED_EDGE('',*,*,#6467,.F.);
#9041 = ADVANCED_FACE('',(#9042),#3963,.F.);
#9042 = FACE_BOUND('',#9043,.F.);
#9043 = EDGE_LOOP('',(#9044,#9045,#9046,#9047));
#9044 = ORIENTED_EDGE('',*,*,#5360,.F.);
#9045 = ORIENTED_EDGE('',*,*,#3947,.T.);
#9046 = ORIENTED_EDGE('',*,*,#5231,.T.);
#9047 = ORIENTED_EDGE('',*,*,#5310,.F.);
#9048 = ADVANCED_FACE('',(#9049),#3586,.F.);
#9049 = FACE_BOUND('',#9050,.F.);
#9050 = EDGE_LOOP('',(#9051,#9052,#9053,#9054));
#9051 = ORIENTED_EDGE('',*,*,#5546,.F.);
#9052 = ORIENTED_EDGE('',*,*,#3570,.T.);
#9053 = ORIENTED_EDGE('',*,*,#5413,.T.);
#9054 = ORIENTED_EDGE('',*,*,#5496,.F.);
#9055 = ADVANCED_FACE('',(#9056),#3886,.F.);
#9056 = FACE_BOUND('',#9057,.F.);
#9057 = EDGE_LOOP('',(#9058,#9059,#9060,#9061));
#9058 = ORIENTED_EDGE('',*,*,#6752,.F.);
#9059 = ORIENTED_EDGE('',*,*,#3870,.T.);
#9060 = ORIENTED_EDGE('',*,*,#7670,.T.);
#9061 = ORIENTED_EDGE('',*,*,#7620,.F.);
#9062 = ADVANCED_FACE('',(#9063),#3663,.F.);
#9063 = FACE_BOUND('',#9064,.F.);
#9064 = EDGE_LOOP('',(#9065,#9066,#9067,#9068));
#9065 = ORIENTED_EDGE('',*,*,#7727,.F.);
#9066 = ORIENTED_EDGE('',*,*,#3647,.T.);
#9067 = ORIENTED_EDGE('',*,*,#7856,.T.);
#9068 = ORIENTED_EDGE('',*,*,#7806,.F.);
#9069 = ADVANCED_FACE('',(#9070),#3813,.F.);
#9070 = FACE_BOUND('',#9071,.F.);
#9071 = EDGE_LOOP('',(#9072,#9073,#9074,#9075));
#9072 = ORIENTED_EDGE('',*,*,#6570,.F.);
#9073 = ORIENTED_EDGE('',*,*,#3797,.T.);
#9074 = ORIENTED_EDGE('',*,*,#6699,.T.);
#9075 = ORIENTED_EDGE('',*,*,#6649,.F.);
#9076 = ADVANCED_FACE('',(#9077),#3736,.F.);
#9077 = FACE_BOUND('',#9078,.F.);
#9078 = EDGE_LOOP('',(#9079,#9080,#9081,#9082));
#9079 = ORIENTED_EDGE('',*,*,#7909,.F.);
#9080 = ORIENTED_EDGE('',*,*,#3720,.T.);
#9081 = ORIENTED_EDGE('',*,*,#8827,.T.);
#9082 = ORIENTED_EDGE('',*,*,#8777,.F.);
#9083 = ADVANCED_FACE('',(#9084),#4101,.T.);
#9084 = FACE_BOUND('',#9085,.T.);
#9085 = EDGE_LOOP('',(#9086,#9087,#9108,#9109));
#9086 = ORIENTED_EDGE('',*,*,#8908,.F.);
#9087 = ORIENTED_EDGE('',*,*,#9088,.T.);
#9088 = EDGE_CURVE('',#8886,#4087,#9089,.T.);
#9089 = SURFACE_CURVE('',#9090,(#9094,#9101),.PCURVE_S1.);
#9090 = LINE('',#9091,#9092);
#9091 = CARTESIAN_POINT('',(3.31976404784,5.75,1.5));
#9092 = VECTOR('',#9093,1.);
#9093 = DIRECTION('',(0.,0.,1.));
#9094 = PCURVE('',#4101,#9095);
#9095 = DEFINITIONAL_REPRESENTATION('',(#9096),#9100);
#9096 = LINE('',#9097,#9098);
#9097 = CARTESIAN_POINT('',(0.,0.));
#9098 = VECTOR('',#9099,1.);
#9099 = DIRECTION('',(0.,-1.));
#9100 = ( GEOMETRIC_REPRESENTATION_CONTEXT(2) 
PARAMETRIC_REPRESENTATION_CONTEXT() REPRESENTATION_CONTEXT('2D SPACE',''
  ) );
#9101 = PCURVE('',#4127,#9102);
#9102 = DEFINITIONAL_REPRESENTATION('',(#9103),#9107);
#9103 = LINE('',#9104,#9105);
#9104 = CARTESIAN_POINT('',(6.639528095681,0.));
#9105 = VECTOR('',#9106,1.);
#9106 = DIRECTION('',(0.,-1.));
#9107 = ( GEOMETRIC_REPRESENTATION_CONTEXT(2) 
PARAMETRIC_REPRESENTATION_CONTEXT() REPRESENTATION_CONTEXT('2D SPACE',''
  ) );
#9108 = ORIENTED_EDGE('',*,*,#4084,.F.);
#9109 = ORIENTED_EDGE('',*,*,#9110,.F.);
#9110 = EDGE_CURVE('',#8909,#4085,#9111,.T.);
#9111 = SURFACE_CURVE('',#9112,(#9116,#9123),.PCURVE_S1.);
#9112 = LINE('',#9113,#9114);
#9113 = CARTESIAN_POINT('',(-3.31976404784,5.75,1.5));
#9114 = VECTOR('',#9115,1.);
#9115 = DIRECTION('',(0.,0.,1.));
#9116 = PCURVE('',#4101,#9117);
#9117 = DEFINITIONAL_REPRESENTATION('',(#9118),#9122);
#9118 = LINE('',#9119,#9120);
#9119 = CARTESIAN_POINT('',(6.639528095681,0.));
#9120 = VECTOR('',#9121,1.);
#9121 = DIRECTION('',(0.,-1.));
#9122 = ( GEOMETRIC_REPRESENTATION_CONTEXT(2) 
PARAMETRIC_REPRESENTATION_CONTEXT() REPRESENTATION_CONTEXT('2D SPACE',''
  ) );
#9123 = PCURVE('',#4229,#9124);
#9124 = DEFINITIONAL_REPRESENTATION('',(#9125),#9129);
#9125 = LINE('',#9126,#9127);
#9126 = CARTESIAN_POINT('',(0.,0.));
#9127 = VECTOR('',#9128,1.);
#9128 = DIRECTION('',(0.,-1.));
#9129 = ( GEOMETRIC_REPRESENTATION_CONTEXT(2) 
PARAMETRIC_REPRESENTATION_CONTEXT() REPRESENTATION_CONTEXT('2D SPACE',''
  ) );
#9130 = ADVANCED_FACE('',(#9131),#4229,.T.);
#9131 = FACE_BOUND('',#9132,.T.);
#9132 = EDGE_LOOP('',(#9133,#9134,#9135,#9136));
#9133 = ORIENTED_EDGE('',*,*,#8931,.F.);
#9134 = ORIENTED_EDGE('',*,*,#9110,.T.);
#9135 = ORIENTED_EDGE('',*,*,#4216,.F.);
#9136 = ORIENTED_EDGE('',*,*,#9137,.F.);
#9137 = EDGE_CURVE('',#8932,#4191,#9138,.T.);
#9138 = SURFACE_CURVE('',#9139,(#9143,#9150),.PCURVE_S1.);
#9139 = LINE('',#9140,#9141);
#9140 = CARTESIAN_POINT('',(-6.639528095681,8.131076830224E-16,1.5));
#9141 = VECTOR('',#9142,1.);
#9142 = DIRECTION('',(0.,0.,1.));
#9143 = PCURVE('',#4229,#9144);
#9144 = DEFINITIONAL_REPRESENTATION('',(#9145),#9149);
#9145 = LINE('',#9146,#9147);
#9146 = CARTESIAN_POINT('',(6.639528095681,0.));
#9147 = VECTOR('',#9148,1.);
#9148 = DIRECTION('',(0.,-1.));
#9149 = ( GEOMETRIC_REPRESENTATION_CONTEXT(2) 
PARAMETRIC_REPRESENTATION_CONTEXT() REPRESENTATION_CONTEXT('2D SPACE',''
  ) );
#9150 = PCURVE('',#4205,#9151);
#9151 = DEFINITIONAL_REPRESENTATION('',(#9152),#9156);
#9152 = LINE('',#9153,#9154);
#9153 = CARTESIAN_POINT('',(0.,0.));
#9154 = VECTOR('',#9155,1.);
#9155 = DIRECTION('',(0.,-1.));
#9156 = ( GEOMETRIC_REPRESENTATION_CONTEXT(2) 
PARAMETRIC_REPRESENTATION_CONTEXT() REPRESENTATION_CONTEXT('2D SPACE',''
  ) );
#9157 = ADVANCED_FACE('',(#9158),#4205,.T.);
#9158 = FACE_BOUND('',#9159,.T.);
#9159 = EDGE_LOOP('',(#9160,#9161,#9162,#9163));
#9160 = ORIENTED_EDGE('',*,*,#8954,.F.);
#9161 = ORIENTED_EDGE('',*,*,#9137,.T.);
#9162 = ORIENTED_EDGE('',*,*,#4190,.F.);
#9163 = ORIENTED_EDGE('',*,*,#9164,.F.);
#9164 = EDGE_CURVE('',#8955,#4165,#9165,.T.);
#9165 = SURFACE_CURVE('',#9166,(#9170,#9177),.PCURVE_S1.);
#9166 = LINE('',#9167,#9168);
#9167 = CARTESIAN_POINT('',(-3.31976404784,-5.75,1.5));
#9168 = VECTOR('',#9169,1.);
#9169 = DIRECTION('',(0.,0.,1.));
#9170 = PCURVE('',#4205,#9171);
#9171 = DEFINITIONAL_REPRESENTATION('',(#9172),#9176);
#9172 = LINE('',#9173,#9174);
#9173 = CARTESIAN_POINT('',(6.639528095681,0.));
#9174 = VECTOR('',#9175,1.);
#9175 = DIRECTION('',(0.,-1.));
#9176 = ( GEOMETRIC_REPRESENTATION_CONTEXT(2) 
PARAMETRIC_REPRESENTATION_CONTEXT() REPRESENTATION_CONTEXT('2D SPACE',''
  ) );
#9177 = PCURVE('',#4179,#9178);
#9178 = DEFINITIONAL_REPRESENTATION('',(#9179),#9183);
#9179 = LINE('',#9180,#9181);
#9180 = CARTESIAN_POINT('',(0.,0.));
#9181 = VECTOR('',#9182,1.);
#9182 = DIRECTION('',(0.,-1.));
#9183 = ( GEOMETRIC_REPRESENTATION_CONTEXT(2) 
PARAMETRIC_REPRESENTATION_CONTEXT() REPRESENTATION_CONTEXT('2D SPACE',''
  ) );
#9184 = ADVANCED_FACE('',(#9185),#4179,.T.);
#9185 = FACE_BOUND('',#9186,.T.);
#9186 = EDGE_LOOP('',(#9187,#9188,#9189,#9190));
#9187 = ORIENTED_EDGE('',*,*,#8977,.F.);
#9188 = ORIENTED_EDGE('',*,*,#9164,.T.);
#9189 = ORIENTED_EDGE('',*,*,#4164,.F.);
#9190 = ORIENTED_EDGE('',*,*,#9191,.F.);
#9191 = EDGE_CURVE('',#8978,#4139,#9192,.T.);
#9192 = SURFACE_CURVE('',#9193,(#9197,#9204),.PCURVE_S1.);
#9193 = LINE('',#9194,#9195);
#9194 = CARTESIAN_POINT('',(3.31976404784,-5.75,1.5));
#9195 = VECTOR('',#9196,1.);
#9196 = DIRECTION('',(0.,0.,1.));
#9197 = PCURVE('',#4179,#9198);
#9198 = DEFINITIONAL_REPRESENTATION('',(#9199),#9203);
#9199 = LINE('',#9200,#9201);
#9200 = CARTESIAN_POINT('',(6.639528095681,0.));
#9201 = VECTOR('',#9202,1.);
#9202 = DIRECTION('',(0.,-1.));
#9203 = ( GEOMETRIC_REPRESENTATION_CONTEXT(2) 
PARAMETRIC_REPRESENTATION_CONTEXT() REPRESENTATION_CONTEXT('2D SPACE',''
  ) );
#9204 = PCURVE('',#4153,#9205);
#9205 = DEFINITIONAL_REPRESENTATION('',(#9206),#9210);
#9206 = LINE('',#9207,#9208);
#9207 = CARTESIAN_POINT('',(0.,0.));
#9208 = VECTOR('',#9209,1.);
#9209 = DIRECTION('',(0.,-1.));
#9210 = ( GEOMETRIC_REPRESENTATION_CONTEXT(2) 
PARAMETRIC_REPRESENTATION_CONTEXT() REPRESENTATION_CONTEXT('2D SPACE',''
  ) );
#9211 = ADVANCED_FACE('',(#9212),#4153,.T.);
#9212 = FACE_BOUND('',#9213,.T.);
#9213 = EDGE_LOOP('',(#9214,#9215,#9216,#9217));
#9214 = ORIENTED_EDGE('',*,*,#9000,.F.);
#9215 = ORIENTED_EDGE('',*,*,#9191,.T.);
#9216 = ORIENTED_EDGE('',*,*,#4138,.F.);
#9217 = ORIENTED_EDGE('',*,*,#9218,.F.);
#9218 = EDGE_CURVE('',#8884,#4113,#9219,.T.);
#9219 = SURFACE_CURVE('',#9220,(#9224,#9231),.PCURVE_S1.);
#9220 = LINE('',#9221,#9222);
#9221 = CARTESIAN_POINT('',(6.639528095681,0.,1.5));
#9222 = VECTOR('',#9223,1.);
#9223 = DIRECTION('',(0.,0.,1.));
#9224 = PCURVE('',#4153,#9225);
#9225 = DEFINITIONAL_REPRESENTATION('',(#9226),#9230);
#9226 = LINE('',#9227,#9228);
#9227 = CARTESIAN_POINT('',(6.639528095681,0.));
#9228 = VECTOR('',#9229,1.);
#9229 = DIRECTION('',(0.,-1.));
#9230 = ( GEOMETRIC_REPRESENTATION_CONTEXT(2) 
PARAMETRIC_REPRESENTATION_CONTEXT() REPRESENTATION_CONTEXT('2D SPACE',''
  ) );
#9231 = PCURVE('',#4127,#9232);
#9232 = DEFINITIONAL_REPRESENTATION('',(#9233),#9237);
#9233 = LINE('',#9234,#9235);
#9234 = CARTESIAN_POINT('',(0.,0.));
#9235 = VECTOR('',#9236,1.);
#9236 = DIRECTION('',(0.,-1.));
#9237 = ( GEOMETRIC_REPRESENTATION_CONTEXT(2) 
PARAMETRIC_REPRESENTATION_CONTEXT() REPRESENTATION_CONTEXT('2D SPACE',''
  ) );
#9238 = ADVANCED_FACE('',(#9239),#4127,.T.);
#9239 = FACE_BOUND('',#9240,.T.);
#9240 = EDGE_LOOP('',(#9241,#9242,#9243,#9244));
#9241 = ORIENTED_EDGE('',*,*,#8883,.F.);
#9242 = ORIENTED_EDGE('',*,*,#9218,.T.);
#9243 = ORIENTED_EDGE('',*,*,#4112,.F.);
#9244 = ORIENTED_EDGE('',*,*,#9088,.F.);
#9245 = ADVANCED_FACE('',(#9246),#4324,.F.);
#9246 = FACE_BOUND('',#9247,.F.);
#9247 = EDGE_LOOP('',(#9248,#9249,#9270,#9271));
#9248 = ORIENTED_EDGE('',*,*,#5199,.F.);
#9249 = ORIENTED_EDGE('',*,*,#9250,.T.);
#9250 = EDGE_CURVE('',#5200,#4304,#9251,.T.);
#9251 = SEAM_CURVE('',#9252,(#9256,#9263),.PCURVE_S1.);
#9252 = LINE('',#9253,#9254);
#9253 = CARTESIAN_POINT('',(72.2,0.,25.));
#9254 = VECTOR('',#9255,1.);
#9255 = DIRECTION('',(0.,1.,0.));
#9256 = PCURVE('',#4324,#9257);
#9257 = DEFINITIONAL_REPRESENTATION('',(#9258),#9262);
#9258 = LINE('',#9259,#9260);
#9259 = CARTESIAN_POINT('',(6.28318530718,0.));
#9260 = VECTOR('',#9261,1.);
#9261 = DIRECTION('',(0.,-1.));
#9262 = ( GEOMETRIC_REPRESENTATION_CONTEXT(2) 
PARAMETRIC_REPRESENTATION_CONTEXT() REPRESENTATION_CONTEXT('2D SPACE',''
  ) );
#9263 = PCURVE('',#4324,#9264);
#9264 = DEFINITIONAL_REPRESENTATION('',(#9265),#9269);
#9265 = LINE('',#9266,#9267);
#9266 = CARTESIAN_POINT('',(0.,0.));
#9267 = VECTOR('',#9268,1.);
#9268 = DIRECTION('',(0.,-1.));
#9269 = ( GEOMETRIC_REPRESENTATION_CONTEXT(2) 
PARAMETRIC_REPRESENTATION_CONTEXT() REPRESENTATION_CONTEXT('2D SPACE',''
  ) );
#9270 = ORIENTED_EDGE('',*,*,#4303,.T.);
#9271 = ORIENTED_EDGE('',*,*,#9250,.F.);
#9272 = ADVANCED_FACE('',(#9273),#4433,.F.);
#9273 = FACE_BOUND('',#9274,.F.);
#9274 = EDGE_LOOP('',(#9275,#9340,#9341,#9397));
#9275 = ORIENTED_EDGE('',*,*,#9276,.T.);
#9276 = EDGE_CURVE('',#4515,#4415,#9277,.T.);
#9277 = SURFACE_CURVE('',#9278,(#9283,#9313),.PCURVE_S1.);
#9278 = CIRCLE('',#9279,1.313462121297);
#9279 = AXIS2_PLACEMENT_3D('',#9280,#9281,#9282);
#9280 = CARTESIAN_POINT('',(69.094133342141,3.2,18.119259607988));
#9281 = DIRECTION('',(-0.991444861374,0.,0.13052619222));
#9282 = DIRECTION('',(-0.13052619222,0.,-0.991444861374));
#9283 = PCURVE('',#4433,#9284);
#9284 = DEFINITIONAL_REPRESENTATION('',(#9285),#9312);
#9285 = B_SPLINE_CURVE_WITH_KNOTS('',7,(#9286,#9287,#9288,#9289,#9290,
    #9291,#9292,#9293,#9294,#9295,#9296,#9297,#9298,#9299,#9300,#9301,
    #9302,#9303,#9304,#9305,#9306,#9307,#9308,#9309,#9310,#9311),
  .UNSPECIFIED.,.F.,.F.,(8,6,6,6,8),(3.533253444733,4.079330857117,
    4.898446975694,5.308005034982,5.71756309427),.UNSPECIFIED.);
#9286 = CARTESIAN_POINT('',(0.44024312734,0.744661269295));
#9287 = CARTESIAN_POINT('',(0.514914010077,0.711700538341));
#9288 = CARTESIAN_POINT('',(0.581963258901,0.672644311466));
#9289 = CARTESIAN_POINT('',(0.64092752396,0.628540094072));
#9290 = CARTESIAN_POINT('',(0.692436323544,0.580434092969));
#9291 = CARTESIAN_POINT('',(0.737359775152,0.529104886823));
#9292 = CARTESIAN_POINT('',(0.776456963208,0.475175530682));
#9293 = CARTESIAN_POINT('',(0.861288152169,0.335076062288));
#9294 = CARTESIAN_POINT('',(0.900563553975,0.246268010518));
#9295 = CARTESIAN_POINT('',(0.930441024827,0.154370202102));
#9296 = CARTESIAN_POINT('',(0.95248113742,6.038535729645E-02));
#9297 = CARTESIAN_POINT('',(0.967358960696,-3.493976027544E-02));
#9298 = CARTESIAN_POINT('',(0.975277730279,-0.130981283562));
#9299 = CARTESIAN_POINT('',(0.975644682643,-0.275071642843));
#9300 = CARTESIAN_POINT('',(0.97384860679,-0.323106358589));
#9301 = CARTESIAN_POINT('',(0.970045682849,-0.371058572962));
#9302 = CARTESIAN_POINT('',(0.964090668571,-0.418835348504));
#9303 = CARTESIAN_POINT('',(0.955772409631,-0.466333264321));
#9304 = CARTESIAN_POINT('',(0.944788931832,-0.513427086367));
#9305 = CARTESIAN_POINT('',(0.916624568456,-0.606476416347));
#9306 = CARTESIAN_POINT('',(0.899443394031,-0.6524318427));
#9307 = CARTESIAN_POINT('',(0.878731584895,-0.697652888026));
#9308 = CARTESIAN_POINT('',(0.853916028128,-0.741932431685));
#9309 = CARTESIAN_POINT('',(0.824275690997,-0.785003868883));
#9310 = CARTESIAN_POINT('',(0.788805866981,-0.826498201883));
#9311 = CARTESIAN_POINT('',(0.746383519075,-0.865884776249));
#9312 = ( GEOMETRIC_REPRESENTATION_CONTEXT(2) 
PARAMETRIC_REPRESENTATION_CONTEXT() REPRESENTATION_CONTEXT('2D SPACE',''
  ) );
#9313 = PCURVE('',#4531,#9314);
#9314 = DEFINITIONAL_REPRESENTATION('',(#9315),#9339);
#9315 = B_SPLINE_CURVE_WITH_KNOTS('',8,(#9316,#9317,#9318,#9319,#9320,
    #9321,#9322,#9323,#9324,#9325,#9326,#9327,#9328,#9329,#9330,#9331,
    #9332,#9333,#9334,#9335,#9336,#9337,#9338),.UNSPECIFIED.,.F.,.F.,(9,
    7,7,9),(3.533253444733,4.079330857117,4.898446975694,5.71756309427),
  .UNSPECIFIED.);
#9316 = CARTESIAN_POINT('',(2.55071647366,0.973389910149));
#9317 = CARTESIAN_POINT('',(2.477017731032,0.935688528303));
#9318 = CARTESIAN_POINT('',(2.41563976438,0.893253292202));
#9319 = CARTESIAN_POINT('',(2.365338459833,0.847321017061));
#9320 = CARTESIAN_POINT('',(2.323924397731,0.798844167639));
#9321 = CARTESIAN_POINT('',(2.289839010589,0.748426070045));
#9322 = CARTESIAN_POINT('',(2.261820598753,0.696535292296));
#9323 = CARTESIAN_POINT('',(2.238931575945,0.643510102245));
#9324 = CARTESIAN_POINT('',(2.192736417049,0.508786177171));
#9325 = CARTESIAN_POINT('',(2.174944308027,0.426007021113));
#9326 = CARTESIAN_POINT('',(2.164656256028,0.342187716179));
#9327 = CARTESIAN_POINT('',(2.160606586962,0.257866753483));
#9328 = CARTESIAN_POINT('',(2.16212664405,0.173469645894));
#9329 = CARTESIAN_POINT('',(2.168930131236,8.939336581872E-02));
#9330 = CARTESIAN_POINT('',(2.181082592942,6.038443797336E-03));
#9331 = CARTESIAN_POINT('',(2.216908577525,-0.158228176247));
#9332 = CARTESIAN_POINT('',(2.24058220976,-0.239140383912));
#9333 = CARTESIAN_POINT('',(2.27042967422,-0.318331130791));
#9334 = CARTESIAN_POINT('',(2.307210312661,-0.395217336632));
#9335 = CARTESIAN_POINT('',(2.352060375501,-0.469016592637));
#9336 = CARTESIAN_POINT('',(2.406469245806,-0.538739125717));
#9337 = CARTESIAN_POINT('',(2.472538281851,-0.602832948497));
#9338 = CARTESIAN_POINT('',(2.551264924763,-0.659338777114));
#9339 = ( GEOMETRIC_REPRESENTATION_CONTEXT(2) 
PARAMETRIC_REPRESENTATION_CONTEXT() REPRESENTATION_CONTEXT('2D SPACE',''
  ) );
#9340 = ORIENTED_EDGE('',*,*,#4414,.T.);
#9341 = ORIENTED_EDGE('',*,*,#9342,.F.);
#9342 = EDGE_CURVE('',#4620,#4417,#9343,.T.);
#9343 = SURFACE_CURVE('',#9344,(#9349,#9373),.PCURVE_S1.);
#9344 = CIRCLE('',#9345,1.313462121297);
#9345 = AXIS2_PLACEMENT_3D('',#9346,#9347,#9348);
#9346 = CARTESIAN_POINT('',(67.344133342141,3.2,18.588170694743));
#9347 = DIRECTION('',(-0.923879532511,0.,0.382683432365));
#9348 = DIRECTION('',(-0.382683432365,0.,-0.923879532511));
#9349 = PCURVE('',#4433,#9350);
#9350 = DEFINITIONAL_REPRESENTATION('',(#9351),#9372);
#9351 = B_SPLINE_CURVE_WITH_KNOTS('',7,(#9352,#9353,#9354,#9355,#9356,
    #9357,#9358,#9359,#9360,#9361,#9362,#9363,#9364,#9365,#9366,#9367,
    #9368,#9369,#9370,#9371),.UNSPECIFIED.,.F.,.F.,(8,6,6,8),(
    3.781735600708,4.236778936825,4.919343941001,5.601908945177),
  .UNSPECIFIED.);
#9352 = CARTESIAN_POINT('',(2.082899704015,0.97338991015));
#9353 = CARTESIAN_POINT('',(2.064519816062,0.921036501777));
#9354 = CARTESIAN_POINT('',(2.053470244804,0.868052178728));
#9355 = CARTESIAN_POINT('',(2.047329571873,0.814766677044));
#9356 = CARTESIAN_POINT('',(2.045024565864,0.761339732996));
#9357 = CARTESIAN_POINT('',(2.045792948588,0.707904558809));
#9358 = CARTESIAN_POINT('',(2.049183315349,0.654561343568));
#9359 = CARTESIAN_POINT('',(2.063425692232,0.521668000973));
#9360 = CARTESIAN_POINT('',(2.077161771815,0.442350061431));
#9361 = CARTESIAN_POINT('',(2.095045121728,0.363763752771));
#9362 = CARTESIAN_POINT('',(2.116810336901,0.286175129325));
#9363 = CARTESIAN_POINT('',(2.142394413599,0.209885173398));
#9364 = CARTESIAN_POINT('',(2.171993297459,0.135249523838));
#9365 = CARTESIAN_POINT('',(2.23990903461,-9.786646303231E-03));
#9366 = CARTESIAN_POINT('',(2.278226203563,-8.01871054589E-02));
#9367 = CARTESIAN_POINT('',(2.321250408353,-0.148008122337));
#9368 = CARTESIAN_POINT('',(2.369489486773,-0.212677785166));
#9369 = CARTESIAN_POINT('',(2.423555284155,-0.273487540938));
#9370 = CARTESIAN_POINT('',(2.484088444308,-0.329498430402));
#9371 = CARTESIAN_POINT('',(2.551264924763,-0.379643763479));
#9372 = ( GEOMETRIC_REPRESENTATION_CONTEXT(2) 
PARAMETRIC_REPRESENTATION_CONTEXT() REPRESENTATION_CONTEXT('2D SPACE',''
  ) );
#9373 = PCURVE('',#4729,#9374);
#9374 = DEFINITIONAL_REPRESENTATION('',(#9375),#9396);
#9375 = B_SPLINE_CURVE_WITH_KNOTS('',7,(#9376,#9377,#9378,#9379,#9380,
    #9381,#9382,#9383,#9384,#9385,#9386,#9387,#9388,#9389,#9390,#9391,
    #9392,#9393,#9394,#9395),.UNSPECIFIED.,.F.,.F.,(8,6,6,8),(
    3.781735600708,4.691822272942,5.14686560906,5.601908945177),
  .UNSPECIFIED.);
#9376 = CARTESIAN_POINT('',(0.56148213155,0.400341580707));
#9377 = CARTESIAN_POINT('',(0.654263750275,0.336386972554));
#9378 = CARTESIAN_POINT('',(0.735171680635,0.26142550702));
#9379 = CARTESIAN_POINT('',(0.80433374058,0.178055908477));
#9380 = CARTESIAN_POINT('',(0.863638733407,8.852172080546E-02));
#9381 = CARTESIAN_POINT('',(0.914441235651,-5.762785327931E-03));
#9382 = CARTESIAN_POINT('',(0.957762454551,-0.103675570506));
#9383 = CARTESIAN_POINT('',(1.012027604456,-0.254693696959));
#9384 = CARTESIAN_POINT('',(1.028329610494,-0.305724278506));
#9385 = CARTESIAN_POINT('',(1.042888579454,-0.357337418452));
#9386 = CARTESIAN_POINT('',(1.055700823027,-0.409437750828));
#9387 = CARTESIAN_POINT('',(1.066715473321,-0.46193890039));
#9388 = CARTESIAN_POINT('',(1.075806849528,-0.514757048063));
#9389 = CARTESIAN_POINT('',(1.0896318352,-0.620847657508));
#9390 = CARTESIAN_POINT('',(1.094365630337,-0.674120158555));
#9391 = CARTESIAN_POINT('',(1.096659699942,-0.727529210101));
#9392 = CARTESIAN_POINT('',(1.096133904659,-0.780980053544));
#9393 = CARTESIAN_POINT('',(1.092150978464,-0.834352851764));
#9394 = CARTESIAN_POINT('',(1.083806788025,-0.887505015198));
#9395 = CARTESIAN_POINT('',(1.069124742392,-0.940162567474));
#9396 = ( GEOMETRIC_REPRESENTATION_CONTEXT(2) 
PARAMETRIC_REPRESENTATION_CONTEXT() REPRESENTATION_CONTEXT('2D SPACE',''
  ) );
#9397 = ORIENTED_EDGE('',*,*,#4619,.T.);
#9398 = ADVANCED_FACE('',(#9399),#4531,.F.);
#9399 = FACE_BOUND('',#9400,.F.);
#9400 = EDGE_LOOP('',(#9401,#9402));
#9401 = ORIENTED_EDGE('',*,*,#4514,.T.);
#9402 = ORIENTED_EDGE('',*,*,#9276,.F.);
#9403 = ADVANCED_FACE('',(#9404),#4729,.F.);
#9404 = FACE_BOUND('',#9405,.F.);
#9405 = EDGE_LOOP('',(#9406,#9407,#9408,#9460));
#9406 = ORIENTED_EDGE('',*,*,#9342,.T.);
#9407 = ORIENTED_EDGE('',*,*,#5099,.T.);
#9408 = ORIENTED_EDGE('',*,*,#9409,.F.);
#9409 = EDGE_CURVE('',#4713,#5007,#9410,.T.);
#9410 = SURFACE_CURVE('',#9411,(#9416,#9436),.PCURVE_S1.);
#9411 = CIRCLE('',#9412,1.313462121297);
#9412 = AXIS2_PLACEMENT_3D('',#9413,#9414,#9415);
#9413 = CARTESIAN_POINT('',(65.775126265847,3.2,19.494037352602));
#9414 = DIRECTION('',(-0.793353340291,0.,0.608761429009));
#9415 = DIRECTION('',(-0.608761429009,0.,-0.793353340291));
#9416 = PCURVE('',#4729,#9417);
#9417 = DEFINITIONAL_REPRESENTATION('',(#9418),#9435);
#9418 = B_SPLINE_CURVE_WITH_KNOTS('',8,(#9419,#9420,#9421,#9422,#9423,
    #9424,#9425,#9426,#9427,#9428,#9429,#9430,#9431,#9432,#9433,#9434),
  .UNSPECIFIED.,.F.,.F.,(9,7,9),(3.88564407461,4.716040971392,
    5.546437868175),.UNSPECIFIED.);
#9419 = CARTESIAN_POINT('',(1.723156739866,0.97338991015));
#9420 = CARTESIAN_POINT('',(1.767975080541,0.891994114819));
#9421 = CARTESIAN_POINT('',(1.810341746929,0.811238541116));
#9422 = CARTESIAN_POINT('',(1.852339504653,0.731331006003));
#9423 = CARTESIAN_POINT('',(1.894512975479,0.652463968271));
#9424 = CARTESIAN_POINT('',(1.937613066293,0.574863612701));
#9425 = CARTESIAN_POINT('',(1.98203514569,0.498785954601));
#9426 = CARTESIAN_POINT('',(2.028281122078,0.424542489017));
#9427 = CARTESIAN_POINT('',(2.125293468612,0.280480691419));
#9428 = CARTESIAN_POINT('',(2.17606086605,0.210662450464));
#9429 = CARTESIAN_POINT('',(2.229536602623,0.143435010361));
#9430 = CARTESIAN_POINT('',(2.286148564842,7.924629820786E-02));
#9431 = CARTESIAN_POINT('',(2.34632339259,1.862386243964E-02));
#9432 = CARTESIAN_POINT('',(2.410447739192,-3.780312599831E-02));
#9433 = CARTESIAN_POINT('',(2.478773153124,-8.930964048592E-02));
#9434 = CARTESIAN_POINT('',(2.551264924762,-0.135148265484));
#9435 = ( GEOMETRIC_REPRESENTATION_CONTEXT(2) 
PARAMETRIC_REPRESENTATION_CONTEXT() REPRESENTATION_CONTEXT('2D SPACE',''
  ) );
#9436 = PCURVE('',#4834,#9437);
#9437 = DEFINITIONAL_REPRESENTATION('',(#9438),#9459);
#9438 = B_SPLINE_CURVE_WITH_KNOTS('',7,(#9439,#9440,#9441,#9442,#9443,
    #9444,#9445,#9446,#9447,#9448,#9449,#9450,#9451,#9452,#9453,#9454,
    #9455,#9456,#9457,#9458),.UNSPECIFIED.,.F.,.F.,(8,6,6,8),(
    3.88564407461,4.716040971392,5.131239419784,5.546437868175),
  .UNSPECIFIED.);
#9439 = CARTESIAN_POINT('',(0.595419670784,0.131910527196));
#9440 = CARTESIAN_POINT('',(0.677974168734,7.912608946112E-02));
#9441 = CARTESIAN_POINT('',(0.75497161641,1.883700008331E-02));
#9442 = CARTESIAN_POINT('',(0.826376064377,-4.776244666479E-02));
#9443 = CARTESIAN_POINT('',(0.892714576187,-0.119528137554));
#9444 = CARTESIAN_POINT('',(0.954675454548,-0.195556549252));
#9445 = CARTESIAN_POINT('',(1.012936338503,-0.275108890111));
#9446 = CARTESIAN_POINT('',(1.095852336718,-0.398822916779));
#9447 = CARTESIAN_POINT('',(1.122744682001,-0.440791821656));
#9448 = CARTESIAN_POINT('',(1.148981583253,-0.483416502433));
#9449 = CARTESIAN_POINT('',(1.174652919001,-0.526630262349));
#9450 = CARTESIAN_POINT('',(1.199852977572,-0.570373527925));
#9451 = CARTESIAN_POINT('',(1.224685865143,-0.614592548925));
#9452 = CARTESIAN_POINT('',(1.273855962399,-0.703883647689));
#9453 = CARTESIAN_POINT('',(1.298194400702,-0.748955708116));
#9454 = CARTESIAN_POINT('',(1.322403349066,-0.794405154702));
#9455 = CARTESIAN_POINT('',(1.346633331211,-0.840187063243));
#9456 = CARTESIAN_POINT('',(1.371051883128,-0.886260121135));
#9457 = CARTESIAN_POINT('',(1.395896226256,-0.932584587142));
#9458 = CARTESIAN_POINT('',(1.421595004888,-0.979118800032));
#9459 = ( GEOMETRIC_REPRESENTATION_CONTEXT(2) 
PARAMETRIC_REPRESENTATION_CONTEXT() REPRESENTATION_CONTEXT('2D SPACE',''
  ) );
#9460 = ORIENTED_EDGE('',*,*,#4712,.T.);
#9461 = ADVANCED_FACE('',(#9462),#4834,.F.);
#9462 = FACE_BOUND('',#9463,.F.);
#9463 = EDGE_LOOP('',(#9464,#9465,#9466,#9514));
#9464 = ORIENTED_EDGE('',*,*,#9409,.T.);
#9465 = ORIENTED_EDGE('',*,*,#5006,.T.);
#9466 = ORIENTED_EDGE('',*,*,#9467,.F.);
#9467 = EDGE_CURVE('',#4818,#4916,#9468,.T.);
#9468 = SURFACE_CURVE('',#9469,(#9474,#9494),.PCURVE_S1.);
#9469 = CIRCLE('',#9470,1.313462121297);
#9470 = AXIS2_PLACEMENT_3D('',#9471,#9472,#9473);
#9471 = CARTESIAN_POINT('',(64.494037352602,3.2,20.775126265847));
#9472 = DIRECTION('',(-0.608761429009,0.,0.793353340291));
#9473 = DIRECTION('',(-0.793353340291,0.,-0.608761429009));
#9474 = PCURVE('',#4834,#9475);
#9475 = DEFINITIONAL_REPRESENTATION('',(#9476),#9493);
#9476 = B_SPLINE_CURVE_WITH_KNOTS('',8,(#9477,#9478,#9479,#9480,#9481,
    #9482,#9483,#9484,#9485,#9486,#9487,#9488,#9489,#9490,#9491,#9492),
  .UNSPECIFIED.,.F.,.F.,(9,7,9),(3.867510730938,4.704436168737,
    5.541361606536),.UNSPECIFIED.);
#9477 = CARTESIAN_POINT('',(1.320277343374,0.973389910149));
#9478 = CARTESIAN_POINT('',(1.426480998252,0.911691948184));
#9479 = CARTESIAN_POINT('',(1.518158051628,0.848077837623));
#9480 = CARTESIAN_POINT('',(1.601292967206,0.783912401927));
#9481 = CARTESIAN_POINT('',(1.678923290832,0.719853745303));
#9482 = CARTESIAN_POINT('',(1.752984594237,0.656458252335));
#9483 = CARTESIAN_POINT('',(1.824877757216,0.59416786311));
#9484 = CARTESIAN_POINT('',(1.895623468736,0.53341880105));
#9485 = CARTESIAN_POINT('',(2.036419990783,0.415865950685));
#9486 = CARTESIAN_POINT('',(2.106470468766,0.359062312059));
#9487 = CARTESIAN_POINT('',(2.176969526533,0.304663837861));
#9488 = CARTESIAN_POINT('',(2.248480512993,0.253104692446));
#9489 = CARTESIAN_POINT('',(2.321436279142,0.204843334468));
#9490 = CARTESIAN_POINT('',(2.396145564192,0.160366069878));
#9491 = CARTESIAN_POINT('',(2.472760805347,0.120169505886));
#9492 = CARTESIAN_POINT('',(2.551264924762,8.471976169246E-02));
#9493 = ( GEOMETRIC_REPRESENTATION_CONTEXT(2) 
PARAMETRIC_REPRESENTATION_CONTEXT() REPRESENTATION_CONTEXT('2D SPACE',''
  ) );
#9494 = PCURVE('',#4932,#9495);
#9495 = DEFINITIONAL_REPRESENTATION('',(#9496),#9513);
#9496 = B_SPLINE_CURVE_WITH_KNOTS('',8,(#9497,#9498,#9499,#9500,#9501,
    #9502,#9503,#9504,#9505,#9506,#9507,#9508,#9509,#9510,#9511,#9512),
  .UNSPECIFIED.,.F.,.F.,(9,7,9),(3.867510730938,4.704436168737,
    5.541361606536),.UNSPECIFIED.);
#9497 = CARTESIAN_POINT('',(0.578372976901,-7.937821577395E-02));
#9498 = CARTESIAN_POINT('',(0.657128207611,-0.114192943881));
#9499 = CARTESIAN_POINT('',(0.733997446602,-0.153807473726));
#9500 = CARTESIAN_POINT('',(0.808947392641,-0.197758731715));
#9501 = CARTESIAN_POINT('',(0.882115398846,-0.245549997366));
#9502 = CARTESIAN_POINT('',(0.953797052294,-0.296693046765));
#9503 = CARTESIAN_POINT('',(1.024413127374,-0.350726918005));
#9504 = CARTESIAN_POINT('',(1.094512909168,-0.40721550758));
#9505 = CARTESIAN_POINT('',(1.235228857187,-0.524236905674));
#9506 = CARTESIAN_POINT('',(1.305844783672,-0.5847695751));
#9507 = CARTESIAN_POINT('',(1.377495830289,-0.646892647479));
#9508 = CARTESIAN_POINT('',(1.451175906502,-0.710171771306));
#9509 = CARTESIAN_POINT('',(1.528233022535,-0.774169269712));
#9510 = CARTESIAN_POINT('',(1.610541640567,-0.838341026816));
#9511 = CARTESIAN_POINT('',(1.70099700275,-0.902047875284));
#9512 = CARTESIAN_POINT('',(1.805312883028,-0.963990576239));
#9513 = ( GEOMETRIC_REPRESENTATION_CONTEXT(2) 
PARAMETRIC_REPRESENTATION_CONTEXT() REPRESENTATION_CONTEXT('2D SPACE',''
  ) );
#9514 = ORIENTED_EDGE('',*,*,#4817,.T.);
#9515 = ADVANCED_FACE('',(#9516),#4932,.F.);
#9516 = FACE_BOUND('',#9517,.F.);
#9517 = EDGE_LOOP('',(#9518,#9519));
#9518 = ORIENTED_EDGE('',*,*,#4915,.T.);
#9519 = ORIENTED_EDGE('',*,*,#9467,.T.);
#9520 = ADVANCED_FACE('',(#9521),#5295,.F.);
#9521 = FACE_BOUND('',#9522,.T.);
#9522 = EDGE_LOOP('',(#9523,#9524,#9545,#9546));
#9523 = ORIENTED_EDGE('',*,*,#5278,.T.);
#9524 = ORIENTED_EDGE('',*,*,#9525,.T.);
#9525 = EDGE_CURVE('',#5279,#5386,#9526,.T.);
#9526 = SEAM_CURVE('',#9527,(#9531,#9538),.PCURVE_S1.);
#9527 = LINE('',#9528,#9529);
#9528 = CARTESIAN_POINT('',(72.2,0.,25.));
#9529 = VECTOR('',#9530,1.);
#9530 = DIRECTION('',(0.,-1.,0.));
#9531 = PCURVE('',#5295,#9532);
#9532 = DEFINITIONAL_REPRESENTATION('',(#9533),#9537);
#9533 = LINE('',#9534,#9535);
#9534 = CARTESIAN_POINT('',(-6.28318530718,0.));
#9535 = VECTOR('',#9536,1.);
#9536 = DIRECTION('',(-0.,-1.));
#9537 = ( GEOMETRIC_REPRESENTATION_CONTEXT(2) 
PARAMETRIC_REPRESENTATION_CONTEXT() REPRESENTATION_CONTEXT('2D SPACE',''
  ) );
#9538 = PCURVE('',#5295,#9539);
#9539 = DEFINITIONAL_REPRESENTATION('',(#9540),#9544);
#9540 = LINE('',#9541,#9542);
#9541 = CARTESIAN_POINT('',(-0.,0.));
#9542 = VECTOR('',#9543,1.);
#9543 = DIRECTION('',(-0.,-1.));
#9544 = ( GEOMETRIC_REPRESENTATION_CONTEXT(2) 
PARAMETRIC_REPRESENTATION_CONTEXT() REPRESENTATION_CONTEXT('2D SPACE',''
  ) );
#9545 = ORIENTED_EDGE('',*,*,#5385,.F.);
#9546 = ORIENTED_EDGE('',*,*,#9525,.F.);
#9547 = ADVANCED_FACE('',(#9548),#5481,.F.);
#9548 = FACE_BOUND('',#9549,.F.);
#9549 = EDGE_LOOP('',(#9550,#9551,#9572,#9573));
#9550 = ORIENTED_EDGE('',*,*,#6356,.F.);
#9551 = ORIENTED_EDGE('',*,*,#9552,.T.);
#9552 = EDGE_CURVE('',#6357,#5461,#9553,.T.);
#9553 = SEAM_CURVE('',#9554,(#9558,#9565),.PCURVE_S1.);
#9554 = LINE('',#9555,#9556);
#9555 = CARTESIAN_POINT('',(8.015810237794E-15,72.2,25.));
#9556 = VECTOR('',#9557,1.);
#9557 = DIRECTION('',(-1.,1.110223024625E-16,0.));
#9558 = PCURVE('',#5481,#9559);
#9559 = DEFINITIONAL_REPRESENTATION('',(#9560),#9564);
#9560 = LINE('',#9561,#9562);
#9561 = CARTESIAN_POINT('',(6.28318530718,0.));
#9562 = VECTOR('',#9563,1.);
#9563 = DIRECTION('',(0.,-1.));
#9564 = ( GEOMETRIC_REPRESENTATION_CONTEXT(2) 
PARAMETRIC_REPRESENTATION_CONTEXT() REPRESENTATION_CONTEXT('2D SPACE',''
  ) );
#9565 = PCURVE('',#5481,#9566);
#9566 = DEFINITIONAL_REPRESENTATION('',(#9567),#9571);
#9567 = LINE('',#9568,#9569);
#9568 = CARTESIAN_POINT('',(0.,0.));
#9569 = VECTOR('',#9570,1.);
#9570 = DIRECTION('',(0.,-1.));
#9571 = ( GEOMETRIC_REPRESENTATION_CONTEXT(2) 
PARAMETRIC_REPRESENTATION_CONTEXT() REPRESENTATION_CONTEXT('2D SPACE',''
  ) );
#9572 = ORIENTED_EDGE('',*,*,#5460,.T.);
#9573 = ORIENTED_EDGE('',*,*,#9552,.F.);
#9574 = ADVANCED_FACE('',(#9575),#5590,.F.);
#9575 = FACE_BOUND('',#9576,.F.);
#9576 = EDGE_LOOP('',(#9577,#9642,#9643,#9699));
#9577 = ORIENTED_EDGE('',*,*,#9578,.T.);
#9578 = EDGE_CURVE('',#5672,#5572,#9579,.T.);
#9579 = SURFACE_CURVE('',#9580,(#9585,#9615),.PCURVE_S1.);
#9580 = CIRCLE('',#9581,1.313462121297);
#9581 = AXIS2_PLACEMENT_3D('',#9582,#9583,#9584);
#9582 = CARTESIAN_POINT('',(-3.2,69.094133342141,18.119259607988));
#9583 = DIRECTION('',(-1.100724912744E-16,-0.991444861374,0.13052619222)
  );
#9584 = DIRECTION('',(-1.449131839194E-17,-0.13052619222,-0.991444861374
    ));
#9585 = PCURVE('',#5590,#9586);
#9586 = DEFINITIONAL_REPRESENTATION('',(#9587),#9614);
#9587 = B_SPLINE_CURVE_WITH_KNOTS('',7,(#9588,#9589,#9590,#9591,#9592,
    #9593,#9594,#9595,#9596,#9597,#9598,#9599,#9600,#9601,#9602,#9603,
    #9604,#9605,#9606,#9607,#9608,#9609,#9610,#9611,#9612,#9613),
  .UNSPECIFIED.,.F.,.F.,(8,6,6,6,8),(3.533253444733,4.079330857117,
    4.898446975694,5.308005034982,5.71756309427),.UNSPECIFIED.);
#9588 = CARTESIAN_POINT('',(0.44024312734,0.744661269295));
#9589 = CARTESIAN_POINT('',(0.514914010077,0.711700538341));
#9590 = CARTESIAN_POINT('',(0.581963258901,0.672644311466));
#9591 = CARTESIAN_POINT('',(0.64092752396,0.628540094072));
#9592 = CARTESIAN_POINT('',(0.692436323544,0.580434092969));
#9593 = CARTESIAN_POINT('',(0.737359775152,0.529104886823));
#9594 = CARTESIAN_POINT('',(0.776456963208,0.475175530682));
#9595 = CARTESIAN_POINT('',(0.861288152169,0.335076062288));
#9596 = CARTESIAN_POINT('',(0.900563553975,0.246268010518));
#9597 = CARTESIAN_POINT('',(0.930441024827,0.154370202102));
#9598 = CARTESIAN_POINT('',(0.95248113742,6.038535729645E-02));
#9599 = CARTESIAN_POINT('',(0.967358960696,-3.493976027544E-02));
#9600 = CARTESIAN_POINT('',(0.975277730279,-0.130981283562));
#9601 = CARTESIAN_POINT('',(0.975644682643,-0.275071642843));
#9602 = CARTESIAN_POINT('',(0.97384860679,-0.323106358589));
#9603 = CARTESIAN_POINT('',(0.970045682849,-0.371058572962));
#9604 = CARTESIAN_POINT('',(0.964090668571,-0.418835348504));
#9605 = CARTESIAN_POINT('',(0.955772409631,-0.466333264321));
#9606 = CARTESIAN_POINT('',(0.944788931832,-0.513427086367));
#9607 = CARTESIAN_POINT('',(0.916624568456,-0.606476416347));
#9608 = CARTESIAN_POINT('',(0.899443394031,-0.6524318427));
#9609 = CARTESIAN_POINT('',(0.878731584895,-0.697652888026));
#9610 = CARTESIAN_POINT('',(0.853916028128,-0.741932431685));
#9611 = CARTESIAN_POINT('',(0.824275690997,-0.785003868883));
#9612 = CARTESIAN_POINT('',(0.788805866981,-0.826498201883));
#9613 = CARTESIAN_POINT('',(0.746383519075,-0.865884776249));
#9614 = ( GEOMETRIC_REPRESENTATION_CONTEXT(2) 
PARAMETRIC_REPRESENTATION_CONTEXT() REPRESENTATION_CONTEXT('2D SPACE',''
  ) );
#9615 = PCURVE('',#5688,#9616);
#9616 = DEFINITIONAL_REPRESENTATION('',(#9617),#9641);
#9617 = B_SPLINE_CURVE_WITH_KNOTS('',8,(#9618,#9619,#9620,#9621,#9622,
    #9623,#9624,#9625,#9626,#9627,#9628,#9629,#9630,#9631,#9632,#9633,
    #9634,#9635,#9636,#9637,#9638,#9639,#9640),.UNSPECIFIED.,.F.,.F.,(9,
    7,7,9),(3.533253444733,4.079330857117,4.898446975694,5.71756309427),
  .UNSPECIFIED.);
#9618 = CARTESIAN_POINT('',(2.55071647366,0.973389910149));
#9619 = CARTESIAN_POINT('',(2.477017731032,0.935688528303));
#9620 = CARTESIAN_POINT('',(2.41563976438,0.893253292202));
#9621 = CARTESIAN_POINT('',(2.365338459833,0.847321017061));
#9622 = CARTESIAN_POINT('',(2.323924397731,0.798844167639));
#9623 = CARTESIAN_POINT('',(2.289839010589,0.748426070045));
#9624 = CARTESIAN_POINT('',(2.261820598753,0.696535292296));
#9625 = CARTESIAN_POINT('',(2.238931575945,0.643510102245));
#9626 = CARTESIAN_POINT('',(2.192736417049,0.508786177171));
#9627 = CARTESIAN_POINT('',(2.174944308027,0.426007021113));
#9628 = CARTESIAN_POINT('',(2.164656256028,0.342187716179));
#9629 = CARTESIAN_POINT('',(2.160606586962,0.257866753483));
#9630 = CARTESIAN_POINT('',(2.16212664405,0.173469645894));
#9631 = CARTESIAN_POINT('',(2.168930131236,8.939336581872E-02));
#9632 = CARTESIAN_POINT('',(2.181082592942,6.038443797336E-03));
#9633 = CARTESIAN_POINT('',(2.216908577525,-0.158228176247));
#9634 = CARTESIAN_POINT('',(2.24058220976,-0.239140383912));
#9635 = CARTESIAN_POINT('',(2.27042967422,-0.318331130791));
#9636 = CARTESIAN_POINT('',(2.307210312661,-0.395217336632));
#9637 = CARTESIAN_POINT('',(2.352060375501,-0.469016592637));
#9638 = CARTESIAN_POINT('',(2.406469245806,-0.538739125717));
#9639 = CARTESIAN_POINT('',(2.472538281851,-0.602832948497));
#9640 = CARTESIAN_POINT('',(2.551264924763,-0.659338777114));
#9641 = ( GEOMETRIC_REPRESENTATION_CONTEXT(2) 
PARAMETRIC_REPRESENTATION_CONTEXT() REPRESENTATION_CONTEXT('2D SPACE',''
  ) );
#9642 = ORIENTED_EDGE('',*,*,#5571,.T.);
#9643 = ORIENTED_EDGE('',*,*,#9644,.F.);
#9644 = EDGE_CURVE('',#5777,#5574,#9645,.T.);
#9645 = SURFACE_CURVE('',#9646,(#9651,#9675),.PCURVE_S1.);
#9646 = CIRCLE('',#9647,1.313462121297);
#9647 = AXIS2_PLACEMENT_3D('',#9648,#9649,#9650);
#9648 = CARTESIAN_POINT('',(-3.2,67.344133342141,18.588170694743));
#9649 = DIRECTION('',(-1.025712328974E-16,-0.923879532511,0.382683432365
    ));
#9650 = DIRECTION('',(-4.248639577543E-17,-0.382683432365,
    -0.923879532511));
#9651 = PCURVE('',#5590,#9652);
#9652 = DEFINITIONAL_REPRESENTATION('',(#9653),#9674);
#9653 = B_SPLINE_CURVE_WITH_KNOTS('',7,(#9654,#9655,#9656,#9657,#9658,
    #9659,#9660,#9661,#9662,#9663,#9664,#9665,#9666,#9667,#9668,#9669,
    #9670,#9671,#9672,#9673),.UNSPECIFIED.,.F.,.F.,(8,6,6,8),(
    3.781735600708,4.236778936825,4.919343941001,5.601908945177),
  .UNSPECIFIED.);
#9654 = CARTESIAN_POINT('',(2.082899704015,0.97338991015));
#9655 = CARTESIAN_POINT('',(2.064519816062,0.921036501777));
#9656 = CARTESIAN_POINT('',(2.053470244804,0.868052178728));
#9657 = CARTESIAN_POINT('',(2.047329571873,0.814766677044));
#9658 = CARTESIAN_POINT('',(2.045024565864,0.761339732996));
#9659 = CARTESIAN_POINT('',(2.045792948588,0.707904558809));
#9660 = CARTESIAN_POINT('',(2.049183315349,0.654561343568));
#9661 = CARTESIAN_POINT('',(2.063425692232,0.521668000973));
#9662 = CARTESIAN_POINT('',(2.077161771815,0.442350061431));
#9663 = CARTESIAN_POINT('',(2.095045121728,0.363763752771));
#9664 = CARTESIAN_POINT('',(2.116810336901,0.286175129325));
#9665 = CARTESIAN_POINT('',(2.142394413599,0.209885173398));
#9666 = CARTESIAN_POINT('',(2.171993297459,0.135249523838));
#9667 = CARTESIAN_POINT('',(2.23990903461,-9.786646303231E-03));
#9668 = CARTESIAN_POINT('',(2.278226203563,-8.01871054589E-02));
#9669 = CARTESIAN_POINT('',(2.321250408353,-0.148008122337));
#9670 = CARTESIAN_POINT('',(2.369489486773,-0.212677785166));
#9671 = CARTESIAN_POINT('',(2.423555284155,-0.273487540938));
#9672 = CARTESIAN_POINT('',(2.484088444308,-0.329498430402));
#9673 = CARTESIAN_POINT('',(2.551264924763,-0.379643763479));
#9674 = ( GEOMETRIC_REPRESENTATION_CONTEXT(2) 
PARAMETRIC_REPRESENTATION_CONTEXT() REPRESENTATION_CONTEXT('2D SPACE',''
  ) );
#9675 = PCURVE('',#5886,#9676);
#9676 = DEFINITIONAL_REPRESENTATION('',(#9677),#9698);
#9677 = B_SPLINE_CURVE_WITH_KNOTS('',7,(#9678,#9679,#9680,#9681,#9682,
    #9683,#9684,#9685,#9686,#9687,#9688,#9689,#9690,#9691,#9692,#9693,
    #9694,#9695,#9696,#9697),.UNSPECIFIED.,.F.,.F.,(8,6,6,8),(
    3.781735600708,4.691822272942,5.14686560906,5.601908945177),
  .UNSPECIFIED.);
#9678 = CARTESIAN_POINT('',(0.56148213155,0.400341580707));
#9679 = CARTESIAN_POINT('',(0.654263750275,0.336386972554));
#9680 = CARTESIAN_POINT('',(0.735171680635,0.26142550702));
#9681 = CARTESIAN_POINT('',(0.80433374058,0.178055908477));
#9682 = CARTESIAN_POINT('',(0.863638733407,8.852172080546E-02));
#9683 = CARTESIAN_POINT('',(0.914441235651,-5.762785327931E-03));
#9684 = CARTESIAN_POINT('',(0.957762454551,-0.103675570506));
#9685 = CARTESIAN_POINT('',(1.012027604456,-0.254693696959));
#9686 = CARTESIAN_POINT('',(1.028329610494,-0.305724278506));
#9687 = CARTESIAN_POINT('',(1.042888579454,-0.357337418452));
#9688 = CARTESIAN_POINT('',(1.055700823027,-0.409437750828));
#9689 = CARTESIAN_POINT('',(1.066715473321,-0.46193890039));
#9690 = CARTESIAN_POINT('',(1.075806849528,-0.514757048063));
#9691 = CARTESIAN_POINT('',(1.0896318352,-0.620847657508));
#9692 = CARTESIAN_POINT('',(1.094365630337,-0.674120158555));
#9693 = CARTESIAN_POINT('',(1.096659699942,-0.727529210101));
#9694 = CARTESIAN_POINT('',(1.096133904659,-0.780980053544));
#9695 = CARTESIAN_POINT('',(1.092150978464,-0.834352851764));
#9696 = CARTESIAN_POINT('',(1.083806788025,-0.887505015198));
#9697 = CARTESIAN_POINT('',(1.069124742392,-0.940162567474));
#9698 = ( GEOMETRIC_REPRESENTATION_CONTEXT(2) 
PARAMETRIC_REPRESENTATION_CONTEXT() REPRESENTATION_CONTEXT('2D SPACE',''
  ) );
#9699 = ORIENTED_EDGE('',*,*,#5776,.T.);
#9700 = ADVANCED_FACE('',(#9701),#5688,.F.);
#9701 = FACE_BOUND('',#9702,.F.);
#9702 = EDGE_LOOP('',(#9703,#9704));
#9703 = ORIENTED_EDGE('',*,*,#5671,.T.);
#9704 = ORIENTED_EDGE('',*,*,#9578,.F.);
#9705 = ADVANCED_FACE('',(#9706),#5886,.F.);
#9706 = FACE_BOUND('',#9707,.F.);
#9707 = EDGE_LOOP('',(#9708,#9709,#9710,#9762));
#9708 = ORIENTED_EDGE('',*,*,#9644,.T.);
#9709 = ORIENTED_EDGE('',*,*,#6256,.T.);
#9710 = ORIENTED_EDGE('',*,*,#9711,.F.);
#9711 = EDGE_CURVE('',#5870,#6164,#9712,.T.);
#9712 = SURFACE_CURVE('',#9713,(#9718,#9738),.PCURVE_S1.);
#9713 = CIRCLE('',#9714,1.313462121297);
#9714 = AXIS2_PLACEMENT_3D('',#9715,#9716,#9717);
#9715 = CARTESIAN_POINT('',(-3.2,65.775126265847,19.494037352602));
#9716 = DIRECTION('',(-8.807991450546E-17,-0.793353340291,0.608761429009
    ));
#9717 = DIRECTION('',(-6.758609549892E-17,-0.608761429009,
    -0.793353340291));
#9718 = PCURVE('',#5886,#9719);
#9719 = DEFINITIONAL_REPRESENTATION('',(#9720),#9737);
#9720 = B_SPLINE_CURVE_WITH_KNOTS('',8,(#9721,#9722,#9723,#9724,#9725,
    #9726,#9727,#9728,#9729,#9730,#9731,#9732,#9733,#9734,#9735,#9736),
  .UNSPECIFIED.,.F.,.F.,(9,7,9),(3.88564407461,4.716040971392,
    5.546437868175),.UNSPECIFIED.);
#9721 = CARTESIAN_POINT('',(1.723156739866,0.97338991015));
#9722 = CARTESIAN_POINT('',(1.767975080541,0.891994114819));
#9723 = CARTESIAN_POINT('',(1.810341746929,0.811238541116));
#9724 = CARTESIAN_POINT('',(1.852339504653,0.731331006003));
#9725 = CARTESIAN_POINT('',(1.894512975479,0.652463968271));
#9726 = CARTESIAN_POINT('',(1.937613066293,0.574863612701));
#9727 = CARTESIAN_POINT('',(1.98203514569,0.498785954601));
#9728 = CARTESIAN_POINT('',(2.028281122078,0.424542489017));
#9729 = CARTESIAN_POINT('',(2.125293468612,0.280480691419));
#9730 = CARTESIAN_POINT('',(2.17606086605,0.210662450464));
#9731 = CARTESIAN_POINT('',(2.229536602623,0.143435010361));
#9732 = CARTESIAN_POINT('',(2.286148564842,7.924629820786E-02));
#9733 = CARTESIAN_POINT('',(2.34632339259,1.862386243964E-02));
#9734 = CARTESIAN_POINT('',(2.410447739192,-3.780312599831E-02));
#9735 = CARTESIAN_POINT('',(2.478773153124,-8.930964048592E-02));
#9736 = CARTESIAN_POINT('',(2.551264924762,-0.135148265484));
#9737 = ( GEOMETRIC_REPRESENTATION_CONTEXT(2) 
PARAMETRIC_REPRESENTATION_CONTEXT() REPRESENTATION_CONTEXT('2D SPACE',''
  ) );
#9738 = PCURVE('',#5991,#9739);
#9739 = DEFINITIONAL_REPRESENTATION('',(#9740),#9761);
#9740 = B_SPLINE_CURVE_WITH_KNOTS('',7,(#9741,#9742,#9743,#9744,#9745,
    #9746,#9747,#9748,#9749,#9750,#9751,#9752,#9753,#9754,#9755,#9756,
    #9757,#9758,#9759,#9760),.UNSPECIFIED.,.F.,.F.,(8,6,6,8),(
    3.88564407461,4.716040971392,5.131239419784,5.546437868175),
  .UNSPECIFIED.);
#9741 = CARTESIAN_POINT('',(0.595419670784,0.131910527196));
#9742 = CARTESIAN_POINT('',(0.677974168734,7.912608946112E-02));
#9743 = CARTESIAN_POINT('',(0.75497161641,1.883700008331E-02));
#9744 = CARTESIAN_POINT('',(0.826376064377,-4.776244666479E-02));
#9745 = CARTESIAN_POINT('',(0.892714576187,-0.119528137554));
#9746 = CARTESIAN_POINT('',(0.954675454548,-0.195556549252));
#9747 = CARTESIAN_POINT('',(1.012936338503,-0.275108890111));
#9748 = CARTESIAN_POINT('',(1.095852336718,-0.398822916779));
#9749 = CARTESIAN_POINT('',(1.122744682001,-0.440791821656));
#9750 = CARTESIAN_POINT('',(1.148981583253,-0.483416502433));
#9751 = CARTESIAN_POINT('',(1.174652919001,-0.526630262349));
#9752 = CARTESIAN_POINT('',(1.199852977572,-0.570373527925));
#9753 = CARTESIAN_POINT('',(1.224685865143,-0.614592548925));
#9754 = CARTESIAN_POINT('',(1.273855962399,-0.703883647689));
#9755 = CARTESIAN_POINT('',(1.298194400702,-0.748955708116));
#9756 = CARTESIAN_POINT('',(1.322403349066,-0.794405154702));
#9757 = CARTESIAN_POINT('',(1.346633331211,-0.840187063243));
#9758 = CARTESIAN_POINT('',(1.371051883128,-0.886260121135));
#9759 = CARTESIAN_POINT('',(1.395896226256,-0.932584587142));
#9760 = CARTESIAN_POINT('',(1.421595004888,-0.979118800032));
#9761 = ( GEOMETRIC_REPRESENTATION_CONTEXT(2) 
PARAMETRIC_REPRESENTATION_CONTEXT() REPRESENTATION_CONTEXT('2D SPACE',''
  ) );
#9762 = ORIENTED_EDGE('',*,*,#5869,.T.);
#9763 = ADVANCED_FACE('',(#9764),#5991,.F.);
#9764 = FACE_BOUND('',#9765,.F.);
#9765 = EDGE_LOOP('',(#9766,#9767,#9768,#9816));
#9766 = ORIENTED_EDGE('',*,*,#9711,.T.);
#9767 = ORIENTED_EDGE('',*,*,#6163,.T.);
#9768 = ORIENTED_EDGE('',*,*,#9769,.F.);
#9769 = EDGE_CURVE('',#5975,#6073,#9770,.T.);
#9770 = SURFACE_CURVE('',#9771,(#9776,#9796),.PCURVE_S1.);
#9771 = CIRCLE('',#9772,1.313462121297);
#9772 = AXIS2_PLACEMENT_3D('',#9773,#9774,#9775);
#9773 = CARTESIAN_POINT('',(-3.2,64.494037352602,20.775126265847));
#9774 = DIRECTION('',(-6.758609549892E-17,-0.608761429009,0.793353340291
    ));
#9775 = DIRECTION('',(-8.807991450546E-17,-0.793353340291,
    -0.608761429009));
#9776 = PCURVE('',#5991,#9777);
#9777 = DEFINITIONAL_REPRESENTATION('',(#9778),#9795);
#9778 = B_SPLINE_CURVE_WITH_KNOTS('',8,(#9779,#9780,#9781,#9782,#9783,
    #9784,#9785,#9786,#9787,#9788,#9789,#9790,#9791,#9792,#9793,#9794),
  .UNSPECIFIED.,.F.,.F.,(9,7,9),(3.867510730938,4.704436168737,
    5.541361606536),.UNSPECIFIED.);
#9779 = CARTESIAN_POINT('',(1.320277343374,0.973389910149));
#9780 = CARTESIAN_POINT('',(1.426480998252,0.911691948184));
#9781 = CARTESIAN_POINT('',(1.518158051628,0.848077837623));
#9782 = CARTESIAN_POINT('',(1.601292967206,0.783912401927));
#9783 = CARTESIAN_POINT('',(1.678923290832,0.719853745303));
#9784 = CARTESIAN_POINT('',(1.752984594237,0.656458252335));
#9785 = CARTESIAN_POINT('',(1.824877757216,0.59416786311));
#9786 = CARTESIAN_POINT('',(1.895623468736,0.53341880105));
#9787 = CARTESIAN_POINT('',(2.036419990783,0.415865950685));
#9788 = CARTESIAN_POINT('',(2.106470468766,0.359062312059));
#9789 = CARTESIAN_POINT('',(2.176969526533,0.304663837861));
#9790 = CARTESIAN_POINT('',(2.248480512993,0.253104692446));
#9791 = CARTESIAN_POINT('',(2.321436279142,0.204843334468));
#9792 = CARTESIAN_POINT('',(2.396145564192,0.160366069878));
#9793 = CARTESIAN_POINT('',(2.472760805347,0.120169505886));
#9794 = CARTESIAN_POINT('',(2.551264924762,8.471976169246E-02));
#9795 = ( GEOMETRIC_REPRESENTATION_CONTEXT(2) 
PARAMETRIC_REPRESENTATION_CONTEXT() REPRESENTATION_CONTEXT('2D SPACE',''
  ) );
#9796 = PCURVE('',#6089,#9797);
#9797 = DEFINITIONAL_REPRESENTATION('',(#9798),#9815);
#9798 = B_SPLINE_CURVE_WITH_KNOTS('',8,(#9799,#9800,#9801,#9802,#9803,
    #9804,#9805,#9806,#9807,#9808,#9809,#9810,#9811,#9812,#9813,#9814),
  .UNSPECIFIED.,.F.,.F.,(9,7,9),(3.867510730938,4.704436168737,
    5.541361606536),.UNSPECIFIED.);
#9799 = CARTESIAN_POINT('',(0.578372976901,-7.937821577395E-02));
#9800 = CARTESIAN_POINT('',(0.657128207611,-0.114192943881));
#9801 = CARTESIAN_POINT('',(0.733997446602,-0.153807473726));
#9802 = CARTESIAN_POINT('',(0.808947392641,-0.197758731715));
#9803 = CARTESIAN_POINT('',(0.882115398846,-0.245549997366));
#9804 = CARTESIAN_POINT('',(0.953797052294,-0.296693046765));
#9805 = CARTESIAN_POINT('',(1.024413127374,-0.350726918005));
#9806 = CARTESIAN_POINT('',(1.094512909168,-0.40721550758));
#9807 = CARTESIAN_POINT('',(1.235228857187,-0.524236905674));
#9808 = CARTESIAN_POINT('',(1.305844783672,-0.5847695751));
#9809 = CARTESIAN_POINT('',(1.377495830289,-0.646892647479));
#9810 = CARTESIAN_POINT('',(1.451175906502,-0.710171771306));
#9811 = CARTESIAN_POINT('',(1.528233022535,-0.774169269712));
#9812 = CARTESIAN_POINT('',(1.610541640567,-0.838341026816));
#9813 = CARTESIAN_POINT('',(1.70099700275,-0.902047875284));
#9814 = CARTESIAN_POINT('',(1.805312883028,-0.963990576239));
#9815 = ( GEOMETRIC_REPRESENTATION_CONTEXT(2) 
PARAMETRIC_REPRESENTATION_CONTEXT() REPRESENTATION_CONTEXT('2D SPACE',''
  ) );
#9816 = ORIENTED_EDGE('',*,*,#5974,.T.);
#9817 = ADVANCED_FACE('',(#9818),#6089,.F.);
#9818 = FACE_BOUND('',#9819,.F.);
#9819 = EDGE_LOOP('',(#9820,#9821));
#9820 = ORIENTED_EDGE('',*,*,#6072,.T.);
#9821 = ORIENTED_EDGE('',*,*,#9769,.T.);
#9822 = ADVANCED_FACE('',(#9823),#6452,.F.);
#9823 = FACE_BOUND('',#9824,.T.);
#9824 = EDGE_LOOP('',(#9825,#9826,#9847,#9848));
#9825 = ORIENTED_EDGE('',*,*,#6435,.T.);
#9826 = ORIENTED_EDGE('',*,*,#9827,.T.);
#9827 = EDGE_CURVE('',#6436,#6543,#9828,.T.);
#9828 = SEAM_CURVE('',#9829,(#9833,#9840),.PCURVE_S1.);
#9829 = LINE('',#9830,#9831);
#9830 = CARTESIAN_POINT('',(8.015810237794E-15,72.2,25.));
#9831 = VECTOR('',#9832,1.);
#9832 = DIRECTION('',(1.,-1.110223024625E-16,0.));
#9833 = PCURVE('',#6452,#9834);
#9834 = DEFINITIONAL_REPRESENTATION('',(#9835),#9839);
#9835 = LINE('',#9836,#9837);
#9836 = CARTESIAN_POINT('',(-6.28318530718,0.));
#9837 = VECTOR('',#9838,1.);
#9838 = DIRECTION('',(-0.,-1.));
#9839 = ( GEOMETRIC_REPRESENTATION_CONTEXT(2) 
PARAMETRIC_REPRESENTATION_CONTEXT() REPRESENTATION_CONTEXT('2D SPACE',''
  ) );
#9840 = PCURVE('',#6452,#9841);
#9841 = DEFINITIONAL_REPRESENTATION('',(#9842),#9846);
#9842 = LINE('',#9843,#9844);
#9843 = CARTESIAN_POINT('',(-0.,0.));
#9844 = VECTOR('',#9845,1.);
#9845 = DIRECTION('',(-0.,-1.));
#9846 = ( GEOMETRIC_REPRESENTATION_CONTEXT(2) 
PARAMETRIC_REPRESENTATION_CONTEXT() REPRESENTATION_CONTEXT('2D SPACE',''
  ) );
#9847 = ORIENTED_EDGE('',*,*,#6542,.F.);
#9848 = ORIENTED_EDGE('',*,*,#9827,.F.);
#9849 = ADVANCED_FACE('',(#9850),#6634,.F.);
#9850 = FACE_BOUND('',#9851,.T.);
#9851 = EDGE_LOOP('',(#9852,#9853,#9874,#9875));
#9852 = ORIENTED_EDGE('',*,*,#6724,.T.);
#9853 = ORIENTED_EDGE('',*,*,#9854,.T.);
#9854 = EDGE_CURVE('',#6725,#6618,#9855,.T.);
#9855 = SEAM_CURVE('',#9856,(#9860,#9867),.PCURVE_S1.);
#9856 = LINE('',#9857,#9858);
#9857 = CARTESIAN_POINT('',(-1.603162047559E-14,-72.2,25.));
#9858 = VECTOR('',#9859,1.);
#9859 = DIRECTION('',(-1.,2.22044604925E-16,0.));
#9860 = PCURVE('',#6634,#9861);
#9861 = DEFINITIONAL_REPRESENTATION('',(#9862),#9866);
#9862 = LINE('',#9863,#9864);
#9863 = CARTESIAN_POINT('',(-6.28318530718,0.));
#9864 = VECTOR('',#9865,1.);
#9865 = DIRECTION('',(-0.,-1.));
#9866 = ( GEOMETRIC_REPRESENTATION_CONTEXT(2) 
PARAMETRIC_REPRESENTATION_CONTEXT() REPRESENTATION_CONTEXT('2D SPACE',''
  ) );
#9867 = PCURVE('',#6634,#9868);
#9868 = DEFINITIONAL_REPRESENTATION('',(#9869),#9873);
#9869 = LINE('',#9870,#9871);
#9870 = CARTESIAN_POINT('',(-0.,0.));
#9871 = VECTOR('',#9872,1.);
#9872 = DIRECTION('',(-0.,-1.));
#9873 = ( GEOMETRIC_REPRESENTATION_CONTEXT(2) 
PARAMETRIC_REPRESENTATION_CONTEXT() REPRESENTATION_CONTEXT('2D SPACE',''
  ) );
#9874 = ORIENTED_EDGE('',*,*,#6617,.F.);
#9875 = ORIENTED_EDGE('',*,*,#9854,.F.);
#9876 = ADVANCED_FACE('',(#9877),#6818,.F.);
#9877 = FACE_BOUND('',#9878,.F.);
#9878 = EDGE_LOOP('',(#9879,#9944,#9945,#10001));
#9879 = ORIENTED_EDGE('',*,*,#9880,.T.);
#9880 = EDGE_CURVE('',#6900,#6800,#9881,.T.);
#9881 = SURFACE_CURVE('',#9882,(#9887,#9917),.PCURVE_S1.);
#9882 = CIRCLE('',#9883,1.313462121297);
#9883 = AXIS2_PLACEMENT_3D('',#9884,#9885,#9886);
#9884 = CARTESIAN_POINT('',(3.2,-69.09413334214,18.119259607988));
#9885 = DIRECTION('',(2.201449825487E-16,0.991444861374,0.13052619222));
#9886 = DIRECTION('',(2.898263678387E-17,0.13052619222,-0.991444861374)
  );
#9887 = PCURVE('',#6818,#9888);
#9888 = DEFINITIONAL_REPRESENTATION('',(#9889),#9916);
#9889 = B_SPLINE_CURVE_WITH_KNOTS('',7,(#9890,#9891,#9892,#9893,#9894,
    #9895,#9896,#9897,#9898,#9899,#9900,#9901,#9902,#9903,#9904,#9905,
    #9906,#9907,#9908,#9909,#9910,#9911,#9912,#9913,#9914,#9915),
  .UNSPECIFIED.,.F.,.F.,(8,6,6,6,8),(3.533253444733,4.079330857117,
    4.898446975694,5.308005034982,5.71756309427),.UNSPECIFIED.);
#9890 = CARTESIAN_POINT('',(0.44024312734,0.744661269295));
#9891 = CARTESIAN_POINT('',(0.514914010077,0.711700538341));
#9892 = CARTESIAN_POINT('',(0.581963258901,0.672644311466));
#9893 = CARTESIAN_POINT('',(0.64092752396,0.628540094072));
#9894 = CARTESIAN_POINT('',(0.692436323544,0.580434092969));
#9895 = CARTESIAN_POINT('',(0.737359775152,0.529104886823));
#9896 = CARTESIAN_POINT('',(0.776456963208,0.475175530682));
#9897 = CARTESIAN_POINT('',(0.861288152169,0.335076062288));
#9898 = CARTESIAN_POINT('',(0.900563553975,0.246268010518));
#9899 = CARTESIAN_POINT('',(0.930441024827,0.154370202102));
#9900 = CARTESIAN_POINT('',(0.95248113742,6.038535729645E-02));
#9901 = CARTESIAN_POINT('',(0.967358960696,-3.493976027544E-02));
#9902 = CARTESIAN_POINT('',(0.975277730279,-0.130981283562));
#9903 = CARTESIAN_POINT('',(0.975644682643,-0.275071642843));
#9904 = CARTESIAN_POINT('',(0.97384860679,-0.323106358589));
#9905 = CARTESIAN_POINT('',(0.970045682849,-0.371058572962));
#9906 = CARTESIAN_POINT('',(0.964090668571,-0.418835348504));
#9907 = CARTESIAN_POINT('',(0.955772409631,-0.466333264321));
#9908 = CARTESIAN_POINT('',(0.944788931832,-0.513427086367));
#9909 = CARTESIAN_POINT('',(0.916624568456,-0.606476416347));
#9910 = CARTESIAN_POINT('',(0.899443394031,-0.6524318427));
#9911 = CARTESIAN_POINT('',(0.878731584895,-0.697652888026));
#9912 = CARTESIAN_POINT('',(0.853916028128,-0.741932431685));
#9913 = CARTESIAN_POINT('',(0.824275690997,-0.785003868883));
#9914 = CARTESIAN_POINT('',(0.788805866981,-0.826498201883));
#9915 = CARTESIAN_POINT('',(0.746383519075,-0.865884776249));
#9916 = ( GEOMETRIC_REPRESENTATION_CONTEXT(2) 
PARAMETRIC_REPRESENTATION_CONTEXT() REPRESENTATION_CONTEXT('2D SPACE',''
  ) );
#9917 = PCURVE('',#6916,#9918);
#9918 = DEFINITIONAL_REPRESENTATION('',(#9919),#9943);
#9919 = B_SPLINE_CURVE_WITH_KNOTS('',8,(#9920,#9921,#9922,#9923,#9924,
    #9925,#9926,#9927,#9928,#9929,#9930,#9931,#9932,#9933,#9934,#9935,
    #9936,#9937,#9938,#9939,#9940,#9941,#9942),.UNSPECIFIED.,.F.,.F.,(9,
    7,7,9),(3.533253444733,4.079330857117,4.898446975694,5.71756309427),
  .UNSPECIFIED.);
#9920 = CARTESIAN_POINT('',(2.55071647366,0.973389910149));
#9921 = CARTESIAN_POINT('',(2.477017731032,0.935688528303));
#9922 = CARTESIAN_POINT('',(2.41563976438,0.893253292202));
#9923 = CARTESIAN_POINT('',(2.365338459833,0.847321017061));
#9924 = CARTESIAN_POINT('',(2.323924397731,0.798844167639));
#9925 = CARTESIAN_POINT('',(2.289839010589,0.748426070045));
#9926 = CARTESIAN_POINT('',(2.261820598753,0.696535292296));
#9927 = CARTESIAN_POINT('',(2.238931575945,0.643510102245));
#9928 = CARTESIAN_POINT('',(2.192736417049,0.508786177171));
#9929 = CARTESIAN_POINT('',(2.174944308027,0.426007021113));
#9930 = CARTESIAN_POINT('',(2.164656256028,0.342187716179));
#9931 = CARTESIAN_POINT('',(2.160606586962,0.257866753483));
#9932 = CARTESIAN_POINT('',(2.16212664405,0.173469645894));
#9933 = CARTESIAN_POINT('',(2.168930131236,8.939336581872E-02));
#9934 = CARTESIAN_POINT('',(2.181082592942,6.038443797336E-03));
#9935 = CARTESIAN_POINT('',(2.216908577525,-0.158228176247));
#9936 = CARTESIAN_POINT('',(2.24058220976,-0.239140383912));
#9937 = CARTESIAN_POINT('',(2.27042967422,-0.318331130791));
#9938 = CARTESIAN_POINT('',(2.307210312661,-0.395217336632));
#9939 = CARTESIAN_POINT('',(2.352060375501,-0.469016592637));
#9940 = CARTESIAN_POINT('',(2.406469245806,-0.538739125717));
#9941 = CARTESIAN_POINT('',(2.472538281851,-0.602832948497));
#9942 = CARTESIAN_POINT('',(2.551264924763,-0.659338777114));
#9943 = ( GEOMETRIC_REPRESENTATION_CONTEXT(2) 
PARAMETRIC_REPRESENTATION_CONTEXT() REPRESENTATION_CONTEXT('2D SPACE',''
  ) );
#9944 = ORIENTED_EDGE('',*,*,#6799,.T.);
#9945 = ORIENTED_EDGE('',*,*,#9946,.F.);
#9946 = EDGE_CURVE('',#7005,#6802,#9947,.T.);
#9947 = SURFACE_CURVE('',#9948,(#9953,#9977),.PCURVE_S1.);
#9948 = CIRCLE('',#9949,1.313462121297);
#9949 = AXIS2_PLACEMENT_3D('',#9950,#9951,#9952);
#9950 = CARTESIAN_POINT('',(3.2,-67.34413334214,18.588170694743));
#9951 = DIRECTION('',(2.051424657948E-16,0.923879532511,0.382683432365)
  );
#9952 = DIRECTION('',(8.497279155086E-17,0.382683432365,-0.923879532511)
  );
#9953 = PCURVE('',#6818,#9954);
#9954 = DEFINITIONAL_REPRESENTATION('',(#9955),#9976);
#9955 = B_SPLINE_CURVE_WITH_KNOTS('',7,(#9956,#9957,#9958,#9959,#9960,
    #9961,#9962,#9963,#9964,#9965,#9966,#9967,#9968,#9969,#9970,#9971,
    #9972,#9973,#9974,#9975),.UNSPECIFIED.,.F.,.F.,(8,6,6,8),(
    3.781735600708,4.236778936825,4.919343941001,5.601908945177),
  .UNSPECIFIED.);
#9956 = CARTESIAN_POINT('',(2.082899704015,0.97338991015));
#9957 = CARTESIAN_POINT('',(2.064519816062,0.921036501777));
#9958 = CARTESIAN_POINT('',(2.053470244804,0.868052178728));
#9959 = CARTESIAN_POINT('',(2.047329571873,0.814766677044));
#9960 = CARTESIAN_POINT('',(2.045024565864,0.761339732996));
#9961 = CARTESIAN_POINT('',(2.045792948588,0.707904558809));
#9962 = CARTESIAN_POINT('',(2.049183315349,0.654561343568));
#9963 = CARTESIAN_POINT('',(2.063425692232,0.521668000973));
#9964 = CARTESIAN_POINT('',(2.077161771815,0.442350061431));
#9965 = CARTESIAN_POINT('',(2.095045121728,0.363763752771));
#9966 = CARTESIAN_POINT('',(2.116810336901,0.286175129325));
#9967 = CARTESIAN_POINT('',(2.142394413599,0.209885173398));
#9968 = CARTESIAN_POINT('',(2.171993297459,0.135249523838));
#9969 = CARTESIAN_POINT('',(2.23990903461,-9.786646303231E-03));
#9970 = CARTESIAN_POINT('',(2.278226203563,-8.01871054589E-02));
#9971 = CARTESIAN_POINT('',(2.321250408353,-0.148008122337));
#9972 = CARTESIAN_POINT('',(2.369489486773,-0.212677785166));
#9973 = CARTESIAN_POINT('',(2.423555284155,-0.273487540938));
#9974 = CARTESIAN_POINT('',(2.484088444308,-0.329498430402));
#9975 = CARTESIAN_POINT('',(2.551264924763,-0.379643763479));
#9976 = ( GEOMETRIC_REPRESENTATION_CONTEXT(2) 
PARAMETRIC_REPRESENTATION_CONTEXT() REPRESENTATION_CONTEXT('2D SPACE',''
  ) );
#9977 = PCURVE('',#7114,#9978);
#9978 = DEFINITIONAL_REPRESENTATION('',(#9979),#10000);
#9979 = B_SPLINE_CURVE_WITH_KNOTS('',7,(#9980,#9981,#9982,#9983,#9984,
    #9985,#9986,#9987,#9988,#9989,#9990,#9991,#9992,#9993,#9994,#9995,
    #9996,#9997,#9998,#9999),.UNSPECIFIED.,.F.,.F.,(8,6,6,8),(
    3.781735600708,4.691822272942,5.14686560906,5.601908945177),
  .UNSPECIFIED.);
#9980 = CARTESIAN_POINT('',(0.56148213155,0.400341580707));
#9981 = CARTESIAN_POINT('',(0.654263750275,0.336386972554));
#9982 = CARTESIAN_POINT('',(0.735171680635,0.26142550702));
#9983 = CARTESIAN_POINT('',(0.80433374058,0.178055908477));
#9984 = CARTESIAN_POINT('',(0.863638733407,8.852172080546E-02));
#9985 = CARTESIAN_POINT('',(0.914441235651,-5.762785327931E-03));
#9986 = CARTESIAN_POINT('',(0.957762454551,-0.103675570506));
#9987 = CARTESIAN_POINT('',(1.012027604456,-0.254693696959));
#9988 = CARTESIAN_POINT('',(1.028329610494,-0.305724278506));
#9989 = CARTESIAN_POINT('',(1.042888579454,-0.357337418452));
#9990 = CARTESIAN_POINT('',(1.055700823027,-0.409437750828));
#9991 = CARTESIAN_POINT('',(1.066715473321,-0.46193890039));
#9992 = CARTESIAN_POINT('',(1.075806849528,-0.514757048063));
#9993 = CARTESIAN_POINT('',(1.0896318352,-0.620847657508));
#9994 = CARTESIAN_POINT('',(1.094365630337,-0.674120158555));
#9995 = CARTESIAN_POINT('',(1.096659699942,-0.727529210101));
#9996 = CARTESIAN_POINT('',(1.096133904659,-0.780980053544));
#9997 = CARTESIAN_POINT('',(1.092150978464,-0.834352851764));
#9998 = CARTESIAN_POINT('',(1.083806788025,-0.887505015198));
#9999 = CARTESIAN_POINT('',(1.069124742392,-0.940162567474));
#10000 = ( GEOMETRIC_REPRESENTATION_CONTEXT(2) 
PARAMETRIC_REPRESENTATION_CONTEXT() REPRESENTATION_CONTEXT('2D SPACE',''
  ) );
#10001 = ORIENTED_EDGE('',*,*,#7004,.T.);
#10002 = ADVANCED_FACE('',(#10003),#6916,.F.);
#10003 = FACE_BOUND('',#10004,.F.);
#10004 = EDGE_LOOP('',(#10005,#10006));
#10005 = ORIENTED_EDGE('',*,*,#6899,.T.);
#10006 = ORIENTED_EDGE('',*,*,#9880,.F.);
#10007 = ADVANCED_FACE('',(#10008),#7114,.F.);
#10008 = FACE_BOUND('',#10009,.F.);
#10009 = EDGE_LOOP('',(#10010,#10011,#10012,#10064));
#10010 = ORIENTED_EDGE('',*,*,#9946,.T.);
#10011 = ORIENTED_EDGE('',*,*,#7484,.T.);
#10012 = ORIENTED_EDGE('',*,*,#10013,.F.);
#10013 = EDGE_CURVE('',#7098,#7392,#10014,.T.);
#10014 = SURFACE_CURVE('',#10015,(#10020,#10040),.PCURVE_S1.);
#10015 = CIRCLE('',#10016,1.313462121297);
#10016 = AXIS2_PLACEMENT_3D('',#10017,#10018,#10019);
#10017 = CARTESIAN_POINT('',(3.2,-65.77512626584,19.494037352602));
#10018 = DIRECTION('',(1.761598290109E-16,0.793353340291,0.608761429009)
  );
#10019 = DIRECTION('',(1.351721909978E-16,0.608761429009,-0.793353340291
    ));
#10020 = PCURVE('',#7114,#10021);
#10021 = DEFINITIONAL_REPRESENTATION('',(#10022),#10039);
#10022 = B_SPLINE_CURVE_WITH_KNOTS('',8,(#10023,#10024,#10025,#10026,
    #10027,#10028,#10029,#10030,#10031,#10032,#10033,#10034,#10035,
    #10036,#10037,#10038),.UNSPECIFIED.,.F.,.F.,(9,7,9),(3.88564407461,
    4.716040971392,5.546437868175),.UNSPECIFIED.);
#10023 = CARTESIAN_POINT('',(1.723156739866,0.97338991015));
#10024 = CARTESIAN_POINT('',(1.767975080541,0.891994114819));
#10025 = CARTESIAN_POINT('',(1.810341746929,0.811238541116));
#10026 = CARTESIAN_POINT('',(1.852339504653,0.731331006003));
#10027 = CARTESIAN_POINT('',(1.894512975479,0.652463968271));
#10028 = CARTESIAN_POINT('',(1.937613066293,0.574863612701));
#10029 = CARTESIAN_POINT('',(1.98203514569,0.498785954601));
#10030 = CARTESIAN_POINT('',(2.028281122078,0.424542489017));
#10031 = CARTESIAN_POINT('',(2.125293468612,0.280480691419));
#10032 = CARTESIAN_POINT('',(2.17606086605,0.210662450464));
#10033 = CARTESIAN_POINT('',(2.229536602623,0.143435010361));
#10034 = CARTESIAN_POINT('',(2.286148564842,7.924629820786E-02));
#10035 = CARTESIAN_POINT('',(2.34632339259,1.862386243964E-02));
#10036 = CARTESIAN_POINT('',(2.410447739192,-3.780312599831E-02));
#10037 = CARTESIAN_POINT('',(2.478773153124,-8.930964048592E-02));
#10038 = CARTESIAN_POINT('',(2.551264924762,-0.135148265484));
#10039 = ( GEOMETRIC_REPRESENTATION_CONTEXT(2) 
PARAMETRIC_REPRESENTATION_CONTEXT() REPRESENTATION_CONTEXT('2D SPACE',''
  ) );
#10040 = PCURVE('',#7219,#10041);
#10041 = DEFINITIONAL_REPRESENTATION('',(#10042),#10063);
#10042 = B_SPLINE_CURVE_WITH_KNOTS('',7,(#10043,#10044,#10045,#10046,
    #10047,#10048,#10049,#10050,#10051,#10052,#10053,#10054,#10055,
    #10056,#10057,#10058,#10059,#10060,#10061,#10062),.UNSPECIFIED.,.F.,
  .F.,(8,6,6,8),(3.88564407461,4.716040971392,5.131239419784,
    5.546437868175),.UNSPECIFIED.);
#10043 = CARTESIAN_POINT('',(0.595419670784,0.131910527196));
#10044 = CARTESIAN_POINT('',(0.677974168734,7.912608946112E-02));
#10045 = CARTESIAN_POINT('',(0.75497161641,1.883700008331E-02));
#10046 = CARTESIAN_POINT('',(0.826376064377,-4.776244666479E-02));
#10047 = CARTESIAN_POINT('',(0.892714576187,-0.119528137554));
#10048 = CARTESIAN_POINT('',(0.954675454548,-0.195556549252));
#10049 = CARTESIAN_POINT('',(1.012936338503,-0.275108890111));
#10050 = CARTESIAN_POINT('',(1.095852336718,-0.398822916779));
#10051 = CARTESIAN_POINT('',(1.122744682001,-0.440791821656));
#10052 = CARTESIAN_POINT('',(1.148981583253,-0.483416502433));
#10053 = CARTESIAN_POINT('',(1.174652919001,-0.526630262349));
#10054 = CARTESIAN_POINT('',(1.199852977572,-0.570373527925));
#10055 = CARTESIAN_POINT('',(1.224685865143,-0.614592548925));
#10056 = CARTESIAN_POINT('',(1.273855962399,-0.703883647689));
#10057 = CARTESIAN_POINT('',(1.298194400702,-0.748955708116));
#10058 = CARTESIAN_POINT('',(1.322403349066,-0.794405154702));
#10059 = CARTESIAN_POINT('',(1.346633331211,-0.840187063243));
#10060 = CARTESIAN_POINT('',(1.371051883128,-0.886260121135));
#10061 = CARTESIAN_POINT('',(1.395896226256,-0.932584587142));
#10062 = CARTESIAN_POINT('',(1.421595004888,-0.979118800032));
#10063 = ( GEOMETRIC_REPRESENTATION_CONTEXT(2) 
PARAMETRIC_REPRESENTATION_CONTEXT() REPRESENTATION_CONTEXT('2D SPACE',''
  ) );
#10064 = ORIENTED_EDGE('',*,*,#7097,.T.);
#10065 = ADVANCED_FACE('',(#10066),#7219,.F.);
#10066 = FACE_BOUND('',#10067,.F.);
#10067 = EDGE_LOOP('',(#10068,#10069,#10070,#10118));
#10068 = ORIENTED_EDGE('',*,*,#10013,.T.);
#10069 = ORIENTED_EDGE('',*,*,#7391,.T.);
#10070 = ORIENTED_EDGE('',*,*,#10071,.F.);
#10071 = EDGE_CURVE('',#7203,#7301,#10072,.T.);
#10072 = SURFACE_CURVE('',#10073,(#10078,#10098),.PCURVE_S1.);
#10073 = CIRCLE('',#10074,1.313462121297);
#10074 = AXIS2_PLACEMENT_3D('',#10075,#10076,#10077);
#10075 = CARTESIAN_POINT('',(3.2,-64.4940373526,20.775126265847));
#10076 = DIRECTION('',(1.351721909978E-16,0.608761429009,0.793353340291)
  );
#10077 = DIRECTION('',(1.761598290109E-16,0.793353340291,-0.608761429009
    ));
#10078 = PCURVE('',#7219,#10079);
#10079 = DEFINITIONAL_REPRESENTATION('',(#10080),#10097);
#10080 = B_SPLINE_CURVE_WITH_KNOTS('',8,(#10081,#10082,#10083,#10084,
    #10085,#10086,#10087,#10088,#10089,#10090,#10091,#10092,#10093,
    #10094,#10095,#10096),.UNSPECIFIED.,.F.,.F.,(9,7,9),(3.867510730938,
    4.704436168737,5.541361606536),.UNSPECIFIED.);
#10081 = CARTESIAN_POINT('',(1.320277343374,0.973389910149));
#10082 = CARTESIAN_POINT('',(1.426480998252,0.911691948184));
#10083 = CARTESIAN_POINT('',(1.518158051628,0.848077837623));
#10084 = CARTESIAN_POINT('',(1.601292967206,0.783912401927));
#10085 = CARTESIAN_POINT('',(1.678923290832,0.719853745303));
#10086 = CARTESIAN_POINT('',(1.752984594237,0.656458252335));
#10087 = CARTESIAN_POINT('',(1.824877757216,0.59416786311));
#10088 = CARTESIAN_POINT('',(1.895623468736,0.53341880105));
#10089 = CARTESIAN_POINT('',(2.036419990783,0.415865950685));
#10090 = CARTESIAN_POINT('',(2.106470468766,0.359062312059));
#10091 = CARTESIAN_POINT('',(2.176969526533,0.304663837861));
#10092 = CARTESIAN_POINT('',(2.248480512993,0.253104692446));
#10093 = CARTESIAN_POINT('',(2.321436279142,0.204843334468));
#10094 = CARTESIAN_POINT('',(2.396145564192,0.160366069878));
#10095 = CARTESIAN_POINT('',(2.472760805347,0.120169505886));
#10096 = CARTESIAN_POINT('',(2.551264924762,8.471976169246E-02));
#10097 = ( GEOMETRIC_REPRESENTATION_CONTEXT(2) 
PARAMETRIC_REPRESENTATION_CONTEXT() REPRESENTATION_CONTEXT('2D SPACE',''
  ) );
#10098 = PCURVE('',#7317,#10099);
#10099 = DEFINITIONAL_REPRESENTATION('',(#10100),#10117);
#10100 = B_SPLINE_CURVE_WITH_KNOTS('',8,(#10101,#10102,#10103,#10104,
    #10105,#10106,#10107,#10108,#10109,#10110,#10111,#10112,#10113,
    #10114,#10115,#10116),.UNSPECIFIED.,.F.,.F.,(9,7,9),(3.867510730938,
    4.704436168737,5.541361606536),.UNSPECIFIED.);
#10101 = CARTESIAN_POINT('',(0.578372976901,-7.937821577395E-02));
#10102 = CARTESIAN_POINT('',(0.657128207611,-0.114192943881));
#10103 = CARTESIAN_POINT('',(0.733997446602,-0.153807473726));
#10104 = CARTESIAN_POINT('',(0.808947392641,-0.197758731715));
#10105 = CARTESIAN_POINT('',(0.882115398846,-0.245549997366));
#10106 = CARTESIAN_POINT('',(0.953797052294,-0.296693046765));
#10107 = CARTESIAN_POINT('',(1.024413127374,-0.350726918005));
#10108 = CARTESIAN_POINT('',(1.094512909168,-0.40721550758));
#10109 = CARTESIAN_POINT('',(1.235228857187,-0.524236905674));
#10110 = CARTESIAN_POINT('',(1.305844783672,-0.5847695751));
#10111 = CARTESIAN_POINT('',(1.377495830289,-0.646892647479));
#10112 = CARTESIAN_POINT('',(1.451175906502,-0.710171771306));
#10113 = CARTESIAN_POINT('',(1.528233022535,-0.774169269712));
#10114 = CARTESIAN_POINT('',(1.610541640567,-0.838341026816));
#10115 = CARTESIAN_POINT('',(1.70099700275,-0.902047875284));
#10116 = CARTESIAN_POINT('',(1.805312883028,-0.963990576239));
#10117 = ( GEOMETRIC_REPRESENTATION_CONTEXT(2) 
PARAMETRIC_REPRESENTATION_CONTEXT() REPRESENTATION_CONTEXT('2D SPACE',''
  ) );
#10118 = ORIENTED_EDGE('',*,*,#7202,.T.);
#10119 = ADVANCED_FACE('',(#10120),#7317,.F.);
#10120 = FACE_BOUND('',#10121,.F.);
#10121 = EDGE_LOOP('',(#10122,#10123));
#10122 = ORIENTED_EDGE('',*,*,#7300,.T.);
#10123 = ORIENTED_EDGE('',*,*,#10071,.T.);
#10124 = ADVANCED_FACE('',(#10125),#7605,.F.);
#10125 = FACE_BOUND('',#10126,.F.);
#10126 = EDGE_LOOP('',(#10127,#10128,#10149,#10150));
#10127 = ORIENTED_EDGE('',*,*,#7584,.F.);
#10128 = ORIENTED_EDGE('',*,*,#10129,.T.);
#10129 = EDGE_CURVE('',#7585,#7696,#10130,.T.);
#10130 = SEAM_CURVE('',#10131,(#10135,#10142),.PCURVE_S1.);
#10131 = LINE('',#10132,#10133);
#10132 = CARTESIAN_POINT('',(-1.603162047559E-14,-72.2,25.));
#10133 = VECTOR('',#10134,1.);
#10134 = DIRECTION('',(1.,-2.22044604925E-16,0.));
#10135 = PCURVE('',#7605,#10136);
#10136 = DEFINITIONAL_REPRESENTATION('',(#10137),#10141);
#10137 = LINE('',#10138,#10139);
#10138 = CARTESIAN_POINT('',(6.28318530718,0.));
#10139 = VECTOR('',#10140,1.);
#10140 = DIRECTION('',(0.,-1.));
#10141 = ( GEOMETRIC_REPRESENTATION_CONTEXT(2) 
PARAMETRIC_REPRESENTATION_CONTEXT() REPRESENTATION_CONTEXT('2D SPACE',''
  ) );
#10142 = PCURVE('',#7605,#10143);
#10143 = DEFINITIONAL_REPRESENTATION('',(#10144),#10148);
#10144 = LINE('',#10145,#10146);
#10145 = CARTESIAN_POINT('',(0.,0.));
#10146 = VECTOR('',#10147,1.);
#10147 = DIRECTION('',(0.,-1.));
#10148 = ( GEOMETRIC_REPRESENTATION_CONTEXT(2) 
PARAMETRIC_REPRESENTATION_CONTEXT() REPRESENTATION_CONTEXT('2D SPACE',''
  ) );
#10149 = ORIENTED_EDGE('',*,*,#7695,.T.);
#10150 = ORIENTED_EDGE('',*,*,#10129,.F.);
#10151 = ADVANCED_FACE('',(#10152),#7791,.F.);
#10152 = FACE_BOUND('',#10153,.T.);
#10153 = EDGE_LOOP('',(#10154,#10155,#10176,#10177));
#10154 = ORIENTED_EDGE('',*,*,#7881,.T.);
#10155 = ORIENTED_EDGE('',*,*,#10156,.T.);
#10156 = EDGE_CURVE('',#7882,#7775,#10157,.T.);
#10157 = SEAM_CURVE('',#10158,(#10162,#10169),.PCURVE_S1.);
#10158 = LINE('',#10159,#10160);
#10159 = CARTESIAN_POINT('',(-72.2,8.841949889844E-15,25.));
#10160 = VECTOR('',#10161,1.);
#10161 = DIRECTION('',(1.224646799147E-16,1.,0.));
#10162 = PCURVE('',#7791,#10163);
#10163 = DEFINITIONAL_REPRESENTATION('',(#10164),#10168);
#10164 = LINE('',#10165,#10166);
#10165 = CARTESIAN_POINT('',(-6.28318530718,0.));
#10166 = VECTOR('',#10167,1.);
#10167 = DIRECTION('',(-0.,-1.));
#10168 = ( GEOMETRIC_REPRESENTATION_CONTEXT(2) 
PARAMETRIC_REPRESENTATION_CONTEXT() REPRESENTATION_CONTEXT('2D SPACE',''
  ) );
#10169 = PCURVE('',#7791,#10170);
#10170 = DEFINITIONAL_REPRESENTATION('',(#10171),#10175);
#10171 = LINE('',#10172,#10173);
#10172 = CARTESIAN_POINT('',(-0.,0.));
#10173 = VECTOR('',#10174,1.);
#10174 = DIRECTION('',(-0.,-1.));
#10175 = ( GEOMETRIC_REPRESENTATION_CONTEXT(2) 
PARAMETRIC_REPRESENTATION_CONTEXT() REPRESENTATION_CONTEXT('2D SPACE',''
  ) );
#10176 = ORIENTED_EDGE('',*,*,#7774,.F.);
#10177 = ORIENTED_EDGE('',*,*,#10156,.F.);
#10178 = ADVANCED_FACE('',(#10179),#7975,.F.);
#10179 = FACE_BOUND('',#10180,.F.);
#10180 = EDGE_LOOP('',(#10181,#10246,#10247,#10303));
#10181 = ORIENTED_EDGE('',*,*,#10182,.T.);
#10182 = EDGE_CURVE('',#8057,#7957,#10183,.T.);
#10183 = SURFACE_CURVE('',#10184,(#10189,#10219),.PCURVE_S1.);
#10184 = CIRCLE('',#10185,1.313462121297);
#10185 = AXIS2_PLACEMENT_3D('',#10186,#10187,#10188);
#10186 = CARTESIAN_POINT('',(-69.09413334214,-3.2,18.119259607988));
#10187 = DIRECTION('',(0.991444861374,-1.214169776013E-16,0.13052619222)
  );
#10188 = DIRECTION('',(0.13052619222,-1.598484835072E-17,-0.991444861374
    ));
#10189 = PCURVE('',#7975,#10190);
#10190 = DEFINITIONAL_REPRESENTATION('',(#10191),#10218);
#10191 = B_SPLINE_CURVE_WITH_KNOTS('',7,(#10192,#10193,#10194,#10195,
    #10196,#10197,#10198,#10199,#10200,#10201,#10202,#10203,#10204,
    #10205,#10206,#10207,#10208,#10209,#10210,#10211,#10212,#10213,
    #10214,#10215,#10216,#10217),.UNSPECIFIED.,.F.,.F.,(8,6,6,6,8),(
    3.533253444733,4.079330857117,4.898446975694,5.308005034982,
    5.71756309427),.UNSPECIFIED.);
#10192 = CARTESIAN_POINT('',(0.44024312734,0.744661269295));
#10193 = CARTESIAN_POINT('',(0.514914010077,0.711700538341));
#10194 = CARTESIAN_POINT('',(0.581963258901,0.672644311466));
#10195 = CARTESIAN_POINT('',(0.64092752396,0.628540094072));
#10196 = CARTESIAN_POINT('',(0.692436323544,0.580434092969));
#10197 = CARTESIAN_POINT('',(0.737359775152,0.529104886823));
#10198 = CARTESIAN_POINT('',(0.776456963208,0.475175530682));
#10199 = CARTESIAN_POINT('',(0.861288152169,0.335076062288));
#10200 = CARTESIAN_POINT('',(0.900563553975,0.246268010518));
#10201 = CARTESIAN_POINT('',(0.930441024827,0.154370202102));
#10202 = CARTESIAN_POINT('',(0.95248113742,6.038535729645E-02));
#10203 = CARTESIAN_POINT('',(0.967358960696,-3.493976027544E-02));
#10204 = CARTESIAN_POINT('',(0.975277730279,-0.130981283562));
#10205 = CARTESIAN_POINT('',(0.975644682643,-0.275071642843));
#10206 = CARTESIAN_POINT('',(0.97384860679,-0.323106358589));
#10207 = CARTESIAN_POINT('',(0.970045682849,-0.371058572962));
#10208 = CARTESIAN_POINT('',(0.964090668571,-0.418835348504));
#10209 = CARTESIAN_POINT('',(0.955772409631,-0.466333264321));
#10210 = CARTESIAN_POINT('',(0.944788931832,-0.513427086367));
#10211 = CARTESIAN_POINT('',(0.916624568456,-0.606476416347));
#10212 = CARTESIAN_POINT('',(0.899443394031,-0.6524318427));
#10213 = CARTESIAN_POINT('',(0.878731584895,-0.697652888026));
#10214 = CARTESIAN_POINT('',(0.853916028128,-0.741932431685));
#10215 = CARTESIAN_POINT('',(0.824275690997,-0.785003868883));
#10216 = CARTESIAN_POINT('',(0.788805866981,-0.826498201883));
#10217 = CARTESIAN_POINT('',(0.746383519075,-0.865884776249));
#10218 = ( GEOMETRIC_REPRESENTATION_CONTEXT(2) 
PARAMETRIC_REPRESENTATION_CONTEXT() REPRESENTATION_CONTEXT('2D SPACE',''
  ) );
#10219 = PCURVE('',#8073,#10220);
#10220 = DEFINITIONAL_REPRESENTATION('',(#10221),#10245);
#10221 = B_SPLINE_CURVE_WITH_KNOTS('',8,(#10222,#10223,#10224,#10225,
    #10226,#10227,#10228,#10229,#10230,#10231,#10232,#10233,#10234,
    #10235,#10236,#10237,#10238,#10239,#10240,#10241,#10242,#10243,
    #10244),.UNSPECIFIED.,.F.,.F.,(9,7,7,9),(3.533253444733,
    4.079330857117,4.898446975694,5.71756309427),.UNSPECIFIED.);
#10222 = CARTESIAN_POINT('',(2.55071647366,0.973389910149));
#10223 = CARTESIAN_POINT('',(2.477017731032,0.935688528303));
#10224 = CARTESIAN_POINT('',(2.41563976438,0.893253292202));
#10225 = CARTESIAN_POINT('',(2.365338459833,0.847321017061));
#10226 = CARTESIAN_POINT('',(2.323924397731,0.798844167639));
#10227 = CARTESIAN_POINT('',(2.289839010589,0.748426070045));
#10228 = CARTESIAN_POINT('',(2.261820598753,0.696535292296));
#10229 = CARTESIAN_POINT('',(2.238931575945,0.643510102245));
#10230 = CARTESIAN_POINT('',(2.192736417049,0.508786177171));
#10231 = CARTESIAN_POINT('',(2.174944308027,0.426007021113));
#10232 = CARTESIAN_POINT('',(2.164656256028,0.342187716179));
#10233 = CARTESIAN_POINT('',(2.160606586962,0.257866753483));
#10234 = CARTESIAN_POINT('',(2.16212664405,0.173469645894));
#10235 = CARTESIAN_POINT('',(2.168930131236,8.939336581872E-02));
#10236 = CARTESIAN_POINT('',(2.181082592942,6.038443797336E-03));
#10237 = CARTESIAN_POINT('',(2.216908577525,-0.158228176247));
#10238 = CARTESIAN_POINT('',(2.24058220976,-0.239140383912));
#10239 = CARTESIAN_POINT('',(2.27042967422,-0.318331130791));
#10240 = CARTESIAN_POINT('',(2.307210312661,-0.395217336632));
#10241 = CARTESIAN_POINT('',(2.352060375501,-0.469016592637));
#10242 = CARTESIAN_POINT('',(2.406469245806,-0.538739125717));
#10243 = CARTESIAN_POINT('',(2.472538281851,-0.602832948497));
#10244 = CARTESIAN_POINT('',(2.551264924763,-0.659338777114));
#10245 = ( GEOMETRIC_REPRESENTATION_CONTEXT(2) 
PARAMETRIC_REPRESENTATION_CONTEXT() REPRESENTATION_CONTEXT('2D SPACE',''
  ) );
#10246 = ORIENTED_EDGE('',*,*,#7956,.T.);
#10247 = ORIENTED_EDGE('',*,*,#10248,.F.);
#10248 = EDGE_CURVE('',#8162,#7959,#10249,.T.);
#10249 = SURFACE_CURVE('',#10250,(#10255,#10279),.PCURVE_S1.);
#10250 = CIRCLE('',#10251,1.313462121297);
#10251 = AXIS2_PLACEMENT_3D('',#10252,#10253,#10254);
#10252 = CARTESIAN_POINT('',(-67.34413334214,-3.2,18.588170694743));
#10253 = DIRECTION('',(0.923879532511,-1.131426112288E-16,0.382683432365
    ));
#10254 = DIRECTION('',(0.382683432365,-4.686520405326E-17,
    -0.923879532511));
#10255 = PCURVE('',#7975,#10256);
#10256 = DEFINITIONAL_REPRESENTATION('',(#10257),#10278);
#10257 = B_SPLINE_CURVE_WITH_KNOTS('',7,(#10258,#10259,#10260,#10261,
    #10262,#10263,#10264,#10265,#10266,#10267,#10268,#10269,#10270,
    #10271,#10272,#10273,#10274,#10275,#10276,#10277),.UNSPECIFIED.,.F.,
  .F.,(8,6,6,8),(3.781735600708,4.236778936825,4.919343941001,
    5.601908945177),.UNSPECIFIED.);
#10258 = CARTESIAN_POINT('',(2.082899704015,0.97338991015));
#10259 = CARTESIAN_POINT('',(2.064519816062,0.921036501777));
#10260 = CARTESIAN_POINT('',(2.053470244804,0.868052178728));
#10261 = CARTESIAN_POINT('',(2.047329571873,0.814766677044));
#10262 = CARTESIAN_POINT('',(2.045024565864,0.761339732996));
#10263 = CARTESIAN_POINT('',(2.045792948588,0.707904558809));
#10264 = CARTESIAN_POINT('',(2.049183315349,0.654561343568));
#10265 = CARTESIAN_POINT('',(2.063425692232,0.521668000973));
#10266 = CARTESIAN_POINT('',(2.077161771815,0.442350061431));
#10267 = CARTESIAN_POINT('',(2.095045121728,0.363763752771));
#10268 = CARTESIAN_POINT('',(2.116810336901,0.286175129325));
#10269 = CARTESIAN_POINT('',(2.142394413599,0.209885173398));
#10270 = CARTESIAN_POINT('',(2.171993297459,0.135249523838));
#10271 = CARTESIAN_POINT('',(2.23990903461,-9.786646303231E-03));
#10272 = CARTESIAN_POINT('',(2.278226203563,-8.01871054589E-02));
#10273 = CARTESIAN_POINT('',(2.321250408353,-0.148008122337));
#10274 = CARTESIAN_POINT('',(2.369489486773,-0.212677785166));
#10275 = CARTESIAN_POINT('',(2.423555284155,-0.273487540938));
#10276 = CARTESIAN_POINT('',(2.484088444308,-0.329498430402));
#10277 = CARTESIAN_POINT('',(2.551264924763,-0.379643763479));
#10278 = ( GEOMETRIC_REPRESENTATION_CONTEXT(2) 
PARAMETRIC_REPRESENTATION_CONTEXT() REPRESENTATION_CONTEXT('2D SPACE',''
  ) );
#10279 = PCURVE('',#8271,#10280);
#10280 = DEFINITIONAL_REPRESENTATION('',(#10281),#10302);
#10281 = B_SPLINE_CURVE_WITH_KNOTS('',7,(#10282,#10283,#10284,#10285,
    #10286,#10287,#10288,#10289,#10290,#10291,#10292,#10293,#10294,
    #10295,#10296,#10297,#10298,#10299,#10300,#10301),.UNSPECIFIED.,.F.,
  .F.,(8,6,6,8),(3.781735600708,4.691822272942,5.14686560906,
    5.601908945177),.UNSPECIFIED.);
#10282 = CARTESIAN_POINT('',(0.56148213155,0.400341580707));
#10283 = CARTESIAN_POINT('',(0.654263750275,0.336386972554));
#10284 = CARTESIAN_POINT('',(0.735171680635,0.26142550702));
#10285 = CARTESIAN_POINT('',(0.80433374058,0.178055908477));
#10286 = CARTESIAN_POINT('',(0.863638733407,8.852172080546E-02));
#10287 = CARTESIAN_POINT('',(0.914441235651,-5.762785327931E-03));
#10288 = CARTESIAN_POINT('',(0.957762454551,-0.103675570506));
#10289 = CARTESIAN_POINT('',(1.012027604456,-0.254693696959));
#10290 = CARTESIAN_POINT('',(1.028329610494,-0.305724278506));
#10291 = CARTESIAN_POINT('',(1.042888579454,-0.357337418452));
#10292 = CARTESIAN_POINT('',(1.055700823027,-0.409437750828));
#10293 = CARTESIAN_POINT('',(1.066715473321,-0.46193890039));
#10294 = CARTESIAN_POINT('',(1.075806849528,-0.514757048063));
#10295 = CARTESIAN_POINT('',(1.0896318352,-0.620847657508));
#10296 = CARTESIAN_POINT('',(1.094365630337,-0.674120158555));
#10297 = CARTESIAN_POINT('',(1.096659699942,-0.727529210101));
#10298 = CARTESIAN_POINT('',(1.096133904659,-0.780980053544));
#10299 = CARTESIAN_POINT('',(1.092150978464,-0.834352851764));
#10300 = CARTESIAN_POINT('',(1.083806788025,-0.887505015198));
#10301 = CARTESIAN_POINT('',(1.069124742392,-0.940162567474));
#10302 = ( GEOMETRIC_REPRESENTATION_CONTEXT(2) 
PARAMETRIC_REPRESENTATION_CONTEXT() REPRESENTATION_CONTEXT('2D SPACE',''
  ) );
#10303 = ORIENTED_EDGE('',*,*,#8161,.T.);
#10304 = ADVANCED_FACE('',(#10305),#8073,.F.);
#10305 = FACE_BOUND('',#10306,.F.);
#10306 = EDGE_LOOP('',(#10307,#10308));
#10307 = ORIENTED_EDGE('',*,*,#8056,.T.);
#10308 = ORIENTED_EDGE('',*,*,#10182,.F.);
#10309 = ADVANCED_FACE('',(#10310),#8271,.F.);
#10310 = FACE_BOUND('',#10311,.F.);
#10311 = EDGE_LOOP('',(#10312,#10313,#10314,#10366));
#10312 = ORIENTED_EDGE('',*,*,#10248,.T.);
#10313 = ORIENTED_EDGE('',*,*,#8641,.T.);
#10314 = ORIENTED_EDGE('',*,*,#10315,.F.);
#10315 = EDGE_CURVE('',#8255,#8549,#10316,.T.);
#10316 = SURFACE_CURVE('',#10317,(#10322,#10342),.PCURVE_S1.);
#10317 = CIRCLE('',#10318,1.313462121297);
#10318 = AXIS2_PLACEMENT_3D('',#10319,#10320,#10321);
#10319 = CARTESIAN_POINT('',(-65.77512626584,-3.2,19.494037352602));
#10320 = DIRECTION('',(0.793353340291,-9.715776287805E-17,0.608761429009
    ));
#10321 = DIRECTION('',(0.608761429009,-7.455177354799E-17,
    -0.793353340291));
#10322 = PCURVE('',#8271,#10323);
#10323 = DEFINITIONAL_REPRESENTATION('',(#10324),#10341);
#10324 = B_SPLINE_CURVE_WITH_KNOTS('',8,(#10325,#10326,#10327,#10328,
    #10329,#10330,#10331,#10332,#10333,#10334,#10335,#10336,#10337,
    #10338,#10339,#10340),.UNSPECIFIED.,.F.,.F.,(9,7,9),(3.88564407461,
    4.716040971392,5.546437868175),.UNSPECIFIED.);
#10325 = CARTESIAN_POINT('',(1.723156739866,0.97338991015));
#10326 = CARTESIAN_POINT('',(1.767975080541,0.891994114819));
#10327 = CARTESIAN_POINT('',(1.810341746929,0.811238541116));
#10328 = CARTESIAN_POINT('',(1.852339504653,0.731331006003));
#10329 = CARTESIAN_POINT('',(1.894512975479,0.652463968271));
#10330 = CARTESIAN_POINT('',(1.937613066293,0.574863612701));
#10331 = CARTESIAN_POINT('',(1.98203514569,0.498785954601));
#10332 = CARTESIAN_POINT('',(2.028281122078,0.424542489017));
#10333 = CARTESIAN_POINT('',(2.125293468612,0.280480691419));
#10334 = CARTESIAN_POINT('',(2.17606086605,0.210662450464));
#10335 = CARTESIAN_POINT('',(2.229536602623,0.143435010361));
#10336 = CARTESIAN_POINT('',(2.286148564842,7.924629820786E-02));
#10337 = CARTESIAN_POINT('',(2.34632339259,1.862386243964E-02));
#10338 = CARTESIAN_POINT('',(2.410447739192,-3.780312599831E-02));
#10339 = CARTESIAN_POINT('',(2.478773153124,-8.930964048592E-02));
#10340 = CARTESIAN_POINT('',(2.551264924762,-0.135148265484));
#10341 = ( GEOMETRIC_REPRESENTATION_CONTEXT(2) 
PARAMETRIC_REPRESENTATION_CONTEXT() REPRESENTATION_CONTEXT('2D SPACE',''
  ) );
#10342 = PCURVE('',#8376,#10343);
#10343 = DEFINITIONAL_REPRESENTATION('',(#10344),#10365);
#10344 = B_SPLINE_CURVE_WITH_KNOTS('',7,(#10345,#10346,#10347,#10348,
    #10349,#10350,#10351,#10352,#10353,#10354,#10355,#10356,#10357,
    #10358,#10359,#10360,#10361,#10362,#10363,#10364),.UNSPECIFIED.,.F.,
  .F.,(8,6,6,8),(3.88564407461,4.716040971392,5.131239419784,
    5.546437868175),.UNSPECIFIED.);
#10345 = CARTESIAN_POINT('',(0.595419670784,0.131910527196));
#10346 = CARTESIAN_POINT('',(0.677974168734,7.912608946112E-02));
#10347 = CARTESIAN_POINT('',(0.75497161641,1.883700008331E-02));
#10348 = CARTESIAN_POINT('',(0.826376064377,-4.776244666479E-02));
#10349 = CARTESIAN_POINT('',(0.892714576187,-0.119528137554));
#10350 = CARTESIAN_POINT('',(0.954675454548,-0.195556549252));
#10351 = CARTESIAN_POINT('',(1.012936338503,-0.275108890111));
#10352 = CARTESIAN_POINT('',(1.095852336718,-0.398822916779));
#10353 = CARTESIAN_POINT('',(1.122744682001,-0.440791821656));
#10354 = CARTESIAN_POINT('',(1.148981583253,-0.483416502433));
#10355 = CARTESIAN_POINT('',(1.174652919001,-0.526630262349));
#10356 = CARTESIAN_POINT('',(1.199852977572,-0.570373527925));
#10357 = CARTESIAN_POINT('',(1.224685865143,-0.614592548925));
#10358 = CARTESIAN_POINT('',(1.273855962399,-0.703883647689));
#10359 = CARTESIAN_POINT('',(1.298194400702,-0.748955708116));
#10360 = CARTESIAN_POINT('',(1.322403349066,-0.794405154702));
#10361 = CARTESIAN_POINT('',(1.346633331211,-0.840187063243));
#10362 = CARTESIAN_POINT('',(1.371051883128,-0.886260121135));
#10363 = CARTESIAN_POINT('',(1.395896226256,-0.932584587142));
#10364 = CARTESIAN_POINT('',(1.421595004888,-0.979118800032));
#10365 = ( GEOMETRIC_REPRESENTATION_CONTEXT(2) 
PARAMETRIC_REPRESENTATION_CONTEXT() REPRESENTATION_CONTEXT('2D SPACE',''
  ) );
#10366 = ORIENTED_EDGE('',*,*,#8254,.T.);
#10367 = ADVANCED_FACE('',(#10368),#8376,.F.);
#10368 = FACE_BOUND('',#10369,.F.);
#10369 = EDGE_LOOP('',(#10370,#10371,#10372,#10420));
#10370 = ORIENTED_EDGE('',*,*,#10315,.T.);
#10371 = ORIENTED_EDGE('',*,*,#8548,.T.);
#10372 = ORIENTED_EDGE('',*,*,#10373,.F.);
#10373 = EDGE_CURVE('',#8360,#8458,#10374,.T.);
#10374 = SURFACE_CURVE('',#10375,(#10380,#10400),.PCURVE_S1.);
#10375 = CIRCLE('',#10376,1.313462121297);
#10376 = AXIS2_PLACEMENT_3D('',#10377,#10378,#10379);
#10377 = CARTESIAN_POINT('',(-64.4940373526,-3.2,20.775126265847));
#10378 = DIRECTION('',(0.608761429009,-7.455177354799E-17,0.793353340291
    ));
#10379 = DIRECTION('',(0.793353340291,-9.715776287805E-17,
    -0.608761429009));
#10380 = PCURVE('',#8376,#10381);
#10381 = DEFINITIONAL_REPRESENTATION('',(#10382),#10399);
#10382 = B_SPLINE_CURVE_WITH_KNOTS('',8,(#10383,#10384,#10385,#10386,
    #10387,#10388,#10389,#10390,#10391,#10392,#10393,#10394,#10395,
    #10396,#10397,#10398),.UNSPECIFIED.,.F.,.F.,(9,7,9),(3.867510730938,
    4.704436168737,5.541361606536),.UNSPECIFIED.);
#10383 = CARTESIAN_POINT('',(1.320277343374,0.973389910149));
#10384 = CARTESIAN_POINT('',(1.426480998252,0.911691948184));
#10385 = CARTESIAN_POINT('',(1.518158051628,0.848077837623));
#10386 = CARTESIAN_POINT('',(1.601292967206,0.783912401927));
#10387 = CARTESIAN_POINT('',(1.678923290832,0.719853745303));
#10388 = CARTESIAN_POINT('',(1.752984594237,0.656458252335));
#10389 = CARTESIAN_POINT('',(1.824877757216,0.59416786311));
#10390 = CARTESIAN_POINT('',(1.895623468736,0.53341880105));
#10391 = CARTESIAN_POINT('',(2.036419990783,0.415865950685));
#10392 = CARTESIAN_POINT('',(2.106470468766,0.359062312059));
#10393 = CARTESIAN_POINT('',(2.176969526533,0.304663837861));
#10394 = CARTESIAN_POINT('',(2.248480512993,0.253104692446));
#10395 = CARTESIAN_POINT('',(2.321436279142,0.204843334468));
#10396 = CARTESIAN_POINT('',(2.396145564192,0.160366069878));
#10397 = CARTESIAN_POINT('',(2.472760805347,0.120169505886));
#10398 = CARTESIAN_POINT('',(2.551264924762,8.471976169246E-02));
#10399 = ( GEOMETRIC_REPRESENTATION_CONTEXT(2) 
PARAMETRIC_REPRESENTATION_CONTEXT() REPRESENTATION_CONTEXT('2D SPACE',''
  ) );
#10400 = PCURVE('',#8474,#10401);
#10401 = DEFINITIONAL_REPRESENTATION('',(#10402),#10419);
#10402 = B_SPLINE_CURVE_WITH_KNOTS('',8,(#10403,#10404,#10405,#10406,
    #10407,#10408,#10409,#10410,#10411,#10412,#10413,#10414,#10415,
    #10416,#10417,#10418),.UNSPECIFIED.,.F.,.F.,(9,7,9),(3.867510730938,
    4.704436168737,5.541361606536),.UNSPECIFIED.);
#10403 = CARTESIAN_POINT('',(0.578372976901,-7.937821577395E-02));
#10404 = CARTESIAN_POINT('',(0.657128207611,-0.114192943881));
#10405 = CARTESIAN_POINT('',(0.733997446602,-0.153807473726));
#10406 = CARTESIAN_POINT('',(0.808947392641,-0.197758731715));
#10407 = CARTESIAN_POINT('',(0.882115398846,-0.245549997366));
#10408 = CARTESIAN_POINT('',(0.953797052294,-0.296693046765));
#10409 = CARTESIAN_POINT('',(1.024413127374,-0.350726918005));
#10410 = CARTESIAN_POINT('',(1.094512909168,-0.40721550758));
#10411 = CARTESIAN_POINT('',(1.235228857187,-0.524236905674));
#10412 = CARTESIAN_POINT('',(1.305844783672,-0.5847695751));
#10413 = CARTESIAN_POINT('',(1.377495830289,-0.646892647479));
#10414 = CARTESIAN_POINT('',(1.451175906502,-0.710171771306));
#10415 = CARTESIAN_POINT('',(1.528233022535,-0.774169269712));
#10416 = CARTESIAN_POINT('',(1.610541640567,-0.838341026816));
#10417 = CARTESIAN_POINT('',(1.70099700275,-0.902047875284));
#10418 = CARTESIAN_POINT('',(1.805312883028,-0.963990576239));
#10419 = ( GEOMETRIC_REPRESENTATION_CONTEXT(2) 
PARAMETRIC_REPRESENTATION_CONTEXT() REPRESENTATION_CONTEXT('2D SPACE',''
  ) );
#10420 = ORIENTED_EDGE('',*,*,#8359,.T.);
#10421 = ADVANCED_FACE('',(#10422),#8474,.F.);
#10422 = FACE_BOUND('',#10423,.F.);
#10423 = EDGE_LOOP('',(#10424,#10425));
#10424 = ORIENTED_EDGE('',*,*,#8457,.T.);
#10425 = ORIENTED_EDGE('',*,*,#10373,.T.);
#10426 = ADVANCED_FACE('',(#10427),#8762,.F.);
#10427 = FACE_BOUND('',#10428,.F.);
#10428 = EDGE_LOOP('',(#10429,#10430,#10451,#10452));
#10429 = ORIENTED_EDGE('',*,*,#8741,.F.);
#10430 = ORIENTED_EDGE('',*,*,#10431,.T.);
#10431 = EDGE_CURVE('',#8742,#8853,#10432,.T.);
#10432 = SEAM_CURVE('',#10433,(#10437,#10444),.PCURVE_S1.);
#10433 = LINE('',#10434,#10435);
#10434 = CARTESIAN_POINT('',(-72.2,8.841949889844E-15,25.));
#10435 = VECTOR('',#10436,1.);
#10436 = DIRECTION('',(-1.224646799147E-16,-1.,0.));
#10437 = PCURVE('',#8762,#10438);
#10438 = DEFINITIONAL_REPRESENTATION('',(#10439),#10443);
#10439 = LINE('',#10440,#10441);
#10440 = CARTESIAN_POINT('',(6.28318530718,0.));
#10441 = VECTOR('',#10442,1.);
#10442 = DIRECTION('',(0.,-1.));
#10443 = ( GEOMETRIC_REPRESENTATION_CONTEXT(2) 
PARAMETRIC_REPRESENTATION_CONTEXT() REPRESENTATION_CONTEXT('2D SPACE',''
  ) );
#10444 = PCURVE('',#8762,#10445);
#10445 = DEFINITIONAL_REPRESENTATION('',(#10446),#10450);
#10446 = LINE('',#10447,#10448);
#10447 = CARTESIAN_POINT('',(0.,0.));
#10448 = VECTOR('',#10449,1.);
#10449 = DIRECTION('',(0.,-1.));
#10450 = ( GEOMETRIC_REPRESENTATION_CONTEXT(2) 
PARAMETRIC_REPRESENTATION_CONTEXT() REPRESENTATION_CONTEXT('2D SPACE',''
  ) );
#10451 = ORIENTED_EDGE('',*,*,#8852,.T.);
#10452 = ORIENTED_EDGE('',*,*,#10431,.F.);
#10453 = ( GEOMETRIC_REPRESENTATION_CONTEXT(3) 
GLOBAL_UNCERTAINTY_ASSIGNED_CONTEXT((#10457)) 
GLOBAL_UNIT_ASSIGNED_CONTEXT((#10454,#10455,#10456)) 
REPRESENTATION_CONTEXT('Context #1',
  '3D Context with UNIT and UNCERTAINTY') );
#10454 = ( LENGTH_UNIT() NAMED_UNIT(*) SI_UNIT(.MILLI.,.METRE.) );
#10455 = ( NAMED_UNIT(*) PLANE_ANGLE_UNIT() SI_UNIT($,.RADIAN.) );
#10456 = ( NAMED_UNIT(*) SI_UNIT($,.STERADIAN.) SOLID_ANGLE_UNIT() );
#10457 = UNCERTAINTY_MEASURE_WITH_UNIT(LENGTH_MEASURE(1.E-07),#10454,
  'distance_accuracy_value','confusion accuracy');
#10458 = PRODUCT_RELATED_PRODUCT_CATEGORY('part',$,(#7));
ENDSEC;
END-ISO-10303-21;
