ISO-10303-21;
HEADER;
FILE_DESCRIPTION(('Open CASCADE Model'),'2;1');
FILE_NAME('Open CASCADE Shape Model','2026-08-26T11:19:59',('Author'),(
    'Open CASCADE'),'Open CASCADE STEP processor 7.8','Open CASCADE 7.8'
  ,'Unknown');
FILE_SCHEMA(('AUTOMOTIVE_DESIGN { 1 0 10303 214 1 1 1 1 }'));
ENDSEC;
DATA;
#1 = APPLICATION_PROTOCOL_DEFINITION('international standard',
  'automotive_design',2000,#2);
#2 = APPLICATION_CONTEXT(
  'core data for automotive mechanical design processes');
#3 = SHAPE_DEFINITION_REPRESENTATION(#4,#10);
#4 = PRODUCT_DEFINITION_SHAPE('','',#5);
#5 = PRODUCT_DEFINITION('design','',#6,#9);
#6 = PRODUCT_DEFINITION_FORMATION('','',#7);
#7 = PRODUCT('four_camera_tripod_rig','four_camera_tripod_rig','',(#8));
#8 = PRODUCT_CONTEXT('',#2,'mechanical');
#9 = PRODUCT_DEFINITION_CONTEXT('part definition',#2,'design');
#10 = SHAPE_REPRESENTATION('',(#11,#15,#19,#23,#27,#31,#35,#39,#43,#47),
  #51);
#11 = AXIS2_PLACEMENT_3D('',#12,#13,#14);
#12 = CARTESIAN_POINT('',(0.,0.,0.));
#13 = DIRECTION('',(0.,0.,1.));
#14 = DIRECTION('',(1.,0.,-0.));
#15 = AXIS2_PLACEMENT_3D('',#16,#17,#18);
#16 = CARTESIAN_POINT('',(0.,0.,0.));
#17 = DIRECTION('',(0.,0.,1.));
#18 = DIRECTION('',(1.,0.,-0.));
#19 = AXIS2_PLACEMENT_3D('',#20,#21,#22);
#20 = CARTESIAN_POINT('',(0.,0.,0.));
#21 = DIRECTION('',(0.,0.,1.));
#22 = DIRECTION('',(1.,0.,-0.));
#23 = AXIS2_PLACEMENT_3D('',#24,#25,#26);
#24 = CARTESIAN_POINT('',(0.,0.,0.));
#25 = DIRECTION('',(0.,0.,1.));
#26 = DIRECTION('',(1.,0.,-0.));
#27 = AXIS2_PLACEMENT_3D('',#28,#29,#30);
#28 = CARTESIAN_POINT('',(0.,0.,0.));
#29 = DIRECTION('',(0.,0.,1.));
#30 = DIRECTION('',(1.,0.,-0.));
#31 = AXIS2_PLACEMENT_3D('',#32,#33,#34);
#32 = CARTESIAN_POINT('',(0.,0.,0.));
#33 = DIRECTION('',(0.,0.,1.));
#34 = DIRECTION('',(1.,0.,-0.));
#35 = AXIS2_PLACEMENT_3D('',#36,#37,#38);
#36 = CARTESIAN_POINT('',(0.,0.,0.));
#37 = DIRECTION('',(0.,0.,1.));
#38 = DIRECTION('',(1.,0.,-0.));
#39 = AXIS2_PLACEMENT_3D('',#40,#41,#42);
#40 = CARTESIAN_POINT('',(0.,0.,0.));
#41 = DIRECTION('',(0.,0.,1.));
#42 = DIRECTION('',(1.,0.,-0.));
#43 = AXIS2_PLACEMENT_3D('',#44,#45,#46);
#44 = CARTESIAN_POINT('',(0.,0.,0.));
#45 = DIRECTION('',(0.,0.,1.));
#46 = DIRECTION('',(1.,0.,-0.));
#47 = AXIS2_PLACEMENT_3D('',#48,#49,#50);
#48 = CARTESIAN_POINT('',(0.,0.,0.));
#49 = DIRECTION('',(0.,0.,1.));
#50 = DIRECTION('',(1.,0.,-0.));
#51 = ( GEOMETRIC_REPRESENTATION_CONTEXT(3) 
GLOBAL_UNCERTAINTY_ASSIGNED_CONTEXT((#55)) GLOBAL_UNIT_ASSIGNED_CONTEXT(
(#52,#53,#54)) REPRESENTATION_CONTEXT('Context #1',
  '3D Context with UNIT and UNCERTAINTY') );
#52 = ( LENGTH_UNIT() NAMED_UNIT(*) SI_UNIT(.MILLI.,.METRE.) );
#53 = ( NAMED_UNIT(*) PLANE_ANGLE_UNIT() SI_UNIT($,.RADIAN.) );
#54 = ( NAMED_UNIT(*) SI_UNIT($,.STERADIAN.) SOLID_ANGLE_UNIT() );
#55 = UNCERTAINTY_MEASURE_WITH_UNIT(LENGTH_MEASURE(1.E-07),#52,
  'distance_accuracy_value','confusion accuracy');
#56 = PRODUCT_RELATED_PRODUCT_CATEGORY('part',$,(#7));
#57 = SHAPE_DEFINITION_REPRESENTATION(#58,#64);
#58 = PRODUCT_DEFINITION_SHAPE('','',#59);
#59 = PRODUCT_DEFINITION('design','',#60,#63);
#60 = PRODUCT_DEFINITION_FORMATION('','',#61);
#61 = PRODUCT('tripod_hub','tripod_hub','',(#62));
#62 = PRODUCT_CONTEXT('',#2,'mechanical');
#63 = PRODUCT_DEFINITION_CONTEXT('part definition',#2,'design');
#64 = ADVANCED_BREP_SHAPE_REPRESENTATION('',(#11,#65),#6281);
#65 = MANIFOLD_SOLID_BREP('',#66);
#66 = CLOSED_SHELL('',(#67,#986,#1060,#1108,#1371,#1420,#1467,#1730,
    #1778,#1825,#1874,#1922,#2185,#2234,#2281,#2544,#2592,#2619,#2688,
    #2735,#2782,#2807,#2876,#2923,#2970,#2995,#3054,#3123,#3170,#3217,
    #3242,#3311,#3358,#3405,#3430,#4215,#4299,#4348,#4405,#4485,#4534,
    #4587,#4671,#4720,#4777,#4857,#4906,#4959,#5039,#5088,#5141,#5225,
    #5274,#5331,#5411,#5460,#5513,#5597,#5646,#5703,#5847,#5854,#5861,
    #5868,#5875,#5882,#5889,#5896,#5903,#5950,#5977,#6004,#6031,#6058,
    #6065,#6092,#6119,#6146,#6173,#6200,#6227,#6254));
#67 = ADVANCED_FACE('',(#68,#527,#633,#739,#774,#880),#82,.F.);
#68 = FACE_BOUND('',#69,.F.);
#69 = EDGE_LOOP('',(#70,#105,#134,#162,#190,#218,#247,#275,#303,#331,
    #360,#388,#416,#444,#473,#501));
#70 = ORIENTED_EDGE('',*,*,#71,.F.);
#71 = EDGE_CURVE('',#72,#74,#76,.T.);
#72 = VERTEX_POINT('',#73);
#73 = CARTESIAN_POINT('',(32.249030993194,16.,0.));
#74 = VERTEX_POINT('',#75);
#75 = CARTESIAN_POINT('',(80.,16.,0.));
#76 = SURFACE_CURVE('',#77,(#81,#93),.PCURVE_S1.);
#77 = LINE('',#78,#79);
#78 = CARTESIAN_POINT('',(-80.,16.,0.));
#79 = VECTOR('',#80,1.);
#80 = DIRECTION('',(1.,0.,0.));
#81 = PCURVE('',#82,#87);
#82 = PLANE('',#83);
#83 = AXIS2_PLACEMENT_3D('',#84,#85,#86);
#84 = CARTESIAN_POINT('',(-1.215502340035E-15,9.614285210933E-16,0.));
#85 = DIRECTION('',(0.,0.,1.));
#86 = DIRECTION('',(1.,0.,-0.));
#87 = DEFINITIONAL_REPRESENTATION('',(#88),#92);
#88 = LINE('',#89,#90);
#89 = CARTESIAN_POINT('',(-80.,16.));
#90 = VECTOR('',#91,1.);
#91 = DIRECTION('',(1.,0.));
#92 = ( GEOMETRIC_REPRESENTATION_CONTEXT(2) 
PARAMETRIC_REPRESENTATION_CONTEXT() REPRESENTATION_CONTEXT('2D SPACE',''
  ) );
#93 = PCURVE('',#94,#99);
#94 = PLANE('',#95);
#95 = AXIS2_PLACEMENT_3D('',#96,#97,#98);
#96 = CARTESIAN_POINT('',(-80.,16.,0.));
#97 = DIRECTION('',(0.,1.,0.));
#98 = DIRECTION('',(0.,0.,1.));
#99 = DEFINITIONAL_REPRESENTATION('',(#100),#104);
#100 = LINE('',#101,#102);
#101 = CARTESIAN_POINT('',(0.,0.));
#102 = VECTOR('',#103,1.);
#103 = DIRECTION('',(0.,1.));
#104 = ( GEOMETRIC_REPRESENTATION_CONTEXT(2) 
PARAMETRIC_REPRESENTATION_CONTEXT() REPRESENTATION_CONTEXT('2D SPACE',''
  ) );
#105 = ORIENTED_EDGE('',*,*,#106,.T.);
#106 = EDGE_CURVE('',#72,#107,#109,.T.);
#107 = VERTEX_POINT('',#108);
#108 = CARTESIAN_POINT('',(15.999999999999,32.249030993195,0.));
#109 = SURFACE_CURVE('',#110,(#115,#122),.PCURVE_S1.);
#110 = CIRCLE('',#111,36.);
#111 = AXIS2_PLACEMENT_3D('',#112,#113,#114);
#112 = CARTESIAN_POINT('',(0.,0.,0.));
#113 = DIRECTION('',(0.,0.,1.));
#114 = DIRECTION('',(1.,0.,0.));
#115 = PCURVE('',#82,#116);
#116 = DEFINITIONAL_REPRESENTATION('',(#117),#121);
#117 = CIRCLE('',#118,36.);
#118 = AXIS2_PLACEMENT_2D('',#119,#120);
#119 = CARTESIAN_POINT('',(1.215502340035E-15,-9.614285210933E-16));
#120 = DIRECTION('',(1.,0.));
#121 = ( GEOMETRIC_REPRESENTATION_CONTEXT(2) 
PARAMETRIC_REPRESENTATION_CONTEXT() REPRESENTATION_CONTEXT('2D SPACE',''
  ) );
#122 = PCURVE('',#123,#128);
#123 = CYLINDRICAL_SURFACE('',#124,36.);
#124 = AXIS2_PLACEMENT_3D('',#125,#126,#127);
#125 = CARTESIAN_POINT('',(0.,0.,0.));
#126 = DIRECTION('',(-0.,-0.,-1.));
#127 = DIRECTION('',(1.,0.,0.));
#128 = DEFINITIONAL_REPRESENTATION('',(#129),#133);
#129 = LINE('',#130,#131);
#130 = CARTESIAN_POINT('',(-0.,0.));
#131 = VECTOR('',#132,1.);
#132 = DIRECTION('',(-1.,0.));
#133 = ( GEOMETRIC_REPRESENTATION_CONTEXT(2) 
PARAMETRIC_REPRESENTATION_CONTEXT() REPRESENTATION_CONTEXT('2D SPACE',''
  ) );
#134 = ORIENTED_EDGE('',*,*,#135,.T.);
#135 = EDGE_CURVE('',#107,#136,#138,.T.);
#136 = VERTEX_POINT('',#137);
#137 = CARTESIAN_POINT('',(16.,80.,0.));
#138 = SURFACE_CURVE('',#139,(#143,#150),.PCURVE_S1.);
#139 = LINE('',#140,#141);
#140 = CARTESIAN_POINT('',(16.,-80.,0.));
#141 = VECTOR('',#142,1.);
#142 = DIRECTION('',(0.,1.,0.));
#143 = PCURVE('',#82,#144);
#144 = DEFINITIONAL_REPRESENTATION('',(#145),#149);
#145 = LINE('',#146,#147);
#146 = CARTESIAN_POINT('',(16.,-80.));
#147 = VECTOR('',#148,1.);
#148 = DIRECTION('',(0.,1.));
#149 = ( GEOMETRIC_REPRESENTATION_CONTEXT(2) 
PARAMETRIC_REPRESENTATION_CONTEXT() REPRESENTATION_CONTEXT('2D SPACE',''
  ) );
#150 = PCURVE('',#151,#156);
#151 = PLANE('',#152);
#152 = AXIS2_PLACEMENT_3D('',#153,#154,#155);
#153 = CARTESIAN_POINT('',(16.,-80.,0.));
#154 = DIRECTION('',(1.,0.,0.));
#155 = DIRECTION('',(0.,0.,1.));
#156 = DEFINITIONAL_REPRESENTATION('',(#157),#161);
#157 = LINE('',#158,#159);
#158 = CARTESIAN_POINT('',(0.,0.));
#159 = VECTOR('',#160,1.);
#160 = DIRECTION('',(0.,-1.));
#161 = ( GEOMETRIC_REPRESENTATION_CONTEXT(2) 
PARAMETRIC_REPRESENTATION_CONTEXT() REPRESENTATION_CONTEXT('2D SPACE',''
  ) );
#162 = ORIENTED_EDGE('',*,*,#163,.F.);
#163 = EDGE_CURVE('',#164,#136,#166,.T.);
#164 = VERTEX_POINT('',#165);
#165 = CARTESIAN_POINT('',(-16.,80.,0.));
#166 = SURFACE_CURVE('',#167,(#171,#178),.PCURVE_S1.);
#167 = LINE('',#168,#169);
#168 = CARTESIAN_POINT('',(-16.,80.,0.));
#169 = VECTOR('',#170,1.);
#170 = DIRECTION('',(1.,0.,0.));
#171 = PCURVE('',#82,#172);
#172 = DEFINITIONAL_REPRESENTATION('',(#173),#177);
#173 = LINE('',#174,#175);
#174 = CARTESIAN_POINT('',(-16.,80.));
#175 = VECTOR('',#176,1.);
#176 = DIRECTION('',(1.,0.));
#177 = ( GEOMETRIC_REPRESENTATION_CONTEXT(2) 
PARAMETRIC_REPRESENTATION_CONTEXT() REPRESENTATION_CONTEXT('2D SPACE',''
  ) );
#178 = PCURVE('',#179,#184);
#179 = PLANE('',#180);
#180 = AXIS2_PLACEMENT_3D('',#181,#182,#183);
#181 = CARTESIAN_POINT('',(-16.,80.,0.));
#182 = DIRECTION('',(0.,1.,0.));
#183 = DIRECTION('',(0.,0.,1.));
#184 = DEFINITIONAL_REPRESENTATION('',(#185),#189);
#185 = LINE('',#186,#187);
#186 = CARTESIAN_POINT('',(0.,0.));
#187 = VECTOR('',#188,1.);
#188 = DIRECTION('',(0.,1.));
#189 = ( GEOMETRIC_REPRESENTATION_CONTEXT(2) 
PARAMETRIC_REPRESENTATION_CONTEXT() REPRESENTATION_CONTEXT('2D SPACE',''
  ) );
#190 = ORIENTED_EDGE('',*,*,#191,.F.);
#191 = EDGE_CURVE('',#192,#164,#194,.T.);
#192 = VERTEX_POINT('',#193);
#193 = CARTESIAN_POINT('',(-15.99999999999,32.249030993195,0.));
#194 = SURFACE_CURVE('',#195,(#199,#206),.PCURVE_S1.);
#195 = LINE('',#196,#197);
#196 = CARTESIAN_POINT('',(-16.,-80.,0.));
#197 = VECTOR('',#198,1.);
#198 = DIRECTION('',(0.,1.,0.));
#199 = PCURVE('',#82,#200);
#200 = DEFINITIONAL_REPRESENTATION('',(#201),#205);
#201 = LINE('',#202,#203);
#202 = CARTESIAN_POINT('',(-16.,-80.));
#203 = VECTOR('',#204,1.);
#204 = DIRECTION('',(0.,1.));
#205 = ( GEOMETRIC_REPRESENTATION_CONTEXT(2) 
PARAMETRIC_REPRESENTATION_CONTEXT() REPRESENTATION_CONTEXT('2D SPACE',''
  ) );
#206 = PCURVE('',#207,#212);
#207 = PLANE('',#208);
#208 = AXIS2_PLACEMENT_3D('',#209,#210,#211);
#209 = CARTESIAN_POINT('',(-16.,-80.,0.));
#210 = DIRECTION('',(1.,0.,0.));
#211 = DIRECTION('',(0.,0.,1.));
#212 = DEFINITIONAL_REPRESENTATION('',(#213),#217);
#213 = LINE('',#214,#215);
#214 = CARTESIAN_POINT('',(0.,0.));
#215 = VECTOR('',#216,1.);
#216 = DIRECTION('',(0.,-1.));
#217 = ( GEOMETRIC_REPRESENTATION_CONTEXT(2) 
PARAMETRIC_REPRESENTATION_CONTEXT() REPRESENTATION_CONTEXT('2D SPACE',''
  ) );
#218 = ORIENTED_EDGE('',*,*,#219,.T.);
#219 = EDGE_CURVE('',#192,#220,#222,.T.);
#220 = VERTEX_POINT('',#221);
#221 = CARTESIAN_POINT('',(-32.24903099319,16.,0.));
#222 = SURFACE_CURVE('',#223,(#228,#235),.PCURVE_S1.);
#223 = CIRCLE('',#224,36.);
#224 = AXIS2_PLACEMENT_3D('',#225,#226,#227);
#225 = CARTESIAN_POINT('',(0.,0.,0.));
#226 = DIRECTION('',(0.,0.,1.));
#227 = DIRECTION('',(1.,0.,0.));
#228 = PCURVE('',#82,#229);
#229 = DEFINITIONAL_REPRESENTATION('',(#230),#234);
#230 = CIRCLE('',#231,36.);
#231 = AXIS2_PLACEMENT_2D('',#232,#233);
#232 = CARTESIAN_POINT('',(1.215502340035E-15,-9.614285210933E-16));
#233 = DIRECTION('',(1.,0.));
#234 = ( GEOMETRIC_REPRESENTATION_CONTEXT(2) 
PARAMETRIC_REPRESENTATION_CONTEXT() REPRESENTATION_CONTEXT('2D SPACE',''
  ) );
#235 = PCURVE('',#236,#241);
#236 = CYLINDRICAL_SURFACE('',#237,36.);
#237 = AXIS2_PLACEMENT_3D('',#238,#239,#240);
#238 = CARTESIAN_POINT('',(0.,0.,0.));
#239 = DIRECTION('',(-0.,-0.,-1.));
#240 = DIRECTION('',(1.,0.,0.));
#241 = DEFINITIONAL_REPRESENTATION('',(#242),#246);
#242 = LINE('',#243,#244);
#243 = CARTESIAN_POINT('',(-0.,0.));
#244 = VECTOR('',#245,1.);
#245 = DIRECTION('',(-1.,0.));
#246 = ( GEOMETRIC_REPRESENTATION_CONTEXT(2) 
PARAMETRIC_REPRESENTATION_CONTEXT() REPRESENTATION_CONTEXT('2D SPACE',''
  ) );
#247 = ORIENTED_EDGE('',*,*,#248,.F.);
#248 = EDGE_CURVE('',#249,#220,#251,.T.);
#249 = VERTEX_POINT('',#250);
#250 = CARTESIAN_POINT('',(-80.,16.,0.));
#251 = SURFACE_CURVE('',#252,(#256,#263),.PCURVE_S1.);
#252 = LINE('',#253,#254);
#253 = CARTESIAN_POINT('',(-80.,16.,0.));
#254 = VECTOR('',#255,1.);
#255 = DIRECTION('',(1.,0.,0.));
#256 = PCURVE('',#82,#257);
#257 = DEFINITIONAL_REPRESENTATION('',(#258),#262);
#258 = LINE('',#259,#260);
#259 = CARTESIAN_POINT('',(-80.,16.));
#260 = VECTOR('',#261,1.);
#261 = DIRECTION('',(1.,0.));
#262 = ( GEOMETRIC_REPRESENTATION_CONTEXT(2) 
PARAMETRIC_REPRESENTATION_CONTEXT() REPRESENTATION_CONTEXT('2D SPACE',''
  ) );
#263 = PCURVE('',#264,#269);
#264 = PLANE('',#265);
#265 = AXIS2_PLACEMENT_3D('',#266,#267,#268);
#266 = CARTESIAN_POINT('',(-80.,16.,0.));
#267 = DIRECTION('',(0.,1.,0.));
#268 = DIRECTION('',(0.,0.,1.));
#269 = DEFINITIONAL_REPRESENTATION('',(#270),#274);
#270 = LINE('',#271,#272);
#271 = CARTESIAN_POINT('',(0.,0.));
#272 = VECTOR('',#273,1.);
#273 = DIRECTION('',(0.,1.));
#274 = ( GEOMETRIC_REPRESENTATION_CONTEXT(2) 
PARAMETRIC_REPRESENTATION_CONTEXT() REPRESENTATION_CONTEXT('2D SPACE',''
  ) );
#275 = ORIENTED_EDGE('',*,*,#276,.F.);
#276 = EDGE_CURVE('',#277,#249,#279,.T.);
#277 = VERTEX_POINT('',#278);
#278 = CARTESIAN_POINT('',(-80.,-16.,0.));
#279 = SURFACE_CURVE('',#280,(#284,#291),.PCURVE_S1.);
#280 = LINE('',#281,#282);
#281 = CARTESIAN_POINT('',(-80.,-16.,0.));
#282 = VECTOR('',#283,1.);
#283 = DIRECTION('',(0.,1.,0.));
#284 = PCURVE('',#82,#285);
#285 = DEFINITIONAL_REPRESENTATION('',(#286),#290);
#286 = LINE('',#287,#288);
#287 = CARTESIAN_POINT('',(-80.,-16.));
#288 = VECTOR('',#289,1.);
#289 = DIRECTION('',(0.,1.));
#290 = ( GEOMETRIC_REPRESENTATION_CONTEXT(2) 
PARAMETRIC_REPRESENTATION_CONTEXT() REPRESENTATION_CONTEXT('2D SPACE',''
  ) );
#291 = PCURVE('',#292,#297);
#292 = PLANE('',#293);
#293 = AXIS2_PLACEMENT_3D('',#294,#295,#296);
#294 = CARTESIAN_POINT('',(-80.,-16.,0.));
#295 = DIRECTION('',(1.,0.,0.));
#296 = DIRECTION('',(0.,0.,1.));
#297 = DEFINITIONAL_REPRESENTATION('',(#298),#302);
#298 = LINE('',#299,#300);
#299 = CARTESIAN_POINT('',(0.,0.));
#300 = VECTOR('',#301,1.);
#301 = DIRECTION('',(0.,-1.));
#302 = ( GEOMETRIC_REPRESENTATION_CONTEXT(2) 
PARAMETRIC_REPRESENTATION_CONTEXT() REPRESENTATION_CONTEXT('2D SPACE',''
  ) );
#303 = ORIENTED_EDGE('',*,*,#304,.T.);
#304 = EDGE_CURVE('',#277,#305,#307,.T.);
#305 = VERTEX_POINT('',#306);
#306 = CARTESIAN_POINT('',(-32.24903099319,-16.,0.));
#307 = SURFACE_CURVE('',#308,(#312,#319),.PCURVE_S1.);
#308 = LINE('',#309,#310);
#309 = CARTESIAN_POINT('',(-80.,-16.,0.));
#310 = VECTOR('',#311,1.);
#311 = DIRECTION('',(1.,0.,0.));
#312 = PCURVE('',#82,#313);
#313 = DEFINITIONAL_REPRESENTATION('',(#314),#318);
#314 = LINE('',#315,#316);
#315 = CARTESIAN_POINT('',(-80.,-16.));
#316 = VECTOR('',#317,1.);
#317 = DIRECTION('',(1.,0.));
#318 = ( GEOMETRIC_REPRESENTATION_CONTEXT(2) 
PARAMETRIC_REPRESENTATION_CONTEXT() REPRESENTATION_CONTEXT('2D SPACE',''
  ) );
#319 = PCURVE('',#320,#325);
#320 = PLANE('',#321);
#321 = AXIS2_PLACEMENT_3D('',#322,#323,#324);
#322 = CARTESIAN_POINT('',(-80.,-16.,0.));
#323 = DIRECTION('',(0.,1.,0.));
#324 = DIRECTION('',(0.,0.,1.));
#325 = DEFINITIONAL_REPRESENTATION('',(#326),#330);
#326 = LINE('',#327,#328);
#327 = CARTESIAN_POINT('',(0.,0.));
#328 = VECTOR('',#329,1.);
#329 = DIRECTION('',(0.,1.));
#330 = ( GEOMETRIC_REPRESENTATION_CONTEXT(2) 
PARAMETRIC_REPRESENTATION_CONTEXT() REPRESENTATION_CONTEXT('2D SPACE',''
  ) );
#331 = ORIENTED_EDGE('',*,*,#332,.T.);
#332 = EDGE_CURVE('',#305,#333,#335,.T.);
#333 = VERTEX_POINT('',#334);
#334 = CARTESIAN_POINT('',(-15.99999999999,-32.24903099319,0.));
#335 = SURFACE_CURVE('',#336,(#341,#348),.PCURVE_S1.);
#336 = CIRCLE('',#337,36.);
#337 = AXIS2_PLACEMENT_3D('',#338,#339,#340);
#338 = CARTESIAN_POINT('',(0.,0.,0.));
#339 = DIRECTION('',(0.,0.,1.));
#340 = DIRECTION('',(1.,0.,0.));
#341 = PCURVE('',#82,#342);
#342 = DEFINITIONAL_REPRESENTATION('',(#343),#347);
#343 = CIRCLE('',#344,36.);
#344 = AXIS2_PLACEMENT_2D('',#345,#346);
#345 = CARTESIAN_POINT('',(1.215502340035E-15,-9.614285210933E-16));
#346 = DIRECTION('',(1.,0.));
#347 = ( GEOMETRIC_REPRESENTATION_CONTEXT(2) 
PARAMETRIC_REPRESENTATION_CONTEXT() REPRESENTATION_CONTEXT('2D SPACE',''
  ) );
#348 = PCURVE('',#349,#354);
#349 = CYLINDRICAL_SURFACE('',#350,36.);
#350 = AXIS2_PLACEMENT_3D('',#351,#352,#353);
#351 = CARTESIAN_POINT('',(0.,0.,0.));
#352 = DIRECTION('',(-0.,-0.,-1.));
#353 = DIRECTION('',(1.,0.,0.));
#354 = DEFINITIONAL_REPRESENTATION('',(#355),#359);
#355 = LINE('',#356,#357);
#356 = CARTESIAN_POINT('',(-0.,0.));
#357 = VECTOR('',#358,1.);
#358 = DIRECTION('',(-1.,0.));
#359 = ( GEOMETRIC_REPRESENTATION_CONTEXT(2) 
PARAMETRIC_REPRESENTATION_CONTEXT() REPRESENTATION_CONTEXT('2D SPACE',''
  ) );
#360 = ORIENTED_EDGE('',*,*,#361,.F.);
#361 = EDGE_CURVE('',#362,#333,#364,.T.);
#362 = VERTEX_POINT('',#363);
#363 = CARTESIAN_POINT('',(-16.,-80.,0.));
#364 = SURFACE_CURVE('',#365,(#369,#376),.PCURVE_S1.);
#365 = LINE('',#366,#367);
#366 = CARTESIAN_POINT('',(-16.,-80.,0.));
#367 = VECTOR('',#368,1.);
#368 = DIRECTION('',(0.,1.,0.));
#369 = PCURVE('',#82,#370);
#370 = DEFINITIONAL_REPRESENTATION('',(#371),#375);
#371 = LINE('',#372,#373);
#372 = CARTESIAN_POINT('',(-16.,-80.));
#373 = VECTOR('',#374,1.);
#374 = DIRECTION('',(0.,1.));
#375 = ( GEOMETRIC_REPRESENTATION_CONTEXT(2) 
PARAMETRIC_REPRESENTATION_CONTEXT() REPRESENTATION_CONTEXT('2D SPACE',''
  ) );
#376 = PCURVE('',#377,#382);
#377 = PLANE('',#378);
#378 = AXIS2_PLACEMENT_3D('',#379,#380,#381);
#379 = CARTESIAN_POINT('',(-16.,-80.,0.));
#380 = DIRECTION('',(1.,0.,0.));
#381 = DIRECTION('',(0.,0.,1.));
#382 = DEFINITIONAL_REPRESENTATION('',(#383),#387);
#383 = LINE('',#384,#385);
#384 = CARTESIAN_POINT('',(0.,0.));
#385 = VECTOR('',#386,1.);
#386 = DIRECTION('',(0.,-1.));
#387 = ( GEOMETRIC_REPRESENTATION_CONTEXT(2) 
PARAMETRIC_REPRESENTATION_CONTEXT() REPRESENTATION_CONTEXT('2D SPACE',''
  ) );
#388 = ORIENTED_EDGE('',*,*,#389,.T.);
#389 = EDGE_CURVE('',#362,#390,#392,.T.);
#390 = VERTEX_POINT('',#391);
#391 = CARTESIAN_POINT('',(16.,-80.,0.));
#392 = SURFACE_CURVE('',#393,(#397,#404),.PCURVE_S1.);
#393 = LINE('',#394,#395);
#394 = CARTESIAN_POINT('',(-16.,-80.,0.));
#395 = VECTOR('',#396,1.);
#396 = DIRECTION('',(1.,0.,0.));
#397 = PCURVE('',#82,#398);
#398 = DEFINITIONAL_REPRESENTATION('',(#399),#403);
#399 = LINE('',#400,#401);
#400 = CARTESIAN_POINT('',(-16.,-80.));
#401 = VECTOR('',#402,1.);
#402 = DIRECTION('',(1.,0.));
#403 = ( GEOMETRIC_REPRESENTATION_CONTEXT(2) 
PARAMETRIC_REPRESENTATION_CONTEXT() REPRESENTATION_CONTEXT('2D SPACE',''
  ) );
#404 = PCURVE('',#405,#410);
#405 = PLANE('',#406);
#406 = AXIS2_PLACEMENT_3D('',#407,#408,#409);
#407 = CARTESIAN_POINT('',(-16.,-80.,0.));
#408 = DIRECTION('',(0.,1.,0.));
#409 = DIRECTION('',(0.,0.,1.));
#410 = DEFINITIONAL_REPRESENTATION('',(#411),#415);
#411 = LINE('',#412,#413);
#412 = CARTESIAN_POINT('',(0.,0.));
#413 = VECTOR('',#414,1.);
#414 = DIRECTION('',(0.,1.));
#415 = ( GEOMETRIC_REPRESENTATION_CONTEXT(2) 
PARAMETRIC_REPRESENTATION_CONTEXT() REPRESENTATION_CONTEXT('2D SPACE',''
  ) );
#416 = ORIENTED_EDGE('',*,*,#417,.T.);
#417 = EDGE_CURVE('',#390,#418,#420,.T.);
#418 = VERTEX_POINT('',#419);
#419 = CARTESIAN_POINT('',(15.999999999999,-32.24903099319,0.));
#420 = SURFACE_CURVE('',#421,(#425,#432),.PCURVE_S1.);
#421 = LINE('',#422,#423);
#422 = CARTESIAN_POINT('',(16.,-80.,0.));
#423 = VECTOR('',#424,1.);
#424 = DIRECTION('',(0.,1.,0.));
#425 = PCURVE('',#82,#426);
#426 = DEFINITIONAL_REPRESENTATION('',(#427),#431);
#427 = LINE('',#428,#429);
#428 = CARTESIAN_POINT('',(16.,-80.));
#429 = VECTOR('',#430,1.);
#430 = DIRECTION('',(0.,1.));
#431 = ( GEOMETRIC_REPRESENTATION_CONTEXT(2) 
PARAMETRIC_REPRESENTATION_CONTEXT() REPRESENTATION_CONTEXT('2D SPACE',''
  ) );
#432 = PCURVE('',#433,#438);
#433 = PLANE('',#434);
#434 = AXIS2_PLACEMENT_3D('',#435,#436,#437);
#435 = CARTESIAN_POINT('',(16.,-80.,0.));
#436 = DIRECTION('',(1.,0.,0.));
#437 = DIRECTION('',(0.,0.,1.));
#438 = DEFINITIONAL_REPRESENTATION('',(#439),#443);
#439 = LINE('',#440,#441);
#440 = CARTESIAN_POINT('',(0.,0.));
#441 = VECTOR('',#442,1.);
#442 = DIRECTION('',(0.,-1.));
#443 = ( GEOMETRIC_REPRESENTATION_CONTEXT(2) 
PARAMETRIC_REPRESENTATION_CONTEXT() REPRESENTATION_CONTEXT('2D SPACE',''
  ) );
#444 = ORIENTED_EDGE('',*,*,#445,.T.);
#445 = EDGE_CURVE('',#418,#446,#448,.T.);
#446 = VERTEX_POINT('',#447);
#447 = CARTESIAN_POINT('',(32.249030993194,-16.,0.));
#448 = SURFACE_CURVE('',#449,(#454,#461),.PCURVE_S1.);
#449 = CIRCLE('',#450,36.);
#450 = AXIS2_PLACEMENT_3D('',#451,#452,#453);
#451 = CARTESIAN_POINT('',(0.,0.,0.));
#452 = DIRECTION('',(0.,0.,1.));
#453 = DIRECTION('',(1.,0.,0.));
#454 = PCURVE('',#82,#455);
#455 = DEFINITIONAL_REPRESENTATION('',(#456),#460);
#456 = CIRCLE('',#457,36.);
#457 = AXIS2_PLACEMENT_2D('',#458,#459);
#458 = CARTESIAN_POINT('',(1.215502340035E-15,-9.614285210933E-16));
#459 = DIRECTION('',(1.,0.));
#460 = ( GEOMETRIC_REPRESENTATION_CONTEXT(2) 
PARAMETRIC_REPRESENTATION_CONTEXT() REPRESENTATION_CONTEXT('2D SPACE',''
  ) );
#461 = PCURVE('',#462,#467);
#462 = CYLINDRICAL_SURFACE('',#463,36.);
#463 = AXIS2_PLACEMENT_3D('',#464,#465,#466);
#464 = CARTESIAN_POINT('',(0.,0.,0.));
#465 = DIRECTION('',(-0.,-0.,-1.));
#466 = DIRECTION('',(1.,0.,0.));
#467 = DEFINITIONAL_REPRESENTATION('',(#468),#472);
#468 = LINE('',#469,#470);
#469 = CARTESIAN_POINT('',(-0.,0.));
#470 = VECTOR('',#471,1.);
#471 = DIRECTION('',(-1.,0.));
#472 = ( GEOMETRIC_REPRESENTATION_CONTEXT(2) 
PARAMETRIC_REPRESENTATION_CONTEXT() REPRESENTATION_CONTEXT('2D SPACE',''
  ) );
#473 = ORIENTED_EDGE('',*,*,#474,.T.);
#474 = EDGE_CURVE('',#446,#475,#477,.T.);
#475 = VERTEX_POINT('',#476);
#476 = CARTESIAN_POINT('',(80.,-16.,0.));
#477 = SURFACE_CURVE('',#478,(#482,#489),.PCURVE_S1.);
#478 = LINE('',#479,#480);
#479 = CARTESIAN_POINT('',(-80.,-16.,0.));
#480 = VECTOR('',#481,1.);
#481 = DIRECTION('',(1.,0.,0.));
#482 = PCURVE('',#82,#483);
#483 = DEFINITIONAL_REPRESENTATION('',(#484),#488);
#484 = LINE('',#485,#486);
#485 = CARTESIAN_POINT('',(-80.,-16.));
#486 = VECTOR('',#487,1.);
#487 = DIRECTION('',(1.,0.));
#488 = ( GEOMETRIC_REPRESENTATION_CONTEXT(2) 
PARAMETRIC_REPRESENTATION_CONTEXT() REPRESENTATION_CONTEXT('2D SPACE',''
  ) );
#489 = PCURVE('',#490,#495);
#490 = PLANE('',#491);
#491 = AXIS2_PLACEMENT_3D('',#492,#493,#494);
#492 = CARTESIAN_POINT('',(-80.,-16.,0.));
#493 = DIRECTION('',(0.,1.,0.));
#494 = DIRECTION('',(0.,0.,1.));
#495 = DEFINITIONAL_REPRESENTATION('',(#496),#500);
#496 = LINE('',#497,#498);
#497 = CARTESIAN_POINT('',(0.,0.));
#498 = VECTOR('',#499,1.);
#499 = DIRECTION('',(0.,1.));
#500 = ( GEOMETRIC_REPRESENTATION_CONTEXT(2) 
PARAMETRIC_REPRESENTATION_CONTEXT() REPRESENTATION_CONTEXT('2D SPACE',''
  ) );
#501 = ORIENTED_EDGE('',*,*,#502,.T.);
#502 = EDGE_CURVE('',#475,#74,#503,.T.);
#503 = SURFACE_CURVE('',#504,(#508,#515),.PCURVE_S1.);
#504 = LINE('',#505,#506);
#505 = CARTESIAN_POINT('',(80.,-16.,0.));
#506 = VECTOR('',#507,1.);
#507 = DIRECTION('',(0.,1.,0.));
#508 = PCURVE('',#82,#509);
#509 = DEFINITIONAL_REPRESENTATION('',(#510),#514);
#510 = LINE('',#511,#512);
#511 = CARTESIAN_POINT('',(80.,-16.));
#512 = VECTOR('',#513,1.);
#513 = DIRECTION('',(0.,1.));
#514 = ( GEOMETRIC_REPRESENTATION_CONTEXT(2) 
PARAMETRIC_REPRESENTATION_CONTEXT() REPRESENTATION_CONTEXT('2D SPACE',''
  ) );
#515 = PCURVE('',#516,#521);
#516 = PLANE('',#517);
#517 = AXIS2_PLACEMENT_3D('',#518,#519,#520);
#518 = CARTESIAN_POINT('',(80.,-16.,0.));
#519 = DIRECTION('',(1.,0.,0.));
#520 = DIRECTION('',(0.,0.,1.));
#521 = DEFINITIONAL_REPRESENTATION('',(#522),#526);
#522 = LINE('',#523,#524);
#523 = CARTESIAN_POINT('',(0.,0.));
#524 = VECTOR('',#525,1.);
#525 = DIRECTION('',(0.,-1.));
#526 = ( GEOMETRIC_REPRESENTATION_CONTEXT(2) 
PARAMETRIC_REPRESENTATION_CONTEXT() REPRESENTATION_CONTEXT('2D SPACE',''
  ) );
#527 = FACE_BOUND('',#528,.F.);
#528 = EDGE_LOOP('',(#529,#557,#583,#609));
#529 = ORIENTED_EDGE('',*,*,#530,.T.);
#530 = EDGE_CURVE('',#531,#533,#535,.T.);
#531 = VERTEX_POINT('',#532);
#532 = CARTESIAN_POINT('',(-7.,-47.,0.));
#533 = VERTEX_POINT('',#534);
#534 = CARTESIAN_POINT('',(-7.,-41.,0.));
#535 = SURFACE_CURVE('',#536,(#540,#546),.PCURVE_S1.);
#536 = LINE('',#537,#538);
#537 = CARTESIAN_POINT('',(-7.,-20.5,0.));
#538 = VECTOR('',#539,1.);
#539 = DIRECTION('',(2.22044604925E-16,1.,-0.));
#540 = PCURVE('',#82,#541);
#541 = DEFINITIONAL_REPRESENTATION('',(#542),#545);
#542 = B_SPLINE_CURVE_WITH_KNOTS('',1,(#543,#544),.UNSPECIFIED.,.F.,.F.,
  (2,2),(-26.5,-20.5),.PIECEWISE_BEZIER_KNOTS.);
#543 = CARTESIAN_POINT('',(-7.,-47.));
#544 = CARTESIAN_POINT('',(-7.,-41.));
#545 = ( GEOMETRIC_REPRESENTATION_CONTEXT(2) 
PARAMETRIC_REPRESENTATION_CONTEXT() REPRESENTATION_CONTEXT('2D SPACE',''
  ) );
#546 = PCURVE('',#547,#552);
#547 = PLANE('',#548);
#548 = AXIS2_PLACEMENT_3D('',#549,#550,#551);
#549 = CARTESIAN_POINT('',(-7.,-41.,-1.));
#550 = DIRECTION('',(1.,-2.22044604925E-16,0.));
#551 = DIRECTION('',(0.,0.,1.));
#552 = DEFINITIONAL_REPRESENTATION('',(#553),#556);
#553 = B_SPLINE_CURVE_WITH_KNOTS('',1,(#554,#555),.UNSPECIFIED.,.F.,.F.,
  (2,2),(-26.5,-20.5),.PIECEWISE_BEZIER_KNOTS.);
#554 = CARTESIAN_POINT('',(1.,6.));
#555 = CARTESIAN_POINT('',(1.,0.));
#556 = ( GEOMETRIC_REPRESENTATION_CONTEXT(2) 
PARAMETRIC_REPRESENTATION_CONTEXT() REPRESENTATION_CONTEXT('2D SPACE',''
  ) );
#557 = ORIENTED_EDGE('',*,*,#558,.T.);
#558 = EDGE_CURVE('',#533,#559,#561,.T.);
#559 = VERTEX_POINT('',#560);
#560 = CARTESIAN_POINT('',(7.,-41.,0.));
#561 = SURFACE_CURVE('',#562,(#566,#572),.PCURVE_S1.);
#562 = LINE('',#563,#564);
#563 = CARTESIAN_POINT('',(-3.5,-41.,0.));
#564 = VECTOR('',#565,1.);
#565 = DIRECTION('',(1.,-2.22044604925E-16,0.));
#566 = PCURVE('',#82,#567);
#567 = DEFINITIONAL_REPRESENTATION('',(#568),#571);
#568 = B_SPLINE_CURVE_WITH_KNOTS('',1,(#569,#570),.UNSPECIFIED.,.F.,.F.,
  (2,2),(-3.5,10.5),.PIECEWISE_BEZIER_KNOTS.);
#569 = CARTESIAN_POINT('',(-7.,-41.));
#570 = CARTESIAN_POINT('',(7.,-41.));
#571 = ( GEOMETRIC_REPRESENTATION_CONTEXT(2) 
PARAMETRIC_REPRESENTATION_CONTEXT() REPRESENTATION_CONTEXT('2D SPACE',''
  ) );
#572 = PCURVE('',#573,#578);
#573 = PLANE('',#574);
#574 = AXIS2_PLACEMENT_3D('',#575,#576,#577);
#575 = CARTESIAN_POINT('',(-7.,-41.,-1.));
#576 = DIRECTION('',(-2.22044604925E-16,-1.,0.));
#577 = DIRECTION('',(0.,0.,1.));
#578 = DEFINITIONAL_REPRESENTATION('',(#579),#582);
#579 = B_SPLINE_CURVE_WITH_KNOTS('',1,(#580,#581),.UNSPECIFIED.,.F.,.F.,
  (2,2),(-3.5,10.5),.PIECEWISE_BEZIER_KNOTS.);
#580 = CARTESIAN_POINT('',(1.,0.));
#581 = CARTESIAN_POINT('',(1.,-14.));
#582 = ( GEOMETRIC_REPRESENTATION_CONTEXT(2) 
PARAMETRIC_REPRESENTATION_CONTEXT() REPRESENTATION_CONTEXT('2D SPACE',''
  ) );
#583 = ORIENTED_EDGE('',*,*,#584,.F.);
#584 = EDGE_CURVE('',#585,#559,#587,.T.);
#585 = VERTEX_POINT('',#586);
#586 = CARTESIAN_POINT('',(7.,-47.,0.));
#587 = SURFACE_CURVE('',#588,(#592,#598),.PCURVE_S1.);
#588 = LINE('',#589,#590);
#589 = CARTESIAN_POINT('',(7.,-20.5,0.));
#590 = VECTOR('',#591,1.);
#591 = DIRECTION('',(2.22044604925E-16,1.,-0.));
#592 = PCURVE('',#82,#593);
#593 = DEFINITIONAL_REPRESENTATION('',(#594),#597);
#594 = B_SPLINE_CURVE_WITH_KNOTS('',1,(#595,#596),.UNSPECIFIED.,.F.,.F.,
  (2,2),(-26.5,-20.5),.PIECEWISE_BEZIER_KNOTS.);
#595 = CARTESIAN_POINT('',(7.,-47.));
#596 = CARTESIAN_POINT('',(7.,-41.));
#597 = ( GEOMETRIC_REPRESENTATION_CONTEXT(2) 
PARAMETRIC_REPRESENTATION_CONTEXT() REPRESENTATION_CONTEXT('2D SPACE',''
  ) );
#598 = PCURVE('',#599,#604);
#599 = PLANE('',#600);
#600 = AXIS2_PLACEMENT_3D('',#601,#602,#603);
#601 = CARTESIAN_POINT('',(7.,-41.,-1.));
#602 = DIRECTION('',(1.,-2.22044604925E-16,0.));
#603 = DIRECTION('',(0.,0.,1.));
#604 = DEFINITIONAL_REPRESENTATION('',(#605),#608);
#605 = B_SPLINE_CURVE_WITH_KNOTS('',1,(#606,#607),.UNSPECIFIED.,.F.,.F.,
  (2,2),(-26.5,-20.5),.PIECEWISE_BEZIER_KNOTS.);
#606 = CARTESIAN_POINT('',(1.,6.));
#607 = CARTESIAN_POINT('',(1.,0.));
#608 = ( GEOMETRIC_REPRESENTATION_CONTEXT(2) 
PARAMETRIC_REPRESENTATION_CONTEXT() REPRESENTATION_CONTEXT('2D SPACE',''
  ) );
#609 = ORIENTED_EDGE('',*,*,#610,.F.);
#610 = EDGE_CURVE('',#531,#585,#611,.T.);
#611 = SURFACE_CURVE('',#612,(#616,#622),.PCURVE_S1.);
#612 = LINE('',#613,#614);
#613 = CARTESIAN_POINT('',(-3.5,-47.,0.));
#614 = VECTOR('',#615,1.);
#615 = DIRECTION('',(1.,-2.22044604925E-16,0.));
#616 = PCURVE('',#82,#617);
#617 = DEFINITIONAL_REPRESENTATION('',(#618),#621);
#618 = B_SPLINE_CURVE_WITH_KNOTS('',1,(#619,#620),.UNSPECIFIED.,.F.,.F.,
  (2,2),(-3.5,10.5),.PIECEWISE_BEZIER_KNOTS.);
#619 = CARTESIAN_POINT('',(-7.,-47.));
#620 = CARTESIAN_POINT('',(7.,-47.));
#621 = ( GEOMETRIC_REPRESENTATION_CONTEXT(2) 
PARAMETRIC_REPRESENTATION_CONTEXT() REPRESENTATION_CONTEXT('2D SPACE',''
  ) );
#622 = PCURVE('',#623,#628);
#623 = PLANE('',#624);
#624 = AXIS2_PLACEMENT_3D('',#625,#626,#627);
#625 = CARTESIAN_POINT('',(-7.,-47.,-1.));
#626 = DIRECTION('',(-2.22044604925E-16,-1.,0.));
#627 = DIRECTION('',(0.,0.,1.));
#628 = DEFINITIONAL_REPRESENTATION('',(#629),#632);
#629 = B_SPLINE_CURVE_WITH_KNOTS('',1,(#630,#631),.UNSPECIFIED.,.F.,.F.,
  (2,2),(-3.5,10.5),.PIECEWISE_BEZIER_KNOTS.);
#630 = CARTESIAN_POINT('',(1.,0.));
#631 = CARTESIAN_POINT('',(1.,-14.));
#632 = ( GEOMETRIC_REPRESENTATION_CONTEXT(2) 
PARAMETRIC_REPRESENTATION_CONTEXT() REPRESENTATION_CONTEXT('2D SPACE',''
  ) );
#633 = FACE_BOUND('',#634,.F.);
#634 = EDGE_LOOP('',(#635,#663,#689,#715));
#635 = ORIENTED_EDGE('',*,*,#636,.T.);
#636 = EDGE_CURVE('',#637,#639,#641,.T.);
#637 = VERTEX_POINT('',#638);
#638 = CARTESIAN_POINT('',(-47.,7.,0.));
#639 = VERTEX_POINT('',#640);
#640 = CARTESIAN_POINT('',(-41.,7.,0.));
#641 = SURFACE_CURVE('',#642,(#646,#652),.PCURVE_S1.);
#642 = LINE('',#643,#644);
#643 = CARTESIAN_POINT('',(-20.5,7.,0.));
#644 = VECTOR('',#645,1.);
#645 = DIRECTION('',(1.,-1.224646799147E-16,0.));
#646 = PCURVE('',#82,#647);
#647 = DEFINITIONAL_REPRESENTATION('',(#648),#651);
#648 = B_SPLINE_CURVE_WITH_KNOTS('',1,(#649,#650),.UNSPECIFIED.,.F.,.F.,
  (2,2),(-26.5,-20.5),.PIECEWISE_BEZIER_KNOTS.);
#649 = CARTESIAN_POINT('',(-47.,7.));
#650 = CARTESIAN_POINT('',(-41.,7.));
#651 = ( GEOMETRIC_REPRESENTATION_CONTEXT(2) 
PARAMETRIC_REPRESENTATION_CONTEXT() REPRESENTATION_CONTEXT('2D SPACE',''
  ) );
#652 = PCURVE('',#653,#658);
#653 = PLANE('',#654);
#654 = AXIS2_PLACEMENT_3D('',#655,#656,#657);
#655 = CARTESIAN_POINT('',(-41.,7.,-1.));
#656 = DIRECTION('',(-1.224646799147E-16,-1.,0.));
#657 = DIRECTION('',(0.,0.,1.));
#658 = DEFINITIONAL_REPRESENTATION('',(#659),#662);
#659 = B_SPLINE_CURVE_WITH_KNOTS('',1,(#660,#661),.UNSPECIFIED.,.F.,.F.,
  (2,2),(-26.5,-20.5),.PIECEWISE_BEZIER_KNOTS.);
#660 = CARTESIAN_POINT('',(1.,6.));
#661 = CARTESIAN_POINT('',(1.,0.));
#662 = ( GEOMETRIC_REPRESENTATION_CONTEXT(2) 
PARAMETRIC_REPRESENTATION_CONTEXT() REPRESENTATION_CONTEXT('2D SPACE',''
  ) );
#663 = ORIENTED_EDGE('',*,*,#664,.T.);
#664 = EDGE_CURVE('',#639,#665,#667,.T.);
#665 = VERTEX_POINT('',#666);
#666 = CARTESIAN_POINT('',(-41.,-7.,0.));
#667 = SURFACE_CURVE('',#668,(#672,#678),.PCURVE_S1.);
#668 = LINE('',#669,#670);
#669 = CARTESIAN_POINT('',(-41.,3.5,0.));
#670 = VECTOR('',#671,1.);
#671 = DIRECTION('',(-1.224646799147E-16,-1.,0.));
#672 = PCURVE('',#82,#673);
#673 = DEFINITIONAL_REPRESENTATION('',(#674),#677);
#674 = B_SPLINE_CURVE_WITH_KNOTS('',1,(#675,#676),.UNSPECIFIED.,.F.,.F.,
  (2,2),(-3.5,10.5),.PIECEWISE_BEZIER_KNOTS.);
#675 = CARTESIAN_POINT('',(-41.,7.));
#676 = CARTESIAN_POINT('',(-41.,-7.));
#677 = ( GEOMETRIC_REPRESENTATION_CONTEXT(2) 
PARAMETRIC_REPRESENTATION_CONTEXT() REPRESENTATION_CONTEXT('2D SPACE',''
  ) );
#678 = PCURVE('',#679,#684);
#679 = PLANE('',#680);
#680 = AXIS2_PLACEMENT_3D('',#681,#682,#683);
#681 = CARTESIAN_POINT('',(-41.,7.,-1.));
#682 = DIRECTION('',(-1.,1.224646799147E-16,0.));
#683 = DIRECTION('',(0.,0.,1.));
#684 = DEFINITIONAL_REPRESENTATION('',(#685),#688);
#685 = B_SPLINE_CURVE_WITH_KNOTS('',1,(#686,#687),.UNSPECIFIED.,.F.,.F.,
  (2,2),(-3.5,10.5),.PIECEWISE_BEZIER_KNOTS.);
#686 = CARTESIAN_POINT('',(1.,0.));
#687 = CARTESIAN_POINT('',(1.,-14.));
#688 = ( GEOMETRIC_REPRESENTATION_CONTEXT(2) 
PARAMETRIC_REPRESENTATION_CONTEXT() REPRESENTATION_CONTEXT('2D SPACE',''
  ) );
#689 = ORIENTED_EDGE('',*,*,#690,.F.);
#690 = EDGE_CURVE('',#691,#665,#693,.T.);
#691 = VERTEX_POINT('',#692);
#692 = CARTESIAN_POINT('',(-47.,-7.,0.));
#693 = SURFACE_CURVE('',#694,(#698,#704),.PCURVE_S1.);
#694 = LINE('',#695,#696);
#695 = CARTESIAN_POINT('',(-20.5,-7.,0.));
#696 = VECTOR('',#697,1.);
#697 = DIRECTION('',(1.,-1.224646799147E-16,0.));
#698 = PCURVE('',#82,#699);
#699 = DEFINITIONAL_REPRESENTATION('',(#700),#703);
#700 = B_SPLINE_CURVE_WITH_KNOTS('',1,(#701,#702),.UNSPECIFIED.,.F.,.F.,
  (2,2),(-26.5,-20.5),.PIECEWISE_BEZIER_KNOTS.);
#701 = CARTESIAN_POINT('',(-47.,-7.));
#702 = CARTESIAN_POINT('',(-41.,-7.));
#703 = ( GEOMETRIC_REPRESENTATION_CONTEXT(2) 
PARAMETRIC_REPRESENTATION_CONTEXT() REPRESENTATION_CONTEXT('2D SPACE',''
  ) );
#704 = PCURVE('',#705,#710);
#705 = PLANE('',#706);
#706 = AXIS2_PLACEMENT_3D('',#707,#708,#709);
#707 = CARTESIAN_POINT('',(-41.,-7.,-1.));
#708 = DIRECTION('',(-1.224646799147E-16,-1.,0.));
#709 = DIRECTION('',(0.,0.,1.));
#710 = DEFINITIONAL_REPRESENTATION('',(#711),#714);
#711 = B_SPLINE_CURVE_WITH_KNOTS('',1,(#712,#713),.UNSPECIFIED.,.F.,.F.,
  (2,2),(-26.5,-20.5),.PIECEWISE_BEZIER_KNOTS.);
#712 = CARTESIAN_POINT('',(1.,6.));
#713 = CARTESIAN_POINT('',(1.,0.));
#714 = ( GEOMETRIC_REPRESENTATION_CONTEXT(2) 
PARAMETRIC_REPRESENTATION_CONTEXT() REPRESENTATION_CONTEXT('2D SPACE',''
  ) );
#715 = ORIENTED_EDGE('',*,*,#716,.F.);
#716 = EDGE_CURVE('',#637,#691,#717,.T.);
#717 = SURFACE_CURVE('',#718,(#722,#728),.PCURVE_S1.);
#718 = LINE('',#719,#720);
#719 = CARTESIAN_POINT('',(-47.,3.5,0.));
#720 = VECTOR('',#721,1.);
#721 = DIRECTION('',(-1.224646799147E-16,-1.,0.));
#722 = PCURVE('',#82,#723);
#723 = DEFINITIONAL_REPRESENTATION('',(#724),#727);
#724 = B_SPLINE_CURVE_WITH_KNOTS('',1,(#725,#726),.UNSPECIFIED.,.F.,.F.,
  (2,2),(-3.5,10.5),.PIECEWISE_BEZIER_KNOTS.);
#725 = CARTESIAN_POINT('',(-47.,7.));
#726 = CARTESIAN_POINT('',(-47.,-7.));
#727 = ( GEOMETRIC_REPRESENTATION_CONTEXT(2) 
PARAMETRIC_REPRESENTATION_CONTEXT() REPRESENTATION_CONTEXT('2D SPACE',''
  ) );
#728 = PCURVE('',#729,#734);
#729 = PLANE('',#730);
#730 = AXIS2_PLACEMENT_3D('',#731,#732,#733);
#731 = CARTESIAN_POINT('',(-47.,7.,-1.));
#732 = DIRECTION('',(-1.,1.224646799147E-16,0.));
#733 = DIRECTION('',(0.,0.,1.));
#734 = DEFINITIONAL_REPRESENTATION('',(#735),#738);
#735 = B_SPLINE_CURVE_WITH_KNOTS('',1,(#736,#737),.UNSPECIFIED.,.F.,.F.,
  (2,2),(-3.5,10.5),.PIECEWISE_BEZIER_KNOTS.);
#736 = CARTESIAN_POINT('',(1.,0.));
#737 = CARTESIAN_POINT('',(1.,-14.));
#738 = ( GEOMETRIC_REPRESENTATION_CONTEXT(2) 
PARAMETRIC_REPRESENTATION_CONTEXT() REPRESENTATION_CONTEXT('2D SPACE',''
  ) );
#739 = FACE_BOUND('',#740,.F.);
#740 = EDGE_LOOP('',(#741));
#741 = ORIENTED_EDGE('',*,*,#742,.T.);
#742 = EDGE_CURVE('',#743,#743,#745,.T.);
#743 = VERTEX_POINT('',#744);
#744 = CARTESIAN_POINT('',(3.4,0.,0.));
#745 = SURFACE_CURVE('',#746,(#751,#762),.PCURVE_S1.);
#746 = CIRCLE('',#747,3.4);
#747 = AXIS2_PLACEMENT_3D('',#748,#749,#750);
#748 = CARTESIAN_POINT('',(0.,0.,0.));
#749 = DIRECTION('',(0.,0.,-1.));
#750 = DIRECTION('',(1.,0.,0.));
#751 = PCURVE('',#82,#752);
#752 = DEFINITIONAL_REPRESENTATION('',(#753),#761);
#753 = ( BOUNDED_CURVE() B_SPLINE_CURVE(2,(#754,#755,#756,#757,#758,#759
,#760),.UNSPECIFIED.,.T.,.F.) B_SPLINE_CURVE_WITH_KNOTS((1,2,2,2,2,1),(
    -2.094395102393,0.,2.094395102393,4.188790204786,6.28318530718,
8.377580409573),.UNSPECIFIED.) CURVE() GEOMETRIC_REPRESENTATION_ITEM() 
RATIONAL_B_SPLINE_CURVE((1.,0.5,1.,0.5,1.,0.5,1.)) REPRESENTATION_ITEM(
  '') );
#754 = CARTESIAN_POINT('',(3.4,-9.614285210933E-16));
#755 = CARTESIAN_POINT('',(3.4,-5.888972745734));
#756 = CARTESIAN_POINT('',(-1.7,-2.944486372867));
#757 = CARTESIAN_POINT('',(-6.8,-1.794188344513E-15));
#758 = CARTESIAN_POINT('',(-1.7,2.944486372867));
#759 = CARTESIAN_POINT('',(3.4,5.888972745734));
#760 = CARTESIAN_POINT('',(3.4,-9.614285210933E-16));
#761 = ( GEOMETRIC_REPRESENTATION_CONTEXT(2) 
PARAMETRIC_REPRESENTATION_CONTEXT() REPRESENTATION_CONTEXT('2D SPACE',''
  ) );
#762 = PCURVE('',#763,#768);
#763 = CYLINDRICAL_SURFACE('',#764,3.4);
#764 = AXIS2_PLACEMENT_3D('',#765,#766,#767);
#765 = CARTESIAN_POINT('',(0.,0.,-1.));
#766 = DIRECTION('',(-0.,-0.,-1.));
#767 = DIRECTION('',(1.,0.,0.));
#768 = DEFINITIONAL_REPRESENTATION('',(#769),#773);
#769 = LINE('',#770,#771);
#770 = CARTESIAN_POINT('',(-6.28318530718,-1.));
#771 = VECTOR('',#772,1.);
#772 = DIRECTION('',(1.,-0.));
#773 = ( GEOMETRIC_REPRESENTATION_CONTEXT(2) 
PARAMETRIC_REPRESENTATION_CONTEXT() REPRESENTATION_CONTEXT('2D SPACE',''
  ) );
#774 = FACE_BOUND('',#775,.F.);
#775 = EDGE_LOOP('',(#776,#804,#830,#856));
#776 = ORIENTED_EDGE('',*,*,#777,.T.);
#777 = EDGE_CURVE('',#778,#780,#782,.T.);
#778 = VERTEX_POINT('',#779);
#779 = CARTESIAN_POINT('',(47.,-7.,0.));
#780 = VERTEX_POINT('',#781);
#781 = CARTESIAN_POINT('',(41.,-7.,0.));
#782 = SURFACE_CURVE('',#783,(#787,#793),.PCURVE_S1.);
#783 = LINE('',#784,#785);
#784 = CARTESIAN_POINT('',(20.5,-7.,0.));
#785 = VECTOR('',#786,1.);
#786 = DIRECTION('',(-1.,0.,0.));
#787 = PCURVE('',#82,#788);
#788 = DEFINITIONAL_REPRESENTATION('',(#789),#792);
#789 = B_SPLINE_CURVE_WITH_KNOTS('',1,(#790,#791),.UNSPECIFIED.,.F.,.F.,
  (2,2),(-26.5,-20.5),.PIECEWISE_BEZIER_KNOTS.);
#790 = CARTESIAN_POINT('',(47.,-7.));
#791 = CARTESIAN_POINT('',(41.,-7.));
#792 = ( GEOMETRIC_REPRESENTATION_CONTEXT(2) 
PARAMETRIC_REPRESENTATION_CONTEXT() REPRESENTATION_CONTEXT('2D SPACE',''
  ) );
#793 = PCURVE('',#794,#799);
#794 = PLANE('',#795);
#795 = AXIS2_PLACEMENT_3D('',#796,#797,#798);
#796 = CARTESIAN_POINT('',(41.,-7.,-1.));
#797 = DIRECTION('',(0.,1.,0.));
#798 = DIRECTION('',(0.,0.,1.));
#799 = DEFINITIONAL_REPRESENTATION('',(#800),#803);
#800 = B_SPLINE_CURVE_WITH_KNOTS('',1,(#801,#802),.UNSPECIFIED.,.F.,.F.,
  (2,2),(-26.5,-20.5),.PIECEWISE_BEZIER_KNOTS.);
#801 = CARTESIAN_POINT('',(1.,6.));
#802 = CARTESIAN_POINT('',(1.,0.));
#803 = ( GEOMETRIC_REPRESENTATION_CONTEXT(2) 
PARAMETRIC_REPRESENTATION_CONTEXT() REPRESENTATION_CONTEXT('2D SPACE',''
  ) );
#804 = ORIENTED_EDGE('',*,*,#805,.T.);
#805 = EDGE_CURVE('',#780,#806,#808,.T.);
#806 = VERTEX_POINT('',#807);
#807 = CARTESIAN_POINT('',(41.,7.,0.));
#808 = SURFACE_CURVE('',#809,(#813,#819),.PCURVE_S1.);
#809 = LINE('',#810,#811);
#810 = CARTESIAN_POINT('',(41.,-3.5,0.));
#811 = VECTOR('',#812,1.);
#812 = DIRECTION('',(0.,1.,0.));
#813 = PCURVE('',#82,#814);
#814 = DEFINITIONAL_REPRESENTATION('',(#815),#818);
#815 = B_SPLINE_CURVE_WITH_KNOTS('',1,(#816,#817),.UNSPECIFIED.,.F.,.F.,
  (2,2),(-3.5,10.5),.PIECEWISE_BEZIER_KNOTS.);
#816 = CARTESIAN_POINT('',(41.,-7.));
#817 = CARTESIAN_POINT('',(41.,7.));
#818 = ( GEOMETRIC_REPRESENTATION_CONTEXT(2) 
PARAMETRIC_REPRESENTATION_CONTEXT() REPRESENTATION_CONTEXT('2D SPACE',''
  ) );
#819 = PCURVE('',#820,#825);
#820 = PLANE('',#821);
#821 = AXIS2_PLACEMENT_3D('',#822,#823,#824);
#822 = CARTESIAN_POINT('',(41.,-7.,-1.));
#823 = DIRECTION('',(1.,0.,0.));
#824 = DIRECTION('',(0.,0.,1.));
#825 = DEFINITIONAL_REPRESENTATION('',(#826),#829);
#826 = B_SPLINE_CURVE_WITH_KNOTS('',1,(#827,#828),.UNSPECIFIED.,.F.,.F.,
  (2,2),(-3.5,10.5),.PIECEWISE_BEZIER_KNOTS.);
#827 = CARTESIAN_POINT('',(1.,0.));
#828 = CARTESIAN_POINT('',(1.,-14.));
#829 = ( GEOMETRIC_REPRESENTATION_CONTEXT(2) 
PARAMETRIC_REPRESENTATION_CONTEXT() REPRESENTATION_CONTEXT('2D SPACE',''
  ) );
#830 = ORIENTED_EDGE('',*,*,#831,.F.);
#831 = EDGE_CURVE('',#832,#806,#834,.T.);
#832 = VERTEX_POINT('',#833);
#833 = CARTESIAN_POINT('',(47.,7.,0.));
#834 = SURFACE_CURVE('',#835,(#839,#845),.PCURVE_S1.);
#835 = LINE('',#836,#837);
#836 = CARTESIAN_POINT('',(20.5,7.,0.));
#837 = VECTOR('',#838,1.);
#838 = DIRECTION('',(-1.,0.,0.));
#839 = PCURVE('',#82,#840);
#840 = DEFINITIONAL_REPRESENTATION('',(#841),#844);
#841 = B_SPLINE_CURVE_WITH_KNOTS('',1,(#842,#843),.UNSPECIFIED.,.F.,.F.,
  (2,2),(-26.5,-20.5),.PIECEWISE_BEZIER_KNOTS.);
#842 = CARTESIAN_POINT('',(47.,7.));
#843 = CARTESIAN_POINT('',(41.,7.));
#844 = ( GEOMETRIC_REPRESENTATION_CONTEXT(2) 
PARAMETRIC_REPRESENTATION_CONTEXT() REPRESENTATION_CONTEXT('2D SPACE',''
  ) );
#845 = PCURVE('',#846,#851);
#846 = PLANE('',#847);
#847 = AXIS2_PLACEMENT_3D('',#848,#849,#850);
#848 = CARTESIAN_POINT('',(41.,7.,-1.));
#849 = DIRECTION('',(0.,1.,0.));
#850 = DIRECTION('',(0.,0.,1.));
#851 = DEFINITIONAL_REPRESENTATION('',(#852),#855);
#852 = B_SPLINE_CURVE_WITH_KNOTS('',1,(#853,#854),.UNSPECIFIED.,.F.,.F.,
  (2,2),(-26.5,-20.5),.PIECEWISE_BEZIER_KNOTS.);
#853 = CARTESIAN_POINT('',(1.,6.));
#854 = CARTESIAN_POINT('',(1.,0.));
#855 = ( GEOMETRIC_REPRESENTATION_CONTEXT(2) 
PARAMETRIC_REPRESENTATION_CONTEXT() REPRESENTATION_CONTEXT('2D SPACE',''
  ) );
#856 = ORIENTED_EDGE('',*,*,#857,.F.);
#857 = EDGE_CURVE('',#778,#832,#858,.T.);
#858 = SURFACE_CURVE('',#859,(#863,#869),.PCURVE_S1.);
#859 = LINE('',#860,#861);
#860 = CARTESIAN_POINT('',(47.,-3.5,0.));
#861 = VECTOR('',#862,1.);
#862 = DIRECTION('',(0.,1.,0.));
#863 = PCURVE('',#82,#864);
#864 = DEFINITIONAL_REPRESENTATION('',(#865),#868);
#865 = B_SPLINE_CURVE_WITH_KNOTS('',1,(#866,#867),.UNSPECIFIED.,.F.,.F.,
  (2,2),(-3.5,10.5),.PIECEWISE_BEZIER_KNOTS.);
#866 = CARTESIAN_POINT('',(47.,-7.));
#867 = CARTESIAN_POINT('',(47.,7.));
#868 = ( GEOMETRIC_REPRESENTATION_CONTEXT(2) 
PARAMETRIC_REPRESENTATION_CONTEXT() REPRESENTATION_CONTEXT('2D SPACE',''
  ) );
#869 = PCURVE('',#870,#875);
#870 = PLANE('',#871);
#871 = AXIS2_PLACEMENT_3D('',#872,#873,#874);
#872 = CARTESIAN_POINT('',(47.,-7.,-1.));
#873 = DIRECTION('',(1.,0.,0.));
#874 = DIRECTION('',(0.,0.,1.));
#875 = DEFINITIONAL_REPRESENTATION('',(#876),#879);
#876 = B_SPLINE_CURVE_WITH_KNOTS('',1,(#877,#878),.UNSPECIFIED.,.F.,.F.,
  (2,2),(-3.5,10.5),.PIECEWISE_BEZIER_KNOTS.);
#877 = CARTESIAN_POINT('',(1.,0.));
#878 = CARTESIAN_POINT('',(1.,-14.));
#879 = ( GEOMETRIC_REPRESENTATION_CONTEXT(2) 
PARAMETRIC_REPRESENTATION_CONTEXT() REPRESENTATION_CONTEXT('2D SPACE',''
  ) );
#880 = FACE_BOUND('',#881,.F.);
#881 = EDGE_LOOP('',(#882,#910,#936,#962));
#882 = ORIENTED_EDGE('',*,*,#883,.T.);
#883 = EDGE_CURVE('',#884,#886,#888,.T.);
#884 = VERTEX_POINT('',#885);
#885 = CARTESIAN_POINT('',(7.,47.,0.));
#886 = VERTEX_POINT('',#887);
#887 = CARTESIAN_POINT('',(7.,41.,0.));
#888 = SURFACE_CURVE('',#889,(#893,#899),.PCURVE_S1.);
#889 = LINE('',#890,#891);
#890 = CARTESIAN_POINT('',(7.,20.5,0.));
#891 = VECTOR('',#892,1.);
#892 = DIRECTION('',(-1.110223024625E-16,-1.,0.));
#893 = PCURVE('',#82,#894);
#894 = DEFINITIONAL_REPRESENTATION('',(#895),#898);
#895 = B_SPLINE_CURVE_WITH_KNOTS('',1,(#896,#897),.UNSPECIFIED.,.F.,.F.,
  (2,2),(-26.5,-20.5),.PIECEWISE_BEZIER_KNOTS.);
#896 = CARTESIAN_POINT('',(7.,47.));
#897 = CARTESIAN_POINT('',(7.,41.));
#898 = ( GEOMETRIC_REPRESENTATION_CONTEXT(2) 
PARAMETRIC_REPRESENTATION_CONTEXT() REPRESENTATION_CONTEXT('2D SPACE',''
  ) );
#899 = PCURVE('',#900,#905);
#900 = PLANE('',#901);
#901 = AXIS2_PLACEMENT_3D('',#902,#903,#904);
#902 = CARTESIAN_POINT('',(7.,41.,-1.));
#903 = DIRECTION('',(-1.,1.110223024625E-16,0.));
#904 = DIRECTION('',(0.,0.,1.));
#905 = DEFINITIONAL_REPRESENTATION('',(#906),#909);
#906 = B_SPLINE_CURVE_WITH_KNOTS('',1,(#907,#908),.UNSPECIFIED.,.F.,.F.,
  (2,2),(-26.5,-20.5),.PIECEWISE_BEZIER_KNOTS.);
#907 = CARTESIAN_POINT('',(1.,6.));
#908 = CARTESIAN_POINT('',(1.,0.));
#909 = ( GEOMETRIC_REPRESENTATION_CONTEXT(2) 
PARAMETRIC_REPRESENTATION_CONTEXT() REPRESENTATION_CONTEXT('2D SPACE',''
  ) );
#910 = ORIENTED_EDGE('',*,*,#911,.T.);
#911 = EDGE_CURVE('',#886,#912,#914,.T.);
#912 = VERTEX_POINT('',#913);
#913 = CARTESIAN_POINT('',(-7.,41.,0.));
#914 = SURFACE_CURVE('',#915,(#919,#925),.PCURVE_S1.);
#915 = LINE('',#916,#917);
#916 = CARTESIAN_POINT('',(3.5,41.,0.));
#917 = VECTOR('',#918,1.);
#918 = DIRECTION('',(-1.,1.110223024625E-16,0.));
#919 = PCURVE('',#82,#920);
#920 = DEFINITIONAL_REPRESENTATION('',(#921),#924);
#921 = B_SPLINE_CURVE_WITH_KNOTS('',1,(#922,#923),.UNSPECIFIED.,.F.,.F.,
  (2,2),(-3.5,10.5),.PIECEWISE_BEZIER_KNOTS.);
#922 = CARTESIAN_POINT('',(7.,41.));
#923 = CARTESIAN_POINT('',(-7.,41.));
#924 = ( GEOMETRIC_REPRESENTATION_CONTEXT(2) 
PARAMETRIC_REPRESENTATION_CONTEXT() REPRESENTATION_CONTEXT('2D SPACE',''
  ) );
#925 = PCURVE('',#926,#931);
#926 = PLANE('',#927);
#927 = AXIS2_PLACEMENT_3D('',#928,#929,#930);
#928 = CARTESIAN_POINT('',(7.,41.,-1.));
#929 = DIRECTION('',(1.110223024625E-16,1.,0.));
#930 = DIRECTION('',(0.,0.,1.));
#931 = DEFINITIONAL_REPRESENTATION('',(#932),#935);
#932 = B_SPLINE_CURVE_WITH_KNOTS('',1,(#933,#934),.UNSPECIFIED.,.F.,.F.,
  (2,2),(-3.5,10.5),.PIECEWISE_BEZIER_KNOTS.);
#933 = CARTESIAN_POINT('',(1.,0.));
#934 = CARTESIAN_POINT('',(1.,-14.));
#935 = ( GEOMETRIC_REPRESENTATION_CONTEXT(2) 
PARAMETRIC_REPRESENTATION_CONTEXT() REPRESENTATION_CONTEXT('2D SPACE',''
  ) );
#936 = ORIENTED_EDGE('',*,*,#937,.F.);
#937 = EDGE_CURVE('',#938,#912,#940,.T.);
#938 = VERTEX_POINT('',#939);
#939 = CARTESIAN_POINT('',(-7.,47.,0.));
#940 = SURFACE_CURVE('',#941,(#945,#951),.PCURVE_S1.);
#941 = LINE('',#942,#943);
#942 = CARTESIAN_POINT('',(-7.,20.5,0.));
#943 = VECTOR('',#944,1.);
#944 = DIRECTION('',(-1.110223024625E-16,-1.,0.));
#945 = PCURVE('',#82,#946);
#946 = DEFINITIONAL_REPRESENTATION('',(#947),#950);
#947 = B_SPLINE_CURVE_WITH_KNOTS('',1,(#948,#949),.UNSPECIFIED.,.F.,.F.,
  (2,2),(-26.5,-20.5),.PIECEWISE_BEZIER_KNOTS.);
#948 = CARTESIAN_POINT('',(-7.,47.));
#949 = CARTESIAN_POINT('',(-7.,41.));
#950 = ( GEOMETRIC_REPRESENTATION_CONTEXT(2) 
PARAMETRIC_REPRESENTATION_CONTEXT() REPRESENTATION_CONTEXT('2D SPACE',''
  ) );
#951 = PCURVE('',#952,#957);
#952 = PLANE('',#953);
#953 = AXIS2_PLACEMENT_3D('',#954,#955,#956);
#954 = CARTESIAN_POINT('',(-7.,41.,-1.));
#955 = DIRECTION('',(-1.,1.110223024625E-16,0.));
#956 = DIRECTION('',(0.,0.,1.));
#957 = DEFINITIONAL_REPRESENTATION('',(#958),#961);
#958 = B_SPLINE_CURVE_WITH_KNOTS('',1,(#959,#960),.UNSPECIFIED.,.F.,.F.,
  (2,2),(-26.5,-20.5),.PIECEWISE_BEZIER_KNOTS.);
#959 = CARTESIAN_POINT('',(1.,6.));
#960 = CARTESIAN_POINT('',(1.,0.));
#961 = ( GEOMETRIC_REPRESENTATION_CONTEXT(2) 
PARAMETRIC_REPRESENTATION_CONTEXT() REPRESENTATION_CONTEXT('2D SPACE',''
  ) );
#962 = ORIENTED_EDGE('',*,*,#963,.F.);
#963 = EDGE_CURVE('',#884,#938,#964,.T.);
#964 = SURFACE_CURVE('',#965,(#969,#975),.PCURVE_S1.);
#965 = LINE('',#966,#967);
#966 = CARTESIAN_POINT('',(3.5,47.,0.));
#967 = VECTOR('',#968,1.);
#968 = DIRECTION('',(-1.,1.110223024625E-16,0.));
#969 = PCURVE('',#82,#970);
#970 = DEFINITIONAL_REPRESENTATION('',(#971),#974);
#971 = B_SPLINE_CURVE_WITH_KNOTS('',1,(#972,#973),.UNSPECIFIED.,.F.,.F.,
  (2,2),(-3.5,10.5),.PIECEWISE_BEZIER_KNOTS.);
#972 = CARTESIAN_POINT('',(7.,47.));
#973 = CARTESIAN_POINT('',(-7.,47.));
#974 = ( GEOMETRIC_REPRESENTATION_CONTEXT(2) 
PARAMETRIC_REPRESENTATION_CONTEXT() REPRESENTATION_CONTEXT('2D SPACE',''
  ) );
#975 = PCURVE('',#976,#981);
#976 = PLANE('',#977);
#977 = AXIS2_PLACEMENT_3D('',#978,#979,#980);
#978 = CARTESIAN_POINT('',(7.,47.,-1.));
#979 = DIRECTION('',(1.110223024625E-16,1.,0.));
#980 = DIRECTION('',(0.,0.,1.));
#981 = DEFINITIONAL_REPRESENTATION('',(#982),#985);
#982 = B_SPLINE_CURVE_WITH_KNOTS('',1,(#983,#984),.UNSPECIFIED.,.F.,.F.,
  (2,2),(-3.5,10.5),.PIECEWISE_BEZIER_KNOTS.);
#983 = CARTESIAN_POINT('',(1.,0.));
#984 = CARTESIAN_POINT('',(1.,-14.));
#985 = ( GEOMETRIC_REPRESENTATION_CONTEXT(2) 
PARAMETRIC_REPRESENTATION_CONTEXT() REPRESENTATION_CONTEXT('2D SPACE',''
  ) );
#986 = ADVANCED_FACE('',(#987),#94,.T.);
#987 = FACE_BOUND('',#988,.T.);
#988 = EDGE_LOOP('',(#989,#990,#1011,#1039));
#989 = ORIENTED_EDGE('',*,*,#71,.F.);
#990 = ORIENTED_EDGE('',*,*,#991,.F.);
#991 = EDGE_CURVE('',#992,#72,#994,.T.);
#992 = VERTEX_POINT('',#993);
#993 = CARTESIAN_POINT('',(32.249030993194,16.,7.5));
#994 = SURFACE_CURVE('',#995,(#999,#1005),.PCURVE_S1.);
#995 = LINE('',#996,#997);
#996 = CARTESIAN_POINT('',(32.249030993194,16.,0.));
#997 = VECTOR('',#998,1.);
#998 = DIRECTION('',(-0.,-0.,-1.));
#999 = PCURVE('',#94,#1000);
#1000 = DEFINITIONAL_REPRESENTATION('',(#1001),#1004);
#1001 = B_SPLINE_CURVE_WITH_KNOTS('',1,(#1002,#1003),.UNSPECIFIED.,.F.,
  .F.,(2,2),(-7.5000006,6.E-07),.PIECEWISE_BEZIER_KNOTS.);
#1002 = CARTESIAN_POINT('',(7.5000006,112.24903099319));
#1003 = CARTESIAN_POINT('',(-6.E-07,112.24903099319));
#1004 = ( GEOMETRIC_REPRESENTATION_CONTEXT(2) 
PARAMETRIC_REPRESENTATION_CONTEXT() REPRESENTATION_CONTEXT('2D SPACE',''
  ) );
#1005 = PCURVE('',#123,#1006);
#1006 = DEFINITIONAL_REPRESENTATION('',(#1007),#1010);
#1007 = B_SPLINE_CURVE_WITH_KNOTS('',1,(#1008,#1009),.UNSPECIFIED.,.F.,
  .F.,(2,2),(-7.5000006,6.E-07),.PIECEWISE_BEZIER_KNOTS.);
#1008 = CARTESIAN_POINT('',(-0.460553991681,-7.5000006));
#1009 = CARTESIAN_POINT('',(-0.460553991681,6.E-07));
#1010 = ( GEOMETRIC_REPRESENTATION_CONTEXT(2) 
PARAMETRIC_REPRESENTATION_CONTEXT() REPRESENTATION_CONTEXT('2D SPACE',''
  ) );
#1011 = ORIENTED_EDGE('',*,*,#1012,.T.);
#1012 = EDGE_CURVE('',#992,#1013,#1015,.T.);
#1013 = VERTEX_POINT('',#1014);
#1014 = CARTESIAN_POINT('',(80.,16.,7.5));
#1015 = SURFACE_CURVE('',#1016,(#1020,#1027),.PCURVE_S1.);
#1016 = LINE('',#1017,#1018);
#1017 = CARTESIAN_POINT('',(-80.,16.,7.5));
#1018 = VECTOR('',#1019,1.);
#1019 = DIRECTION('',(1.,0.,0.));
#1020 = PCURVE('',#94,#1021);
#1021 = DEFINITIONAL_REPRESENTATION('',(#1022),#1026);
#1022 = LINE('',#1023,#1024);
#1023 = CARTESIAN_POINT('',(7.5,0.));
#1024 = VECTOR('',#1025,1.);
#1025 = DIRECTION('',(0.,1.));
#1026 = ( GEOMETRIC_REPRESENTATION_CONTEXT(2) 
PARAMETRIC_REPRESENTATION_CONTEXT() REPRESENTATION_CONTEXT('2D SPACE',''
  ) );
#1027 = PCURVE('',#1028,#1033);
#1028 = PLANE('',#1029);
#1029 = AXIS2_PLACEMENT_3D('',#1030,#1031,#1032);
#1030 = CARTESIAN_POINT('',(-80.,-16.,7.5));
#1031 = DIRECTION('',(0.,0.,1.));
#1032 = DIRECTION('',(1.,0.,0.));
#1033 = DEFINITIONAL_REPRESENTATION('',(#1034),#1038);
#1034 = LINE('',#1035,#1036);
#1035 = CARTESIAN_POINT('',(0.,32.));
#1036 = VECTOR('',#1037,1.);
#1037 = DIRECTION('',(1.,0.));
#1038 = ( GEOMETRIC_REPRESENTATION_CONTEXT(2) 
PARAMETRIC_REPRESENTATION_CONTEXT() REPRESENTATION_CONTEXT('2D SPACE',''
  ) );
#1039 = ORIENTED_EDGE('',*,*,#1040,.F.);
#1040 = EDGE_CURVE('',#74,#1013,#1041,.T.);
#1041 = SURFACE_CURVE('',#1042,(#1046,#1053),.PCURVE_S1.);
#1042 = LINE('',#1043,#1044);
#1043 = CARTESIAN_POINT('',(80.,16.,0.));
#1044 = VECTOR('',#1045,1.);
#1045 = DIRECTION('',(0.,0.,1.));
#1046 = PCURVE('',#94,#1047);
#1047 = DEFINITIONAL_REPRESENTATION('',(#1048),#1052);
#1048 = LINE('',#1049,#1050);
#1049 = CARTESIAN_POINT('',(0.,160.));
#1050 = VECTOR('',#1051,1.);
#1051 = DIRECTION('',(1.,0.));
#1052 = ( GEOMETRIC_REPRESENTATION_CONTEXT(2) 
PARAMETRIC_REPRESENTATION_CONTEXT() REPRESENTATION_CONTEXT('2D SPACE',''
  ) );
#1053 = PCURVE('',#516,#1054);
#1054 = DEFINITIONAL_REPRESENTATION('',(#1055),#1059);
#1055 = LINE('',#1056,#1057);
#1056 = CARTESIAN_POINT('',(0.,-32.));
#1057 = VECTOR('',#1058,1.);
#1058 = DIRECTION('',(1.,0.));
#1059 = ( GEOMETRIC_REPRESENTATION_CONTEXT(2) 
PARAMETRIC_REPRESENTATION_CONTEXT() REPRESENTATION_CONTEXT('2D SPACE',''
  ) );
#1060 = ADVANCED_FACE('',(#1061),#123,.T.);
#1061 = FACE_BOUND('',#1062,.F.);
#1062 = EDGE_LOOP('',(#1063,#1064,#1065,#1089));
#1063 = ORIENTED_EDGE('',*,*,#106,.F.);
#1064 = ORIENTED_EDGE('',*,*,#991,.F.);
#1065 = ORIENTED_EDGE('',*,*,#1066,.T.);
#1066 = EDGE_CURVE('',#992,#1067,#1069,.T.);
#1067 = VERTEX_POINT('',#1068);
#1068 = CARTESIAN_POINT('',(15.999999999999,32.249030993195,7.5));
#1069 = SURFACE_CURVE('',#1070,(#1075,#1082),.PCURVE_S1.);
#1070 = CIRCLE('',#1071,36.);
#1071 = AXIS2_PLACEMENT_3D('',#1072,#1073,#1074);
#1072 = CARTESIAN_POINT('',(0.,0.,7.5));
#1073 = DIRECTION('',(0.,0.,1.));
#1074 = DIRECTION('',(1.,0.,0.));
#1075 = PCURVE('',#123,#1076);
#1076 = DEFINITIONAL_REPRESENTATION('',(#1077),#1081);
#1077 = LINE('',#1078,#1079);
#1078 = CARTESIAN_POINT('',(-0.,-7.5));
#1079 = VECTOR('',#1080,1.);
#1080 = DIRECTION('',(-1.,0.));
#1081 = ( GEOMETRIC_REPRESENTATION_CONTEXT(2) 
PARAMETRIC_REPRESENTATION_CONTEXT() REPRESENTATION_CONTEXT('2D SPACE',''
  ) );
#1082 = PCURVE('',#1028,#1083);
#1083 = DEFINITIONAL_REPRESENTATION('',(#1084),#1088);
#1084 = CIRCLE('',#1085,36.);
#1085 = AXIS2_PLACEMENT_2D('',#1086,#1087);
#1086 = CARTESIAN_POINT('',(80.,16.));
#1087 = DIRECTION('',(1.,0.));
#1088 = ( GEOMETRIC_REPRESENTATION_CONTEXT(2) 
PARAMETRIC_REPRESENTATION_CONTEXT() REPRESENTATION_CONTEXT('2D SPACE',''
  ) );
#1089 = ORIENTED_EDGE('',*,*,#1090,.T.);
#1090 = EDGE_CURVE('',#1067,#107,#1091,.T.);
#1091 = SURFACE_CURVE('',#1092,(#1096,#1102),.PCURVE_S1.);
#1092 = LINE('',#1093,#1094);
#1093 = CARTESIAN_POINT('',(16.,32.249030993194,0.));
#1094 = VECTOR('',#1095,1.);
#1095 = DIRECTION('',(-0.,-0.,-1.));
#1096 = PCURVE('',#123,#1097);
#1097 = DEFINITIONAL_REPRESENTATION('',(#1098),#1101);
#1098 = B_SPLINE_CURVE_WITH_KNOTS('',1,(#1099,#1100),.UNSPECIFIED.,.F.,
  .F.,(2,2),(-7.5000006,6.E-07),.PIECEWISE_BEZIER_KNOTS.);
#1099 = CARTESIAN_POINT('',(-1.110242335114,-7.5000006));
#1100 = CARTESIAN_POINT('',(-1.110242335114,6.E-07));
#1101 = ( GEOMETRIC_REPRESENTATION_CONTEXT(2) 
PARAMETRIC_REPRESENTATION_CONTEXT() REPRESENTATION_CONTEXT('2D SPACE',''
  ) );
#1102 = PCURVE('',#151,#1103);
#1103 = DEFINITIONAL_REPRESENTATION('',(#1104),#1107);
#1104 = B_SPLINE_CURVE_WITH_KNOTS('',1,(#1105,#1106),.UNSPECIFIED.,.F.,
  .F.,(2,2),(-7.5000006,6.E-07),.PIECEWISE_BEZIER_KNOTS.);
#1105 = CARTESIAN_POINT('',(7.5000006,-112.2490309931));
#1106 = CARTESIAN_POINT('',(-6.E-07,-112.2490309931));
#1107 = ( GEOMETRIC_REPRESENTATION_CONTEXT(2) 
PARAMETRIC_REPRESENTATION_CONTEXT() REPRESENTATION_CONTEXT('2D SPACE',''
  ) );
#1108 = ADVANCED_FACE('',(#1109),#516,.T.);
#1109 = FACE_BOUND('',#1110,.T.);
#1110 = EDGE_LOOP('',(#1111,#1134,#1135,#1136,#1159,#1187,#1215,#1243,
    #1266,#1294,#1322,#1350));
#1111 = ORIENTED_EDGE('',*,*,#1112,.F.);
#1112 = EDGE_CURVE('',#475,#1113,#1115,.T.);
#1113 = VERTEX_POINT('',#1114);
#1114 = CARTESIAN_POINT('',(80.,-16.,7.5));
#1115 = SURFACE_CURVE('',#1116,(#1120,#1127),.PCURVE_S1.);
#1116 = LINE('',#1117,#1118);
#1117 = CARTESIAN_POINT('',(80.,-16.,0.));
#1118 = VECTOR('',#1119,1.);
#1119 = DIRECTION('',(0.,0.,1.));
#1120 = PCURVE('',#516,#1121);
#1121 = DEFINITIONAL_REPRESENTATION('',(#1122),#1126);
#1122 = LINE('',#1123,#1124);
#1123 = CARTESIAN_POINT('',(0.,0.));
#1124 = VECTOR('',#1125,1.);
#1125 = DIRECTION('',(1.,0.));
#1126 = ( GEOMETRIC_REPRESENTATION_CONTEXT(2) 
PARAMETRIC_REPRESENTATION_CONTEXT() REPRESENTATION_CONTEXT('2D SPACE',''
  ) );
#1127 = PCURVE('',#490,#1128);
#1128 = DEFINITIONAL_REPRESENTATION('',(#1129),#1133);
#1129 = LINE('',#1130,#1131);
#1130 = CARTESIAN_POINT('',(0.,160.));
#1131 = VECTOR('',#1132,1.);
#1132 = DIRECTION('',(1.,0.));
#1133 = ( GEOMETRIC_REPRESENTATION_CONTEXT(2) 
PARAMETRIC_REPRESENTATION_CONTEXT() REPRESENTATION_CONTEXT('2D SPACE',''
  ) );
#1134 = ORIENTED_EDGE('',*,*,#502,.T.);
#1135 = ORIENTED_EDGE('',*,*,#1040,.T.);
#1136 = ORIENTED_EDGE('',*,*,#1137,.F.);
#1137 = EDGE_CURVE('',#1138,#1013,#1140,.T.);
#1138 = VERTEX_POINT('',#1139);
#1139 = CARTESIAN_POINT('',(80.,8.3,7.5));
#1140 = SURFACE_CURVE('',#1141,(#1145,#1152),.PCURVE_S1.);
#1141 = LINE('',#1142,#1143);
#1142 = CARTESIAN_POINT('',(80.,-16.,7.5));
#1143 = VECTOR('',#1144,1.);
#1144 = DIRECTION('',(0.,1.,0.));
#1145 = PCURVE('',#516,#1146);
#1146 = DEFINITIONAL_REPRESENTATION('',(#1147),#1151);
#1147 = LINE('',#1148,#1149);
#1148 = CARTESIAN_POINT('',(7.5,0.));
#1149 = VECTOR('',#1150,1.);
#1150 = DIRECTION('',(0.,-1.));
#1151 = ( GEOMETRIC_REPRESENTATION_CONTEXT(2) 
PARAMETRIC_REPRESENTATION_CONTEXT() REPRESENTATION_CONTEXT('2D SPACE',''
  ) );
#1152 = PCURVE('',#1028,#1153);
#1153 = DEFINITIONAL_REPRESENTATION('',(#1154),#1158);
#1154 = LINE('',#1155,#1156);
#1155 = CARTESIAN_POINT('',(160.,0.));
#1156 = VECTOR('',#1157,1.);
#1157 = DIRECTION('',(0.,1.));
#1158 = ( GEOMETRIC_REPRESENTATION_CONTEXT(2) 
PARAMETRIC_REPRESENTATION_CONTEXT() REPRESENTATION_CONTEXT('2D SPACE',''
  ) );
#1159 = ORIENTED_EDGE('',*,*,#1160,.T.);
#1160 = EDGE_CURVE('',#1138,#1161,#1163,.T.);
#1161 = VERTEX_POINT('',#1162);
#1162 = CARTESIAN_POINT('',(80.,8.3,37.5));
#1163 = SURFACE_CURVE('',#1164,(#1168,#1175),.PCURVE_S1.);
#1164 = LINE('',#1165,#1166);
#1165 = CARTESIAN_POINT('',(80.,8.3,7.5));
#1166 = VECTOR('',#1167,1.);
#1167 = DIRECTION('',(0.,0.,1.));
#1168 = PCURVE('',#516,#1169);
#1169 = DEFINITIONAL_REPRESENTATION('',(#1170),#1174);
#1170 = LINE('',#1171,#1172);
#1171 = CARTESIAN_POINT('',(7.5,-24.3));
#1172 = VECTOR('',#1173,1.);
#1173 = DIRECTION('',(1.,0.));
#1174 = ( GEOMETRIC_REPRESENTATION_CONTEXT(2) 
PARAMETRIC_REPRESENTATION_CONTEXT() REPRESENTATION_CONTEXT('2D SPACE',''
  ) );
#1175 = PCURVE('',#1176,#1181);
#1176 = PLANE('',#1177);
#1177 = AXIS2_PLACEMENT_3D('',#1178,#1179,#1180);
#1178 = CARTESIAN_POINT('',(60.,8.3,7.5));
#1179 = DIRECTION('',(0.,1.,0.));
#1180 = DIRECTION('',(0.,0.,1.));
#1181 = DEFINITIONAL_REPRESENTATION('',(#1182),#1186);
#1182 = LINE('',#1183,#1184);
#1183 = CARTESIAN_POINT('',(0.,20.));
#1184 = VECTOR('',#1185,1.);
#1185 = DIRECTION('',(1.,0.));
#1186 = ( GEOMETRIC_REPRESENTATION_CONTEXT(2) 
PARAMETRIC_REPRESENTATION_CONTEXT() REPRESENTATION_CONTEXT('2D SPACE',''
  ) );
#1187 = ORIENTED_EDGE('',*,*,#1188,.F.);
#1188 = EDGE_CURVE('',#1189,#1161,#1191,.T.);
#1189 = VERTEX_POINT('',#1190);
#1190 = CARTESIAN_POINT('',(80.,4.1,37.5));
#1191 = SURFACE_CURVE('',#1192,(#1196,#1203),.PCURVE_S1.);
#1192 = LINE('',#1193,#1194);
#1193 = CARTESIAN_POINT('',(80.,4.1,37.5));
#1194 = VECTOR('',#1195,1.);
#1195 = DIRECTION('',(0.,1.,0.));
#1196 = PCURVE('',#516,#1197);
#1197 = DEFINITIONAL_REPRESENTATION('',(#1198),#1202);
#1198 = LINE('',#1199,#1200);
#1199 = CARTESIAN_POINT('',(37.5,-20.1));
#1200 = VECTOR('',#1201,1.);
#1201 = DIRECTION('',(0.,-1.));
#1202 = ( GEOMETRIC_REPRESENTATION_CONTEXT(2) 
PARAMETRIC_REPRESENTATION_CONTEXT() REPRESENTATION_CONTEXT('2D SPACE',''
  ) );
#1203 = PCURVE('',#1204,#1209);
#1204 = PLANE('',#1205);
#1205 = AXIS2_PLACEMENT_3D('',#1206,#1207,#1208);
#1206 = CARTESIAN_POINT('',(60.,4.1,37.5));
#1207 = DIRECTION('',(0.,0.,1.));
#1208 = DIRECTION('',(1.,0.,0.));
#1209 = DEFINITIONAL_REPRESENTATION('',(#1210),#1214);
#1210 = LINE('',#1211,#1212);
#1211 = CARTESIAN_POINT('',(20.,0.));
#1212 = VECTOR('',#1213,1.);
#1213 = DIRECTION('',(0.,1.));
#1214 = ( GEOMETRIC_REPRESENTATION_CONTEXT(2) 
PARAMETRIC_REPRESENTATION_CONTEXT() REPRESENTATION_CONTEXT('2D SPACE',''
  ) );
#1215 = ORIENTED_EDGE('',*,*,#1216,.F.);
#1216 = EDGE_CURVE('',#1217,#1189,#1219,.T.);
#1217 = VERTEX_POINT('',#1218);
#1218 = CARTESIAN_POINT('',(80.,4.1,7.5));
#1219 = SURFACE_CURVE('',#1220,(#1224,#1231),.PCURVE_S1.);
#1220 = LINE('',#1221,#1222);
#1221 = CARTESIAN_POINT('',(80.,4.1,7.5));
#1222 = VECTOR('',#1223,1.);
#1223 = DIRECTION('',(0.,0.,1.));
#1224 = PCURVE('',#516,#1225);
#1225 = DEFINITIONAL_REPRESENTATION('',(#1226),#1230);
#1226 = LINE('',#1227,#1228);
#1227 = CARTESIAN_POINT('',(7.5,-20.1));
#1228 = VECTOR('',#1229,1.);
#1229 = DIRECTION('',(1.,0.));
#1230 = ( GEOMETRIC_REPRESENTATION_CONTEXT(2) 
PARAMETRIC_REPRESENTATION_CONTEXT() REPRESENTATION_CONTEXT('2D SPACE',''
  ) );
#1231 = PCURVE('',#1232,#1237);
#1232 = PLANE('',#1233);
#1233 = AXIS2_PLACEMENT_3D('',#1234,#1235,#1236);
#1234 = CARTESIAN_POINT('',(60.,4.1,7.5));
#1235 = DIRECTION('',(0.,1.,0.));
#1236 = DIRECTION('',(0.,0.,1.));
#1237 = DEFINITIONAL_REPRESENTATION('',(#1238),#1242);
#1238 = LINE('',#1239,#1240);
#1239 = CARTESIAN_POINT('',(0.,20.));
#1240 = VECTOR('',#1241,1.);
#1241 = DIRECTION('',(1.,0.));
#1242 = ( GEOMETRIC_REPRESENTATION_CONTEXT(2) 
PARAMETRIC_REPRESENTATION_CONTEXT() REPRESENTATION_CONTEXT('2D SPACE',''
  ) );
#1243 = ORIENTED_EDGE('',*,*,#1244,.F.);
#1244 = EDGE_CURVE('',#1245,#1217,#1247,.T.);
#1245 = VERTEX_POINT('',#1246);
#1246 = CARTESIAN_POINT('',(80.,-4.1,7.5));
#1247 = SURFACE_CURVE('',#1248,(#1252,#1259),.PCURVE_S1.);
#1248 = LINE('',#1249,#1250);
#1249 = CARTESIAN_POINT('',(80.,-16.,7.5));
#1250 = VECTOR('',#1251,1.);
#1251 = DIRECTION('',(0.,1.,0.));
#1252 = PCURVE('',#516,#1253);
#1253 = DEFINITIONAL_REPRESENTATION('',(#1254),#1258);
#1254 = LINE('',#1255,#1256);
#1255 = CARTESIAN_POINT('',(7.5,0.));
#1256 = VECTOR('',#1257,1.);
#1257 = DIRECTION('',(0.,-1.));
#1258 = ( GEOMETRIC_REPRESENTATION_CONTEXT(2) 
PARAMETRIC_REPRESENTATION_CONTEXT() REPRESENTATION_CONTEXT('2D SPACE',''
  ) );
#1259 = PCURVE('',#1028,#1260);
#1260 = DEFINITIONAL_REPRESENTATION('',(#1261),#1265);
#1261 = LINE('',#1262,#1263);
#1262 = CARTESIAN_POINT('',(160.,0.));
#1263 = VECTOR('',#1264,1.);
#1264 = DIRECTION('',(0.,1.));
#1265 = ( GEOMETRIC_REPRESENTATION_CONTEXT(2) 
PARAMETRIC_REPRESENTATION_CONTEXT() REPRESENTATION_CONTEXT('2D SPACE',''
  ) );
#1266 = ORIENTED_EDGE('',*,*,#1267,.T.);
#1267 = EDGE_CURVE('',#1245,#1268,#1270,.T.);
#1268 = VERTEX_POINT('',#1269);
#1269 = CARTESIAN_POINT('',(80.,-4.1,37.5));
#1270 = SURFACE_CURVE('',#1271,(#1275,#1282),.PCURVE_S1.);
#1271 = LINE('',#1272,#1273);
#1272 = CARTESIAN_POINT('',(80.,-4.1,7.5));
#1273 = VECTOR('',#1274,1.);
#1274 = DIRECTION('',(0.,0.,1.));
#1275 = PCURVE('',#516,#1276);
#1276 = DEFINITIONAL_REPRESENTATION('',(#1277),#1281);
#1277 = LINE('',#1278,#1279);
#1278 = CARTESIAN_POINT('',(7.5,-11.9));
#1279 = VECTOR('',#1280,1.);
#1280 = DIRECTION('',(1.,0.));
#1281 = ( GEOMETRIC_REPRESENTATION_CONTEXT(2) 
PARAMETRIC_REPRESENTATION_CONTEXT() REPRESENTATION_CONTEXT('2D SPACE',''
  ) );
#1282 = PCURVE('',#1283,#1288);
#1283 = PLANE('',#1284);
#1284 = AXIS2_PLACEMENT_3D('',#1285,#1286,#1287);
#1285 = CARTESIAN_POINT('',(60.,-4.1,7.5));
#1286 = DIRECTION('',(0.,1.,0.));
#1287 = DIRECTION('',(0.,0.,1.));
#1288 = DEFINITIONAL_REPRESENTATION('',(#1289),#1293);
#1289 = LINE('',#1290,#1291);
#1290 = CARTESIAN_POINT('',(0.,20.));
#1291 = VECTOR('',#1292,1.);
#1292 = DIRECTION('',(1.,0.));
#1293 = ( GEOMETRIC_REPRESENTATION_CONTEXT(2) 
PARAMETRIC_REPRESENTATION_CONTEXT() REPRESENTATION_CONTEXT('2D SPACE',''
  ) );
#1294 = ORIENTED_EDGE('',*,*,#1295,.F.);
#1295 = EDGE_CURVE('',#1296,#1268,#1298,.T.);
#1296 = VERTEX_POINT('',#1297);
#1297 = CARTESIAN_POINT('',(80.,-8.3,37.5));
#1298 = SURFACE_CURVE('',#1299,(#1303,#1310),.PCURVE_S1.);
#1299 = LINE('',#1300,#1301);
#1300 = CARTESIAN_POINT('',(80.,-8.3,37.5));
#1301 = VECTOR('',#1302,1.);
#1302 = DIRECTION('',(0.,1.,0.));
#1303 = PCURVE('',#516,#1304);
#1304 = DEFINITIONAL_REPRESENTATION('',(#1305),#1309);
#1305 = LINE('',#1306,#1307);
#1306 = CARTESIAN_POINT('',(37.5,-7.7));
#1307 = VECTOR('',#1308,1.);
#1308 = DIRECTION('',(0.,-1.));
#1309 = ( GEOMETRIC_REPRESENTATION_CONTEXT(2) 
PARAMETRIC_REPRESENTATION_CONTEXT() REPRESENTATION_CONTEXT('2D SPACE',''
  ) );
#1310 = PCURVE('',#1311,#1316);
#1311 = PLANE('',#1312);
#1312 = AXIS2_PLACEMENT_3D('',#1313,#1314,#1315);
#1313 = CARTESIAN_POINT('',(60.,-8.3,37.5));
#1314 = DIRECTION('',(0.,0.,1.));
#1315 = DIRECTION('',(1.,0.,0.));
#1316 = DEFINITIONAL_REPRESENTATION('',(#1317),#1321);
#1317 = LINE('',#1318,#1319);
#1318 = CARTESIAN_POINT('',(20.,0.));
#1319 = VECTOR('',#1320,1.);
#1320 = DIRECTION('',(0.,1.));
#1321 = ( GEOMETRIC_REPRESENTATION_CONTEXT(2) 
PARAMETRIC_REPRESENTATION_CONTEXT() REPRESENTATION_CONTEXT('2D SPACE',''
  ) );
#1322 = ORIENTED_EDGE('',*,*,#1323,.F.);
#1323 = EDGE_CURVE('',#1324,#1296,#1326,.T.);
#1324 = VERTEX_POINT('',#1325);
#1325 = CARTESIAN_POINT('',(80.,-8.3,7.5));
#1326 = SURFACE_CURVE('',#1327,(#1331,#1338),.PCURVE_S1.);
#1327 = LINE('',#1328,#1329);
#1328 = CARTESIAN_POINT('',(80.,-8.3,7.5));
#1329 = VECTOR('',#1330,1.);
#1330 = DIRECTION('',(0.,0.,1.));
#1331 = PCURVE('',#516,#1332);
#1332 = DEFINITIONAL_REPRESENTATION('',(#1333),#1337);
#1333 = LINE('',#1334,#1335);
#1334 = CARTESIAN_POINT('',(7.5,-7.7));
#1335 = VECTOR('',#1336,1.);
#1336 = DIRECTION('',(1.,0.));
#1337 = ( GEOMETRIC_REPRESENTATION_CONTEXT(2) 
PARAMETRIC_REPRESENTATION_CONTEXT() REPRESENTATION_CONTEXT('2D SPACE',''
  ) );
#1338 = PCURVE('',#1339,#1344);
#1339 = PLANE('',#1340);
#1340 = AXIS2_PLACEMENT_3D('',#1341,#1342,#1343);
#1341 = CARTESIAN_POINT('',(60.,-8.3,7.5));
#1342 = DIRECTION('',(0.,1.,0.));
#1343 = DIRECTION('',(0.,0.,1.));
#1344 = DEFINITIONAL_REPRESENTATION('',(#1345),#1349);
#1345 = LINE('',#1346,#1347);
#1346 = CARTESIAN_POINT('',(0.,20.));
#1347 = VECTOR('',#1348,1.);
#1348 = DIRECTION('',(1.,0.));
#1349 = ( GEOMETRIC_REPRESENTATION_CONTEXT(2) 
PARAMETRIC_REPRESENTATION_CONTEXT() REPRESENTATION_CONTEXT('2D SPACE',''
  ) );
#1350 = ORIENTED_EDGE('',*,*,#1351,.F.);
#1351 = EDGE_CURVE('',#1113,#1324,#1352,.T.);
#1352 = SURFACE_CURVE('',#1353,(#1357,#1364),.PCURVE_S1.);
#1353 = LINE('',#1354,#1355);
#1354 = CARTESIAN_POINT('',(80.,-16.,7.5));
#1355 = VECTOR('',#1356,1.);
#1356 = DIRECTION('',(0.,1.,0.));
#1357 = PCURVE('',#516,#1358);
#1358 = DEFINITIONAL_REPRESENTATION('',(#1359),#1363);
#1359 = LINE('',#1360,#1361);
#1360 = CARTESIAN_POINT('',(7.5,0.));
#1361 = VECTOR('',#1362,1.);
#1362 = DIRECTION('',(0.,-1.));
#1363 = ( GEOMETRIC_REPRESENTATION_CONTEXT(2) 
PARAMETRIC_REPRESENTATION_CONTEXT() REPRESENTATION_CONTEXT('2D SPACE',''
  ) );
#1364 = PCURVE('',#1028,#1365);
#1365 = DEFINITIONAL_REPRESENTATION('',(#1366),#1370);
#1366 = LINE('',#1367,#1368);
#1367 = CARTESIAN_POINT('',(160.,0.));
#1368 = VECTOR('',#1369,1.);
#1369 = DIRECTION('',(0.,1.));
#1370 = ( GEOMETRIC_REPRESENTATION_CONTEXT(2) 
PARAMETRIC_REPRESENTATION_CONTEXT() REPRESENTATION_CONTEXT('2D SPACE',''
  ) );
#1371 = ADVANCED_FACE('',(#1372),#151,.T.);
#1372 = FACE_BOUND('',#1373,.T.);
#1373 = EDGE_LOOP('',(#1374,#1397,#1398,#1399));
#1374 = ORIENTED_EDGE('',*,*,#1375,.F.);
#1375 = EDGE_CURVE('',#1067,#1376,#1378,.T.);
#1376 = VERTEX_POINT('',#1377);
#1377 = CARTESIAN_POINT('',(16.,80.,7.5));
#1378 = SURFACE_CURVE('',#1379,(#1383,#1390),.PCURVE_S1.);
#1379 = LINE('',#1380,#1381);
#1380 = CARTESIAN_POINT('',(16.,-80.,7.5));
#1381 = VECTOR('',#1382,1.);
#1382 = DIRECTION('',(0.,1.,0.));
#1383 = PCURVE('',#151,#1384);
#1384 = DEFINITIONAL_REPRESENTATION('',(#1385),#1389);
#1385 = LINE('',#1386,#1387);
#1386 = CARTESIAN_POINT('',(7.5,0.));
#1387 = VECTOR('',#1388,1.);
#1388 = DIRECTION('',(0.,-1.));
#1389 = ( GEOMETRIC_REPRESENTATION_CONTEXT(2) 
PARAMETRIC_REPRESENTATION_CONTEXT() REPRESENTATION_CONTEXT('2D SPACE',''
  ) );
#1390 = PCURVE('',#1028,#1391);
#1391 = DEFINITIONAL_REPRESENTATION('',(#1392),#1396);
#1392 = LINE('',#1393,#1394);
#1393 = CARTESIAN_POINT('',(96.,-64.));
#1394 = VECTOR('',#1395,1.);
#1395 = DIRECTION('',(0.,1.));
#1396 = ( GEOMETRIC_REPRESENTATION_CONTEXT(2) 
PARAMETRIC_REPRESENTATION_CONTEXT() REPRESENTATION_CONTEXT('2D SPACE',''
  ) );
#1397 = ORIENTED_EDGE('',*,*,#1090,.T.);
#1398 = ORIENTED_EDGE('',*,*,#135,.T.);
#1399 = ORIENTED_EDGE('',*,*,#1400,.T.);
#1400 = EDGE_CURVE('',#136,#1376,#1401,.T.);
#1401 = SURFACE_CURVE('',#1402,(#1406,#1413),.PCURVE_S1.);
#1402 = LINE('',#1403,#1404);
#1403 = CARTESIAN_POINT('',(16.,80.,0.));
#1404 = VECTOR('',#1405,1.);
#1405 = DIRECTION('',(0.,0.,1.));
#1406 = PCURVE('',#151,#1407);
#1407 = DEFINITIONAL_REPRESENTATION('',(#1408),#1412);
#1408 = LINE('',#1409,#1410);
#1409 = CARTESIAN_POINT('',(0.,-160.));
#1410 = VECTOR('',#1411,1.);
#1411 = DIRECTION('',(1.,0.));
#1412 = ( GEOMETRIC_REPRESENTATION_CONTEXT(2) 
PARAMETRIC_REPRESENTATION_CONTEXT() REPRESENTATION_CONTEXT('2D SPACE',''
  ) );
#1413 = PCURVE('',#179,#1414);
#1414 = DEFINITIONAL_REPRESENTATION('',(#1415),#1419);
#1415 = LINE('',#1416,#1417);
#1416 = CARTESIAN_POINT('',(0.,32.));
#1417 = VECTOR('',#1418,1.);
#1418 = DIRECTION('',(1.,0.));
#1419 = ( GEOMETRIC_REPRESENTATION_CONTEXT(2) 
PARAMETRIC_REPRESENTATION_CONTEXT() REPRESENTATION_CONTEXT('2D SPACE',''
  ) );
#1420 = ADVANCED_FACE('',(#1421),#490,.F.);
#1421 = FACE_BOUND('',#1422,.F.);
#1422 = EDGE_LOOP('',(#1423,#1424,#1445,#1466));
#1423 = ORIENTED_EDGE('',*,*,#474,.F.);
#1424 = ORIENTED_EDGE('',*,*,#1425,.F.);
#1425 = EDGE_CURVE('',#1426,#446,#1428,.T.);
#1426 = VERTEX_POINT('',#1427);
#1427 = CARTESIAN_POINT('',(32.249030993194,-16.,7.5));
#1428 = SURFACE_CURVE('',#1429,(#1433,#1439),.PCURVE_S1.);
#1429 = LINE('',#1430,#1431);
#1430 = CARTESIAN_POINT('',(32.249030993194,-16.,0.));
#1431 = VECTOR('',#1432,1.);
#1432 = DIRECTION('',(-0.,-0.,-1.));
#1433 = PCURVE('',#490,#1434);
#1434 = DEFINITIONAL_REPRESENTATION('',(#1435),#1438);
#1435 = B_SPLINE_CURVE_WITH_KNOTS('',1,(#1436,#1437),.UNSPECIFIED.,.F.,
  .F.,(2,2),(-7.5000006,6.E-07),.PIECEWISE_BEZIER_KNOTS.);
#1436 = CARTESIAN_POINT('',(7.5000006,112.24903099319));
#1437 = CARTESIAN_POINT('',(-6.E-07,112.24903099319));
#1438 = ( GEOMETRIC_REPRESENTATION_CONTEXT(2) 
PARAMETRIC_REPRESENTATION_CONTEXT() REPRESENTATION_CONTEXT('2D SPACE',''
  ) );
#1439 = PCURVE('',#462,#1440);
#1440 = DEFINITIONAL_REPRESENTATION('',(#1441),#1444);
#1441 = B_SPLINE_CURVE_WITH_KNOTS('',1,(#1442,#1443),.UNSPECIFIED.,.F.,
  .F.,(2,2),(-7.5000006,6.E-07),.PIECEWISE_BEZIER_KNOTS.);
#1442 = CARTESIAN_POINT('',(-5.822631315498,-7.5000006));
#1443 = CARTESIAN_POINT('',(-5.822631315498,6.E-07));
#1444 = ( GEOMETRIC_REPRESENTATION_CONTEXT(2) 
PARAMETRIC_REPRESENTATION_CONTEXT() REPRESENTATION_CONTEXT('2D SPACE',''
  ) );
#1445 = ORIENTED_EDGE('',*,*,#1446,.T.);
#1446 = EDGE_CURVE('',#1426,#1113,#1447,.T.);
#1447 = SURFACE_CURVE('',#1448,(#1452,#1459),.PCURVE_S1.);
#1448 = LINE('',#1449,#1450);
#1449 = CARTESIAN_POINT('',(-80.,-16.,7.5));
#1450 = VECTOR('',#1451,1.);
#1451 = DIRECTION('',(1.,0.,0.));
#1452 = PCURVE('',#490,#1453);
#1453 = DEFINITIONAL_REPRESENTATION('',(#1454),#1458);
#1454 = LINE('',#1455,#1456);
#1455 = CARTESIAN_POINT('',(7.5,0.));
#1456 = VECTOR('',#1457,1.);
#1457 = DIRECTION('',(0.,1.));
#1458 = ( GEOMETRIC_REPRESENTATION_CONTEXT(2) 
PARAMETRIC_REPRESENTATION_CONTEXT() REPRESENTATION_CONTEXT('2D SPACE',''
  ) );
#1459 = PCURVE('',#1028,#1460);
#1460 = DEFINITIONAL_REPRESENTATION('',(#1461),#1465);
#1461 = LINE('',#1462,#1463);
#1462 = CARTESIAN_POINT('',(0.,0.));
#1463 = VECTOR('',#1464,1.);
#1464 = DIRECTION('',(1.,0.));
#1465 = ( GEOMETRIC_REPRESENTATION_CONTEXT(2) 
PARAMETRIC_REPRESENTATION_CONTEXT() REPRESENTATION_CONTEXT('2D SPACE',''
  ) );
#1466 = ORIENTED_EDGE('',*,*,#1112,.F.);
#1467 = ADVANCED_FACE('',(#1468),#179,.T.);
#1468 = FACE_BOUND('',#1469,.T.);
#1469 = EDGE_LOOP('',(#1470,#1471,#1494,#1517,#1545,#1573,#1601,#1624,
    #1652,#1680,#1708,#1729));
#1470 = ORIENTED_EDGE('',*,*,#163,.F.);
#1471 = ORIENTED_EDGE('',*,*,#1472,.T.);
#1472 = EDGE_CURVE('',#164,#1473,#1475,.T.);
#1473 = VERTEX_POINT('',#1474);
#1474 = CARTESIAN_POINT('',(-16.,80.,7.5));
#1475 = SURFACE_CURVE('',#1476,(#1480,#1487),.PCURVE_S1.);
#1476 = LINE('',#1477,#1478);
#1477 = CARTESIAN_POINT('',(-16.,80.,0.));
#1478 = VECTOR('',#1479,1.);
#1479 = DIRECTION('',(0.,0.,1.));
#1480 = PCURVE('',#179,#1481);
#1481 = DEFINITIONAL_REPRESENTATION('',(#1482),#1486);
#1482 = LINE('',#1483,#1484);
#1483 = CARTESIAN_POINT('',(0.,0.));
#1484 = VECTOR('',#1485,1.);
#1485 = DIRECTION('',(1.,0.));
#1486 = ( GEOMETRIC_REPRESENTATION_CONTEXT(2) 
PARAMETRIC_REPRESENTATION_CONTEXT() REPRESENTATION_CONTEXT('2D SPACE',''
  ) );
#1487 = PCURVE('',#207,#1488);
#1488 = DEFINITIONAL_REPRESENTATION('',(#1489),#1493);
#1489 = LINE('',#1490,#1491);
#1490 = CARTESIAN_POINT('',(0.,-160.));
#1491 = VECTOR('',#1492,1.);
#1492 = DIRECTION('',(1.,0.));
#1493 = ( GEOMETRIC_REPRESENTATION_CONTEXT(2) 
PARAMETRIC_REPRESENTATION_CONTEXT() REPRESENTATION_CONTEXT('2D SPACE',''
  ) );
#1494 = ORIENTED_EDGE('',*,*,#1495,.T.);
#1495 = EDGE_CURVE('',#1473,#1496,#1498,.T.);
#1496 = VERTEX_POINT('',#1497);
#1497 = CARTESIAN_POINT('',(-8.3,80.,7.5));
#1498 = SURFACE_CURVE('',#1499,(#1503,#1510),.PCURVE_S1.);
#1499 = LINE('',#1500,#1501);
#1500 = CARTESIAN_POINT('',(-16.,80.,7.5));
#1501 = VECTOR('',#1502,1.);
#1502 = DIRECTION('',(1.,0.,0.));
#1503 = PCURVE('',#179,#1504);
#1504 = DEFINITIONAL_REPRESENTATION('',(#1505),#1509);
#1505 = LINE('',#1506,#1507);
#1506 = CARTESIAN_POINT('',(7.5,0.));
#1507 = VECTOR('',#1508,1.);
#1508 = DIRECTION('',(0.,1.));
#1509 = ( GEOMETRIC_REPRESENTATION_CONTEXT(2) 
PARAMETRIC_REPRESENTATION_CONTEXT() REPRESENTATION_CONTEXT('2D SPACE',''
  ) );
#1510 = PCURVE('',#1028,#1511);
#1511 = DEFINITIONAL_REPRESENTATION('',(#1512),#1516);
#1512 = LINE('',#1513,#1514);
#1513 = CARTESIAN_POINT('',(64.,96.));
#1514 = VECTOR('',#1515,1.);
#1515 = DIRECTION('',(1.,0.));
#1516 = ( GEOMETRIC_REPRESENTATION_CONTEXT(2) 
PARAMETRIC_REPRESENTATION_CONTEXT() REPRESENTATION_CONTEXT('2D SPACE',''
  ) );
#1517 = ORIENTED_EDGE('',*,*,#1518,.T.);
#1518 = EDGE_CURVE('',#1496,#1519,#1521,.T.);
#1519 = VERTEX_POINT('',#1520);
#1520 = CARTESIAN_POINT('',(-8.3,80.,37.5));
#1521 = SURFACE_CURVE('',#1522,(#1526,#1533),.PCURVE_S1.);
#1522 = LINE('',#1523,#1524);
#1523 = CARTESIAN_POINT('',(-8.3,80.,7.5));
#1524 = VECTOR('',#1525,1.);
#1525 = DIRECTION('',(0.,0.,1.));
#1526 = PCURVE('',#179,#1527);
#1527 = DEFINITIONAL_REPRESENTATION('',(#1528),#1532);
#1528 = LINE('',#1529,#1530);
#1529 = CARTESIAN_POINT('',(7.5,7.7));
#1530 = VECTOR('',#1531,1.);
#1531 = DIRECTION('',(1.,0.));
#1532 = ( GEOMETRIC_REPRESENTATION_CONTEXT(2) 
PARAMETRIC_REPRESENTATION_CONTEXT() REPRESENTATION_CONTEXT('2D SPACE',''
  ) );
#1533 = PCURVE('',#1534,#1539);
#1534 = PLANE('',#1535);
#1535 = AXIS2_PLACEMENT_3D('',#1536,#1537,#1538);
#1536 = CARTESIAN_POINT('',(-8.3,60.,7.5));
#1537 = DIRECTION('',(-1.,1.110223024625E-16,0.));
#1538 = DIRECTION('',(0.,0.,1.));
#1539 = DEFINITIONAL_REPRESENTATION('',(#1540),#1544);
#1540 = LINE('',#1541,#1542);
#1541 = CARTESIAN_POINT('',(0.,20.));
#1542 = VECTOR('',#1543,1.);
#1543 = DIRECTION('',(1.,0.));
#1544 = ( GEOMETRIC_REPRESENTATION_CONTEXT(2) 
PARAMETRIC_REPRESENTATION_CONTEXT() REPRESENTATION_CONTEXT('2D SPACE',''
  ) );
#1545 = ORIENTED_EDGE('',*,*,#1546,.F.);
#1546 = EDGE_CURVE('',#1547,#1519,#1549,.T.);
#1547 = VERTEX_POINT('',#1548);
#1548 = CARTESIAN_POINT('',(-4.1,80.,37.5));
#1549 = SURFACE_CURVE('',#1550,(#1554,#1561),.PCURVE_S1.);
#1550 = LINE('',#1551,#1552);
#1551 = CARTESIAN_POINT('',(-4.1,80.,37.5));
#1552 = VECTOR('',#1553,1.);
#1553 = DIRECTION('',(-1.,1.110223024625E-16,0.));
#1554 = PCURVE('',#179,#1555);
#1555 = DEFINITIONAL_REPRESENTATION('',(#1556),#1560);
#1556 = LINE('',#1557,#1558);
#1557 = CARTESIAN_POINT('',(37.5,11.9));
#1558 = VECTOR('',#1559,1.);
#1559 = DIRECTION('',(0.,-1.));
#1560 = ( GEOMETRIC_REPRESENTATION_CONTEXT(2) 
PARAMETRIC_REPRESENTATION_CONTEXT() REPRESENTATION_CONTEXT('2D SPACE',''
  ) );
#1561 = PCURVE('',#1562,#1567);
#1562 = PLANE('',#1563);
#1563 = AXIS2_PLACEMENT_3D('',#1564,#1565,#1566);
#1564 = CARTESIAN_POINT('',(-4.1,60.,37.5));
#1565 = DIRECTION('',(0.,0.,1.));
#1566 = DIRECTION('',(1.110223024625E-16,1.,0.));
#1567 = DEFINITIONAL_REPRESENTATION('',(#1568),#1572);
#1568 = LINE('',#1569,#1570);
#1569 = CARTESIAN_POINT('',(20.,4.440892098501E-16));
#1570 = VECTOR('',#1571,1.);
#1571 = DIRECTION('',(0.,1.));
#1572 = ( GEOMETRIC_REPRESENTATION_CONTEXT(2) 
PARAMETRIC_REPRESENTATION_CONTEXT() REPRESENTATION_CONTEXT('2D SPACE',''
  ) );
#1573 = ORIENTED_EDGE('',*,*,#1574,.F.);
#1574 = EDGE_CURVE('',#1575,#1547,#1577,.T.);
#1575 = VERTEX_POINT('',#1576);
#1576 = CARTESIAN_POINT('',(-4.1,80.,7.5));
#1577 = SURFACE_CURVE('',#1578,(#1582,#1589),.PCURVE_S1.);
#1578 = LINE('',#1579,#1580);
#1579 = CARTESIAN_POINT('',(-4.1,80.,7.5));
#1580 = VECTOR('',#1581,1.);
#1581 = DIRECTION('',(0.,0.,1.));
#1582 = PCURVE('',#179,#1583);
#1583 = DEFINITIONAL_REPRESENTATION('',(#1584),#1588);
#1584 = LINE('',#1585,#1586);
#1585 = CARTESIAN_POINT('',(7.5,11.9));
#1586 = VECTOR('',#1587,1.);
#1587 = DIRECTION('',(1.,0.));
#1588 = ( GEOMETRIC_REPRESENTATION_CONTEXT(2) 
PARAMETRIC_REPRESENTATION_CONTEXT() REPRESENTATION_CONTEXT('2D SPACE',''
  ) );
#1589 = PCURVE('',#1590,#1595);
#1590 = PLANE('',#1591);
#1591 = AXIS2_PLACEMENT_3D('',#1592,#1593,#1594);
#1592 = CARTESIAN_POINT('',(-4.1,60.,7.5));
#1593 = DIRECTION('',(-1.,1.110223024625E-16,0.));
#1594 = DIRECTION('',(0.,0.,1.));
#1595 = DEFINITIONAL_REPRESENTATION('',(#1596),#1600);
#1596 = LINE('',#1597,#1598);
#1597 = CARTESIAN_POINT('',(0.,20.));
#1598 = VECTOR('',#1599,1.);
#1599 = DIRECTION('',(1.,0.));
#1600 = ( GEOMETRIC_REPRESENTATION_CONTEXT(2) 
PARAMETRIC_REPRESENTATION_CONTEXT() REPRESENTATION_CONTEXT('2D SPACE',''
  ) );
#1601 = ORIENTED_EDGE('',*,*,#1602,.T.);
#1602 = EDGE_CURVE('',#1575,#1603,#1605,.T.);
#1603 = VERTEX_POINT('',#1604);
#1604 = CARTESIAN_POINT('',(4.1,80.,7.5));
#1605 = SURFACE_CURVE('',#1606,(#1610,#1617),.PCURVE_S1.);
#1606 = LINE('',#1607,#1608);
#1607 = CARTESIAN_POINT('',(-16.,80.,7.5));
#1608 = VECTOR('',#1609,1.);
#1609 = DIRECTION('',(1.,0.,0.));
#1610 = PCURVE('',#179,#1611);
#1611 = DEFINITIONAL_REPRESENTATION('',(#1612),#1616);
#1612 = LINE('',#1613,#1614);
#1613 = CARTESIAN_POINT('',(7.5,0.));
#1614 = VECTOR('',#1615,1.);
#1615 = DIRECTION('',(0.,1.));
#1616 = ( GEOMETRIC_REPRESENTATION_CONTEXT(2) 
PARAMETRIC_REPRESENTATION_CONTEXT() REPRESENTATION_CONTEXT('2D SPACE',''
  ) );
#1617 = PCURVE('',#1028,#1618);
#1618 = DEFINITIONAL_REPRESENTATION('',(#1619),#1623);
#1619 = LINE('',#1620,#1621);
#1620 = CARTESIAN_POINT('',(64.,96.));
#1621 = VECTOR('',#1622,1.);
#1622 = DIRECTION('',(1.,0.));
#1623 = ( GEOMETRIC_REPRESENTATION_CONTEXT(2) 
PARAMETRIC_REPRESENTATION_CONTEXT() REPRESENTATION_CONTEXT('2D SPACE',''
  ) );
#1624 = ORIENTED_EDGE('',*,*,#1625,.T.);
#1625 = EDGE_CURVE('',#1603,#1626,#1628,.T.);
#1626 = VERTEX_POINT('',#1627);
#1627 = CARTESIAN_POINT('',(4.1,80.,37.5));
#1628 = SURFACE_CURVE('',#1629,(#1633,#1640),.PCURVE_S1.);
#1629 = LINE('',#1630,#1631);
#1630 = CARTESIAN_POINT('',(4.1,80.,7.5));
#1631 = VECTOR('',#1632,1.);
#1632 = DIRECTION('',(0.,0.,1.));
#1633 = PCURVE('',#179,#1634);
#1634 = DEFINITIONAL_REPRESENTATION('',(#1635),#1639);
#1635 = LINE('',#1636,#1637);
#1636 = CARTESIAN_POINT('',(7.5,20.1));
#1637 = VECTOR('',#1638,1.);
#1638 = DIRECTION('',(1.,0.));
#1639 = ( GEOMETRIC_REPRESENTATION_CONTEXT(2) 
PARAMETRIC_REPRESENTATION_CONTEXT() REPRESENTATION_CONTEXT('2D SPACE',''
  ) );
#1640 = PCURVE('',#1641,#1646);
#1641 = PLANE('',#1642);
#1642 = AXIS2_PLACEMENT_3D('',#1643,#1644,#1645);
#1643 = CARTESIAN_POINT('',(4.1,60.,7.5));
#1644 = DIRECTION('',(-1.,1.110223024625E-16,0.));
#1645 = DIRECTION('',(0.,0.,1.));
#1646 = DEFINITIONAL_REPRESENTATION('',(#1647),#1651);
#1647 = LINE('',#1648,#1649);
#1648 = CARTESIAN_POINT('',(0.,20.));
#1649 = VECTOR('',#1650,1.);
#1650 = DIRECTION('',(1.,0.));
#1651 = ( GEOMETRIC_REPRESENTATION_CONTEXT(2) 
PARAMETRIC_REPRESENTATION_CONTEXT() REPRESENTATION_CONTEXT('2D SPACE',''
  ) );
#1652 = ORIENTED_EDGE('',*,*,#1653,.F.);
#1653 = EDGE_CURVE('',#1654,#1626,#1656,.T.);
#1654 = VERTEX_POINT('',#1655);
#1655 = CARTESIAN_POINT('',(8.3,80.,37.5));
#1656 = SURFACE_CURVE('',#1657,(#1661,#1668),.PCURVE_S1.);
#1657 = LINE('',#1658,#1659);
#1658 = CARTESIAN_POINT('',(8.3,80.,37.5));
#1659 = VECTOR('',#1660,1.);
#1660 = DIRECTION('',(-1.,1.110223024625E-16,0.));
#1661 = PCURVE('',#179,#1662);
#1662 = DEFINITIONAL_REPRESENTATION('',(#1663),#1667);
#1663 = LINE('',#1664,#1665);
#1664 = CARTESIAN_POINT('',(37.5,24.3));
#1665 = VECTOR('',#1666,1.);
#1666 = DIRECTION('',(0.,-1.));
#1667 = ( GEOMETRIC_REPRESENTATION_CONTEXT(2) 
PARAMETRIC_REPRESENTATION_CONTEXT() REPRESENTATION_CONTEXT('2D SPACE',''
  ) );
#1668 = PCURVE('',#1669,#1674);
#1669 = PLANE('',#1670);
#1670 = AXIS2_PLACEMENT_3D('',#1671,#1672,#1673);
#1671 = CARTESIAN_POINT('',(8.3,60.,37.5));
#1672 = DIRECTION('',(0.,0.,1.));
#1673 = DIRECTION('',(1.110223024625E-16,1.,0.));
#1674 = DEFINITIONAL_REPRESENTATION('',(#1675),#1679);
#1675 = LINE('',#1676,#1677);
#1676 = CARTESIAN_POINT('',(20.,4.440892098501E-16));
#1677 = VECTOR('',#1678,1.);
#1678 = DIRECTION('',(0.,1.));
#1679 = ( GEOMETRIC_REPRESENTATION_CONTEXT(2) 
PARAMETRIC_REPRESENTATION_CONTEXT() REPRESENTATION_CONTEXT('2D SPACE',''
  ) );
#1680 = ORIENTED_EDGE('',*,*,#1681,.F.);
#1681 = EDGE_CURVE('',#1682,#1654,#1684,.T.);
#1682 = VERTEX_POINT('',#1683);
#1683 = CARTESIAN_POINT('',(8.3,80.,7.5));
#1684 = SURFACE_CURVE('',#1685,(#1689,#1696),.PCURVE_S1.);
#1685 = LINE('',#1686,#1687);
#1686 = CARTESIAN_POINT('',(8.3,80.,7.5));
#1687 = VECTOR('',#1688,1.);
#1688 = DIRECTION('',(0.,0.,1.));
#1689 = PCURVE('',#179,#1690);
#1690 = DEFINITIONAL_REPRESENTATION('',(#1691),#1695);
#1691 = LINE('',#1692,#1693);
#1692 = CARTESIAN_POINT('',(7.5,24.3));
#1693 = VECTOR('',#1694,1.);
#1694 = DIRECTION('',(1.,0.));
#1695 = ( GEOMETRIC_REPRESENTATION_CONTEXT(2) 
PARAMETRIC_REPRESENTATION_CONTEXT() REPRESENTATION_CONTEXT('2D SPACE',''
  ) );
#1696 = PCURVE('',#1697,#1702);
#1697 = PLANE('',#1698);
#1698 = AXIS2_PLACEMENT_3D('',#1699,#1700,#1701);
#1699 = CARTESIAN_POINT('',(8.3,60.,7.5));
#1700 = DIRECTION('',(-1.,1.110223024625E-16,0.));
#1701 = DIRECTION('',(0.,0.,1.));
#1702 = DEFINITIONAL_REPRESENTATION('',(#1703),#1707);
#1703 = LINE('',#1704,#1705);
#1704 = CARTESIAN_POINT('',(0.,20.));
#1705 = VECTOR('',#1706,1.);
#1706 = DIRECTION('',(1.,0.));
#1707 = ( GEOMETRIC_REPRESENTATION_CONTEXT(2) 
PARAMETRIC_REPRESENTATION_CONTEXT() REPRESENTATION_CONTEXT('2D SPACE',''
  ) );
#1708 = ORIENTED_EDGE('',*,*,#1709,.T.);
#1709 = EDGE_CURVE('',#1682,#1376,#1710,.T.);
#1710 = SURFACE_CURVE('',#1711,(#1715,#1722),.PCURVE_S1.);
#1711 = LINE('',#1712,#1713);
#1712 = CARTESIAN_POINT('',(-16.,80.,7.5));
#1713 = VECTOR('',#1714,1.);
#1714 = DIRECTION('',(1.,0.,0.));
#1715 = PCURVE('',#179,#1716);
#1716 = DEFINITIONAL_REPRESENTATION('',(#1717),#1721);
#1717 = LINE('',#1718,#1719);
#1718 = CARTESIAN_POINT('',(7.5,0.));
#1719 = VECTOR('',#1720,1.);
#1720 = DIRECTION('',(0.,1.));
#1721 = ( GEOMETRIC_REPRESENTATION_CONTEXT(2) 
PARAMETRIC_REPRESENTATION_CONTEXT() REPRESENTATION_CONTEXT('2D SPACE',''
  ) );
#1722 = PCURVE('',#1028,#1723);
#1723 = DEFINITIONAL_REPRESENTATION('',(#1724),#1728);
#1724 = LINE('',#1725,#1726);
#1725 = CARTESIAN_POINT('',(64.,96.));
#1726 = VECTOR('',#1727,1.);
#1727 = DIRECTION('',(1.,0.));
#1728 = ( GEOMETRIC_REPRESENTATION_CONTEXT(2) 
PARAMETRIC_REPRESENTATION_CONTEXT() REPRESENTATION_CONTEXT('2D SPACE',''
  ) );
#1729 = ORIENTED_EDGE('',*,*,#1400,.F.);
#1730 = ADVANCED_FACE('',(#1731),#462,.T.);
#1731 = FACE_BOUND('',#1732,.F.);
#1732 = EDGE_LOOP('',(#1733,#1757,#1758,#1759));
#1733 = ORIENTED_EDGE('',*,*,#1734,.T.);
#1734 = EDGE_CURVE('',#1735,#1426,#1737,.T.);
#1735 = VERTEX_POINT('',#1736);
#1736 = CARTESIAN_POINT('',(15.999999999999,-32.24903099319,7.5));
#1737 = SURFACE_CURVE('',#1738,(#1743,#1750),.PCURVE_S1.);
#1738 = CIRCLE('',#1739,36.);
#1739 = AXIS2_PLACEMENT_3D('',#1740,#1741,#1742);
#1740 = CARTESIAN_POINT('',(0.,0.,7.5));
#1741 = DIRECTION('',(0.,0.,1.));
#1742 = DIRECTION('',(1.,0.,0.));
#1743 = PCURVE('',#462,#1744);
#1744 = DEFINITIONAL_REPRESENTATION('',(#1745),#1749);
#1745 = LINE('',#1746,#1747);
#1746 = CARTESIAN_POINT('',(-0.,-7.5));
#1747 = VECTOR('',#1748,1.);
#1748 = DIRECTION('',(-1.,0.));
#1749 = ( GEOMETRIC_REPRESENTATION_CONTEXT(2) 
PARAMETRIC_REPRESENTATION_CONTEXT() REPRESENTATION_CONTEXT('2D SPACE',''
  ) );
#1750 = PCURVE('',#1028,#1751);
#1751 = DEFINITIONAL_REPRESENTATION('',(#1752),#1756);
#1752 = CIRCLE('',#1753,36.);
#1753 = AXIS2_PLACEMENT_2D('',#1754,#1755);
#1754 = CARTESIAN_POINT('',(80.,16.));
#1755 = DIRECTION('',(1.,0.));
#1756 = ( GEOMETRIC_REPRESENTATION_CONTEXT(2) 
PARAMETRIC_REPRESENTATION_CONTEXT() REPRESENTATION_CONTEXT('2D SPACE',''
  ) );
#1757 = ORIENTED_EDGE('',*,*,#1425,.T.);
#1758 = ORIENTED_EDGE('',*,*,#445,.F.);
#1759 = ORIENTED_EDGE('',*,*,#1760,.F.);
#1760 = EDGE_CURVE('',#1735,#418,#1761,.T.);
#1761 = SURFACE_CURVE('',#1762,(#1766,#1772),.PCURVE_S1.);
#1762 = LINE('',#1763,#1764);
#1763 = CARTESIAN_POINT('',(16.,-32.24903099319,0.));
#1764 = VECTOR('',#1765,1.);
#1765 = DIRECTION('',(-0.,-0.,-1.));
#1766 = PCURVE('',#462,#1767);
#1767 = DEFINITIONAL_REPRESENTATION('',(#1768),#1771);
#1768 = B_SPLINE_CURVE_WITH_KNOTS('',1,(#1769,#1770),.UNSPECIFIED.,.F.,
  .F.,(2,2),(-7.5000006,6.E-07),.PIECEWISE_BEZIER_KNOTS.);
#1769 = CARTESIAN_POINT('',(-5.172942972066,-7.5000006));
#1770 = CARTESIAN_POINT('',(-5.172942972066,6.E-07));
#1771 = ( GEOMETRIC_REPRESENTATION_CONTEXT(2) 
PARAMETRIC_REPRESENTATION_CONTEXT() REPRESENTATION_CONTEXT('2D SPACE',''
  ) );
#1772 = PCURVE('',#433,#1773);
#1773 = DEFINITIONAL_REPRESENTATION('',(#1774),#1777);
#1774 = B_SPLINE_CURVE_WITH_KNOTS('',1,(#1775,#1776),.UNSPECIFIED.,.F.,
  .F.,(2,2),(-7.5000006,6.E-07),.PIECEWISE_BEZIER_KNOTS.);
#1775 = CARTESIAN_POINT('',(7.5000006,-47.7509690068));
#1776 = CARTESIAN_POINT('',(-6.E-07,-47.7509690068));
#1777 = ( GEOMETRIC_REPRESENTATION_CONTEXT(2) 
PARAMETRIC_REPRESENTATION_CONTEXT() REPRESENTATION_CONTEXT('2D SPACE',''
  ) );
#1778 = ADVANCED_FACE('',(#1779),#207,.F.);
#1779 = FACE_BOUND('',#1780,.F.);
#1780 = EDGE_LOOP('',(#1781,#1804,#1823,#1824));
#1781 = ORIENTED_EDGE('',*,*,#1782,.F.);
#1782 = EDGE_CURVE('',#1783,#1473,#1785,.T.);
#1783 = VERTEX_POINT('',#1784);
#1784 = CARTESIAN_POINT('',(-15.99999999999,32.249030993195,7.5));
#1785 = SURFACE_CURVE('',#1786,(#1790,#1797),.PCURVE_S1.);
#1786 = LINE('',#1787,#1788);
#1787 = CARTESIAN_POINT('',(-16.,-80.,7.5));
#1788 = VECTOR('',#1789,1.);
#1789 = DIRECTION('',(0.,1.,0.));
#1790 = PCURVE('',#207,#1791);
#1791 = DEFINITIONAL_REPRESENTATION('',(#1792),#1796);
#1792 = LINE('',#1793,#1794);
#1793 = CARTESIAN_POINT('',(7.5,0.));
#1794 = VECTOR('',#1795,1.);
#1795 = DIRECTION('',(0.,-1.));
#1796 = ( GEOMETRIC_REPRESENTATION_CONTEXT(2) 
PARAMETRIC_REPRESENTATION_CONTEXT() REPRESENTATION_CONTEXT('2D SPACE',''
  ) );
#1797 = PCURVE('',#1028,#1798);
#1798 = DEFINITIONAL_REPRESENTATION('',(#1799),#1803);
#1799 = LINE('',#1800,#1801);
#1800 = CARTESIAN_POINT('',(64.,-64.));
#1801 = VECTOR('',#1802,1.);
#1802 = DIRECTION('',(0.,1.));
#1803 = ( GEOMETRIC_REPRESENTATION_CONTEXT(2) 
PARAMETRIC_REPRESENTATION_CONTEXT() REPRESENTATION_CONTEXT('2D SPACE',''
  ) );
#1804 = ORIENTED_EDGE('',*,*,#1805,.T.);
#1805 = EDGE_CURVE('',#1783,#192,#1806,.T.);
#1806 = SURFACE_CURVE('',#1807,(#1811,#1817),.PCURVE_S1.);
#1807 = LINE('',#1808,#1809);
#1808 = CARTESIAN_POINT('',(-16.,32.249030993194,0.));
#1809 = VECTOR('',#1810,1.);
#1810 = DIRECTION('',(-0.,-0.,-1.));
#1811 = PCURVE('',#207,#1812);
#1812 = DEFINITIONAL_REPRESENTATION('',(#1813),#1816);
#1813 = B_SPLINE_CURVE_WITH_KNOTS('',1,(#1814,#1815),.UNSPECIFIED.,.F.,
  .F.,(2,2),(-7.5000006,6.E-07),.PIECEWISE_BEZIER_KNOTS.);
#1814 = CARTESIAN_POINT('',(7.5000006,-112.2490309931));
#1815 = CARTESIAN_POINT('',(-6.E-07,-112.2490309931));
#1816 = ( GEOMETRIC_REPRESENTATION_CONTEXT(2) 
PARAMETRIC_REPRESENTATION_CONTEXT() REPRESENTATION_CONTEXT('2D SPACE',''
  ) );
#1817 = PCURVE('',#236,#1818);
#1818 = DEFINITIONAL_REPRESENTATION('',(#1819),#1822);
#1819 = B_SPLINE_CURVE_WITH_KNOTS('',1,(#1820,#1821),.UNSPECIFIED.,.F.,
  .F.,(2,2),(-7.5000006,6.E-07),.PIECEWISE_BEZIER_KNOTS.);
#1820 = CARTESIAN_POINT('',(-2.031350318476,-7.5000006));
#1821 = CARTESIAN_POINT('',(-2.031350318476,6.E-07));
#1822 = ( GEOMETRIC_REPRESENTATION_CONTEXT(2) 
PARAMETRIC_REPRESENTATION_CONTEXT() REPRESENTATION_CONTEXT('2D SPACE',''
  ) );
#1823 = ORIENTED_EDGE('',*,*,#191,.T.);
#1824 = ORIENTED_EDGE('',*,*,#1472,.T.);
#1825 = ADVANCED_FACE('',(#1826),#433,.T.);
#1826 = FACE_BOUND('',#1827,.T.);
#1827 = EDGE_LOOP('',(#1828,#1851,#1872,#1873));
#1828 = ORIENTED_EDGE('',*,*,#1829,.F.);
#1829 = EDGE_CURVE('',#1830,#1735,#1832,.T.);
#1830 = VERTEX_POINT('',#1831);
#1831 = CARTESIAN_POINT('',(16.,-80.,7.5));
#1832 = SURFACE_CURVE('',#1833,(#1837,#1844),.PCURVE_S1.);
#1833 = LINE('',#1834,#1835);
#1834 = CARTESIAN_POINT('',(16.,-80.,7.5));
#1835 = VECTOR('',#1836,1.);
#1836 = DIRECTION('',(0.,1.,0.));
#1837 = PCURVE('',#433,#1838);
#1838 = DEFINITIONAL_REPRESENTATION('',(#1839),#1843);
#1839 = LINE('',#1840,#1841);
#1840 = CARTESIAN_POINT('',(7.5,0.));
#1841 = VECTOR('',#1842,1.);
#1842 = DIRECTION('',(0.,-1.));
#1843 = ( GEOMETRIC_REPRESENTATION_CONTEXT(2) 
PARAMETRIC_REPRESENTATION_CONTEXT() REPRESENTATION_CONTEXT('2D SPACE',''
  ) );
#1844 = PCURVE('',#1028,#1845);
#1845 = DEFINITIONAL_REPRESENTATION('',(#1846),#1850);
#1846 = LINE('',#1847,#1848);
#1847 = CARTESIAN_POINT('',(96.,-64.));
#1848 = VECTOR('',#1849,1.);
#1849 = DIRECTION('',(0.,1.));
#1850 = ( GEOMETRIC_REPRESENTATION_CONTEXT(2) 
PARAMETRIC_REPRESENTATION_CONTEXT() REPRESENTATION_CONTEXT('2D SPACE',''
  ) );
#1851 = ORIENTED_EDGE('',*,*,#1852,.F.);
#1852 = EDGE_CURVE('',#390,#1830,#1853,.T.);
#1853 = SURFACE_CURVE('',#1854,(#1858,#1865),.PCURVE_S1.);
#1854 = LINE('',#1855,#1856);
#1855 = CARTESIAN_POINT('',(16.,-80.,0.));
#1856 = VECTOR('',#1857,1.);
#1857 = DIRECTION('',(0.,0.,1.));
#1858 = PCURVE('',#433,#1859);
#1859 = DEFINITIONAL_REPRESENTATION('',(#1860),#1864);
#1860 = LINE('',#1861,#1862);
#1861 = CARTESIAN_POINT('',(0.,0.));
#1862 = VECTOR('',#1863,1.);
#1863 = DIRECTION('',(1.,0.));
#1864 = ( GEOMETRIC_REPRESENTATION_CONTEXT(2) 
PARAMETRIC_REPRESENTATION_CONTEXT() REPRESENTATION_CONTEXT('2D SPACE',''
  ) );
#1865 = PCURVE('',#405,#1866);
#1866 = DEFINITIONAL_REPRESENTATION('',(#1867),#1871);
#1867 = LINE('',#1868,#1869);
#1868 = CARTESIAN_POINT('',(0.,32.));
#1869 = VECTOR('',#1870,1.);
#1870 = DIRECTION('',(1.,0.));
#1871 = ( GEOMETRIC_REPRESENTATION_CONTEXT(2) 
PARAMETRIC_REPRESENTATION_CONTEXT() REPRESENTATION_CONTEXT('2D SPACE',''
  ) );
#1872 = ORIENTED_EDGE('',*,*,#417,.T.);
#1873 = ORIENTED_EDGE('',*,*,#1760,.F.);
#1874 = ADVANCED_FACE('',(#1875),#236,.T.);
#1875 = FACE_BOUND('',#1876,.F.);
#1876 = EDGE_LOOP('',(#1877,#1878,#1879,#1903));
#1877 = ORIENTED_EDGE('',*,*,#219,.F.);
#1878 = ORIENTED_EDGE('',*,*,#1805,.F.);
#1879 = ORIENTED_EDGE('',*,*,#1880,.T.);
#1880 = EDGE_CURVE('',#1783,#1881,#1883,.T.);
#1881 = VERTEX_POINT('',#1882);
#1882 = CARTESIAN_POINT('',(-32.24903099319,16.,7.5));
#1883 = SURFACE_CURVE('',#1884,(#1889,#1896),.PCURVE_S1.);
#1884 = CIRCLE('',#1885,36.);
#1885 = AXIS2_PLACEMENT_3D('',#1886,#1887,#1888);
#1886 = CARTESIAN_POINT('',(0.,0.,7.5));
#1887 = DIRECTION('',(0.,0.,1.));
#1888 = DIRECTION('',(1.,0.,0.));
#1889 = PCURVE('',#236,#1890);
#1890 = DEFINITIONAL_REPRESENTATION('',(#1891),#1895);
#1891 = LINE('',#1892,#1893);
#1892 = CARTESIAN_POINT('',(-0.,-7.5));
#1893 = VECTOR('',#1894,1.);
#1894 = DIRECTION('',(-1.,0.));
#1895 = ( GEOMETRIC_REPRESENTATION_CONTEXT(2) 
PARAMETRIC_REPRESENTATION_CONTEXT() REPRESENTATION_CONTEXT('2D SPACE',''
  ) );
#1896 = PCURVE('',#1028,#1897);
#1897 = DEFINITIONAL_REPRESENTATION('',(#1898),#1902);
#1898 = CIRCLE('',#1899,36.);
#1899 = AXIS2_PLACEMENT_2D('',#1900,#1901);
#1900 = CARTESIAN_POINT('',(80.,16.));
#1901 = DIRECTION('',(1.,0.));
#1902 = ( GEOMETRIC_REPRESENTATION_CONTEXT(2) 
PARAMETRIC_REPRESENTATION_CONTEXT() REPRESENTATION_CONTEXT('2D SPACE',''
  ) );
#1903 = ORIENTED_EDGE('',*,*,#1904,.T.);
#1904 = EDGE_CURVE('',#1881,#220,#1905,.T.);
#1905 = SURFACE_CURVE('',#1906,(#1910,#1916),.PCURVE_S1.);
#1906 = LINE('',#1907,#1908);
#1907 = CARTESIAN_POINT('',(-32.24903099319,16.,0.));
#1908 = VECTOR('',#1909,1.);
#1909 = DIRECTION('',(-0.,-0.,-1.));
#1910 = PCURVE('',#236,#1911);
#1911 = DEFINITIONAL_REPRESENTATION('',(#1912),#1915);
#1912 = B_SPLINE_CURVE_WITH_KNOTS('',1,(#1913,#1914),.UNSPECIFIED.,.F.,
  .F.,(2,2),(-7.5000006,6.E-07),.PIECEWISE_BEZIER_KNOTS.);
#1913 = CARTESIAN_POINT('',(-2.681038661908,-7.5000006));
#1914 = CARTESIAN_POINT('',(-2.681038661908,6.E-07));
#1915 = ( GEOMETRIC_REPRESENTATION_CONTEXT(2) 
PARAMETRIC_REPRESENTATION_CONTEXT() REPRESENTATION_CONTEXT('2D SPACE',''
  ) );
#1916 = PCURVE('',#264,#1917);
#1917 = DEFINITIONAL_REPRESENTATION('',(#1918),#1921);
#1918 = B_SPLINE_CURVE_WITH_KNOTS('',1,(#1919,#1920),.UNSPECIFIED.,.F.,
  .F.,(2,2),(-7.5000006,6.E-07),.PIECEWISE_BEZIER_KNOTS.);
#1919 = CARTESIAN_POINT('',(7.5000006,47.750969006806));
#1920 = CARTESIAN_POINT('',(-6.E-07,47.750969006806));
#1921 = ( GEOMETRIC_REPRESENTATION_CONTEXT(2) 
PARAMETRIC_REPRESENTATION_CONTEXT() REPRESENTATION_CONTEXT('2D SPACE',''
  ) );
#1922 = ADVANCED_FACE('',(#1923),#405,.F.);
#1923 = FACE_BOUND('',#1924,.F.);
#1924 = EDGE_LOOP('',(#1925,#1926,#1949,#1972,#2000,#2028,#2056,#2079,
    #2107,#2135,#2163,#2184));
#1925 = ORIENTED_EDGE('',*,*,#389,.F.);
#1926 = ORIENTED_EDGE('',*,*,#1927,.T.);
#1927 = EDGE_CURVE('',#362,#1928,#1930,.T.);
#1928 = VERTEX_POINT('',#1929);
#1929 = CARTESIAN_POINT('',(-16.,-80.,7.5));
#1930 = SURFACE_CURVE('',#1931,(#1935,#1942),.PCURVE_S1.);
#1931 = LINE('',#1932,#1933);
#1932 = CARTESIAN_POINT('',(-16.,-80.,0.));
#1933 = VECTOR('',#1934,1.);
#1934 = DIRECTION('',(0.,0.,1.));
#1935 = PCURVE('',#405,#1936);
#1936 = DEFINITIONAL_REPRESENTATION('',(#1937),#1941);
#1937 = LINE('',#1938,#1939);
#1938 = CARTESIAN_POINT('',(0.,0.));
#1939 = VECTOR('',#1940,1.);
#1940 = DIRECTION('',(1.,0.));
#1941 = ( GEOMETRIC_REPRESENTATION_CONTEXT(2) 
PARAMETRIC_REPRESENTATION_CONTEXT() REPRESENTATION_CONTEXT('2D SPACE',''
  ) );
#1942 = PCURVE('',#377,#1943);
#1943 = DEFINITIONAL_REPRESENTATION('',(#1944),#1948);
#1944 = LINE('',#1945,#1946);
#1945 = CARTESIAN_POINT('',(0.,0.));
#1946 = VECTOR('',#1947,1.);
#1947 = DIRECTION('',(1.,0.));
#1948 = ( GEOMETRIC_REPRESENTATION_CONTEXT(2) 
PARAMETRIC_REPRESENTATION_CONTEXT() REPRESENTATION_CONTEXT('2D SPACE',''
  ) );
#1949 = ORIENTED_EDGE('',*,*,#1950,.T.);
#1950 = EDGE_CURVE('',#1928,#1951,#1953,.T.);
#1951 = VERTEX_POINT('',#1952);
#1952 = CARTESIAN_POINT('',(-8.3,-80.,7.5));
#1953 = SURFACE_CURVE('',#1954,(#1958,#1965),.PCURVE_S1.);
#1954 = LINE('',#1955,#1956);
#1955 = CARTESIAN_POINT('',(-16.,-80.,7.5));
#1956 = VECTOR('',#1957,1.);
#1957 = DIRECTION('',(1.,0.,0.));
#1958 = PCURVE('',#405,#1959);
#1959 = DEFINITIONAL_REPRESENTATION('',(#1960),#1964);
#1960 = LINE('',#1961,#1962);
#1961 = CARTESIAN_POINT('',(7.5,0.));
#1962 = VECTOR('',#1963,1.);
#1963 = DIRECTION('',(0.,1.));
#1964 = ( GEOMETRIC_REPRESENTATION_CONTEXT(2) 
PARAMETRIC_REPRESENTATION_CONTEXT() REPRESENTATION_CONTEXT('2D SPACE',''
  ) );
#1965 = PCURVE('',#1028,#1966);
#1966 = DEFINITIONAL_REPRESENTATION('',(#1967),#1971);
#1967 = LINE('',#1968,#1969);
#1968 = CARTESIAN_POINT('',(64.,-64.));
#1969 = VECTOR('',#1970,1.);
#1970 = DIRECTION('',(1.,0.));
#1971 = ( GEOMETRIC_REPRESENTATION_CONTEXT(2) 
PARAMETRIC_REPRESENTATION_CONTEXT() REPRESENTATION_CONTEXT('2D SPACE',''
  ) );
#1972 = ORIENTED_EDGE('',*,*,#1973,.T.);
#1973 = EDGE_CURVE('',#1951,#1974,#1976,.T.);
#1974 = VERTEX_POINT('',#1975);
#1975 = CARTESIAN_POINT('',(-8.3,-80.,37.5));
#1976 = SURFACE_CURVE('',#1977,(#1981,#1988),.PCURVE_S1.);
#1977 = LINE('',#1978,#1979);
#1978 = CARTESIAN_POINT('',(-8.3,-80.,7.5));
#1979 = VECTOR('',#1980,1.);
#1980 = DIRECTION('',(0.,0.,1.));
#1981 = PCURVE('',#405,#1982);
#1982 = DEFINITIONAL_REPRESENTATION('',(#1983),#1987);
#1983 = LINE('',#1984,#1985);
#1984 = CARTESIAN_POINT('',(7.5,7.7));
#1985 = VECTOR('',#1986,1.);
#1986 = DIRECTION('',(1.,0.));
#1987 = ( GEOMETRIC_REPRESENTATION_CONTEXT(2) 
PARAMETRIC_REPRESENTATION_CONTEXT() REPRESENTATION_CONTEXT('2D SPACE',''
  ) );
#1988 = PCURVE('',#1989,#1994);
#1989 = PLANE('',#1990);
#1990 = AXIS2_PLACEMENT_3D('',#1991,#1992,#1993);
#1991 = CARTESIAN_POINT('',(-8.3,-60.,7.5));
#1992 = DIRECTION('',(1.,-2.22044604925E-16,0.));
#1993 = DIRECTION('',(0.,0.,1.));
#1994 = DEFINITIONAL_REPRESENTATION('',(#1995),#1999);
#1995 = LINE('',#1996,#1997);
#1996 = CARTESIAN_POINT('',(0.,20.));
#1997 = VECTOR('',#1998,1.);
#1998 = DIRECTION('',(1.,0.));
#1999 = ( GEOMETRIC_REPRESENTATION_CONTEXT(2) 
PARAMETRIC_REPRESENTATION_CONTEXT() REPRESENTATION_CONTEXT('2D SPACE',''
  ) );
#2000 = ORIENTED_EDGE('',*,*,#2001,.T.);
#2001 = EDGE_CURVE('',#1974,#2002,#2004,.T.);
#2002 = VERTEX_POINT('',#2003);
#2003 = CARTESIAN_POINT('',(-4.1,-80.,37.5));
#2004 = SURFACE_CURVE('',#2005,(#2009,#2016),.PCURVE_S1.);
#2005 = LINE('',#2006,#2007);
#2006 = CARTESIAN_POINT('',(-8.3,-80.,37.5));
#2007 = VECTOR('',#2008,1.);
#2008 = DIRECTION('',(1.,-2.22044604925E-16,0.));
#2009 = PCURVE('',#405,#2010);
#2010 = DEFINITIONAL_REPRESENTATION('',(#2011),#2015);
#2011 = LINE('',#2012,#2013);
#2012 = CARTESIAN_POINT('',(37.5,7.7));
#2013 = VECTOR('',#2014,1.);
#2014 = DIRECTION('',(0.,1.));
#2015 = ( GEOMETRIC_REPRESENTATION_CONTEXT(2) 
PARAMETRIC_REPRESENTATION_CONTEXT() REPRESENTATION_CONTEXT('2D SPACE',''
  ) );
#2016 = PCURVE('',#2017,#2022);
#2017 = PLANE('',#2018);
#2018 = AXIS2_PLACEMENT_3D('',#2019,#2020,#2021);
#2019 = CARTESIAN_POINT('',(-8.3,-60.,37.5));
#2020 = DIRECTION('',(0.,0.,1.));
#2021 = DIRECTION('',(-2.22044604925E-16,-1.,0.));
#2022 = DEFINITIONAL_REPRESENTATION('',(#2023),#2027);
#2023 = LINE('',#2024,#2025);
#2024 = CARTESIAN_POINT('',(20.,-8.881784197001E-16));
#2025 = VECTOR('',#2026,1.);
#2026 = DIRECTION('',(0.,1.));
#2027 = ( GEOMETRIC_REPRESENTATION_CONTEXT(2) 
PARAMETRIC_REPRESENTATION_CONTEXT() REPRESENTATION_CONTEXT('2D SPACE',''
  ) );
#2028 = ORIENTED_EDGE('',*,*,#2029,.F.);
#2029 = EDGE_CURVE('',#2030,#2002,#2032,.T.);
#2030 = VERTEX_POINT('',#2031);
#2031 = CARTESIAN_POINT('',(-4.1,-80.,7.5));
#2032 = SURFACE_CURVE('',#2033,(#2037,#2044),.PCURVE_S1.);
#2033 = LINE('',#2034,#2035);
#2034 = CARTESIAN_POINT('',(-4.1,-80.,7.5));
#2035 = VECTOR('',#2036,1.);
#2036 = DIRECTION('',(0.,0.,1.));
#2037 = PCURVE('',#405,#2038);
#2038 = DEFINITIONAL_REPRESENTATION('',(#2039),#2043);
#2039 = LINE('',#2040,#2041);
#2040 = CARTESIAN_POINT('',(7.5,11.9));
#2041 = VECTOR('',#2042,1.);
#2042 = DIRECTION('',(1.,0.));
#2043 = ( GEOMETRIC_REPRESENTATION_CONTEXT(2) 
PARAMETRIC_REPRESENTATION_CONTEXT() REPRESENTATION_CONTEXT('2D SPACE',''
  ) );
#2044 = PCURVE('',#2045,#2050);
#2045 = PLANE('',#2046);
#2046 = AXIS2_PLACEMENT_3D('',#2047,#2048,#2049);
#2047 = CARTESIAN_POINT('',(-4.1,-60.,7.5));
#2048 = DIRECTION('',(1.,-2.22044604925E-16,0.));
#2049 = DIRECTION('',(0.,0.,1.));
#2050 = DEFINITIONAL_REPRESENTATION('',(#2051),#2055);
#2051 = LINE('',#2052,#2053);
#2052 = CARTESIAN_POINT('',(0.,20.));
#2053 = VECTOR('',#2054,1.);
#2054 = DIRECTION('',(1.,0.));
#2055 = ( GEOMETRIC_REPRESENTATION_CONTEXT(2) 
PARAMETRIC_REPRESENTATION_CONTEXT() REPRESENTATION_CONTEXT('2D SPACE',''
  ) );
#2056 = ORIENTED_EDGE('',*,*,#2057,.T.);
#2057 = EDGE_CURVE('',#2030,#2058,#2060,.T.);
#2058 = VERTEX_POINT('',#2059);
#2059 = CARTESIAN_POINT('',(4.1,-80.,7.5));
#2060 = SURFACE_CURVE('',#2061,(#2065,#2072),.PCURVE_S1.);
#2061 = LINE('',#2062,#2063);
#2062 = CARTESIAN_POINT('',(-16.,-80.,7.5));
#2063 = VECTOR('',#2064,1.);
#2064 = DIRECTION('',(1.,0.,0.));
#2065 = PCURVE('',#405,#2066);
#2066 = DEFINITIONAL_REPRESENTATION('',(#2067),#2071);
#2067 = LINE('',#2068,#2069);
#2068 = CARTESIAN_POINT('',(7.5,0.));
#2069 = VECTOR('',#2070,1.);
#2070 = DIRECTION('',(0.,1.));
#2071 = ( GEOMETRIC_REPRESENTATION_CONTEXT(2) 
PARAMETRIC_REPRESENTATION_CONTEXT() REPRESENTATION_CONTEXT('2D SPACE',''
  ) );
#2072 = PCURVE('',#1028,#2073);
#2073 = DEFINITIONAL_REPRESENTATION('',(#2074),#2078);
#2074 = LINE('',#2075,#2076);
#2075 = CARTESIAN_POINT('',(64.,-64.));
#2076 = VECTOR('',#2077,1.);
#2077 = DIRECTION('',(1.,0.));
#2078 = ( GEOMETRIC_REPRESENTATION_CONTEXT(2) 
PARAMETRIC_REPRESENTATION_CONTEXT() REPRESENTATION_CONTEXT('2D SPACE',''
  ) );
#2079 = ORIENTED_EDGE('',*,*,#2080,.T.);
#2080 = EDGE_CURVE('',#2058,#2081,#2083,.T.);
#2081 = VERTEX_POINT('',#2082);
#2082 = CARTESIAN_POINT('',(4.1,-80.,37.5));
#2083 = SURFACE_CURVE('',#2084,(#2088,#2095),.PCURVE_S1.);
#2084 = LINE('',#2085,#2086);
#2085 = CARTESIAN_POINT('',(4.1,-80.,7.5));
#2086 = VECTOR('',#2087,1.);
#2087 = DIRECTION('',(0.,0.,1.));
#2088 = PCURVE('',#405,#2089);
#2089 = DEFINITIONAL_REPRESENTATION('',(#2090),#2094);
#2090 = LINE('',#2091,#2092);
#2091 = CARTESIAN_POINT('',(7.5,20.1));
#2092 = VECTOR('',#2093,1.);
#2093 = DIRECTION('',(1.,0.));
#2094 = ( GEOMETRIC_REPRESENTATION_CONTEXT(2) 
PARAMETRIC_REPRESENTATION_CONTEXT() REPRESENTATION_CONTEXT('2D SPACE',''
  ) );
#2095 = PCURVE('',#2096,#2101);
#2096 = PLANE('',#2097);
#2097 = AXIS2_PLACEMENT_3D('',#2098,#2099,#2100);
#2098 = CARTESIAN_POINT('',(4.1,-60.,7.5));
#2099 = DIRECTION('',(1.,-2.22044604925E-16,0.));
#2100 = DIRECTION('',(0.,0.,1.));
#2101 = DEFINITIONAL_REPRESENTATION('',(#2102),#2106);
#2102 = LINE('',#2103,#2104);
#2103 = CARTESIAN_POINT('',(0.,20.));
#2104 = VECTOR('',#2105,1.);
#2105 = DIRECTION('',(1.,0.));
#2106 = ( GEOMETRIC_REPRESENTATION_CONTEXT(2) 
PARAMETRIC_REPRESENTATION_CONTEXT() REPRESENTATION_CONTEXT('2D SPACE',''
  ) );
#2107 = ORIENTED_EDGE('',*,*,#2108,.T.);
#2108 = EDGE_CURVE('',#2081,#2109,#2111,.T.);
#2109 = VERTEX_POINT('',#2110);
#2110 = CARTESIAN_POINT('',(8.3,-80.,37.5));
#2111 = SURFACE_CURVE('',#2112,(#2116,#2123),.PCURVE_S1.);
#2112 = LINE('',#2113,#2114);
#2113 = CARTESIAN_POINT('',(4.1,-80.,37.5));
#2114 = VECTOR('',#2115,1.);
#2115 = DIRECTION('',(1.,-2.22044604925E-16,0.));
#2116 = PCURVE('',#405,#2117);
#2117 = DEFINITIONAL_REPRESENTATION('',(#2118),#2122);
#2118 = LINE('',#2119,#2120);
#2119 = CARTESIAN_POINT('',(37.5,20.1));
#2120 = VECTOR('',#2121,1.);
#2121 = DIRECTION('',(0.,1.));
#2122 = ( GEOMETRIC_REPRESENTATION_CONTEXT(2) 
PARAMETRIC_REPRESENTATION_CONTEXT() REPRESENTATION_CONTEXT('2D SPACE',''
  ) );
#2123 = PCURVE('',#2124,#2129);
#2124 = PLANE('',#2125);
#2125 = AXIS2_PLACEMENT_3D('',#2126,#2127,#2128);
#2126 = CARTESIAN_POINT('',(4.1,-60.,37.5));
#2127 = DIRECTION('',(0.,0.,1.));
#2128 = DIRECTION('',(-2.22044604925E-16,-1.,0.));
#2129 = DEFINITIONAL_REPRESENTATION('',(#2130),#2134);
#2130 = LINE('',#2131,#2132);
#2131 = CARTESIAN_POINT('',(20.,0.));
#2132 = VECTOR('',#2133,1.);
#2133 = DIRECTION('',(0.,1.));
#2134 = ( GEOMETRIC_REPRESENTATION_CONTEXT(2) 
PARAMETRIC_REPRESENTATION_CONTEXT() REPRESENTATION_CONTEXT('2D SPACE',''
  ) );
#2135 = ORIENTED_EDGE('',*,*,#2136,.F.);
#2136 = EDGE_CURVE('',#2137,#2109,#2139,.T.);
#2137 = VERTEX_POINT('',#2138);
#2138 = CARTESIAN_POINT('',(8.3,-80.,7.5));
#2139 = SURFACE_CURVE('',#2140,(#2144,#2151),.PCURVE_S1.);
#2140 = LINE('',#2141,#2142);
#2141 = CARTESIAN_POINT('',(8.3,-80.,7.5));
#2142 = VECTOR('',#2143,1.);
#2143 = DIRECTION('',(0.,0.,1.));
#2144 = PCURVE('',#405,#2145);
#2145 = DEFINITIONAL_REPRESENTATION('',(#2146),#2150);
#2146 = LINE('',#2147,#2148);
#2147 = CARTESIAN_POINT('',(7.5,24.3));
#2148 = VECTOR('',#2149,1.);
#2149 = DIRECTION('',(1.,0.));
#2150 = ( GEOMETRIC_REPRESENTATION_CONTEXT(2) 
PARAMETRIC_REPRESENTATION_CONTEXT() REPRESENTATION_CONTEXT('2D SPACE',''
  ) );
#2151 = PCURVE('',#2152,#2157);
#2152 = PLANE('',#2153);
#2153 = AXIS2_PLACEMENT_3D('',#2154,#2155,#2156);
#2154 = CARTESIAN_POINT('',(8.3,-60.,7.5));
#2155 = DIRECTION('',(1.,-2.22044604925E-16,0.));
#2156 = DIRECTION('',(0.,0.,1.));
#2157 = DEFINITIONAL_REPRESENTATION('',(#2158),#2162);
#2158 = LINE('',#2159,#2160);
#2159 = CARTESIAN_POINT('',(0.,20.));
#2160 = VECTOR('',#2161,1.);
#2161 = DIRECTION('',(1.,0.));
#2162 = ( GEOMETRIC_REPRESENTATION_CONTEXT(2) 
PARAMETRIC_REPRESENTATION_CONTEXT() REPRESENTATION_CONTEXT('2D SPACE',''
  ) );
#2163 = ORIENTED_EDGE('',*,*,#2164,.T.);
#2164 = EDGE_CURVE('',#2137,#1830,#2165,.T.);
#2165 = SURFACE_CURVE('',#2166,(#2170,#2177),.PCURVE_S1.);
#2166 = LINE('',#2167,#2168);
#2167 = CARTESIAN_POINT('',(-16.,-80.,7.5));
#2168 = VECTOR('',#2169,1.);
#2169 = DIRECTION('',(1.,0.,0.));
#2170 = PCURVE('',#405,#2171);
#2171 = DEFINITIONAL_REPRESENTATION('',(#2172),#2176);
#2172 = LINE('',#2173,#2174);
#2173 = CARTESIAN_POINT('',(7.5,0.));
#2174 = VECTOR('',#2175,1.);
#2175 = DIRECTION('',(0.,1.));
#2176 = ( GEOMETRIC_REPRESENTATION_CONTEXT(2) 
PARAMETRIC_REPRESENTATION_CONTEXT() REPRESENTATION_CONTEXT('2D SPACE',''
  ) );
#2177 = PCURVE('',#1028,#2178);
#2178 = DEFINITIONAL_REPRESENTATION('',(#2179),#2183);
#2179 = LINE('',#2180,#2181);
#2180 = CARTESIAN_POINT('',(64.,-64.));
#2181 = VECTOR('',#2182,1.);
#2182 = DIRECTION('',(1.,0.));
#2183 = ( GEOMETRIC_REPRESENTATION_CONTEXT(2) 
PARAMETRIC_REPRESENTATION_CONTEXT() REPRESENTATION_CONTEXT('2D SPACE',''
  ) );
#2184 = ORIENTED_EDGE('',*,*,#1852,.F.);
#2185 = ADVANCED_FACE('',(#2186),#264,.T.);
#2186 = FACE_BOUND('',#2187,.T.);
#2187 = EDGE_LOOP('',(#2188,#2189,#2212,#2233));
#2188 = ORIENTED_EDGE('',*,*,#248,.F.);
#2189 = ORIENTED_EDGE('',*,*,#2190,.T.);
#2190 = EDGE_CURVE('',#249,#2191,#2193,.T.);
#2191 = VERTEX_POINT('',#2192);
#2192 = CARTESIAN_POINT('',(-80.,16.,7.5));
#2193 = SURFACE_CURVE('',#2194,(#2198,#2205),.PCURVE_S1.);
#2194 = LINE('',#2195,#2196);
#2195 = CARTESIAN_POINT('',(-80.,16.,0.));
#2196 = VECTOR('',#2197,1.);
#2197 = DIRECTION('',(0.,0.,1.));
#2198 = PCURVE('',#264,#2199);
#2199 = DEFINITIONAL_REPRESENTATION('',(#2200),#2204);
#2200 = LINE('',#2201,#2202);
#2201 = CARTESIAN_POINT('',(0.,0.));
#2202 = VECTOR('',#2203,1.);
#2203 = DIRECTION('',(1.,0.));
#2204 = ( GEOMETRIC_REPRESENTATION_CONTEXT(2) 
PARAMETRIC_REPRESENTATION_CONTEXT() REPRESENTATION_CONTEXT('2D SPACE',''
  ) );
#2205 = PCURVE('',#292,#2206);
#2206 = DEFINITIONAL_REPRESENTATION('',(#2207),#2211);
#2207 = LINE('',#2208,#2209);
#2208 = CARTESIAN_POINT('',(0.,-32.));
#2209 = VECTOR('',#2210,1.);
#2210 = DIRECTION('',(1.,0.));
#2211 = ( GEOMETRIC_REPRESENTATION_CONTEXT(2) 
PARAMETRIC_REPRESENTATION_CONTEXT() REPRESENTATION_CONTEXT('2D SPACE',''
  ) );
#2212 = ORIENTED_EDGE('',*,*,#2213,.T.);
#2213 = EDGE_CURVE('',#2191,#1881,#2214,.T.);
#2214 = SURFACE_CURVE('',#2215,(#2219,#2226),.PCURVE_S1.);
#2215 = LINE('',#2216,#2217);
#2216 = CARTESIAN_POINT('',(-80.,16.,7.5));
#2217 = VECTOR('',#2218,1.);
#2218 = DIRECTION('',(1.,0.,0.));
#2219 = PCURVE('',#264,#2220);
#2220 = DEFINITIONAL_REPRESENTATION('',(#2221),#2225);
#2221 = LINE('',#2222,#2223);
#2222 = CARTESIAN_POINT('',(7.5,0.));
#2223 = VECTOR('',#2224,1.);
#2224 = DIRECTION('',(0.,1.));
#2225 = ( GEOMETRIC_REPRESENTATION_CONTEXT(2) 
PARAMETRIC_REPRESENTATION_CONTEXT() REPRESENTATION_CONTEXT('2D SPACE',''
  ) );
#2226 = PCURVE('',#1028,#2227);
#2227 = DEFINITIONAL_REPRESENTATION('',(#2228),#2232);
#2228 = LINE('',#2229,#2230);
#2229 = CARTESIAN_POINT('',(0.,32.));
#2230 = VECTOR('',#2231,1.);
#2231 = DIRECTION('',(1.,0.));
#2232 = ( GEOMETRIC_REPRESENTATION_CONTEXT(2) 
PARAMETRIC_REPRESENTATION_CONTEXT() REPRESENTATION_CONTEXT('2D SPACE',''
  ) );
#2233 = ORIENTED_EDGE('',*,*,#1904,.T.);
#2234 = ADVANCED_FACE('',(#2235),#377,.F.);
#2235 = FACE_BOUND('',#2236,.F.);
#2236 = EDGE_LOOP('',(#2237,#2260,#2261,#2262));
#2237 = ORIENTED_EDGE('',*,*,#2238,.F.);
#2238 = EDGE_CURVE('',#1928,#2239,#2241,.T.);
#2239 = VERTEX_POINT('',#2240);
#2240 = CARTESIAN_POINT('',(-15.99999999999,-32.24903099319,7.5));
#2241 = SURFACE_CURVE('',#2242,(#2246,#2253),.PCURVE_S1.);
#2242 = LINE('',#2243,#2244);
#2243 = CARTESIAN_POINT('',(-16.,-80.,7.5));
#2244 = VECTOR('',#2245,1.);
#2245 = DIRECTION('',(0.,1.,0.));
#2246 = PCURVE('',#377,#2247);
#2247 = DEFINITIONAL_REPRESENTATION('',(#2248),#2252);
#2248 = LINE('',#2249,#2250);
#2249 = CARTESIAN_POINT('',(7.5,0.));
#2250 = VECTOR('',#2251,1.);
#2251 = DIRECTION('',(0.,-1.));
#2252 = ( GEOMETRIC_REPRESENTATION_CONTEXT(2) 
PARAMETRIC_REPRESENTATION_CONTEXT() REPRESENTATION_CONTEXT('2D SPACE',''
  ) );
#2253 = PCURVE('',#1028,#2254);
#2254 = DEFINITIONAL_REPRESENTATION('',(#2255),#2259);
#2255 = LINE('',#2256,#2257);
#2256 = CARTESIAN_POINT('',(64.,-64.));
#2257 = VECTOR('',#2258,1.);
#2258 = DIRECTION('',(0.,1.));
#2259 = ( GEOMETRIC_REPRESENTATION_CONTEXT(2) 
PARAMETRIC_REPRESENTATION_CONTEXT() REPRESENTATION_CONTEXT('2D SPACE',''
  ) );
#2260 = ORIENTED_EDGE('',*,*,#1927,.F.);
#2261 = ORIENTED_EDGE('',*,*,#361,.T.);
#2262 = ORIENTED_EDGE('',*,*,#2263,.F.);
#2263 = EDGE_CURVE('',#2239,#333,#2264,.T.);
#2264 = SURFACE_CURVE('',#2265,(#2269,#2275),.PCURVE_S1.);
#2265 = LINE('',#2266,#2267);
#2266 = CARTESIAN_POINT('',(-16.,-32.24903099319,0.));
#2267 = VECTOR('',#2268,1.);
#2268 = DIRECTION('',(-0.,-0.,-1.));
#2269 = PCURVE('',#377,#2270);
#2270 = DEFINITIONAL_REPRESENTATION('',(#2271),#2274);
#2271 = B_SPLINE_CURVE_WITH_KNOTS('',1,(#2272,#2273),.UNSPECIFIED.,.F.,
  .F.,(2,2),(-7.5000006,6.E-07),.PIECEWISE_BEZIER_KNOTS.);
#2272 = CARTESIAN_POINT('',(7.5000006,-47.7509690068));
#2273 = CARTESIAN_POINT('',(-6.E-07,-47.7509690068));
#2274 = ( GEOMETRIC_REPRESENTATION_CONTEXT(2) 
PARAMETRIC_REPRESENTATION_CONTEXT() REPRESENTATION_CONTEXT('2D SPACE',''
  ) );
#2275 = PCURVE('',#349,#2276);
#2276 = DEFINITIONAL_REPRESENTATION('',(#2277),#2280);
#2277 = B_SPLINE_CURVE_WITH_KNOTS('',1,(#2278,#2279),.UNSPECIFIED.,.F.,
  .F.,(2,2),(-7.5000006,6.E-07),.PIECEWISE_BEZIER_KNOTS.);
#2278 = CARTESIAN_POINT('',(-4.251834988703,-7.5000006));
#2279 = CARTESIAN_POINT('',(-4.251834988703,6.E-07));
#2280 = ( GEOMETRIC_REPRESENTATION_CONTEXT(2) 
PARAMETRIC_REPRESENTATION_CONTEXT() REPRESENTATION_CONTEXT('2D SPACE',''
  ) );
#2281 = ADVANCED_FACE('',(#2282),#292,.F.);
#2282 = FACE_BOUND('',#2283,.F.);
#2283 = EDGE_LOOP('',(#2284,#2307,#2308,#2309,#2332,#2360,#2388,#2416,
    #2439,#2467,#2495,#2523));
#2284 = ORIENTED_EDGE('',*,*,#2285,.F.);
#2285 = EDGE_CURVE('',#277,#2286,#2288,.T.);
#2286 = VERTEX_POINT('',#2287);
#2287 = CARTESIAN_POINT('',(-80.,-16.,7.5));
#2288 = SURFACE_CURVE('',#2289,(#2293,#2300),.PCURVE_S1.);
#2289 = LINE('',#2290,#2291);
#2290 = CARTESIAN_POINT('',(-80.,-16.,0.));
#2291 = VECTOR('',#2292,1.);
#2292 = DIRECTION('',(0.,0.,1.));
#2293 = PCURVE('',#292,#2294);
#2294 = DEFINITIONAL_REPRESENTATION('',(#2295),#2299);
#2295 = LINE('',#2296,#2297);
#2296 = CARTESIAN_POINT('',(0.,0.));
#2297 = VECTOR('',#2298,1.);
#2298 = DIRECTION('',(1.,0.));
#2299 = ( GEOMETRIC_REPRESENTATION_CONTEXT(2) 
PARAMETRIC_REPRESENTATION_CONTEXT() REPRESENTATION_CONTEXT('2D SPACE',''
  ) );
#2300 = PCURVE('',#320,#2301);
#2301 = DEFINITIONAL_REPRESENTATION('',(#2302),#2306);
#2302 = LINE('',#2303,#2304);
#2303 = CARTESIAN_POINT('',(0.,0.));
#2304 = VECTOR('',#2305,1.);
#2305 = DIRECTION('',(1.,0.));
#2306 = ( GEOMETRIC_REPRESENTATION_CONTEXT(2) 
PARAMETRIC_REPRESENTATION_CONTEXT() REPRESENTATION_CONTEXT('2D SPACE',''
  ) );
#2307 = ORIENTED_EDGE('',*,*,#276,.T.);
#2308 = ORIENTED_EDGE('',*,*,#2190,.T.);
#2309 = ORIENTED_EDGE('',*,*,#2310,.F.);
#2310 = EDGE_CURVE('',#2311,#2191,#2313,.T.);
#2311 = VERTEX_POINT('',#2312);
#2312 = CARTESIAN_POINT('',(-80.,8.3,7.5));
#2313 = SURFACE_CURVE('',#2314,(#2318,#2325),.PCURVE_S1.);
#2314 = LINE('',#2315,#2316);
#2315 = CARTESIAN_POINT('',(-80.,-16.,7.5));
#2316 = VECTOR('',#2317,1.);
#2317 = DIRECTION('',(0.,1.,0.));
#2318 = PCURVE('',#292,#2319);
#2319 = DEFINITIONAL_REPRESENTATION('',(#2320),#2324);
#2320 = LINE('',#2321,#2322);
#2321 = CARTESIAN_POINT('',(7.5,0.));
#2322 = VECTOR('',#2323,1.);
#2323 = DIRECTION('',(0.,-1.));
#2324 = ( GEOMETRIC_REPRESENTATION_CONTEXT(2) 
PARAMETRIC_REPRESENTATION_CONTEXT() REPRESENTATION_CONTEXT('2D SPACE',''
  ) );
#2325 = PCURVE('',#1028,#2326);
#2326 = DEFINITIONAL_REPRESENTATION('',(#2327),#2331);
#2327 = LINE('',#2328,#2329);
#2328 = CARTESIAN_POINT('',(0.,0.));
#2329 = VECTOR('',#2330,1.);
#2330 = DIRECTION('',(0.,1.));
#2331 = ( GEOMETRIC_REPRESENTATION_CONTEXT(2) 
PARAMETRIC_REPRESENTATION_CONTEXT() REPRESENTATION_CONTEXT('2D SPACE',''
  ) );
#2332 = ORIENTED_EDGE('',*,*,#2333,.T.);
#2333 = EDGE_CURVE('',#2311,#2334,#2336,.T.);
#2334 = VERTEX_POINT('',#2335);
#2335 = CARTESIAN_POINT('',(-80.,8.3,37.5));
#2336 = SURFACE_CURVE('',#2337,(#2341,#2348),.PCURVE_S1.);
#2337 = LINE('',#2338,#2339);
#2338 = CARTESIAN_POINT('',(-80.,8.3,7.5));
#2339 = VECTOR('',#2340,1.);
#2340 = DIRECTION('',(0.,0.,1.));
#2341 = PCURVE('',#292,#2342);
#2342 = DEFINITIONAL_REPRESENTATION('',(#2343),#2347);
#2343 = LINE('',#2344,#2345);
#2344 = CARTESIAN_POINT('',(7.5,-24.3));
#2345 = VECTOR('',#2346,1.);
#2346 = DIRECTION('',(1.,0.));
#2347 = ( GEOMETRIC_REPRESENTATION_CONTEXT(2) 
PARAMETRIC_REPRESENTATION_CONTEXT() REPRESENTATION_CONTEXT('2D SPACE',''
  ) );
#2348 = PCURVE('',#2349,#2354);
#2349 = PLANE('',#2350);
#2350 = AXIS2_PLACEMENT_3D('',#2351,#2352,#2353);
#2351 = CARTESIAN_POINT('',(-60.,8.3,7.5));
#2352 = DIRECTION('',(-1.224646799147E-16,-1.,0.));
#2353 = DIRECTION('',(0.,0.,1.));
#2354 = DEFINITIONAL_REPRESENTATION('',(#2355),#2359);
#2355 = LINE('',#2356,#2357);
#2356 = CARTESIAN_POINT('',(0.,20.));
#2357 = VECTOR('',#2358,1.);
#2358 = DIRECTION('',(1.,0.));
#2359 = ( GEOMETRIC_REPRESENTATION_CONTEXT(2) 
PARAMETRIC_REPRESENTATION_CONTEXT() REPRESENTATION_CONTEXT('2D SPACE',''
  ) );
#2360 = ORIENTED_EDGE('',*,*,#2361,.T.);
#2361 = EDGE_CURVE('',#2334,#2362,#2364,.T.);
#2362 = VERTEX_POINT('',#2363);
#2363 = CARTESIAN_POINT('',(-80.,4.1,37.5));
#2364 = SURFACE_CURVE('',#2365,(#2369,#2376),.PCURVE_S1.);
#2365 = LINE('',#2366,#2367);
#2366 = CARTESIAN_POINT('',(-80.,8.3,37.5));
#2367 = VECTOR('',#2368,1.);
#2368 = DIRECTION('',(-1.224646799147E-16,-1.,0.));
#2369 = PCURVE('',#292,#2370);
#2370 = DEFINITIONAL_REPRESENTATION('',(#2371),#2375);
#2371 = LINE('',#2372,#2373);
#2372 = CARTESIAN_POINT('',(37.5,-24.3));
#2373 = VECTOR('',#2374,1.);
#2374 = DIRECTION('',(0.,1.));
#2375 = ( GEOMETRIC_REPRESENTATION_CONTEXT(2) 
PARAMETRIC_REPRESENTATION_CONTEXT() REPRESENTATION_CONTEXT('2D SPACE',''
  ) );
#2376 = PCURVE('',#2377,#2382);
#2377 = PLANE('',#2378);
#2378 = AXIS2_PLACEMENT_3D('',#2379,#2380,#2381);
#2379 = CARTESIAN_POINT('',(-60.,8.3,37.5));
#2380 = DIRECTION('',(0.,0.,1.));
#2381 = DIRECTION('',(-1.,1.224646799147E-16,0.));
#2382 = DEFINITIONAL_REPRESENTATION('',(#2383),#2387);
#2383 = LINE('',#2384,#2385);
#2384 = CARTESIAN_POINT('',(20.,-1.103420080506E-15));
#2385 = VECTOR('',#2386,1.);
#2386 = DIRECTION('',(0.,1.));
#2387 = ( GEOMETRIC_REPRESENTATION_CONTEXT(2) 
PARAMETRIC_REPRESENTATION_CONTEXT() REPRESENTATION_CONTEXT('2D SPACE',''
  ) );
#2388 = ORIENTED_EDGE('',*,*,#2389,.F.);
#2389 = EDGE_CURVE('',#2390,#2362,#2392,.T.);
#2390 = VERTEX_POINT('',#2391);
#2391 = CARTESIAN_POINT('',(-80.,4.1,7.5));
#2392 = SURFACE_CURVE('',#2393,(#2397,#2404),.PCURVE_S1.);
#2393 = LINE('',#2394,#2395);
#2394 = CARTESIAN_POINT('',(-80.,4.1,7.5));
#2395 = VECTOR('',#2396,1.);
#2396 = DIRECTION('',(0.,0.,1.));
#2397 = PCURVE('',#292,#2398);
#2398 = DEFINITIONAL_REPRESENTATION('',(#2399),#2403);
#2399 = LINE('',#2400,#2401);
#2400 = CARTESIAN_POINT('',(7.5,-20.1));
#2401 = VECTOR('',#2402,1.);
#2402 = DIRECTION('',(1.,0.));
#2403 = ( GEOMETRIC_REPRESENTATION_CONTEXT(2) 
PARAMETRIC_REPRESENTATION_CONTEXT() REPRESENTATION_CONTEXT('2D SPACE',''
  ) );
#2404 = PCURVE('',#2405,#2410);
#2405 = PLANE('',#2406);
#2406 = AXIS2_PLACEMENT_3D('',#2407,#2408,#2409);
#2407 = CARTESIAN_POINT('',(-60.,4.1,7.5));
#2408 = DIRECTION('',(-1.224646799147E-16,-1.,0.));
#2409 = DIRECTION('',(0.,0.,1.));
#2410 = DEFINITIONAL_REPRESENTATION('',(#2411),#2415);
#2411 = LINE('',#2412,#2413);
#2412 = CARTESIAN_POINT('',(0.,20.));
#2413 = VECTOR('',#2414,1.);
#2414 = DIRECTION('',(1.,0.));
#2415 = ( GEOMETRIC_REPRESENTATION_CONTEXT(2) 
PARAMETRIC_REPRESENTATION_CONTEXT() REPRESENTATION_CONTEXT('2D SPACE',''
  ) );
#2416 = ORIENTED_EDGE('',*,*,#2417,.F.);
#2417 = EDGE_CURVE('',#2418,#2390,#2420,.T.);
#2418 = VERTEX_POINT('',#2419);
#2419 = CARTESIAN_POINT('',(-80.,-4.1,7.5));
#2420 = SURFACE_CURVE('',#2421,(#2425,#2432),.PCURVE_S1.);
#2421 = LINE('',#2422,#2423);
#2422 = CARTESIAN_POINT('',(-80.,-16.,7.5));
#2423 = VECTOR('',#2424,1.);
#2424 = DIRECTION('',(0.,1.,0.));
#2425 = PCURVE('',#292,#2426);
#2426 = DEFINITIONAL_REPRESENTATION('',(#2427),#2431);
#2427 = LINE('',#2428,#2429);
#2428 = CARTESIAN_POINT('',(7.5,0.));
#2429 = VECTOR('',#2430,1.);
#2430 = DIRECTION('',(0.,-1.));
#2431 = ( GEOMETRIC_REPRESENTATION_CONTEXT(2) 
PARAMETRIC_REPRESENTATION_CONTEXT() REPRESENTATION_CONTEXT('2D SPACE',''
  ) );
#2432 = PCURVE('',#1028,#2433);
#2433 = DEFINITIONAL_REPRESENTATION('',(#2434),#2438);
#2434 = LINE('',#2435,#2436);
#2435 = CARTESIAN_POINT('',(0.,0.));
#2436 = VECTOR('',#2437,1.);
#2437 = DIRECTION('',(0.,1.));
#2438 = ( GEOMETRIC_REPRESENTATION_CONTEXT(2) 
PARAMETRIC_REPRESENTATION_CONTEXT() REPRESENTATION_CONTEXT('2D SPACE',''
  ) );
#2439 = ORIENTED_EDGE('',*,*,#2440,.T.);
#2440 = EDGE_CURVE('',#2418,#2441,#2443,.T.);
#2441 = VERTEX_POINT('',#2442);
#2442 = CARTESIAN_POINT('',(-80.,-4.1,37.5));
#2443 = SURFACE_CURVE('',#2444,(#2448,#2455),.PCURVE_S1.);
#2444 = LINE('',#2445,#2446);
#2445 = CARTESIAN_POINT('',(-80.,-4.1,7.5));
#2446 = VECTOR('',#2447,1.);
#2447 = DIRECTION('',(0.,0.,1.));
#2448 = PCURVE('',#292,#2449);
#2449 = DEFINITIONAL_REPRESENTATION('',(#2450),#2454);
#2450 = LINE('',#2451,#2452);
#2451 = CARTESIAN_POINT('',(7.5,-11.9));
#2452 = VECTOR('',#2453,1.);
#2453 = DIRECTION('',(1.,0.));
#2454 = ( GEOMETRIC_REPRESENTATION_CONTEXT(2) 
PARAMETRIC_REPRESENTATION_CONTEXT() REPRESENTATION_CONTEXT('2D SPACE',''
  ) );
#2455 = PCURVE('',#2456,#2461);
#2456 = PLANE('',#2457);
#2457 = AXIS2_PLACEMENT_3D('',#2458,#2459,#2460);
#2458 = CARTESIAN_POINT('',(-60.,-4.1,7.5));
#2459 = DIRECTION('',(-1.224646799147E-16,-1.,0.));
#2460 = DIRECTION('',(0.,0.,1.));
#2461 = DEFINITIONAL_REPRESENTATION('',(#2462),#2466);
#2462 = LINE('',#2463,#2464);
#2463 = CARTESIAN_POINT('',(0.,20.));
#2464 = VECTOR('',#2465,1.);
#2465 = DIRECTION('',(1.,0.));
#2466 = ( GEOMETRIC_REPRESENTATION_CONTEXT(2) 
PARAMETRIC_REPRESENTATION_CONTEXT() REPRESENTATION_CONTEXT('2D SPACE',''
  ) );
#2467 = ORIENTED_EDGE('',*,*,#2468,.T.);
#2468 = EDGE_CURVE('',#2441,#2469,#2471,.T.);
#2469 = VERTEX_POINT('',#2470);
#2470 = CARTESIAN_POINT('',(-80.,-8.3,37.5));
#2471 = SURFACE_CURVE('',#2472,(#2476,#2483),.PCURVE_S1.);
#2472 = LINE('',#2473,#2474);
#2473 = CARTESIAN_POINT('',(-80.,-4.1,37.5));
#2474 = VECTOR('',#2475,1.);
#2475 = DIRECTION('',(-1.224646799147E-16,-1.,0.));
#2476 = PCURVE('',#292,#2477);
#2477 = DEFINITIONAL_REPRESENTATION('',(#2478),#2482);
#2478 = LINE('',#2479,#2480);
#2479 = CARTESIAN_POINT('',(37.5,-11.9));
#2480 = VECTOR('',#2481,1.);
#2481 = DIRECTION('',(0.,1.));
#2482 = ( GEOMETRIC_REPRESENTATION_CONTEXT(2) 
PARAMETRIC_REPRESENTATION_CONTEXT() REPRESENTATION_CONTEXT('2D SPACE',''
  ) );
#2483 = PCURVE('',#2484,#2489);
#2484 = PLANE('',#2485);
#2485 = AXIS2_PLACEMENT_3D('',#2486,#2487,#2488);
#2486 = CARTESIAN_POINT('',(-60.,-4.1,37.5));
#2487 = DIRECTION('',(0.,0.,1.));
#2488 = DIRECTION('',(-1.,1.224646799147E-16,0.));
#2489 = DEFINITIONAL_REPRESENTATION('',(#2490),#2494);
#2490 = LINE('',#2491,#2492);
#2491 = CARTESIAN_POINT('',(20.,-2.152416608057E-16));
#2492 = VECTOR('',#2493,1.);
#2493 = DIRECTION('',(0.,1.));
#2494 = ( GEOMETRIC_REPRESENTATION_CONTEXT(2) 
PARAMETRIC_REPRESENTATION_CONTEXT() REPRESENTATION_CONTEXT('2D SPACE',''
  ) );
#2495 = ORIENTED_EDGE('',*,*,#2496,.F.);
#2496 = EDGE_CURVE('',#2497,#2469,#2499,.T.);
#2497 = VERTEX_POINT('',#2498);
#2498 = CARTESIAN_POINT('',(-80.,-8.3,7.5));
#2499 = SURFACE_CURVE('',#2500,(#2504,#2511),.PCURVE_S1.);
#2500 = LINE('',#2501,#2502);
#2501 = CARTESIAN_POINT('',(-80.,-8.3,7.5));
#2502 = VECTOR('',#2503,1.);
#2503 = DIRECTION('',(0.,0.,1.));
#2504 = PCURVE('',#292,#2505);
#2505 = DEFINITIONAL_REPRESENTATION('',(#2506),#2510);
#2506 = LINE('',#2507,#2508);
#2507 = CARTESIAN_POINT('',(7.5,-7.7));
#2508 = VECTOR('',#2509,1.);
#2509 = DIRECTION('',(1.,0.));
#2510 = ( GEOMETRIC_REPRESENTATION_CONTEXT(2) 
PARAMETRIC_REPRESENTATION_CONTEXT() REPRESENTATION_CONTEXT('2D SPACE',''
  ) );
#2511 = PCURVE('',#2512,#2517);
#2512 = PLANE('',#2513);
#2513 = AXIS2_PLACEMENT_3D('',#2514,#2515,#2516);
#2514 = CARTESIAN_POINT('',(-60.,-8.3,7.5));
#2515 = DIRECTION('',(-1.224646799147E-16,-1.,0.));
#2516 = DIRECTION('',(0.,0.,1.));
#2517 = DEFINITIONAL_REPRESENTATION('',(#2518),#2522);
#2518 = LINE('',#2519,#2520);
#2519 = CARTESIAN_POINT('',(0.,20.));
#2520 = VECTOR('',#2521,1.);
#2521 = DIRECTION('',(1.,0.));
#2522 = ( GEOMETRIC_REPRESENTATION_CONTEXT(2) 
PARAMETRIC_REPRESENTATION_CONTEXT() REPRESENTATION_CONTEXT('2D SPACE',''
  ) );
#2523 = ORIENTED_EDGE('',*,*,#2524,.F.);
#2524 = EDGE_CURVE('',#2286,#2497,#2525,.T.);
#2525 = SURFACE_CURVE('',#2526,(#2530,#2537),.PCURVE_S1.);
#2526 = LINE('',#2527,#2528);
#2527 = CARTESIAN_POINT('',(-80.,-16.,7.5));
#2528 = VECTOR('',#2529,1.);
#2529 = DIRECTION('',(0.,1.,0.));
#2530 = PCURVE('',#292,#2531);
#2531 = DEFINITIONAL_REPRESENTATION('',(#2532),#2536);
#2532 = LINE('',#2533,#2534);
#2533 = CARTESIAN_POINT('',(7.5,0.));
#2534 = VECTOR('',#2535,1.);
#2535 = DIRECTION('',(0.,-1.));
#2536 = ( GEOMETRIC_REPRESENTATION_CONTEXT(2) 
PARAMETRIC_REPRESENTATION_CONTEXT() REPRESENTATION_CONTEXT('2D SPACE',''
  ) );
#2537 = PCURVE('',#1028,#2538);
#2538 = DEFINITIONAL_REPRESENTATION('',(#2539),#2543);
#2539 = LINE('',#2540,#2541);
#2540 = CARTESIAN_POINT('',(0.,0.));
#2541 = VECTOR('',#2542,1.);
#2542 = DIRECTION('',(0.,1.));
#2543 = ( GEOMETRIC_REPRESENTATION_CONTEXT(2) 
PARAMETRIC_REPRESENTATION_CONTEXT() REPRESENTATION_CONTEXT('2D SPACE',''
  ) );
#2544 = ADVANCED_FACE('',(#2545),#349,.T.);
#2545 = FACE_BOUND('',#2546,.F.);
#2546 = EDGE_LOOP('',(#2547,#2571,#2572,#2573));
#2547 = ORIENTED_EDGE('',*,*,#2548,.T.);
#2548 = EDGE_CURVE('',#2549,#2239,#2551,.T.);
#2549 = VERTEX_POINT('',#2550);
#2550 = CARTESIAN_POINT('',(-32.24903099319,-16.,7.5));
#2551 = SURFACE_CURVE('',#2552,(#2557,#2564),.PCURVE_S1.);
#2552 = CIRCLE('',#2553,36.);
#2553 = AXIS2_PLACEMENT_3D('',#2554,#2555,#2556);
#2554 = CARTESIAN_POINT('',(0.,0.,7.5));
#2555 = DIRECTION('',(0.,0.,1.));
#2556 = DIRECTION('',(1.,0.,0.));
#2557 = PCURVE('',#349,#2558);
#2558 = DEFINITIONAL_REPRESENTATION('',(#2559),#2563);
#2559 = LINE('',#2560,#2561);
#2560 = CARTESIAN_POINT('',(-0.,-7.5));
#2561 = VECTOR('',#2562,1.);
#2562 = DIRECTION('',(-1.,0.));
#2563 = ( GEOMETRIC_REPRESENTATION_CONTEXT(2) 
PARAMETRIC_REPRESENTATION_CONTEXT() REPRESENTATION_CONTEXT('2D SPACE',''
  ) );
#2564 = PCURVE('',#1028,#2565);
#2565 = DEFINITIONAL_REPRESENTATION('',(#2566),#2570);
#2566 = CIRCLE('',#2567,36.);
#2567 = AXIS2_PLACEMENT_2D('',#2568,#2569);
#2568 = CARTESIAN_POINT('',(80.,16.));
#2569 = DIRECTION('',(1.,0.));
#2570 = ( GEOMETRIC_REPRESENTATION_CONTEXT(2) 
PARAMETRIC_REPRESENTATION_CONTEXT() REPRESENTATION_CONTEXT('2D SPACE',''
  ) );
#2571 = ORIENTED_EDGE('',*,*,#2263,.T.);
#2572 = ORIENTED_EDGE('',*,*,#332,.F.);
#2573 = ORIENTED_EDGE('',*,*,#2574,.F.);
#2574 = EDGE_CURVE('',#2549,#305,#2575,.T.);
#2575 = SURFACE_CURVE('',#2576,(#2580,#2586),.PCURVE_S1.);
#2576 = LINE('',#2577,#2578);
#2577 = CARTESIAN_POINT('',(-32.24903099319,-16.,0.));
#2578 = VECTOR('',#2579,1.);
#2579 = DIRECTION('',(-0.,-0.,-1.));
#2580 = PCURVE('',#349,#2581);
#2581 = DEFINITIONAL_REPRESENTATION('',(#2582),#2585);
#2582 = B_SPLINE_CURVE_WITH_KNOTS('',1,(#2583,#2584),.UNSPECIFIED.,.F.,
  .F.,(2,2),(-7.5000006,6.E-07),.PIECEWISE_BEZIER_KNOTS.);
#2583 = CARTESIAN_POINT('',(-3.602146645271,-7.5000006));
#2584 = CARTESIAN_POINT('',(-3.602146645271,6.E-07));
#2585 = ( GEOMETRIC_REPRESENTATION_CONTEXT(2) 
PARAMETRIC_REPRESENTATION_CONTEXT() REPRESENTATION_CONTEXT('2D SPACE',''
  ) );
#2586 = PCURVE('',#320,#2587);
#2587 = DEFINITIONAL_REPRESENTATION('',(#2588),#2591);
#2588 = B_SPLINE_CURVE_WITH_KNOTS('',1,(#2589,#2590),.UNSPECIFIED.,.F.,
  .F.,(2,2),(-7.5000006,6.E-07),.PIECEWISE_BEZIER_KNOTS.);
#2589 = CARTESIAN_POINT('',(7.5000006,47.750969006806));
#2590 = CARTESIAN_POINT('',(-6.E-07,47.750969006806));
#2591 = ( GEOMETRIC_REPRESENTATION_CONTEXT(2) 
PARAMETRIC_REPRESENTATION_CONTEXT() REPRESENTATION_CONTEXT('2D SPACE',''
  ) );
#2592 = ADVANCED_FACE('',(#2593),#320,.F.);
#2593 = FACE_BOUND('',#2594,.F.);
#2594 = EDGE_LOOP('',(#2595,#2596,#2597,#2618));
#2595 = ORIENTED_EDGE('',*,*,#304,.F.);
#2596 = ORIENTED_EDGE('',*,*,#2285,.T.);
#2597 = ORIENTED_EDGE('',*,*,#2598,.T.);
#2598 = EDGE_CURVE('',#2286,#2549,#2599,.T.);
#2599 = SURFACE_CURVE('',#2600,(#2604,#2611),.PCURVE_S1.);
#2600 = LINE('',#2601,#2602);
#2601 = CARTESIAN_POINT('',(-80.,-16.,7.5));
#2602 = VECTOR('',#2603,1.);
#2603 = DIRECTION('',(1.,0.,0.));
#2604 = PCURVE('',#320,#2605);
#2605 = DEFINITIONAL_REPRESENTATION('',(#2606),#2610);
#2606 = LINE('',#2607,#2608);
#2607 = CARTESIAN_POINT('',(7.5,0.));
#2608 = VECTOR('',#2609,1.);
#2609 = DIRECTION('',(0.,1.));
#2610 = ( GEOMETRIC_REPRESENTATION_CONTEXT(2) 
PARAMETRIC_REPRESENTATION_CONTEXT() REPRESENTATION_CONTEXT('2D SPACE',''
  ) );
#2611 = PCURVE('',#1028,#2612);
#2612 = DEFINITIONAL_REPRESENTATION('',(#2613),#2617);
#2613 = LINE('',#2614,#2615);
#2614 = CARTESIAN_POINT('',(0.,0.));
#2615 = VECTOR('',#2616,1.);
#2616 = DIRECTION('',(1.,0.));
#2617 = ( GEOMETRIC_REPRESENTATION_CONTEXT(2) 
PARAMETRIC_REPRESENTATION_CONTEXT() REPRESENTATION_CONTEXT('2D SPACE',''
  ) );
#2618 = ORIENTED_EDGE('',*,*,#2574,.T.);
#2619 = ADVANCED_FACE('',(#2620),#547,.T.);
#2620 = FACE_BOUND('',#2621,.T.);
#2621 = EDGE_LOOP('',(#2622,#2645,#2646,#2669));
#2622 = ORIENTED_EDGE('',*,*,#2623,.F.);
#2623 = EDGE_CURVE('',#531,#2624,#2626,.T.);
#2624 = VERTEX_POINT('',#2625);
#2625 = CARTESIAN_POINT('',(-7.,-47.,7.5));
#2626 = SURFACE_CURVE('',#2627,(#2631,#2638),.PCURVE_S1.);
#2627 = LINE('',#2628,#2629);
#2628 = CARTESIAN_POINT('',(-7.,-47.,-1.));
#2629 = VECTOR('',#2630,1.);
#2630 = DIRECTION('',(0.,0.,1.));
#2631 = PCURVE('',#547,#2632);
#2632 = DEFINITIONAL_REPRESENTATION('',(#2633),#2637);
#2633 = LINE('',#2634,#2635);
#2634 = CARTESIAN_POINT('',(0.,6.));
#2635 = VECTOR('',#2636,1.);
#2636 = DIRECTION('',(1.,0.));
#2637 = ( GEOMETRIC_REPRESENTATION_CONTEXT(2) 
PARAMETRIC_REPRESENTATION_CONTEXT() REPRESENTATION_CONTEXT('2D SPACE',''
  ) );
#2638 = PCURVE('',#623,#2639);
#2639 = DEFINITIONAL_REPRESENTATION('',(#2640),#2644);
#2640 = LINE('',#2641,#2642);
#2641 = CARTESIAN_POINT('',(0.,0.));
#2642 = VECTOR('',#2643,1.);
#2643 = DIRECTION('',(1.,0.));
#2644 = ( GEOMETRIC_REPRESENTATION_CONTEXT(2) 
PARAMETRIC_REPRESENTATION_CONTEXT() REPRESENTATION_CONTEXT('2D SPACE',''
  ) );
#2645 = ORIENTED_EDGE('',*,*,#530,.T.);
#2646 = ORIENTED_EDGE('',*,*,#2647,.T.);
#2647 = EDGE_CURVE('',#533,#2648,#2650,.T.);
#2648 = VERTEX_POINT('',#2649);
#2649 = CARTESIAN_POINT('',(-7.,-41.,7.5));
#2650 = SURFACE_CURVE('',#2651,(#2655,#2662),.PCURVE_S1.);
#2651 = LINE('',#2652,#2653);
#2652 = CARTESIAN_POINT('',(-7.,-41.,-1.));
#2653 = VECTOR('',#2654,1.);
#2654 = DIRECTION('',(0.,0.,1.));
#2655 = PCURVE('',#547,#2656);
#2656 = DEFINITIONAL_REPRESENTATION('',(#2657),#2661);
#2657 = LINE('',#2658,#2659);
#2658 = CARTESIAN_POINT('',(0.,0.));
#2659 = VECTOR('',#2660,1.);
#2660 = DIRECTION('',(1.,0.));
#2661 = ( GEOMETRIC_REPRESENTATION_CONTEXT(2) 
PARAMETRIC_REPRESENTATION_CONTEXT() REPRESENTATION_CONTEXT('2D SPACE',''
  ) );
#2662 = PCURVE('',#573,#2663);
#2663 = DEFINITIONAL_REPRESENTATION('',(#2664),#2668);
#2664 = LINE('',#2665,#2666);
#2665 = CARTESIAN_POINT('',(0.,0.));
#2666 = VECTOR('',#2667,1.);
#2667 = DIRECTION('',(1.,0.));
#2668 = ( GEOMETRIC_REPRESENTATION_CONTEXT(2) 
PARAMETRIC_REPRESENTATION_CONTEXT() REPRESENTATION_CONTEXT('2D SPACE',''
  ) );
#2669 = ORIENTED_EDGE('',*,*,#2670,.F.);
#2670 = EDGE_CURVE('',#2624,#2648,#2671,.T.);
#2671 = SURFACE_CURVE('',#2672,(#2676,#2682),.PCURVE_S1.);
#2672 = LINE('',#2673,#2674);
#2673 = CARTESIAN_POINT('',(-7.,-28.5,7.5));
#2674 = VECTOR('',#2675,1.);
#2675 = DIRECTION('',(2.22044604925E-16,1.,-0.));
#2676 = PCURVE('',#547,#2677);
#2677 = DEFINITIONAL_REPRESENTATION('',(#2678),#2681);
#2678 = B_SPLINE_CURVE_WITH_KNOTS('',1,(#2679,#2680),.UNSPECIFIED.,.F.,
  .F.,(2,2),(-18.5,-12.5),.PIECEWISE_BEZIER_KNOTS.);
#2679 = CARTESIAN_POINT('',(8.5,6.));
#2680 = CARTESIAN_POINT('',(8.5,0.));
#2681 = ( GEOMETRIC_REPRESENTATION_CONTEXT(2) 
PARAMETRIC_REPRESENTATION_CONTEXT() REPRESENTATION_CONTEXT('2D SPACE',''
  ) );
#2682 = PCURVE('',#1028,#2683);
#2683 = DEFINITIONAL_REPRESENTATION('',(#2684),#2687);
#2684 = B_SPLINE_CURVE_WITH_KNOTS('',1,(#2685,#2686),.UNSPECIFIED.,.F.,
  .F.,(2,2),(-18.5,-12.5),.PIECEWISE_BEZIER_KNOTS.);
#2685 = CARTESIAN_POINT('',(73.,-31.));
#2686 = CARTESIAN_POINT('',(73.,-25.));
#2687 = ( GEOMETRIC_REPRESENTATION_CONTEXT(2) 
PARAMETRIC_REPRESENTATION_CONTEXT() REPRESENTATION_CONTEXT('2D SPACE',''
  ) );
#2688 = ADVANCED_FACE('',(#2689),#623,.F.);
#2689 = FACE_BOUND('',#2690,.F.);
#2690 = EDGE_LOOP('',(#2691,#2692,#2693,#2716));
#2691 = ORIENTED_EDGE('',*,*,#2623,.F.);
#2692 = ORIENTED_EDGE('',*,*,#610,.T.);
#2693 = ORIENTED_EDGE('',*,*,#2694,.T.);
#2694 = EDGE_CURVE('',#585,#2695,#2697,.T.);
#2695 = VERTEX_POINT('',#2696);
#2696 = CARTESIAN_POINT('',(7.,-47.,7.5));
#2697 = SURFACE_CURVE('',#2698,(#2702,#2709),.PCURVE_S1.);
#2698 = LINE('',#2699,#2700);
#2699 = CARTESIAN_POINT('',(7.,-47.,-1.));
#2700 = VECTOR('',#2701,1.);
#2701 = DIRECTION('',(0.,0.,1.));
#2702 = PCURVE('',#623,#2703);
#2703 = DEFINITIONAL_REPRESENTATION('',(#2704),#2708);
#2704 = LINE('',#2705,#2706);
#2705 = CARTESIAN_POINT('',(0.,-14.));
#2706 = VECTOR('',#2707,1.);
#2707 = DIRECTION('',(1.,0.));
#2708 = ( GEOMETRIC_REPRESENTATION_CONTEXT(2) 
PARAMETRIC_REPRESENTATION_CONTEXT() REPRESENTATION_CONTEXT('2D SPACE',''
  ) );
#2709 = PCURVE('',#599,#2710);
#2710 = DEFINITIONAL_REPRESENTATION('',(#2711),#2715);
#2711 = LINE('',#2712,#2713);
#2712 = CARTESIAN_POINT('',(0.,6.));
#2713 = VECTOR('',#2714,1.);
#2714 = DIRECTION('',(1.,0.));
#2715 = ( GEOMETRIC_REPRESENTATION_CONTEXT(2) 
PARAMETRIC_REPRESENTATION_CONTEXT() REPRESENTATION_CONTEXT('2D SPACE',''
  ) );
#2716 = ORIENTED_EDGE('',*,*,#2717,.F.);
#2717 = EDGE_CURVE('',#2624,#2695,#2718,.T.);
#2718 = SURFACE_CURVE('',#2719,(#2723,#2729),.PCURVE_S1.);
#2719 = LINE('',#2720,#2721);
#2720 = CARTESIAN_POINT('',(-43.5,-47.,7.5));
#2721 = VECTOR('',#2722,1.);
#2722 = DIRECTION('',(1.,-2.22044604925E-16,0.));
#2723 = PCURVE('',#623,#2724);
#2724 = DEFINITIONAL_REPRESENTATION('',(#2725),#2728);
#2725 = B_SPLINE_CURVE_WITH_KNOTS('',1,(#2726,#2727),.UNSPECIFIED.,.F.,
  .F.,(2,2),(36.5,50.5),.PIECEWISE_BEZIER_KNOTS.);
#2726 = CARTESIAN_POINT('',(8.5,0.));
#2727 = CARTESIAN_POINT('',(8.5,-14.));
#2728 = ( GEOMETRIC_REPRESENTATION_CONTEXT(2) 
PARAMETRIC_REPRESENTATION_CONTEXT() REPRESENTATION_CONTEXT('2D SPACE',''
  ) );
#2729 = PCURVE('',#1028,#2730);
#2730 = DEFINITIONAL_REPRESENTATION('',(#2731),#2734);
#2731 = B_SPLINE_CURVE_WITH_KNOTS('',1,(#2732,#2733),.UNSPECIFIED.,.F.,
  .F.,(2,2),(36.5,50.5),.PIECEWISE_BEZIER_KNOTS.);
#2732 = CARTESIAN_POINT('',(73.,-31.));
#2733 = CARTESIAN_POINT('',(87.,-31.));
#2734 = ( GEOMETRIC_REPRESENTATION_CONTEXT(2) 
PARAMETRIC_REPRESENTATION_CONTEXT() REPRESENTATION_CONTEXT('2D SPACE',''
  ) );
#2735 = ADVANCED_FACE('',(#2736),#573,.T.);
#2736 = FACE_BOUND('',#2737,.T.);
#2737 = EDGE_LOOP('',(#2738,#2739,#2740,#2763));
#2738 = ORIENTED_EDGE('',*,*,#2647,.F.);
#2739 = ORIENTED_EDGE('',*,*,#558,.T.);
#2740 = ORIENTED_EDGE('',*,*,#2741,.T.);
#2741 = EDGE_CURVE('',#559,#2742,#2744,.T.);
#2742 = VERTEX_POINT('',#2743);
#2743 = CARTESIAN_POINT('',(7.,-41.,7.5));
#2744 = SURFACE_CURVE('',#2745,(#2749,#2756),.PCURVE_S1.);
#2745 = LINE('',#2746,#2747);
#2746 = CARTESIAN_POINT('',(7.,-41.,-1.));
#2747 = VECTOR('',#2748,1.);
#2748 = DIRECTION('',(0.,0.,1.));
#2749 = PCURVE('',#573,#2750);
#2750 = DEFINITIONAL_REPRESENTATION('',(#2751),#2755);
#2751 = LINE('',#2752,#2753);
#2752 = CARTESIAN_POINT('',(0.,-14.));
#2753 = VECTOR('',#2754,1.);
#2754 = DIRECTION('',(1.,0.));
#2755 = ( GEOMETRIC_REPRESENTATION_CONTEXT(2) 
PARAMETRIC_REPRESENTATION_CONTEXT() REPRESENTATION_CONTEXT('2D SPACE',''
  ) );
#2756 = PCURVE('',#599,#2757);
#2757 = DEFINITIONAL_REPRESENTATION('',(#2758),#2762);
#2758 = LINE('',#2759,#2760);
#2759 = CARTESIAN_POINT('',(0.,0.));
#2760 = VECTOR('',#2761,1.);
#2761 = DIRECTION('',(1.,0.));
#2762 = ( GEOMETRIC_REPRESENTATION_CONTEXT(2) 
PARAMETRIC_REPRESENTATION_CONTEXT() REPRESENTATION_CONTEXT('2D SPACE',''
  ) );
#2763 = ORIENTED_EDGE('',*,*,#2764,.F.);
#2764 = EDGE_CURVE('',#2648,#2742,#2765,.T.);
#2765 = SURFACE_CURVE('',#2766,(#2770,#2776),.PCURVE_S1.);
#2766 = LINE('',#2767,#2768);
#2767 = CARTESIAN_POINT('',(-43.5,-41.,7.5));
#2768 = VECTOR('',#2769,1.);
#2769 = DIRECTION('',(1.,-2.22044604925E-16,0.));
#2770 = PCURVE('',#573,#2771);
#2771 = DEFINITIONAL_REPRESENTATION('',(#2772),#2775);
#2772 = B_SPLINE_CURVE_WITH_KNOTS('',1,(#2773,#2774),.UNSPECIFIED.,.F.,
  .F.,(2,2),(36.5,50.5),.PIECEWISE_BEZIER_KNOTS.);
#2773 = CARTESIAN_POINT('',(8.5,0.));
#2774 = CARTESIAN_POINT('',(8.5,-14.));
#2775 = ( GEOMETRIC_REPRESENTATION_CONTEXT(2) 
PARAMETRIC_REPRESENTATION_CONTEXT() REPRESENTATION_CONTEXT('2D SPACE',''
  ) );
#2776 = PCURVE('',#1028,#2777);
#2777 = DEFINITIONAL_REPRESENTATION('',(#2778),#2781);
#2778 = B_SPLINE_CURVE_WITH_KNOTS('',1,(#2779,#2780),.UNSPECIFIED.,.F.,
  .F.,(2,2),(36.5,50.5),.PIECEWISE_BEZIER_KNOTS.);
#2779 = CARTESIAN_POINT('',(73.,-25.));
#2780 = CARTESIAN_POINT('',(87.,-25.));
#2781 = ( GEOMETRIC_REPRESENTATION_CONTEXT(2) 
PARAMETRIC_REPRESENTATION_CONTEXT() REPRESENTATION_CONTEXT('2D SPACE',''
  ) );
#2782 = ADVANCED_FACE('',(#2783),#599,.F.);
#2783 = FACE_BOUND('',#2784,.F.);
#2784 = EDGE_LOOP('',(#2785,#2786,#2787,#2788));
#2785 = ORIENTED_EDGE('',*,*,#2694,.F.);
#2786 = ORIENTED_EDGE('',*,*,#584,.T.);
#2787 = ORIENTED_EDGE('',*,*,#2741,.T.);
#2788 = ORIENTED_EDGE('',*,*,#2789,.F.);
#2789 = EDGE_CURVE('',#2695,#2742,#2790,.T.);
#2790 = SURFACE_CURVE('',#2791,(#2795,#2801),.PCURVE_S1.);
#2791 = LINE('',#2792,#2793);
#2792 = CARTESIAN_POINT('',(7.,-28.5,7.5));
#2793 = VECTOR('',#2794,1.);
#2794 = DIRECTION('',(2.22044604925E-16,1.,-0.));
#2795 = PCURVE('',#599,#2796);
#2796 = DEFINITIONAL_REPRESENTATION('',(#2797),#2800);
#2797 = B_SPLINE_CURVE_WITH_KNOTS('',1,(#2798,#2799),.UNSPECIFIED.,.F.,
  .F.,(2,2),(-18.5,-12.5),.PIECEWISE_BEZIER_KNOTS.);
#2798 = CARTESIAN_POINT('',(8.5,6.));
#2799 = CARTESIAN_POINT('',(8.5,0.));
#2800 = ( GEOMETRIC_REPRESENTATION_CONTEXT(2) 
PARAMETRIC_REPRESENTATION_CONTEXT() REPRESENTATION_CONTEXT('2D SPACE',''
  ) );
#2801 = PCURVE('',#1028,#2802);
#2802 = DEFINITIONAL_REPRESENTATION('',(#2803),#2806);
#2803 = B_SPLINE_CURVE_WITH_KNOTS('',1,(#2804,#2805),.UNSPECIFIED.,.F.,
  .F.,(2,2),(-18.5,-12.5),.PIECEWISE_BEZIER_KNOTS.);
#2804 = CARTESIAN_POINT('',(87.,-31.));
#2805 = CARTESIAN_POINT('',(87.,-25.));
#2806 = ( GEOMETRIC_REPRESENTATION_CONTEXT(2) 
PARAMETRIC_REPRESENTATION_CONTEXT() REPRESENTATION_CONTEXT('2D SPACE',''
  ) );
#2807 = ADVANCED_FACE('',(#2808),#653,.T.);
#2808 = FACE_BOUND('',#2809,.T.);
#2809 = EDGE_LOOP('',(#2810,#2833,#2834,#2857));
#2810 = ORIENTED_EDGE('',*,*,#2811,.F.);
#2811 = EDGE_CURVE('',#637,#2812,#2814,.T.);
#2812 = VERTEX_POINT('',#2813);
#2813 = CARTESIAN_POINT('',(-47.,7.,7.5));
#2814 = SURFACE_CURVE('',#2815,(#2819,#2826),.PCURVE_S1.);
#2815 = LINE('',#2816,#2817);
#2816 = CARTESIAN_POINT('',(-47.,7.,-1.));
#2817 = VECTOR('',#2818,1.);
#2818 = DIRECTION('',(0.,0.,1.));
#2819 = PCURVE('',#653,#2820);
#2820 = DEFINITIONAL_REPRESENTATION('',(#2821),#2825);
#2821 = LINE('',#2822,#2823);
#2822 = CARTESIAN_POINT('',(0.,6.));
#2823 = VECTOR('',#2824,1.);
#2824 = DIRECTION('',(1.,0.));
#2825 = ( GEOMETRIC_REPRESENTATION_CONTEXT(2) 
PARAMETRIC_REPRESENTATION_CONTEXT() REPRESENTATION_CONTEXT('2D SPACE',''
  ) );
#2826 = PCURVE('',#729,#2827);
#2827 = DEFINITIONAL_REPRESENTATION('',(#2828),#2832);
#2828 = LINE('',#2829,#2830);
#2829 = CARTESIAN_POINT('',(0.,0.));
#2830 = VECTOR('',#2831,1.);
#2831 = DIRECTION('',(1.,0.));
#2832 = ( GEOMETRIC_REPRESENTATION_CONTEXT(2) 
PARAMETRIC_REPRESENTATION_CONTEXT() REPRESENTATION_CONTEXT('2D SPACE',''
  ) );
#2833 = ORIENTED_EDGE('',*,*,#636,.T.);
#2834 = ORIENTED_EDGE('',*,*,#2835,.T.);
#2835 = EDGE_CURVE('',#639,#2836,#2838,.T.);
#2836 = VERTEX_POINT('',#2837);
#2837 = CARTESIAN_POINT('',(-41.,7.,7.5));
#2838 = SURFACE_CURVE('',#2839,(#2843,#2850),.PCURVE_S1.);
#2839 = LINE('',#2840,#2841);
#2840 = CARTESIAN_POINT('',(-41.,7.,-1.));
#2841 = VECTOR('',#2842,1.);
#2842 = DIRECTION('',(0.,0.,1.));
#2843 = PCURVE('',#653,#2844);
#2844 = DEFINITIONAL_REPRESENTATION('',(#2845),#2849);
#2845 = LINE('',#2846,#2847);
#2846 = CARTESIAN_POINT('',(0.,0.));
#2847 = VECTOR('',#2848,1.);
#2848 = DIRECTION('',(1.,0.));
#2849 = ( GEOMETRIC_REPRESENTATION_CONTEXT(2) 
PARAMETRIC_REPRESENTATION_CONTEXT() REPRESENTATION_CONTEXT('2D SPACE',''
  ) );
#2850 = PCURVE('',#679,#2851);
#2851 = DEFINITIONAL_REPRESENTATION('',(#2852),#2856);
#2852 = LINE('',#2853,#2854);
#2853 = CARTESIAN_POINT('',(0.,0.));
#2854 = VECTOR('',#2855,1.);
#2855 = DIRECTION('',(1.,0.));
#2856 = ( GEOMETRIC_REPRESENTATION_CONTEXT(2) 
PARAMETRIC_REPRESENTATION_CONTEXT() REPRESENTATION_CONTEXT('2D SPACE',''
  ) );
#2857 = ORIENTED_EDGE('',*,*,#2858,.F.);
#2858 = EDGE_CURVE('',#2812,#2836,#2859,.T.);
#2859 = SURFACE_CURVE('',#2860,(#2864,#2870),.PCURVE_S1.);
#2860 = LINE('',#2861,#2862);
#2861 = CARTESIAN_POINT('',(-60.5,7.,7.5));
#2862 = VECTOR('',#2863,1.);
#2863 = DIRECTION('',(1.,-1.224646799147E-16,0.));
#2864 = PCURVE('',#653,#2865);
#2865 = DEFINITIONAL_REPRESENTATION('',(#2866),#2869);
#2866 = B_SPLINE_CURVE_WITH_KNOTS('',1,(#2867,#2868),.UNSPECIFIED.,.F.,
  .F.,(2,2),(13.5,19.5),.PIECEWISE_BEZIER_KNOTS.);
#2867 = CARTESIAN_POINT('',(8.5,6.));
#2868 = CARTESIAN_POINT('',(8.5,0.));
#2869 = ( GEOMETRIC_REPRESENTATION_CONTEXT(2) 
PARAMETRIC_REPRESENTATION_CONTEXT() REPRESENTATION_CONTEXT('2D SPACE',''
  ) );
#2870 = PCURVE('',#1028,#2871);
#2871 = DEFINITIONAL_REPRESENTATION('',(#2872),#2875);
#2872 = B_SPLINE_CURVE_WITH_KNOTS('',1,(#2873,#2874),.UNSPECIFIED.,.F.,
  .F.,(2,2),(13.5,19.5),.PIECEWISE_BEZIER_KNOTS.);
#2873 = CARTESIAN_POINT('',(33.,23.));
#2874 = CARTESIAN_POINT('',(39.,23.));
#2875 = ( GEOMETRIC_REPRESENTATION_CONTEXT(2) 
PARAMETRIC_REPRESENTATION_CONTEXT() REPRESENTATION_CONTEXT('2D SPACE',''
  ) );
#2876 = ADVANCED_FACE('',(#2877),#729,.F.);
#2877 = FACE_BOUND('',#2878,.F.);
#2878 = EDGE_LOOP('',(#2879,#2880,#2881,#2904));
#2879 = ORIENTED_EDGE('',*,*,#2811,.F.);
#2880 = ORIENTED_EDGE('',*,*,#716,.T.);
#2881 = ORIENTED_EDGE('',*,*,#2882,.T.);
#2882 = EDGE_CURVE('',#691,#2883,#2885,.T.);
#2883 = VERTEX_POINT('',#2884);
#2884 = CARTESIAN_POINT('',(-47.,-7.,7.5));
#2885 = SURFACE_CURVE('',#2886,(#2890,#2897),.PCURVE_S1.);
#2886 = LINE('',#2887,#2888);
#2887 = CARTESIAN_POINT('',(-47.,-7.,-1.));
#2888 = VECTOR('',#2889,1.);
#2889 = DIRECTION('',(0.,0.,1.));
#2890 = PCURVE('',#729,#2891);
#2891 = DEFINITIONAL_REPRESENTATION('',(#2892),#2896);
#2892 = LINE('',#2893,#2894);
#2893 = CARTESIAN_POINT('',(0.,-14.));
#2894 = VECTOR('',#2895,1.);
#2895 = DIRECTION('',(1.,0.));
#2896 = ( GEOMETRIC_REPRESENTATION_CONTEXT(2) 
PARAMETRIC_REPRESENTATION_CONTEXT() REPRESENTATION_CONTEXT('2D SPACE',''
  ) );
#2897 = PCURVE('',#705,#2898);
#2898 = DEFINITIONAL_REPRESENTATION('',(#2899),#2903);
#2899 = LINE('',#2900,#2901);
#2900 = CARTESIAN_POINT('',(0.,6.));
#2901 = VECTOR('',#2902,1.);
#2902 = DIRECTION('',(1.,0.));
#2903 = ( GEOMETRIC_REPRESENTATION_CONTEXT(2) 
PARAMETRIC_REPRESENTATION_CONTEXT() REPRESENTATION_CONTEXT('2D SPACE',''
  ) );
#2904 = ORIENTED_EDGE('',*,*,#2905,.F.);
#2905 = EDGE_CURVE('',#2812,#2883,#2906,.T.);
#2906 = SURFACE_CURVE('',#2907,(#2911,#2917),.PCURVE_S1.);
#2907 = LINE('',#2908,#2909);
#2908 = CARTESIAN_POINT('',(-47.,-4.5,7.5));
#2909 = VECTOR('',#2910,1.);
#2910 = DIRECTION('',(-1.224646799147E-16,-1.,0.));
#2911 = PCURVE('',#729,#2912);
#2912 = DEFINITIONAL_REPRESENTATION('',(#2913),#2916);
#2913 = B_SPLINE_CURVE_WITH_KNOTS('',1,(#2914,#2915),.UNSPECIFIED.,.F.,
  .F.,(2,2),(-11.5,2.5),.PIECEWISE_BEZIER_KNOTS.);
#2914 = CARTESIAN_POINT('',(8.5,0.));
#2915 = CARTESIAN_POINT('',(8.5,-14.));
#2916 = ( GEOMETRIC_REPRESENTATION_CONTEXT(2) 
PARAMETRIC_REPRESENTATION_CONTEXT() REPRESENTATION_CONTEXT('2D SPACE',''
  ) );
#2917 = PCURVE('',#1028,#2918);
#2918 = DEFINITIONAL_REPRESENTATION('',(#2919),#2922);
#2919 = B_SPLINE_CURVE_WITH_KNOTS('',1,(#2920,#2921),.UNSPECIFIED.,.F.,
  .F.,(2,2),(-11.5,2.5),.PIECEWISE_BEZIER_KNOTS.);
#2920 = CARTESIAN_POINT('',(33.,23.));
#2921 = CARTESIAN_POINT('',(33.,9.));
#2922 = ( GEOMETRIC_REPRESENTATION_CONTEXT(2) 
PARAMETRIC_REPRESENTATION_CONTEXT() REPRESENTATION_CONTEXT('2D SPACE',''
  ) );
#2923 = ADVANCED_FACE('',(#2924),#679,.T.);
#2924 = FACE_BOUND('',#2925,.T.);
#2925 = EDGE_LOOP('',(#2926,#2927,#2928,#2951));
#2926 = ORIENTED_EDGE('',*,*,#2835,.F.);
#2927 = ORIENTED_EDGE('',*,*,#664,.T.);
#2928 = ORIENTED_EDGE('',*,*,#2929,.T.);
#2929 = EDGE_CURVE('',#665,#2930,#2932,.T.);
#2930 = VERTEX_POINT('',#2931);
#2931 = CARTESIAN_POINT('',(-41.,-7.,7.5));
#2932 = SURFACE_CURVE('',#2933,(#2937,#2944),.PCURVE_S1.);
#2933 = LINE('',#2934,#2935);
#2934 = CARTESIAN_POINT('',(-41.,-7.,-1.));
#2935 = VECTOR('',#2936,1.);
#2936 = DIRECTION('',(0.,0.,1.));
#2937 = PCURVE('',#679,#2938);
#2938 = DEFINITIONAL_REPRESENTATION('',(#2939),#2943);
#2939 = LINE('',#2940,#2941);
#2940 = CARTESIAN_POINT('',(0.,-14.));
#2941 = VECTOR('',#2942,1.);
#2942 = DIRECTION('',(1.,0.));
#2943 = ( GEOMETRIC_REPRESENTATION_CONTEXT(2) 
PARAMETRIC_REPRESENTATION_CONTEXT() REPRESENTATION_CONTEXT('2D SPACE',''
  ) );
#2944 = PCURVE('',#705,#2945);
#2945 = DEFINITIONAL_REPRESENTATION('',(#2946),#2950);
#2946 = LINE('',#2947,#2948);
#2947 = CARTESIAN_POINT('',(0.,0.));
#2948 = VECTOR('',#2949,1.);
#2949 = DIRECTION('',(1.,0.));
#2950 = ( GEOMETRIC_REPRESENTATION_CONTEXT(2) 
PARAMETRIC_REPRESENTATION_CONTEXT() REPRESENTATION_CONTEXT('2D SPACE',''
  ) );
#2951 = ORIENTED_EDGE('',*,*,#2952,.F.);
#2952 = EDGE_CURVE('',#2836,#2930,#2953,.T.);
#2953 = SURFACE_CURVE('',#2954,(#2958,#2964),.PCURVE_S1.);
#2954 = LINE('',#2955,#2956);
#2955 = CARTESIAN_POINT('',(-41.,-4.5,7.5));
#2956 = VECTOR('',#2957,1.);
#2957 = DIRECTION('',(-1.224646799147E-16,-1.,0.));
#2958 = PCURVE('',#679,#2959);
#2959 = DEFINITIONAL_REPRESENTATION('',(#2960),#2963);
#2960 = B_SPLINE_CURVE_WITH_KNOTS('',1,(#2961,#2962),.UNSPECIFIED.,.F.,
  .F.,(2,2),(-11.5,2.5),.PIECEWISE_BEZIER_KNOTS.);
#2961 = CARTESIAN_POINT('',(8.5,0.));
#2962 = CARTESIAN_POINT('',(8.5,-14.));
#2963 = ( GEOMETRIC_REPRESENTATION_CONTEXT(2) 
PARAMETRIC_REPRESENTATION_CONTEXT() REPRESENTATION_CONTEXT('2D SPACE',''
  ) );
#2964 = PCURVE('',#1028,#2965);
#2965 = DEFINITIONAL_REPRESENTATION('',(#2966),#2969);
#2966 = B_SPLINE_CURVE_WITH_KNOTS('',1,(#2967,#2968),.UNSPECIFIED.,.F.,
  .F.,(2,2),(-11.5,2.5),.PIECEWISE_BEZIER_KNOTS.);
#2967 = CARTESIAN_POINT('',(39.,23.));
#2968 = CARTESIAN_POINT('',(39.,9.));
#2969 = ( GEOMETRIC_REPRESENTATION_CONTEXT(2) 
PARAMETRIC_REPRESENTATION_CONTEXT() REPRESENTATION_CONTEXT('2D SPACE',''
  ) );
#2970 = ADVANCED_FACE('',(#2971),#705,.F.);
#2971 = FACE_BOUND('',#2972,.F.);
#2972 = EDGE_LOOP('',(#2973,#2974,#2975,#2976));
#2973 = ORIENTED_EDGE('',*,*,#2882,.F.);
#2974 = ORIENTED_EDGE('',*,*,#690,.T.);
#2975 = ORIENTED_EDGE('',*,*,#2929,.T.);
#2976 = ORIENTED_EDGE('',*,*,#2977,.F.);
#2977 = EDGE_CURVE('',#2883,#2930,#2978,.T.);
#2978 = SURFACE_CURVE('',#2979,(#2983,#2989),.PCURVE_S1.);
#2979 = LINE('',#2980,#2981);
#2980 = CARTESIAN_POINT('',(-60.5,-7.,7.5));
#2981 = VECTOR('',#2982,1.);
#2982 = DIRECTION('',(1.,-1.224646799147E-16,0.));
#2983 = PCURVE('',#705,#2984);
#2984 = DEFINITIONAL_REPRESENTATION('',(#2985),#2988);
#2985 = B_SPLINE_CURVE_WITH_KNOTS('',1,(#2986,#2987),.UNSPECIFIED.,.F.,
  .F.,(2,2),(13.5,19.5),.PIECEWISE_BEZIER_KNOTS.);
#2986 = CARTESIAN_POINT('',(8.5,6.));
#2987 = CARTESIAN_POINT('',(8.5,0.));
#2988 = ( GEOMETRIC_REPRESENTATION_CONTEXT(2) 
PARAMETRIC_REPRESENTATION_CONTEXT() REPRESENTATION_CONTEXT('2D SPACE',''
  ) );
#2989 = PCURVE('',#1028,#2990);
#2990 = DEFINITIONAL_REPRESENTATION('',(#2991),#2994);
#2991 = B_SPLINE_CURVE_WITH_KNOTS('',1,(#2992,#2993),.UNSPECIFIED.,.F.,
  .F.,(2,2),(13.5,19.5),.PIECEWISE_BEZIER_KNOTS.);
#2992 = CARTESIAN_POINT('',(33.,9.));
#2993 = CARTESIAN_POINT('',(39.,9.));
#2994 = ( GEOMETRIC_REPRESENTATION_CONTEXT(2) 
PARAMETRIC_REPRESENTATION_CONTEXT() REPRESENTATION_CONTEXT('2D SPACE',''
  ) );
#2995 = ADVANCED_FACE('',(#2996),#763,.F.);
#2996 = FACE_BOUND('',#2997,.T.);
#2997 = EDGE_LOOP('',(#2998,#3021,#3022,#3023));
#2998 = ORIENTED_EDGE('',*,*,#2999,.F.);
#2999 = EDGE_CURVE('',#743,#3000,#3002,.T.);
#3000 = VERTEX_POINT('',#3001);
#3001 = CARTESIAN_POINT('',(3.4,0.,1.5));
#3002 = SEAM_CURVE('',#3003,(#3007,#3014),.PCURVE_S1.);
#3003 = LINE('',#3004,#3005);
#3004 = CARTESIAN_POINT('',(3.4,0.,-1.));
#3005 = VECTOR('',#3006,1.);
#3006 = DIRECTION('',(0.,0.,1.));
#3007 = PCURVE('',#763,#3008);
#3008 = DEFINITIONAL_REPRESENTATION('',(#3009),#3013);
#3009 = LINE('',#3010,#3011);
#3010 = CARTESIAN_POINT('',(-6.28318530718,0.));
#3011 = VECTOR('',#3012,1.);
#3012 = DIRECTION('',(-0.,-1.));
#3013 = ( GEOMETRIC_REPRESENTATION_CONTEXT(2) 
PARAMETRIC_REPRESENTATION_CONTEXT() REPRESENTATION_CONTEXT('2D SPACE',''
  ) );
#3014 = PCURVE('',#763,#3015);
#3015 = DEFINITIONAL_REPRESENTATION('',(#3016),#3020);
#3016 = LINE('',#3017,#3018);
#3017 = CARTESIAN_POINT('',(-0.,0.));
#3018 = VECTOR('',#3019,1.);
#3019 = DIRECTION('',(-0.,-1.));
#3020 = ( GEOMETRIC_REPRESENTATION_CONTEXT(2) 
PARAMETRIC_REPRESENTATION_CONTEXT() REPRESENTATION_CONTEXT('2D SPACE',''
  ) );
#3021 = ORIENTED_EDGE('',*,*,#742,.T.);
#3022 = ORIENTED_EDGE('',*,*,#2999,.T.);
#3023 = ORIENTED_EDGE('',*,*,#3024,.F.);
#3024 = EDGE_CURVE('',#3000,#3000,#3025,.T.);
#3025 = SURFACE_CURVE('',#3026,(#3031,#3038),.PCURVE_S1.);
#3026 = CIRCLE('',#3027,3.4);
#3027 = AXIS2_PLACEMENT_3D('',#3028,#3029,#3030);
#3028 = CARTESIAN_POINT('',(0.,0.,1.5));
#3029 = DIRECTION('',(0.,0.,-1.));
#3030 = DIRECTION('',(1.,0.,0.));
#3031 = PCURVE('',#763,#3032);
#3032 = DEFINITIONAL_REPRESENTATION('',(#3033),#3037);
#3033 = LINE('',#3034,#3035);
#3034 = CARTESIAN_POINT('',(-6.28318530718,-2.5));
#3035 = VECTOR('',#3036,1.);
#3036 = DIRECTION('',(1.,-0.));
#3037 = ( GEOMETRIC_REPRESENTATION_CONTEXT(2) 
PARAMETRIC_REPRESENTATION_CONTEXT() REPRESENTATION_CONTEXT('2D SPACE',''
  ) );
#3038 = PCURVE('',#3039,#3044);
#3039 = PLANE('',#3040);
#3040 = AXIS2_PLACEMENT_3D('',#3041,#3042,#3043);
#3041 = CARTESIAN_POINT('',(-3.567235128364E-16,1.783617564182E-16,1.5)
  );
#3042 = DIRECTION('',(0.,0.,1.));
#3043 = DIRECTION('',(1.,0.,-0.));
#3044 = DEFINITIONAL_REPRESENTATION('',(#3045),#3053);
#3045 = ( BOUNDED_CURVE() B_SPLINE_CURVE(2,(#3046,#3047,#3048,#3049,
#3050,#3051,#3052),.UNSPECIFIED.,.T.,.F.) B_SPLINE_CURVE_WITH_KNOTS((1,2
    ,2,2,2,1),(-2.094395102393,0.,2.094395102393,4.188790204786,
6.28318530718,8.377580409573),.UNSPECIFIED.) CURVE() 
GEOMETRIC_REPRESENTATION_ITEM() RATIONAL_B_SPLINE_CURVE((1.,0.5,1.,0.5,
1.,0.5,1.)) REPRESENTATION_ITEM('') );
#3046 = CARTESIAN_POINT('',(3.4,-1.783617564182E-16));
#3047 = CARTESIAN_POINT('',(3.4,-5.888972745734));
#3048 = CARTESIAN_POINT('',(-1.7,-2.944486372867));
#3049 = CARTESIAN_POINT('',(-6.8,-1.011121579838E-15));
#3050 = CARTESIAN_POINT('',(-1.7,2.944486372867));
#3051 = CARTESIAN_POINT('',(3.4,5.888972745734));
#3052 = CARTESIAN_POINT('',(3.4,-1.783617564182E-16));
#3053 = ( GEOMETRIC_REPRESENTATION_CONTEXT(2) 
PARAMETRIC_REPRESENTATION_CONTEXT() REPRESENTATION_CONTEXT('2D SPACE',''
  ) );
#3054 = ADVANCED_FACE('',(#3055),#794,.T.);
#3055 = FACE_BOUND('',#3056,.T.);
#3056 = EDGE_LOOP('',(#3057,#3080,#3081,#3104));
#3057 = ORIENTED_EDGE('',*,*,#3058,.F.);
#3058 = EDGE_CURVE('',#778,#3059,#3061,.T.);
#3059 = VERTEX_POINT('',#3060);
#3060 = CARTESIAN_POINT('',(47.,-7.,7.5));
#3061 = SURFACE_CURVE('',#3062,(#3066,#3073),.PCURVE_S1.);
#3062 = LINE('',#3063,#3064);
#3063 = CARTESIAN_POINT('',(47.,-7.,-1.));
#3064 = VECTOR('',#3065,1.);
#3065 = DIRECTION('',(0.,0.,1.));
#3066 = PCURVE('',#794,#3067);
#3067 = DEFINITIONAL_REPRESENTATION('',(#3068),#3072);
#3068 = LINE('',#3069,#3070);
#3069 = CARTESIAN_POINT('',(0.,6.));
#3070 = VECTOR('',#3071,1.);
#3071 = DIRECTION('',(1.,0.));
#3072 = ( GEOMETRIC_REPRESENTATION_CONTEXT(2) 
PARAMETRIC_REPRESENTATION_CONTEXT() REPRESENTATION_CONTEXT('2D SPACE',''
  ) );
#3073 = PCURVE('',#870,#3074);
#3074 = DEFINITIONAL_REPRESENTATION('',(#3075),#3079);
#3075 = LINE('',#3076,#3077);
#3076 = CARTESIAN_POINT('',(0.,0.));
#3077 = VECTOR('',#3078,1.);
#3078 = DIRECTION('',(1.,0.));
#3079 = ( GEOMETRIC_REPRESENTATION_CONTEXT(2) 
PARAMETRIC_REPRESENTATION_CONTEXT() REPRESENTATION_CONTEXT('2D SPACE',''
  ) );
#3080 = ORIENTED_EDGE('',*,*,#777,.T.);
#3081 = ORIENTED_EDGE('',*,*,#3082,.T.);
#3082 = EDGE_CURVE('',#780,#3083,#3085,.T.);
#3083 = VERTEX_POINT('',#3084);
#3084 = CARTESIAN_POINT('',(41.,-7.,7.5));
#3085 = SURFACE_CURVE('',#3086,(#3090,#3097),.PCURVE_S1.);
#3086 = LINE('',#3087,#3088);
#3087 = CARTESIAN_POINT('',(41.,-7.,-1.));
#3088 = VECTOR('',#3089,1.);
#3089 = DIRECTION('',(0.,0.,1.));
#3090 = PCURVE('',#794,#3091);
#3091 = DEFINITIONAL_REPRESENTATION('',(#3092),#3096);
#3092 = LINE('',#3093,#3094);
#3093 = CARTESIAN_POINT('',(0.,0.));
#3094 = VECTOR('',#3095,1.);
#3095 = DIRECTION('',(1.,0.));
#3096 = ( GEOMETRIC_REPRESENTATION_CONTEXT(2) 
PARAMETRIC_REPRESENTATION_CONTEXT() REPRESENTATION_CONTEXT('2D SPACE',''
  ) );
#3097 = PCURVE('',#820,#3098);
#3098 = DEFINITIONAL_REPRESENTATION('',(#3099),#3103);
#3099 = LINE('',#3100,#3101);
#3100 = CARTESIAN_POINT('',(0.,0.));
#3101 = VECTOR('',#3102,1.);
#3102 = DIRECTION('',(1.,0.));
#3103 = ( GEOMETRIC_REPRESENTATION_CONTEXT(2) 
PARAMETRIC_REPRESENTATION_CONTEXT() REPRESENTATION_CONTEXT('2D SPACE',''
  ) );
#3104 = ORIENTED_EDGE('',*,*,#3105,.F.);
#3105 = EDGE_CURVE('',#3059,#3083,#3106,.T.);
#3106 = SURFACE_CURVE('',#3107,(#3111,#3117),.PCURVE_S1.);
#3107 = LINE('',#3108,#3109);
#3108 = CARTESIAN_POINT('',(-19.5,-7.,7.5));
#3109 = VECTOR('',#3110,1.);
#3110 = DIRECTION('',(-1.,0.,0.));
#3111 = PCURVE('',#794,#3112);
#3112 = DEFINITIONAL_REPRESENTATION('',(#3113),#3116);
#3113 = B_SPLINE_CURVE_WITH_KNOTS('',1,(#3114,#3115),.UNSPECIFIED.,.F.,
  .F.,(2,2),(-66.5,-60.5),.PIECEWISE_BEZIER_KNOTS.);
#3114 = CARTESIAN_POINT('',(8.5,6.));
#3115 = CARTESIAN_POINT('',(8.5,0.));
#3116 = ( GEOMETRIC_REPRESENTATION_CONTEXT(2) 
PARAMETRIC_REPRESENTATION_CONTEXT() REPRESENTATION_CONTEXT('2D SPACE',''
  ) );
#3117 = PCURVE('',#1028,#3118);
#3118 = DEFINITIONAL_REPRESENTATION('',(#3119),#3122);
#3119 = B_SPLINE_CURVE_WITH_KNOTS('',1,(#3120,#3121),.UNSPECIFIED.,.F.,
  .F.,(2,2),(-66.5,-60.5),.PIECEWISE_BEZIER_KNOTS.);
#3120 = CARTESIAN_POINT('',(127.,9.));
#3121 = CARTESIAN_POINT('',(121.,9.));
#3122 = ( GEOMETRIC_REPRESENTATION_CONTEXT(2) 
PARAMETRIC_REPRESENTATION_CONTEXT() REPRESENTATION_CONTEXT('2D SPACE',''
  ) );
#3123 = ADVANCED_FACE('',(#3124),#870,.F.);
#3124 = FACE_BOUND('',#3125,.F.);
#3125 = EDGE_LOOP('',(#3126,#3127,#3128,#3151));
#3126 = ORIENTED_EDGE('',*,*,#3058,.F.);
#3127 = ORIENTED_EDGE('',*,*,#857,.T.);
#3128 = ORIENTED_EDGE('',*,*,#3129,.T.);
#3129 = EDGE_CURVE('',#832,#3130,#3132,.T.);
#3130 = VERTEX_POINT('',#3131);
#3131 = CARTESIAN_POINT('',(47.,7.,7.5));
#3132 = SURFACE_CURVE('',#3133,(#3137,#3144),.PCURVE_S1.);
#3133 = LINE('',#3134,#3135);
#3134 = CARTESIAN_POINT('',(47.,7.,-1.));
#3135 = VECTOR('',#3136,1.);
#3136 = DIRECTION('',(0.,0.,1.));
#3137 = PCURVE('',#870,#3138);
#3138 = DEFINITIONAL_REPRESENTATION('',(#3139),#3143);
#3139 = LINE('',#3140,#3141);
#3140 = CARTESIAN_POINT('',(0.,-14.));
#3141 = VECTOR('',#3142,1.);
#3142 = DIRECTION('',(1.,0.));
#3143 = ( GEOMETRIC_REPRESENTATION_CONTEXT(2) 
PARAMETRIC_REPRESENTATION_CONTEXT() REPRESENTATION_CONTEXT('2D SPACE',''
  ) );
#3144 = PCURVE('',#846,#3145);
#3145 = DEFINITIONAL_REPRESENTATION('',(#3146),#3150);
#3146 = LINE('',#3147,#3148);
#3147 = CARTESIAN_POINT('',(0.,6.));
#3148 = VECTOR('',#3149,1.);
#3149 = DIRECTION('',(1.,0.));
#3150 = ( GEOMETRIC_REPRESENTATION_CONTEXT(2) 
PARAMETRIC_REPRESENTATION_CONTEXT() REPRESENTATION_CONTEXT('2D SPACE',''
  ) );
#3151 = ORIENTED_EDGE('',*,*,#3152,.F.);
#3152 = EDGE_CURVE('',#3059,#3130,#3153,.T.);
#3153 = SURFACE_CURVE('',#3154,(#3158,#3164),.PCURVE_S1.);
#3154 = LINE('',#3155,#3156);
#3155 = CARTESIAN_POINT('',(47.,-11.5,7.5));
#3156 = VECTOR('',#3157,1.);
#3157 = DIRECTION('',(0.,1.,0.));
#3158 = PCURVE('',#870,#3159);
#3159 = DEFINITIONAL_REPRESENTATION('',(#3160),#3163);
#3160 = B_SPLINE_CURVE_WITH_KNOTS('',1,(#3161,#3162),.UNSPECIFIED.,.F.,
  .F.,(2,2),(4.5,18.5),.PIECEWISE_BEZIER_KNOTS.);
#3161 = CARTESIAN_POINT('',(8.5,0.));
#3162 = CARTESIAN_POINT('',(8.5,-14.));
#3163 = ( GEOMETRIC_REPRESENTATION_CONTEXT(2) 
PARAMETRIC_REPRESENTATION_CONTEXT() REPRESENTATION_CONTEXT('2D SPACE',''
  ) );
#3164 = PCURVE('',#1028,#3165);
#3165 = DEFINITIONAL_REPRESENTATION('',(#3166),#3169);
#3166 = B_SPLINE_CURVE_WITH_KNOTS('',1,(#3167,#3168),.UNSPECIFIED.,.F.,
  .F.,(2,2),(4.5,18.5),.PIECEWISE_BEZIER_KNOTS.);
#3167 = CARTESIAN_POINT('',(127.,9.));
#3168 = CARTESIAN_POINT('',(127.,23.));
#3169 = ( GEOMETRIC_REPRESENTATION_CONTEXT(2) 
PARAMETRIC_REPRESENTATION_CONTEXT() REPRESENTATION_CONTEXT('2D SPACE',''
  ) );
#3170 = ADVANCED_FACE('',(#3171),#820,.T.);
#3171 = FACE_BOUND('',#3172,.T.);
#3172 = EDGE_LOOP('',(#3173,#3174,#3175,#3198));
#3173 = ORIENTED_EDGE('',*,*,#3082,.F.);
#3174 = ORIENTED_EDGE('',*,*,#805,.T.);
#3175 = ORIENTED_EDGE('',*,*,#3176,.T.);
#3176 = EDGE_CURVE('',#806,#3177,#3179,.T.);
#3177 = VERTEX_POINT('',#3178);
#3178 = CARTESIAN_POINT('',(41.,7.,7.5));
#3179 = SURFACE_CURVE('',#3180,(#3184,#3191),.PCURVE_S1.);
#3180 = LINE('',#3181,#3182);
#3181 = CARTESIAN_POINT('',(41.,7.,-1.));
#3182 = VECTOR('',#3183,1.);
#3183 = DIRECTION('',(0.,0.,1.));
#3184 = PCURVE('',#820,#3185);
#3185 = DEFINITIONAL_REPRESENTATION('',(#3186),#3190);
#3186 = LINE('',#3187,#3188);
#3187 = CARTESIAN_POINT('',(0.,-14.));
#3188 = VECTOR('',#3189,1.);
#3189 = DIRECTION('',(1.,0.));
#3190 = ( GEOMETRIC_REPRESENTATION_CONTEXT(2) 
PARAMETRIC_REPRESENTATION_CONTEXT() REPRESENTATION_CONTEXT('2D SPACE',''
  ) );
#3191 = PCURVE('',#846,#3192);
#3192 = DEFINITIONAL_REPRESENTATION('',(#3193),#3197);
#3193 = LINE('',#3194,#3195);
#3194 = CARTESIAN_POINT('',(0.,0.));
#3195 = VECTOR('',#3196,1.);
#3196 = DIRECTION('',(1.,0.));
#3197 = ( GEOMETRIC_REPRESENTATION_CONTEXT(2) 
PARAMETRIC_REPRESENTATION_CONTEXT() REPRESENTATION_CONTEXT('2D SPACE',''
  ) );
#3198 = ORIENTED_EDGE('',*,*,#3199,.F.);
#3199 = EDGE_CURVE('',#3083,#3177,#3200,.T.);
#3200 = SURFACE_CURVE('',#3201,(#3205,#3211),.PCURVE_S1.);
#3201 = LINE('',#3202,#3203);
#3202 = CARTESIAN_POINT('',(41.,-11.5,7.5));
#3203 = VECTOR('',#3204,1.);
#3204 = DIRECTION('',(0.,1.,0.));
#3205 = PCURVE('',#820,#3206);
#3206 = DEFINITIONAL_REPRESENTATION('',(#3207),#3210);
#3207 = B_SPLINE_CURVE_WITH_KNOTS('',1,(#3208,#3209),.UNSPECIFIED.,.F.,
  .F.,(2,2),(4.5,18.5),.PIECEWISE_BEZIER_KNOTS.);
#3208 = CARTESIAN_POINT('',(8.5,0.));
#3209 = CARTESIAN_POINT('',(8.5,-14.));
#3210 = ( GEOMETRIC_REPRESENTATION_CONTEXT(2) 
PARAMETRIC_REPRESENTATION_CONTEXT() REPRESENTATION_CONTEXT('2D SPACE',''
  ) );
#3211 = PCURVE('',#1028,#3212);
#3212 = DEFINITIONAL_REPRESENTATION('',(#3213),#3216);
#3213 = B_SPLINE_CURVE_WITH_KNOTS('',1,(#3214,#3215),.UNSPECIFIED.,.F.,
  .F.,(2,2),(4.5,18.5),.PIECEWISE_BEZIER_KNOTS.);
#3214 = CARTESIAN_POINT('',(121.,9.));
#3215 = CARTESIAN_POINT('',(121.,23.));
#3216 = ( GEOMETRIC_REPRESENTATION_CONTEXT(2) 
PARAMETRIC_REPRESENTATION_CONTEXT() REPRESENTATION_CONTEXT('2D SPACE',''
  ) );
#3217 = ADVANCED_FACE('',(#3218),#846,.F.);
#3218 = FACE_BOUND('',#3219,.F.);
#3219 = EDGE_LOOP('',(#3220,#3221,#3222,#3223));
#3220 = ORIENTED_EDGE('',*,*,#3129,.F.);
#3221 = ORIENTED_EDGE('',*,*,#831,.T.);
#3222 = ORIENTED_EDGE('',*,*,#3176,.T.);
#3223 = ORIENTED_EDGE('',*,*,#3224,.F.);
#3224 = EDGE_CURVE('',#3130,#3177,#3225,.T.);
#3225 = SURFACE_CURVE('',#3226,(#3230,#3236),.PCURVE_S1.);
#3226 = LINE('',#3227,#3228);
#3227 = CARTESIAN_POINT('',(-19.5,7.,7.5));
#3228 = VECTOR('',#3229,1.);
#3229 = DIRECTION('',(-1.,0.,0.));
#3230 = PCURVE('',#846,#3231);
#3231 = DEFINITIONAL_REPRESENTATION('',(#3232),#3235);
#3232 = B_SPLINE_CURVE_WITH_KNOTS('',1,(#3233,#3234),.UNSPECIFIED.,.F.,
  .F.,(2,2),(-66.5,-60.5),.PIECEWISE_BEZIER_KNOTS.);
#3233 = CARTESIAN_POINT('',(8.5,6.));
#3234 = CARTESIAN_POINT('',(8.5,0.));
#3235 = ( GEOMETRIC_REPRESENTATION_CONTEXT(2) 
PARAMETRIC_REPRESENTATION_CONTEXT() REPRESENTATION_CONTEXT('2D SPACE',''
  ) );
#3236 = PCURVE('',#1028,#3237);
#3237 = DEFINITIONAL_REPRESENTATION('',(#3238),#3241);
#3238 = B_SPLINE_CURVE_WITH_KNOTS('',1,(#3239,#3240),.UNSPECIFIED.,.F.,
  .F.,(2,2),(-66.5,-60.5),.PIECEWISE_BEZIER_KNOTS.);
#3239 = CARTESIAN_POINT('',(127.,23.));
#3240 = CARTESIAN_POINT('',(121.,23.));
#3241 = ( GEOMETRIC_REPRESENTATION_CONTEXT(2) 
PARAMETRIC_REPRESENTATION_CONTEXT() REPRESENTATION_CONTEXT('2D SPACE',''
  ) );
#3242 = ADVANCED_FACE('',(#3243),#900,.T.);
#3243 = FACE_BOUND('',#3244,.T.);
#3244 = EDGE_LOOP('',(#3245,#3268,#3269,#3292));
#3245 = ORIENTED_EDGE('',*,*,#3246,.F.);
#3246 = EDGE_CURVE('',#884,#3247,#3249,.T.);
#3247 = VERTEX_POINT('',#3248);
#3248 = CARTESIAN_POINT('',(7.,47.,7.5));
#3249 = SURFACE_CURVE('',#3250,(#3254,#3261),.PCURVE_S1.);
#3250 = LINE('',#3251,#3252);
#3251 = CARTESIAN_POINT('',(7.,47.,-1.));
#3252 = VECTOR('',#3253,1.);
#3253 = DIRECTION('',(0.,0.,1.));
#3254 = PCURVE('',#900,#3255);
#3255 = DEFINITIONAL_REPRESENTATION('',(#3256),#3260);
#3256 = LINE('',#3257,#3258);
#3257 = CARTESIAN_POINT('',(0.,6.));
#3258 = VECTOR('',#3259,1.);
#3259 = DIRECTION('',(1.,0.));
#3260 = ( GEOMETRIC_REPRESENTATION_CONTEXT(2) 
PARAMETRIC_REPRESENTATION_CONTEXT() REPRESENTATION_CONTEXT('2D SPACE',''
  ) );
#3261 = PCURVE('',#976,#3262);
#3262 = DEFINITIONAL_REPRESENTATION('',(#3263),#3267);
#3263 = LINE('',#3264,#3265);
#3264 = CARTESIAN_POINT('',(0.,0.));
#3265 = VECTOR('',#3266,1.);
#3266 = DIRECTION('',(1.,0.));
#3267 = ( GEOMETRIC_REPRESENTATION_CONTEXT(2) 
PARAMETRIC_REPRESENTATION_CONTEXT() REPRESENTATION_CONTEXT('2D SPACE',''
  ) );
#3268 = ORIENTED_EDGE('',*,*,#883,.T.);
#3269 = ORIENTED_EDGE('',*,*,#3270,.T.);
#3270 = EDGE_CURVE('',#886,#3271,#3273,.T.);
#3271 = VERTEX_POINT('',#3272);
#3272 = CARTESIAN_POINT('',(7.,41.,7.5));
#3273 = SURFACE_CURVE('',#3274,(#3278,#3285),.PCURVE_S1.);
#3274 = LINE('',#3275,#3276);
#3275 = CARTESIAN_POINT('',(7.,41.,-1.));
#3276 = VECTOR('',#3277,1.);
#3277 = DIRECTION('',(0.,0.,1.));
#3278 = PCURVE('',#900,#3279);
#3279 = DEFINITIONAL_REPRESENTATION('',(#3280),#3284);
#3280 = LINE('',#3281,#3282);
#3281 = CARTESIAN_POINT('',(0.,0.));
#3282 = VECTOR('',#3283,1.);
#3283 = DIRECTION('',(1.,0.));
#3284 = ( GEOMETRIC_REPRESENTATION_CONTEXT(2) 
PARAMETRIC_REPRESENTATION_CONTEXT() REPRESENTATION_CONTEXT('2D SPACE',''
  ) );
#3285 = PCURVE('',#926,#3286);
#3286 = DEFINITIONAL_REPRESENTATION('',(#3287),#3291);
#3287 = LINE('',#3288,#3289);
#3288 = CARTESIAN_POINT('',(0.,0.));
#3289 = VECTOR('',#3290,1.);
#3290 = DIRECTION('',(1.,0.));
#3291 = ( GEOMETRIC_REPRESENTATION_CONTEXT(2) 
PARAMETRIC_REPRESENTATION_CONTEXT() REPRESENTATION_CONTEXT('2D SPACE',''
  ) );
#3292 = ORIENTED_EDGE('',*,*,#3293,.F.);
#3293 = EDGE_CURVE('',#3247,#3271,#3294,.T.);
#3294 = SURFACE_CURVE('',#3295,(#3299,#3305),.PCURVE_S1.);
#3295 = LINE('',#3296,#3297);
#3296 = CARTESIAN_POINT('',(7.,12.5,7.5));
#3297 = VECTOR('',#3298,1.);
#3298 = DIRECTION('',(-1.110223024625E-16,-1.,0.));
#3299 = PCURVE('',#900,#3300);
#3300 = DEFINITIONAL_REPRESENTATION('',(#3301),#3304);
#3301 = B_SPLINE_CURVE_WITH_KNOTS('',1,(#3302,#3303),.UNSPECIFIED.,.F.,
  .F.,(2,2),(-34.5,-28.5),.PIECEWISE_BEZIER_KNOTS.);
#3302 = CARTESIAN_POINT('',(8.5,6.));
#3303 = CARTESIAN_POINT('',(8.5,0.));
#3304 = ( GEOMETRIC_REPRESENTATION_CONTEXT(2) 
PARAMETRIC_REPRESENTATION_CONTEXT() REPRESENTATION_CONTEXT('2D SPACE',''
  ) );
#3305 = PCURVE('',#1028,#3306);
#3306 = DEFINITIONAL_REPRESENTATION('',(#3307),#3310);
#3307 = B_SPLINE_CURVE_WITH_KNOTS('',1,(#3308,#3309),.UNSPECIFIED.,.F.,
  .F.,(2,2),(-34.5,-28.5),.PIECEWISE_BEZIER_KNOTS.);
#3308 = CARTESIAN_POINT('',(87.,63.));
#3309 = CARTESIAN_POINT('',(87.,57.));
#3310 = ( GEOMETRIC_REPRESENTATION_CONTEXT(2) 
PARAMETRIC_REPRESENTATION_CONTEXT() REPRESENTATION_CONTEXT('2D SPACE',''
  ) );
#3311 = ADVANCED_FACE('',(#3312),#976,.F.);
#3312 = FACE_BOUND('',#3313,.F.);
#3313 = EDGE_LOOP('',(#3314,#3315,#3316,#3339));
#3314 = ORIENTED_EDGE('',*,*,#3246,.F.);
#3315 = ORIENTED_EDGE('',*,*,#963,.T.);
#3316 = ORIENTED_EDGE('',*,*,#3317,.T.);
#3317 = EDGE_CURVE('',#938,#3318,#3320,.T.);
#3318 = VERTEX_POINT('',#3319);
#3319 = CARTESIAN_POINT('',(-7.,47.,7.5));
#3320 = SURFACE_CURVE('',#3321,(#3325,#3332),.PCURVE_S1.);
#3321 = LINE('',#3322,#3323);
#3322 = CARTESIAN_POINT('',(-7.,47.,-1.));
#3323 = VECTOR('',#3324,1.);
#3324 = DIRECTION('',(0.,0.,1.));
#3325 = PCURVE('',#976,#3326);
#3326 = DEFINITIONAL_REPRESENTATION('',(#3327),#3331);
#3327 = LINE('',#3328,#3329);
#3328 = CARTESIAN_POINT('',(0.,-14.));
#3329 = VECTOR('',#3330,1.);
#3330 = DIRECTION('',(1.,0.));
#3331 = ( GEOMETRIC_REPRESENTATION_CONTEXT(2) 
PARAMETRIC_REPRESENTATION_CONTEXT() REPRESENTATION_CONTEXT('2D SPACE',''
  ) );
#3332 = PCURVE('',#952,#3333);
#3333 = DEFINITIONAL_REPRESENTATION('',(#3334),#3338);
#3334 = LINE('',#3335,#3336);
#3335 = CARTESIAN_POINT('',(0.,6.));
#3336 = VECTOR('',#3337,1.);
#3337 = DIRECTION('',(1.,0.));
#3338 = ( GEOMETRIC_REPRESENTATION_CONTEXT(2) 
PARAMETRIC_REPRESENTATION_CONTEXT() REPRESENTATION_CONTEXT('2D SPACE',''
  ) );
#3339 = ORIENTED_EDGE('',*,*,#3340,.F.);
#3340 = EDGE_CURVE('',#3247,#3318,#3341,.T.);
#3341 = SURFACE_CURVE('',#3342,(#3346,#3352),.PCURVE_S1.);
#3342 = LINE('',#3343,#3344);
#3343 = CARTESIAN_POINT('',(-36.5,47.,7.5));
#3344 = VECTOR('',#3345,1.);
#3345 = DIRECTION('',(-1.,1.110223024625E-16,0.));
#3346 = PCURVE('',#976,#3347);
#3347 = DEFINITIONAL_REPRESENTATION('',(#3348),#3351);
#3348 = B_SPLINE_CURVE_WITH_KNOTS('',1,(#3349,#3350),.UNSPECIFIED.,.F.,
  .F.,(2,2),(-43.5,-29.5),.PIECEWISE_BEZIER_KNOTS.);
#3349 = CARTESIAN_POINT('',(8.5,0.));
#3350 = CARTESIAN_POINT('',(8.5,-14.));
#3351 = ( GEOMETRIC_REPRESENTATION_CONTEXT(2) 
PARAMETRIC_REPRESENTATION_CONTEXT() REPRESENTATION_CONTEXT('2D SPACE',''
  ) );
#3352 = PCURVE('',#1028,#3353);
#3353 = DEFINITIONAL_REPRESENTATION('',(#3354),#3357);
#3354 = B_SPLINE_CURVE_WITH_KNOTS('',1,(#3355,#3356),.UNSPECIFIED.,.F.,
  .F.,(2,2),(-43.5,-29.5),.PIECEWISE_BEZIER_KNOTS.);
#3355 = CARTESIAN_POINT('',(87.,63.));
#3356 = CARTESIAN_POINT('',(73.,63.));
#3357 = ( GEOMETRIC_REPRESENTATION_CONTEXT(2) 
PARAMETRIC_REPRESENTATION_CONTEXT() REPRESENTATION_CONTEXT('2D SPACE',''
  ) );
#3358 = ADVANCED_FACE('',(#3359),#926,.T.);
#3359 = FACE_BOUND('',#3360,.T.);
#3360 = EDGE_LOOP('',(#3361,#3362,#3363,#3386));
#3361 = ORIENTED_EDGE('',*,*,#3270,.F.);
#3362 = ORIENTED_EDGE('',*,*,#911,.T.);
#3363 = ORIENTED_EDGE('',*,*,#3364,.T.);
#3364 = EDGE_CURVE('',#912,#3365,#3367,.T.);
#3365 = VERTEX_POINT('',#3366);
#3366 = CARTESIAN_POINT('',(-7.,41.,7.5));
#3367 = SURFACE_CURVE('',#3368,(#3372,#3379),.PCURVE_S1.);
#3368 = LINE('',#3369,#3370);
#3369 = CARTESIAN_POINT('',(-7.,41.,-1.));
#3370 = VECTOR('',#3371,1.);
#3371 = DIRECTION('',(0.,0.,1.));
#3372 = PCURVE('',#926,#3373);
#3373 = DEFINITIONAL_REPRESENTATION('',(#3374),#3378);
#3374 = LINE('',#3375,#3376);
#3375 = CARTESIAN_POINT('',(0.,-14.));
#3376 = VECTOR('',#3377,1.);
#3377 = DIRECTION('',(1.,0.));
#3378 = ( GEOMETRIC_REPRESENTATION_CONTEXT(2) 
PARAMETRIC_REPRESENTATION_CONTEXT() REPRESENTATION_CONTEXT('2D SPACE',''
  ) );
#3379 = PCURVE('',#952,#3380);
#3380 = DEFINITIONAL_REPRESENTATION('',(#3381),#3385);
#3381 = LINE('',#3382,#3383);
#3382 = CARTESIAN_POINT('',(0.,0.));
#3383 = VECTOR('',#3384,1.);
#3384 = DIRECTION('',(1.,0.));
#3385 = ( GEOMETRIC_REPRESENTATION_CONTEXT(2) 
PARAMETRIC_REPRESENTATION_CONTEXT() REPRESENTATION_CONTEXT('2D SPACE',''
  ) );
#3386 = ORIENTED_EDGE('',*,*,#3387,.F.);
#3387 = EDGE_CURVE('',#3271,#3365,#3388,.T.);
#3388 = SURFACE_CURVE('',#3389,(#3393,#3399),.PCURVE_S1.);
#3389 = LINE('',#3390,#3391);
#3390 = CARTESIAN_POINT('',(-36.5,41.,7.5));
#3391 = VECTOR('',#3392,1.);
#3392 = DIRECTION('',(-1.,1.110223024625E-16,0.));
#3393 = PCURVE('',#926,#3394);
#3394 = DEFINITIONAL_REPRESENTATION('',(#3395),#3398);
#3395 = B_SPLINE_CURVE_WITH_KNOTS('',1,(#3396,#3397),.UNSPECIFIED.,.F.,
  .F.,(2,2),(-43.5,-29.5),.PIECEWISE_BEZIER_KNOTS.);
#3396 = CARTESIAN_POINT('',(8.5,0.));
#3397 = CARTESIAN_POINT('',(8.5,-14.));
#3398 = ( GEOMETRIC_REPRESENTATION_CONTEXT(2) 
PARAMETRIC_REPRESENTATION_CONTEXT() REPRESENTATION_CONTEXT('2D SPACE',''
  ) );
#3399 = PCURVE('',#1028,#3400);
#3400 = DEFINITIONAL_REPRESENTATION('',(#3401),#3404);
#3401 = B_SPLINE_CURVE_WITH_KNOTS('',1,(#3402,#3403),.UNSPECIFIED.,.F.,
  .F.,(2,2),(-43.5,-29.5),.PIECEWISE_BEZIER_KNOTS.);
#3402 = CARTESIAN_POINT('',(87.,57.));
#3403 = CARTESIAN_POINT('',(73.,57.));
#3404 = ( GEOMETRIC_REPRESENTATION_CONTEXT(2) 
PARAMETRIC_REPRESENTATION_CONTEXT() REPRESENTATION_CONTEXT('2D SPACE',''
  ) );
#3405 = ADVANCED_FACE('',(#3406),#952,.F.);
#3406 = FACE_BOUND('',#3407,.F.);
#3407 = EDGE_LOOP('',(#3408,#3409,#3410,#3411));
#3408 = ORIENTED_EDGE('',*,*,#3317,.F.);
#3409 = ORIENTED_EDGE('',*,*,#937,.T.);
#3410 = ORIENTED_EDGE('',*,*,#3364,.T.);
#3411 = ORIENTED_EDGE('',*,*,#3412,.F.);
#3412 = EDGE_CURVE('',#3318,#3365,#3413,.T.);
#3413 = SURFACE_CURVE('',#3414,(#3418,#3424),.PCURVE_S1.);
#3414 = LINE('',#3415,#3416);
#3415 = CARTESIAN_POINT('',(-7.,12.5,7.5));
#3416 = VECTOR('',#3417,1.);
#3417 = DIRECTION('',(-1.110223024625E-16,-1.,0.));
#3418 = PCURVE('',#952,#3419);
#3419 = DEFINITIONAL_REPRESENTATION('',(#3420),#3423);
#3420 = B_SPLINE_CURVE_WITH_KNOTS('',1,(#3421,#3422),.UNSPECIFIED.,.F.,
  .F.,(2,2),(-34.5,-28.5),.PIECEWISE_BEZIER_KNOTS.);
#3421 = CARTESIAN_POINT('',(8.5,6.));
#3422 = CARTESIAN_POINT('',(8.5,0.));
#3423 = ( GEOMETRIC_REPRESENTATION_CONTEXT(2) 
PARAMETRIC_REPRESENTATION_CONTEXT() REPRESENTATION_CONTEXT('2D SPACE',''
  ) );
#3424 = PCURVE('',#1028,#3425);
#3425 = DEFINITIONAL_REPRESENTATION('',(#3426),#3429);
#3426 = B_SPLINE_CURVE_WITH_KNOTS('',1,(#3427,#3428),.UNSPECIFIED.,.F.,
  .F.,(2,2),(-34.5,-28.5),.PIECEWISE_BEZIER_KNOTS.);
#3427 = CARTESIAN_POINT('',(73.,63.));
#3428 = CARTESIAN_POINT('',(73.,57.));
#3429 = ( GEOMETRIC_REPRESENTATION_CONTEXT(2) 
PARAMETRIC_REPRESENTATION_CONTEXT() REPRESENTATION_CONTEXT('2D SPACE',''
  ) );
#3430 = ADVANCED_FACE('',(#3431,#4033,#4039,#4045,#4203,#4209),#1028,.T.
  );
#3431 = FACE_BOUND('',#3432,.T.);
#3432 = EDGE_LOOP('',(#3433,#3434,#3435,#3436,#3437,#3460,#3488,#3509,
    #3510,#3533,#3561,#3582,#3583,#3584,#3585,#3586,#3587,#3610,#3638,
    #3659,#3660,#3683,#3711,#3732,#3733,#3734,#3735,#3736,#3737,#3760,
    #3788,#3809,#3810,#3833,#3861,#3882,#3883,#3884,#3885,#3886,#3887,
    #3910,#3938,#3959,#3960,#3983,#4011,#4032));
#3433 = ORIENTED_EDGE('',*,*,#1012,.F.);
#3434 = ORIENTED_EDGE('',*,*,#1066,.T.);
#3435 = ORIENTED_EDGE('',*,*,#1375,.T.);
#3436 = ORIENTED_EDGE('',*,*,#1709,.F.);
#3437 = ORIENTED_EDGE('',*,*,#3438,.F.);
#3438 = EDGE_CURVE('',#3439,#1682,#3441,.T.);
#3439 = VERTEX_POINT('',#3440);
#3440 = CARTESIAN_POINT('',(8.3,60.,7.5));
#3441 = SURFACE_CURVE('',#3442,(#3446,#3453),.PCURVE_S1.);
#3442 = LINE('',#3443,#3444);
#3443 = CARTESIAN_POINT('',(8.3,60.,7.5));
#3444 = VECTOR('',#3445,1.);
#3445 = DIRECTION('',(1.110223024625E-16,1.,0.));
#3446 = PCURVE('',#1028,#3447);
#3447 = DEFINITIONAL_REPRESENTATION('',(#3448),#3452);
#3448 = LINE('',#3449,#3450);
#3449 = CARTESIAN_POINT('',(88.3,76.));
#3450 = VECTOR('',#3451,1.);
#3451 = DIRECTION('',(1.110223024625E-16,1.));
#3452 = ( GEOMETRIC_REPRESENTATION_CONTEXT(2) 
PARAMETRIC_REPRESENTATION_CONTEXT() REPRESENTATION_CONTEXT('2D SPACE',''
  ) );
#3453 = PCURVE('',#1697,#3454);
#3454 = DEFINITIONAL_REPRESENTATION('',(#3455),#3459);
#3455 = LINE('',#3456,#3457);
#3456 = CARTESIAN_POINT('',(0.,0.));
#3457 = VECTOR('',#3458,1.);
#3458 = DIRECTION('',(0.,1.));
#3459 = ( GEOMETRIC_REPRESENTATION_CONTEXT(2) 
PARAMETRIC_REPRESENTATION_CONTEXT() REPRESENTATION_CONTEXT('2D SPACE',''
  ) );
#3460 = ORIENTED_EDGE('',*,*,#3461,.T.);
#3461 = EDGE_CURVE('',#3439,#3462,#3464,.T.);
#3462 = VERTEX_POINT('',#3463);
#3463 = CARTESIAN_POINT('',(4.1,60.,7.5));
#3464 = SURFACE_CURVE('',#3465,(#3469,#3476),.PCURVE_S1.);
#3465 = LINE('',#3466,#3467);
#3466 = CARTESIAN_POINT('',(8.3,60.,7.5));
#3467 = VECTOR('',#3468,1.);
#3468 = DIRECTION('',(-1.,1.110223024625E-16,0.));
#3469 = PCURVE('',#1028,#3470);
#3470 = DEFINITIONAL_REPRESENTATION('',(#3471),#3475);
#3471 = LINE('',#3472,#3473);
#3472 = CARTESIAN_POINT('',(88.3,76.));
#3473 = VECTOR('',#3474,1.);
#3474 = DIRECTION('',(-1.,1.110223024625E-16));
#3475 = ( GEOMETRIC_REPRESENTATION_CONTEXT(2) 
PARAMETRIC_REPRESENTATION_CONTEXT() REPRESENTATION_CONTEXT('2D SPACE',''
  ) );
#3476 = PCURVE('',#3477,#3482);
#3477 = PLANE('',#3478);
#3478 = AXIS2_PLACEMENT_3D('',#3479,#3480,#3481);
#3479 = CARTESIAN_POINT('',(8.3,60.,7.5));
#3480 = DIRECTION('',(1.110223024625E-16,1.,0.));
#3481 = DIRECTION('',(0.,0.,1.));
#3482 = DEFINITIONAL_REPRESENTATION('',(#3483),#3487);
#3483 = LINE('',#3484,#3485);
#3484 = CARTESIAN_POINT('',(0.,0.));
#3485 = VECTOR('',#3486,1.);
#3486 = DIRECTION('',(0.,-1.));
#3487 = ( GEOMETRIC_REPRESENTATION_CONTEXT(2) 
PARAMETRIC_REPRESENTATION_CONTEXT() REPRESENTATION_CONTEXT('2D SPACE',''
  ) );
#3488 = ORIENTED_EDGE('',*,*,#3489,.T.);
#3489 = EDGE_CURVE('',#3462,#1603,#3490,.T.);
#3490 = SURFACE_CURVE('',#3491,(#3495,#3502),.PCURVE_S1.);
#3491 = LINE('',#3492,#3493);
#3492 = CARTESIAN_POINT('',(4.1,60.,7.5));
#3493 = VECTOR('',#3494,1.);
#3494 = DIRECTION('',(1.110223024625E-16,1.,0.));
#3495 = PCURVE('',#1028,#3496);
#3496 = DEFINITIONAL_REPRESENTATION('',(#3497),#3501);
#3497 = LINE('',#3498,#3499);
#3498 = CARTESIAN_POINT('',(84.1,76.));
#3499 = VECTOR('',#3500,1.);
#3500 = DIRECTION('',(1.110223024625E-16,1.));
#3501 = ( GEOMETRIC_REPRESENTATION_CONTEXT(2) 
PARAMETRIC_REPRESENTATION_CONTEXT() REPRESENTATION_CONTEXT('2D SPACE',''
  ) );
#3502 = PCURVE('',#1641,#3503);
#3503 = DEFINITIONAL_REPRESENTATION('',(#3504),#3508);
#3504 = LINE('',#3505,#3506);
#3505 = CARTESIAN_POINT('',(0.,0.));
#3506 = VECTOR('',#3507,1.);
#3507 = DIRECTION('',(0.,1.));
#3508 = ( GEOMETRIC_REPRESENTATION_CONTEXT(2) 
PARAMETRIC_REPRESENTATION_CONTEXT() REPRESENTATION_CONTEXT('2D SPACE',''
  ) );
#3509 = ORIENTED_EDGE('',*,*,#1602,.F.);
#3510 = ORIENTED_EDGE('',*,*,#3511,.F.);
#3511 = EDGE_CURVE('',#3512,#1575,#3514,.T.);
#3512 = VERTEX_POINT('',#3513);
#3513 = CARTESIAN_POINT('',(-4.1,60.,7.5));
#3514 = SURFACE_CURVE('',#3515,(#3519,#3526),.PCURVE_S1.);
#3515 = LINE('',#3516,#3517);
#3516 = CARTESIAN_POINT('',(-4.1,60.,7.5));
#3517 = VECTOR('',#3518,1.);
#3518 = DIRECTION('',(1.110223024625E-16,1.,0.));
#3519 = PCURVE('',#1028,#3520);
#3520 = DEFINITIONAL_REPRESENTATION('',(#3521),#3525);
#3521 = LINE('',#3522,#3523);
#3522 = CARTESIAN_POINT('',(75.9,76.));
#3523 = VECTOR('',#3524,1.);
#3524 = DIRECTION('',(1.110223024625E-16,1.));
#3525 = ( GEOMETRIC_REPRESENTATION_CONTEXT(2) 
PARAMETRIC_REPRESENTATION_CONTEXT() REPRESENTATION_CONTEXT('2D SPACE',''
  ) );
#3526 = PCURVE('',#1590,#3527);
#3527 = DEFINITIONAL_REPRESENTATION('',(#3528),#3532);
#3528 = LINE('',#3529,#3530);
#3529 = CARTESIAN_POINT('',(0.,0.));
#3530 = VECTOR('',#3531,1.);
#3531 = DIRECTION('',(0.,1.));
#3532 = ( GEOMETRIC_REPRESENTATION_CONTEXT(2) 
PARAMETRIC_REPRESENTATION_CONTEXT() REPRESENTATION_CONTEXT('2D SPACE',''
  ) );
#3533 = ORIENTED_EDGE('',*,*,#3534,.T.);
#3534 = EDGE_CURVE('',#3512,#3535,#3537,.T.);
#3535 = VERTEX_POINT('',#3536);
#3536 = CARTESIAN_POINT('',(-8.3,60.,7.5));
#3537 = SURFACE_CURVE('',#3538,(#3542,#3549),.PCURVE_S1.);
#3538 = LINE('',#3539,#3540);
#3539 = CARTESIAN_POINT('',(-4.1,60.,7.5));
#3540 = VECTOR('',#3541,1.);
#3541 = DIRECTION('',(-1.,1.110223024625E-16,0.));
#3542 = PCURVE('',#1028,#3543);
#3543 = DEFINITIONAL_REPRESENTATION('',(#3544),#3548);
#3544 = LINE('',#3545,#3546);
#3545 = CARTESIAN_POINT('',(75.9,76.));
#3546 = VECTOR('',#3547,1.);
#3547 = DIRECTION('',(-1.,1.110223024625E-16));
#3548 = ( GEOMETRIC_REPRESENTATION_CONTEXT(2) 
PARAMETRIC_REPRESENTATION_CONTEXT() REPRESENTATION_CONTEXT('2D SPACE',''
  ) );
#3549 = PCURVE('',#3550,#3555);
#3550 = PLANE('',#3551);
#3551 = AXIS2_PLACEMENT_3D('',#3552,#3553,#3554);
#3552 = CARTESIAN_POINT('',(-4.1,60.,7.5));
#3553 = DIRECTION('',(1.110223024625E-16,1.,0.));
#3554 = DIRECTION('',(0.,0.,1.));
#3555 = DEFINITIONAL_REPRESENTATION('',(#3556),#3560);
#3556 = LINE('',#3557,#3558);
#3557 = CARTESIAN_POINT('',(0.,0.));
#3558 = VECTOR('',#3559,1.);
#3559 = DIRECTION('',(0.,-1.));
#3560 = ( GEOMETRIC_REPRESENTATION_CONTEXT(2) 
PARAMETRIC_REPRESENTATION_CONTEXT() REPRESENTATION_CONTEXT('2D SPACE',''
  ) );
#3561 = ORIENTED_EDGE('',*,*,#3562,.T.);
#3562 = EDGE_CURVE('',#3535,#1496,#3563,.T.);
#3563 = SURFACE_CURVE('',#3564,(#3568,#3575),.PCURVE_S1.);
#3564 = LINE('',#3565,#3566);
#3565 = CARTESIAN_POINT('',(-8.3,60.,7.5));
#3566 = VECTOR('',#3567,1.);
#3567 = DIRECTION('',(1.110223024625E-16,1.,0.));
#3568 = PCURVE('',#1028,#3569);
#3569 = DEFINITIONAL_REPRESENTATION('',(#3570),#3574);
#3570 = LINE('',#3571,#3572);
#3571 = CARTESIAN_POINT('',(71.7,76.));
#3572 = VECTOR('',#3573,1.);
#3573 = DIRECTION('',(1.110223024625E-16,1.));
#3574 = ( GEOMETRIC_REPRESENTATION_CONTEXT(2) 
PARAMETRIC_REPRESENTATION_CONTEXT() REPRESENTATION_CONTEXT('2D SPACE',''
  ) );
#3575 = PCURVE('',#1534,#3576);
#3576 = DEFINITIONAL_REPRESENTATION('',(#3577),#3581);
#3577 = LINE('',#3578,#3579);
#3578 = CARTESIAN_POINT('',(0.,0.));
#3579 = VECTOR('',#3580,1.);
#3580 = DIRECTION('',(0.,1.));
#3581 = ( GEOMETRIC_REPRESENTATION_CONTEXT(2) 
PARAMETRIC_REPRESENTATION_CONTEXT() REPRESENTATION_CONTEXT('2D SPACE',''
  ) );
#3582 = ORIENTED_EDGE('',*,*,#1495,.F.);
#3583 = ORIENTED_EDGE('',*,*,#1782,.F.);
#3584 = ORIENTED_EDGE('',*,*,#1880,.T.);
#3585 = ORIENTED_EDGE('',*,*,#2213,.F.);
#3586 = ORIENTED_EDGE('',*,*,#2310,.F.);
#3587 = ORIENTED_EDGE('',*,*,#3588,.F.);
#3588 = EDGE_CURVE('',#3589,#2311,#3591,.T.);
#3589 = VERTEX_POINT('',#3590);
#3590 = CARTESIAN_POINT('',(-60.,8.3,7.5));
#3591 = SURFACE_CURVE('',#3592,(#3596,#3603),.PCURVE_S1.);
#3592 = LINE('',#3593,#3594);
#3593 = CARTESIAN_POINT('',(-60.,8.3,7.5));
#3594 = VECTOR('',#3595,1.);
#3595 = DIRECTION('',(-1.,1.224646799147E-16,0.));
#3596 = PCURVE('',#1028,#3597);
#3597 = DEFINITIONAL_REPRESENTATION('',(#3598),#3602);
#3598 = LINE('',#3599,#3600);
#3599 = CARTESIAN_POINT('',(20.,24.3));
#3600 = VECTOR('',#3601,1.);
#3601 = DIRECTION('',(-1.,1.224646799147E-16));
#3602 = ( GEOMETRIC_REPRESENTATION_CONTEXT(2) 
PARAMETRIC_REPRESENTATION_CONTEXT() REPRESENTATION_CONTEXT('2D SPACE',''
  ) );
#3603 = PCURVE('',#2349,#3604);
#3604 = DEFINITIONAL_REPRESENTATION('',(#3605),#3609);
#3605 = LINE('',#3606,#3607);
#3606 = CARTESIAN_POINT('',(0.,0.));
#3607 = VECTOR('',#3608,1.);
#3608 = DIRECTION('',(0.,1.));
#3609 = ( GEOMETRIC_REPRESENTATION_CONTEXT(2) 
PARAMETRIC_REPRESENTATION_CONTEXT() REPRESENTATION_CONTEXT('2D SPACE',''
  ) );
#3610 = ORIENTED_EDGE('',*,*,#3611,.T.);
#3611 = EDGE_CURVE('',#3589,#3612,#3614,.T.);
#3612 = VERTEX_POINT('',#3613);
#3613 = CARTESIAN_POINT('',(-60.,4.1,7.5));
#3614 = SURFACE_CURVE('',#3615,(#3619,#3626),.PCURVE_S1.);
#3615 = LINE('',#3616,#3617);
#3616 = CARTESIAN_POINT('',(-60.,8.3,7.5));
#3617 = VECTOR('',#3618,1.);
#3618 = DIRECTION('',(-1.224646799147E-16,-1.,0.));
#3619 = PCURVE('',#1028,#3620);
#3620 = DEFINITIONAL_REPRESENTATION('',(#3621),#3625);
#3621 = LINE('',#3622,#3623);
#3622 = CARTESIAN_POINT('',(20.,24.3));
#3623 = VECTOR('',#3624,1.);
#3624 = DIRECTION('',(-1.224646799147E-16,-1.));
#3625 = ( GEOMETRIC_REPRESENTATION_CONTEXT(2) 
PARAMETRIC_REPRESENTATION_CONTEXT() REPRESENTATION_CONTEXT('2D SPACE',''
  ) );
#3626 = PCURVE('',#3627,#3632);
#3627 = PLANE('',#3628);
#3628 = AXIS2_PLACEMENT_3D('',#3629,#3630,#3631);
#3629 = CARTESIAN_POINT('',(-60.,8.3,7.5));
#3630 = DIRECTION('',(-1.,1.224646799147E-16,0.));
#3631 = DIRECTION('',(0.,0.,1.));
#3632 = DEFINITIONAL_REPRESENTATION('',(#3633),#3637);
#3633 = LINE('',#3634,#3635);
#3634 = CARTESIAN_POINT('',(0.,0.));
#3635 = VECTOR('',#3636,1.);
#3636 = DIRECTION('',(0.,-1.));
#3637 = ( GEOMETRIC_REPRESENTATION_CONTEXT(2) 
PARAMETRIC_REPRESENTATION_CONTEXT() REPRESENTATION_CONTEXT('2D SPACE',''
  ) );
#3638 = ORIENTED_EDGE('',*,*,#3639,.T.);
#3639 = EDGE_CURVE('',#3612,#2390,#3640,.T.);
#3640 = SURFACE_CURVE('',#3641,(#3645,#3652),.PCURVE_S1.);
#3641 = LINE('',#3642,#3643);
#3642 = CARTESIAN_POINT('',(-60.,4.1,7.5));
#3643 = VECTOR('',#3644,1.);
#3644 = DIRECTION('',(-1.,1.224646799147E-16,0.));
#3645 = PCURVE('',#1028,#3646);
#3646 = DEFINITIONAL_REPRESENTATION('',(#3647),#3651);
#3647 = LINE('',#3648,#3649);
#3648 = CARTESIAN_POINT('',(20.,20.1));
#3649 = VECTOR('',#3650,1.);
#3650 = DIRECTION('',(-1.,1.224646799147E-16));
#3651 = ( GEOMETRIC_REPRESENTATION_CONTEXT(2) 
PARAMETRIC_REPRESENTATION_CONTEXT() REPRESENTATION_CONTEXT('2D SPACE',''
  ) );
#3652 = PCURVE('',#2405,#3653);
#3653 = DEFINITIONAL_REPRESENTATION('',(#3654),#3658);
#3654 = LINE('',#3655,#3656);
#3655 = CARTESIAN_POINT('',(0.,0.));
#3656 = VECTOR('',#3657,1.);
#3657 = DIRECTION('',(0.,1.));
#3658 = ( GEOMETRIC_REPRESENTATION_CONTEXT(2) 
PARAMETRIC_REPRESENTATION_CONTEXT() REPRESENTATION_CONTEXT('2D SPACE',''
  ) );
#3659 = ORIENTED_EDGE('',*,*,#2417,.F.);
#3660 = ORIENTED_EDGE('',*,*,#3661,.F.);
#3661 = EDGE_CURVE('',#3662,#2418,#3664,.T.);
#3662 = VERTEX_POINT('',#3663);
#3663 = CARTESIAN_POINT('',(-60.,-4.1,7.5));
#3664 = SURFACE_CURVE('',#3665,(#3669,#3676),.PCURVE_S1.);
#3665 = LINE('',#3666,#3667);
#3666 = CARTESIAN_POINT('',(-60.,-4.1,7.5));
#3667 = VECTOR('',#3668,1.);
#3668 = DIRECTION('',(-1.,1.224646799147E-16,0.));
#3669 = PCURVE('',#1028,#3670);
#3670 = DEFINITIONAL_REPRESENTATION('',(#3671),#3675);
#3671 = LINE('',#3672,#3673);
#3672 = CARTESIAN_POINT('',(20.,11.9));
#3673 = VECTOR('',#3674,1.);
#3674 = DIRECTION('',(-1.,1.224646799147E-16));
#3675 = ( GEOMETRIC_REPRESENTATION_CONTEXT(2) 
PARAMETRIC_REPRESENTATION_CONTEXT() REPRESENTATION_CONTEXT('2D SPACE',''
  ) );
#3676 = PCURVE('',#2456,#3677);
#3677 = DEFINITIONAL_REPRESENTATION('',(#3678),#3682);
#3678 = LINE('',#3679,#3680);
#3679 = CARTESIAN_POINT('',(0.,0.));
#3680 = VECTOR('',#3681,1.);
#3681 = DIRECTION('',(0.,1.));
#3682 = ( GEOMETRIC_REPRESENTATION_CONTEXT(2) 
PARAMETRIC_REPRESENTATION_CONTEXT() REPRESENTATION_CONTEXT('2D SPACE',''
  ) );
#3683 = ORIENTED_EDGE('',*,*,#3684,.T.);
#3684 = EDGE_CURVE('',#3662,#3685,#3687,.T.);
#3685 = VERTEX_POINT('',#3686);
#3686 = CARTESIAN_POINT('',(-60.,-8.3,7.5));
#3687 = SURFACE_CURVE('',#3688,(#3692,#3699),.PCURVE_S1.);
#3688 = LINE('',#3689,#3690);
#3689 = CARTESIAN_POINT('',(-60.,-4.1,7.5));
#3690 = VECTOR('',#3691,1.);
#3691 = DIRECTION('',(-1.224646799147E-16,-1.,0.));
#3692 = PCURVE('',#1028,#3693);
#3693 = DEFINITIONAL_REPRESENTATION('',(#3694),#3698);
#3694 = LINE('',#3695,#3696);
#3695 = CARTESIAN_POINT('',(20.,11.9));
#3696 = VECTOR('',#3697,1.);
#3697 = DIRECTION('',(-1.224646799147E-16,-1.));
#3698 = ( GEOMETRIC_REPRESENTATION_CONTEXT(2) 
PARAMETRIC_REPRESENTATION_CONTEXT() REPRESENTATION_CONTEXT('2D SPACE',''
  ) );
#3699 = PCURVE('',#3700,#3705);
#3700 = PLANE('',#3701);
#3701 = AXIS2_PLACEMENT_3D('',#3702,#3703,#3704);
#3702 = CARTESIAN_POINT('',(-60.,-4.1,7.5));
#3703 = DIRECTION('',(-1.,1.224646799147E-16,0.));
#3704 = DIRECTION('',(0.,0.,1.));
#3705 = DEFINITIONAL_REPRESENTATION('',(#3706),#3710);
#3706 = LINE('',#3707,#3708);
#3707 = CARTESIAN_POINT('',(0.,0.));
#3708 = VECTOR('',#3709,1.);
#3709 = DIRECTION('',(0.,-1.));
#3710 = ( GEOMETRIC_REPRESENTATION_CONTEXT(2) 
PARAMETRIC_REPRESENTATION_CONTEXT() REPRESENTATION_CONTEXT('2D SPACE',''
  ) );
#3711 = ORIENTED_EDGE('',*,*,#3712,.T.);
#3712 = EDGE_CURVE('',#3685,#2497,#3713,.T.);
#3713 = SURFACE_CURVE('',#3714,(#3718,#3725),.PCURVE_S1.);
#3714 = LINE('',#3715,#3716);
#3715 = CARTESIAN_POINT('',(-60.,-8.3,7.5));
#3716 = VECTOR('',#3717,1.);
#3717 = DIRECTION('',(-1.,1.224646799147E-16,0.));
#3718 = PCURVE('',#1028,#3719);
#3719 = DEFINITIONAL_REPRESENTATION('',(#3720),#3724);
#3720 = LINE('',#3721,#3722);
#3721 = CARTESIAN_POINT('',(20.,7.7));
#3722 = VECTOR('',#3723,1.);
#3723 = DIRECTION('',(-1.,1.224646799147E-16));
#3724 = ( GEOMETRIC_REPRESENTATION_CONTEXT(2) 
PARAMETRIC_REPRESENTATION_CONTEXT() REPRESENTATION_CONTEXT('2D SPACE',''
  ) );
#3725 = PCURVE('',#2512,#3726);
#3726 = DEFINITIONAL_REPRESENTATION('',(#3727),#3731);
#3727 = LINE('',#3728,#3729);
#3728 = CARTESIAN_POINT('',(0.,0.));
#3729 = VECTOR('',#3730,1.);
#3730 = DIRECTION('',(0.,1.));
#3731 = ( GEOMETRIC_REPRESENTATION_CONTEXT(2) 
PARAMETRIC_REPRESENTATION_CONTEXT() REPRESENTATION_CONTEXT('2D SPACE',''
  ) );
#3732 = ORIENTED_EDGE('',*,*,#2524,.F.);
#3733 = ORIENTED_EDGE('',*,*,#2598,.T.);
#3734 = ORIENTED_EDGE('',*,*,#2548,.T.);
#3735 = ORIENTED_EDGE('',*,*,#2238,.F.);
#3736 = ORIENTED_EDGE('',*,*,#1950,.T.);
#3737 = ORIENTED_EDGE('',*,*,#3738,.F.);
#3738 = EDGE_CURVE('',#3739,#1951,#3741,.T.);
#3739 = VERTEX_POINT('',#3740);
#3740 = CARTESIAN_POINT('',(-8.3,-60.,7.5));
#3741 = SURFACE_CURVE('',#3742,(#3746,#3753),.PCURVE_S1.);
#3742 = LINE('',#3743,#3744);
#3743 = CARTESIAN_POINT('',(-8.3,-60.,7.5));
#3744 = VECTOR('',#3745,1.);
#3745 = DIRECTION('',(-2.22044604925E-16,-1.,0.));
#3746 = PCURVE('',#1028,#3747);
#3747 = DEFINITIONAL_REPRESENTATION('',(#3748),#3752);
#3748 = LINE('',#3749,#3750);
#3749 = CARTESIAN_POINT('',(71.7,-44.));
#3750 = VECTOR('',#3751,1.);
#3751 = DIRECTION('',(-2.22044604925E-16,-1.));
#3752 = ( GEOMETRIC_REPRESENTATION_CONTEXT(2) 
PARAMETRIC_REPRESENTATION_CONTEXT() REPRESENTATION_CONTEXT('2D SPACE',''
  ) );
#3753 = PCURVE('',#1989,#3754);
#3754 = DEFINITIONAL_REPRESENTATION('',(#3755),#3759);
#3755 = LINE('',#3756,#3757);
#3756 = CARTESIAN_POINT('',(0.,0.));
#3757 = VECTOR('',#3758,1.);
#3758 = DIRECTION('',(0.,1.));
#3759 = ( GEOMETRIC_REPRESENTATION_CONTEXT(2) 
PARAMETRIC_REPRESENTATION_CONTEXT() REPRESENTATION_CONTEXT('2D SPACE',''
  ) );
#3760 = ORIENTED_EDGE('',*,*,#3761,.T.);
#3761 = EDGE_CURVE('',#3739,#3762,#3764,.T.);
#3762 = VERTEX_POINT('',#3763);
#3763 = CARTESIAN_POINT('',(-4.1,-60.,7.5));
#3764 = SURFACE_CURVE('',#3765,(#3769,#3776),.PCURVE_S1.);
#3765 = LINE('',#3766,#3767);
#3766 = CARTESIAN_POINT('',(-8.3,-60.,7.5));
#3767 = VECTOR('',#3768,1.);
#3768 = DIRECTION('',(1.,-2.22044604925E-16,0.));
#3769 = PCURVE('',#1028,#3770);
#3770 = DEFINITIONAL_REPRESENTATION('',(#3771),#3775);
#3771 = LINE('',#3772,#3773);
#3772 = CARTESIAN_POINT('',(71.7,-44.));
#3773 = VECTOR('',#3774,1.);
#3774 = DIRECTION('',(1.,-2.22044604925E-16));
#3775 = ( GEOMETRIC_REPRESENTATION_CONTEXT(2) 
PARAMETRIC_REPRESENTATION_CONTEXT() REPRESENTATION_CONTEXT('2D SPACE',''
  ) );
#3776 = PCURVE('',#3777,#3782);
#3777 = PLANE('',#3778);
#3778 = AXIS2_PLACEMENT_3D('',#3779,#3780,#3781);
#3779 = CARTESIAN_POINT('',(-8.3,-60.,7.5));
#3780 = DIRECTION('',(-2.22044604925E-16,-1.,0.));
#3781 = DIRECTION('',(0.,0.,1.));
#3782 = DEFINITIONAL_REPRESENTATION('',(#3783),#3787);
#3783 = LINE('',#3784,#3785);
#3784 = CARTESIAN_POINT('',(0.,0.));
#3785 = VECTOR('',#3786,1.);
#3786 = DIRECTION('',(0.,-1.));
#3787 = ( GEOMETRIC_REPRESENTATION_CONTEXT(2) 
PARAMETRIC_REPRESENTATION_CONTEXT() REPRESENTATION_CONTEXT('2D SPACE',''
  ) );
#3788 = ORIENTED_EDGE('',*,*,#3789,.T.);
#3789 = EDGE_CURVE('',#3762,#2030,#3790,.T.);
#3790 = SURFACE_CURVE('',#3791,(#3795,#3802),.PCURVE_S1.);
#3791 = LINE('',#3792,#3793);
#3792 = CARTESIAN_POINT('',(-4.1,-60.,7.5));
#3793 = VECTOR('',#3794,1.);
#3794 = DIRECTION('',(-2.22044604925E-16,-1.,0.));
#3795 = PCURVE('',#1028,#3796);
#3796 = DEFINITIONAL_REPRESENTATION('',(#3797),#3801);
#3797 = LINE('',#3798,#3799);
#3798 = CARTESIAN_POINT('',(75.9,-44.));
#3799 = VECTOR('',#3800,1.);
#3800 = DIRECTION('',(-2.22044604925E-16,-1.));
#3801 = ( GEOMETRIC_REPRESENTATION_CONTEXT(2) 
PARAMETRIC_REPRESENTATION_CONTEXT() REPRESENTATION_CONTEXT('2D SPACE',''
  ) );
#3802 = PCURVE('',#2045,#3803);
#3803 = DEFINITIONAL_REPRESENTATION('',(#3804),#3808);
#3804 = LINE('',#3805,#3806);
#3805 = CARTESIAN_POINT('',(0.,0.));
#3806 = VECTOR('',#3807,1.);
#3807 = DIRECTION('',(0.,1.));
#3808 = ( GEOMETRIC_REPRESENTATION_CONTEXT(2) 
PARAMETRIC_REPRESENTATION_CONTEXT() REPRESENTATION_CONTEXT('2D SPACE',''
  ) );
#3809 = ORIENTED_EDGE('',*,*,#2057,.T.);
#3810 = ORIENTED_EDGE('',*,*,#3811,.F.);
#3811 = EDGE_CURVE('',#3812,#2058,#3814,.T.);
#3812 = VERTEX_POINT('',#3813);
#3813 = CARTESIAN_POINT('',(4.1,-60.,7.5));
#3814 = SURFACE_CURVE('',#3815,(#3819,#3826),.PCURVE_S1.);
#3815 = LINE('',#3816,#3817);
#3816 = CARTESIAN_POINT('',(4.1,-60.,7.5));
#3817 = VECTOR('',#3818,1.);
#3818 = DIRECTION('',(-2.22044604925E-16,-1.,0.));
#3819 = PCURVE('',#1028,#3820);
#3820 = DEFINITIONAL_REPRESENTATION('',(#3821),#3825);
#3821 = LINE('',#3822,#3823);
#3822 = CARTESIAN_POINT('',(84.1,-44.));
#3823 = VECTOR('',#3824,1.);
#3824 = DIRECTION('',(-2.22044604925E-16,-1.));
#3825 = ( GEOMETRIC_REPRESENTATION_CONTEXT(2) 
PARAMETRIC_REPRESENTATION_CONTEXT() REPRESENTATION_CONTEXT('2D SPACE',''
  ) );
#3826 = PCURVE('',#2096,#3827);
#3827 = DEFINITIONAL_REPRESENTATION('',(#3828),#3832);
#3828 = LINE('',#3829,#3830);
#3829 = CARTESIAN_POINT('',(0.,0.));
#3830 = VECTOR('',#3831,1.);
#3831 = DIRECTION('',(0.,1.));
#3832 = ( GEOMETRIC_REPRESENTATION_CONTEXT(2) 
PARAMETRIC_REPRESENTATION_CONTEXT() REPRESENTATION_CONTEXT('2D SPACE',''
  ) );
#3833 = ORIENTED_EDGE('',*,*,#3834,.T.);
#3834 = EDGE_CURVE('',#3812,#3835,#3837,.T.);
#3835 = VERTEX_POINT('',#3836);
#3836 = CARTESIAN_POINT('',(8.3,-60.,7.5));
#3837 = SURFACE_CURVE('',#3838,(#3842,#3849),.PCURVE_S1.);
#3838 = LINE('',#3839,#3840);
#3839 = CARTESIAN_POINT('',(4.1,-60.,7.5));
#3840 = VECTOR('',#3841,1.);
#3841 = DIRECTION('',(1.,-2.22044604925E-16,0.));
#3842 = PCURVE('',#1028,#3843);
#3843 = DEFINITIONAL_REPRESENTATION('',(#3844),#3848);
#3844 = LINE('',#3845,#3846);
#3845 = CARTESIAN_POINT('',(84.1,-44.));
#3846 = VECTOR('',#3847,1.);
#3847 = DIRECTION('',(1.,-2.22044604925E-16));
#3848 = ( GEOMETRIC_REPRESENTATION_CONTEXT(2) 
PARAMETRIC_REPRESENTATION_CONTEXT() REPRESENTATION_CONTEXT('2D SPACE',''
  ) );
#3849 = PCURVE('',#3850,#3855);
#3850 = PLANE('',#3851);
#3851 = AXIS2_PLACEMENT_3D('',#3852,#3853,#3854);
#3852 = CARTESIAN_POINT('',(4.1,-60.,7.5));
#3853 = DIRECTION('',(-2.22044604925E-16,-1.,0.));
#3854 = DIRECTION('',(0.,0.,1.));
#3855 = DEFINITIONAL_REPRESENTATION('',(#3856),#3860);
#3856 = LINE('',#3857,#3858);
#3857 = CARTESIAN_POINT('',(0.,0.));
#3858 = VECTOR('',#3859,1.);
#3859 = DIRECTION('',(0.,-1.));
#3860 = ( GEOMETRIC_REPRESENTATION_CONTEXT(2) 
PARAMETRIC_REPRESENTATION_CONTEXT() REPRESENTATION_CONTEXT('2D SPACE',''
  ) );
#3861 = ORIENTED_EDGE('',*,*,#3862,.T.);
#3862 = EDGE_CURVE('',#3835,#2137,#3863,.T.);
#3863 = SURFACE_CURVE('',#3864,(#3868,#3875),.PCURVE_S1.);
#3864 = LINE('',#3865,#3866);
#3865 = CARTESIAN_POINT('',(8.3,-60.,7.5));
#3866 = VECTOR('',#3867,1.);
#3867 = DIRECTION('',(-2.22044604925E-16,-1.,0.));
#3868 = PCURVE('',#1028,#3869);
#3869 = DEFINITIONAL_REPRESENTATION('',(#3870),#3874);
#3870 = LINE('',#3871,#3872);
#3871 = CARTESIAN_POINT('',(88.3,-44.));
#3872 = VECTOR('',#3873,1.);
#3873 = DIRECTION('',(-2.22044604925E-16,-1.));
#3874 = ( GEOMETRIC_REPRESENTATION_CONTEXT(2) 
PARAMETRIC_REPRESENTATION_CONTEXT() REPRESENTATION_CONTEXT('2D SPACE',''
  ) );
#3875 = PCURVE('',#2152,#3876);
#3876 = DEFINITIONAL_REPRESENTATION('',(#3877),#3881);
#3877 = LINE('',#3878,#3879);
#3878 = CARTESIAN_POINT('',(0.,0.));
#3879 = VECTOR('',#3880,1.);
#3880 = DIRECTION('',(0.,1.));
#3881 = ( GEOMETRIC_REPRESENTATION_CONTEXT(2) 
PARAMETRIC_REPRESENTATION_CONTEXT() REPRESENTATION_CONTEXT('2D SPACE',''
  ) );
#3882 = ORIENTED_EDGE('',*,*,#2164,.T.);
#3883 = ORIENTED_EDGE('',*,*,#1829,.T.);
#3884 = ORIENTED_EDGE('',*,*,#1734,.T.);
#3885 = ORIENTED_EDGE('',*,*,#1446,.T.);
#3886 = ORIENTED_EDGE('',*,*,#1351,.T.);
#3887 = ORIENTED_EDGE('',*,*,#3888,.F.);
#3888 = EDGE_CURVE('',#3889,#1324,#3891,.T.);
#3889 = VERTEX_POINT('',#3890);
#3890 = CARTESIAN_POINT('',(60.,-8.3,7.5));
#3891 = SURFACE_CURVE('',#3892,(#3896,#3903),.PCURVE_S1.);
#3892 = LINE('',#3893,#3894);
#3893 = CARTESIAN_POINT('',(60.,-8.3,7.5));
#3894 = VECTOR('',#3895,1.);
#3895 = DIRECTION('',(1.,0.,0.));
#3896 = PCURVE('',#1028,#3897);
#3897 = DEFINITIONAL_REPRESENTATION('',(#3898),#3902);
#3898 = LINE('',#3899,#3900);
#3899 = CARTESIAN_POINT('',(140.,7.7));
#3900 = VECTOR('',#3901,1.);
#3901 = DIRECTION('',(1.,0.));
#3902 = ( GEOMETRIC_REPRESENTATION_CONTEXT(2) 
PARAMETRIC_REPRESENTATION_CONTEXT() REPRESENTATION_CONTEXT('2D SPACE',''
  ) );
#3903 = PCURVE('',#1339,#3904);
#3904 = DEFINITIONAL_REPRESENTATION('',(#3905),#3909);
#3905 = LINE('',#3906,#3907);
#3906 = CARTESIAN_POINT('',(0.,0.));
#3907 = VECTOR('',#3908,1.);
#3908 = DIRECTION('',(0.,1.));
#3909 = ( GEOMETRIC_REPRESENTATION_CONTEXT(2) 
PARAMETRIC_REPRESENTATION_CONTEXT() REPRESENTATION_CONTEXT('2D SPACE',''
  ) );
#3910 = ORIENTED_EDGE('',*,*,#3911,.T.);
#3911 = EDGE_CURVE('',#3889,#3912,#3914,.T.);
#3912 = VERTEX_POINT('',#3913);
#3913 = CARTESIAN_POINT('',(60.,-4.1,7.5));
#3914 = SURFACE_CURVE('',#3915,(#3919,#3926),.PCURVE_S1.);
#3915 = LINE('',#3916,#3917);
#3916 = CARTESIAN_POINT('',(60.,-8.3,7.5));
#3917 = VECTOR('',#3918,1.);
#3918 = DIRECTION('',(0.,1.,0.));
#3919 = PCURVE('',#1028,#3920);
#3920 = DEFINITIONAL_REPRESENTATION('',(#3921),#3925);
#3921 = LINE('',#3922,#3923);
#3922 = CARTESIAN_POINT('',(140.,7.7));
#3923 = VECTOR('',#3924,1.);
#3924 = DIRECTION('',(0.,1.));
#3925 = ( GEOMETRIC_REPRESENTATION_CONTEXT(2) 
PARAMETRIC_REPRESENTATION_CONTEXT() REPRESENTATION_CONTEXT('2D SPACE',''
  ) );
#3926 = PCURVE('',#3927,#3932);
#3927 = PLANE('',#3928);
#3928 = AXIS2_PLACEMENT_3D('',#3929,#3930,#3931);
#3929 = CARTESIAN_POINT('',(60.,-8.3,7.5));
#3930 = DIRECTION('',(1.,0.,0.));
#3931 = DIRECTION('',(0.,0.,1.));
#3932 = DEFINITIONAL_REPRESENTATION('',(#3933),#3937);
#3933 = LINE('',#3934,#3935);
#3934 = CARTESIAN_POINT('',(0.,0.));
#3935 = VECTOR('',#3936,1.);
#3936 = DIRECTION('',(0.,-1.));
#3937 = ( GEOMETRIC_REPRESENTATION_CONTEXT(2) 
PARAMETRIC_REPRESENTATION_CONTEXT() REPRESENTATION_CONTEXT('2D SPACE',''
  ) );
#3938 = ORIENTED_EDGE('',*,*,#3939,.T.);
#3939 = EDGE_CURVE('',#3912,#1245,#3940,.T.);
#3940 = SURFACE_CURVE('',#3941,(#3945,#3952),.PCURVE_S1.);
#3941 = LINE('',#3942,#3943);
#3942 = CARTESIAN_POINT('',(60.,-4.1,7.5));
#3943 = VECTOR('',#3944,1.);
#3944 = DIRECTION('',(1.,0.,0.));
#3945 = PCURVE('',#1028,#3946);
#3946 = DEFINITIONAL_REPRESENTATION('',(#3947),#3951);
#3947 = LINE('',#3948,#3949);
#3948 = CARTESIAN_POINT('',(140.,11.9));
#3949 = VECTOR('',#3950,1.);
#3950 = DIRECTION('',(1.,0.));
#3951 = ( GEOMETRIC_REPRESENTATION_CONTEXT(2) 
PARAMETRIC_REPRESENTATION_CONTEXT() REPRESENTATION_CONTEXT('2D SPACE',''
  ) );
#3952 = PCURVE('',#1283,#3953);
#3953 = DEFINITIONAL_REPRESENTATION('',(#3954),#3958);
#3954 = LINE('',#3955,#3956);
#3955 = CARTESIAN_POINT('',(0.,0.));
#3956 = VECTOR('',#3957,1.);
#3957 = DIRECTION('',(0.,1.));
#3958 = ( GEOMETRIC_REPRESENTATION_CONTEXT(2) 
PARAMETRIC_REPRESENTATION_CONTEXT() REPRESENTATION_CONTEXT('2D SPACE',''
  ) );
#3959 = ORIENTED_EDGE('',*,*,#1244,.T.);
#3960 = ORIENTED_EDGE('',*,*,#3961,.F.);
#3961 = EDGE_CURVE('',#3962,#1217,#3964,.T.);
#3962 = VERTEX_POINT('',#3963);
#3963 = CARTESIAN_POINT('',(60.,4.1,7.5));
#3964 = SURFACE_CURVE('',#3965,(#3969,#3976),.PCURVE_S1.);
#3965 = LINE('',#3966,#3967);
#3966 = CARTESIAN_POINT('',(60.,4.1,7.5));
#3967 = VECTOR('',#3968,1.);
#3968 = DIRECTION('',(1.,0.,0.));
#3969 = PCURVE('',#1028,#3970);
#3970 = DEFINITIONAL_REPRESENTATION('',(#3971),#3975);
#3971 = LINE('',#3972,#3973);
#3972 = CARTESIAN_POINT('',(140.,20.1));
#3973 = VECTOR('',#3974,1.);
#3974 = DIRECTION('',(1.,0.));
#3975 = ( GEOMETRIC_REPRESENTATION_CONTEXT(2) 
PARAMETRIC_REPRESENTATION_CONTEXT() REPRESENTATION_CONTEXT('2D SPACE',''
  ) );
#3976 = PCURVE('',#1232,#3977);
#3977 = DEFINITIONAL_REPRESENTATION('',(#3978),#3982);
#3978 = LINE('',#3979,#3980);
#3979 = CARTESIAN_POINT('',(0.,0.));
#3980 = VECTOR('',#3981,1.);
#3981 = DIRECTION('',(0.,1.));
#3982 = ( GEOMETRIC_REPRESENTATION_CONTEXT(2) 
PARAMETRIC_REPRESENTATION_CONTEXT() REPRESENTATION_CONTEXT('2D SPACE',''
  ) );
#3983 = ORIENTED_EDGE('',*,*,#3984,.T.);
#3984 = EDGE_CURVE('',#3962,#3985,#3987,.T.);
#3985 = VERTEX_POINT('',#3986);
#3986 = CARTESIAN_POINT('',(60.,8.3,7.5));
#3987 = SURFACE_CURVE('',#3988,(#3992,#3999),.PCURVE_S1.);
#3988 = LINE('',#3989,#3990);
#3989 = CARTESIAN_POINT('',(60.,4.1,7.5));
#3990 = VECTOR('',#3991,1.);
#3991 = DIRECTION('',(0.,1.,0.));
#3992 = PCURVE('',#1028,#3993);
#3993 = DEFINITIONAL_REPRESENTATION('',(#3994),#3998);
#3994 = LINE('',#3995,#3996);
#3995 = CARTESIAN_POINT('',(140.,20.1));
#3996 = VECTOR('',#3997,1.);
#3997 = DIRECTION('',(0.,1.));
#3998 = ( GEOMETRIC_REPRESENTATION_CONTEXT(2) 
PARAMETRIC_REPRESENTATION_CONTEXT() REPRESENTATION_CONTEXT('2D SPACE',''
  ) );
#3999 = PCURVE('',#4000,#4005);
#4000 = PLANE('',#4001);
#4001 = AXIS2_PLACEMENT_3D('',#4002,#4003,#4004);
#4002 = CARTESIAN_POINT('',(60.,4.1,7.5));
#4003 = DIRECTION('',(1.,0.,0.));
#4004 = DIRECTION('',(0.,0.,1.));
#4005 = DEFINITIONAL_REPRESENTATION('',(#4006),#4010);
#4006 = LINE('',#4007,#4008);
#4007 = CARTESIAN_POINT('',(0.,0.));
#4008 = VECTOR('',#4009,1.);
#4009 = DIRECTION('',(0.,-1.));
#4010 = ( GEOMETRIC_REPRESENTATION_CONTEXT(2) 
PARAMETRIC_REPRESENTATION_CONTEXT() REPRESENTATION_CONTEXT('2D SPACE',''
  ) );
#4011 = ORIENTED_EDGE('',*,*,#4012,.T.);
#4012 = EDGE_CURVE('',#3985,#1138,#4013,.T.);
#4013 = SURFACE_CURVE('',#4014,(#4018,#4025),.PCURVE_S1.);
#4014 = LINE('',#4015,#4016);
#4015 = CARTESIAN_POINT('',(60.,8.3,7.5));
#4016 = VECTOR('',#4017,1.);
#4017 = DIRECTION('',(1.,0.,0.));
#4018 = PCURVE('',#1028,#4019);
#4019 = DEFINITIONAL_REPRESENTATION('',(#4020),#4024);
#4020 = LINE('',#4021,#4022);
#4021 = CARTESIAN_POINT('',(140.,24.3));
#4022 = VECTOR('',#4023,1.);
#4023 = DIRECTION('',(1.,0.));
#4024 = ( GEOMETRIC_REPRESENTATION_CONTEXT(2) 
PARAMETRIC_REPRESENTATION_CONTEXT() REPRESENTATION_CONTEXT('2D SPACE',''
  ) );
#4025 = PCURVE('',#1176,#4026);
#4026 = DEFINITIONAL_REPRESENTATION('',(#4027),#4031);
#4027 = LINE('',#4028,#4029);
#4028 = CARTESIAN_POINT('',(0.,0.));
#4029 = VECTOR('',#4030,1.);
#4030 = DIRECTION('',(0.,1.));
#4031 = ( GEOMETRIC_REPRESENTATION_CONTEXT(2) 
PARAMETRIC_REPRESENTATION_CONTEXT() REPRESENTATION_CONTEXT('2D SPACE',''
  ) );
#4032 = ORIENTED_EDGE('',*,*,#1137,.T.);
#4033 = FACE_BOUND('',#4034,.T.);
#4034 = EDGE_LOOP('',(#4035,#4036,#4037,#4038));
#4035 = ORIENTED_EDGE('',*,*,#2670,.T.);
#4036 = ORIENTED_EDGE('',*,*,#2764,.T.);
#4037 = ORIENTED_EDGE('',*,*,#2789,.F.);
#4038 = ORIENTED_EDGE('',*,*,#2717,.F.);
#4039 = FACE_BOUND('',#4040,.T.);
#4040 = EDGE_LOOP('',(#4041,#4042,#4043,#4044));
#4041 = ORIENTED_EDGE('',*,*,#2858,.T.);
#4042 = ORIENTED_EDGE('',*,*,#2952,.T.);
#4043 = ORIENTED_EDGE('',*,*,#2977,.F.);
#4044 = ORIENTED_EDGE('',*,*,#2905,.F.);
#4045 = FACE_BOUND('',#4046,.T.);
#4046 = EDGE_LOOP('',(#4047,#4075,#4101,#4127,#4153,#4179));
#4047 = ORIENTED_EDGE('',*,*,#4048,.T.);
#4048 = EDGE_CURVE('',#4049,#4051,#4053,.T.);
#4049 = VERTEX_POINT('',#4050);
#4050 = CARTESIAN_POINT('',(-3.31976404784,5.75,7.5));
#4051 = VERTEX_POINT('',#4052);
#4052 = CARTESIAN_POINT('',(3.31976404784,5.75,7.5));
#4053 = SURFACE_CURVE('',#4054,(#4058,#4064),.PCURVE_S1.);
#4054 = LINE('',#4055,#4056);
#4055 = CARTESIAN_POINT('',(-38.34011797608,5.75,7.5));
#4056 = VECTOR('',#4057,1.);
#4057 = DIRECTION('',(1.,-1.337713173136E-16,0.));
#4058 = PCURVE('',#1028,#4059);
#4059 = DEFINITIONAL_REPRESENTATION('',(#4060),#4063);
#4060 = B_SPLINE_CURVE_WITH_KNOTS('',1,(#4061,#4062),.UNSPECIFIED.,.F.,
  .F.,(2,2),(35.020353928239,41.65988202392),.PIECEWISE_BEZIER_KNOTS.);
#4061 = CARTESIAN_POINT('',(76.68023595216,21.75));
#4062 = CARTESIAN_POINT('',(83.31976404784,21.75));
#4063 = ( GEOMETRIC_REPRESENTATION_CONTEXT(2) 
PARAMETRIC_REPRESENTATION_CONTEXT() REPRESENTATION_CONTEXT('2D SPACE',''
  ) );
#4064 = PCURVE('',#4065,#4070);
#4065 = PLANE('',#4066);
#4066 = AXIS2_PLACEMENT_3D('',#4067,#4068,#4069);
#4067 = CARTESIAN_POINT('',(3.31976404784,5.75,1.5));
#4068 = DIRECTION('',(-1.337713173136E-16,-1.,0.));
#4069 = DIRECTION('',(-1.,1.337713173136E-16,0.));
#4070 = DEFINITIONAL_REPRESENTATION('',(#4071),#4074);
#4071 = B_SPLINE_CURVE_WITH_KNOTS('',1,(#4072,#4073),.UNSPECIFIED.,.F.,
  .F.,(2,2),(35.020353928239,41.65988202392),.PIECEWISE_BEZIER_KNOTS.);
#4072 = CARTESIAN_POINT('',(6.639528095681,-6.));
#4073 = CARTESIAN_POINT('',(0.,-6.));
#4074 = ( GEOMETRIC_REPRESENTATION_CONTEXT(2) 
PARAMETRIC_REPRESENTATION_CONTEXT() REPRESENTATION_CONTEXT('2D SPACE',''
  ) );
#4075 = ORIENTED_EDGE('',*,*,#4076,.T.);
#4076 = EDGE_CURVE('',#4051,#4077,#4079,.T.);
#4077 = VERTEX_POINT('',#4078);
#4078 = CARTESIAN_POINT('',(6.639528095681,0.,7.5));
#4079 = SURFACE_CURVE('',#4080,(#4084,#4090),.PCURVE_S1.);
#4080 = LINE('',#4081,#4082);
#4081 = CARTESIAN_POINT('',(-0.726311301142,12.758008075689,7.5));
#4082 = VECTOR('',#4083,1.);
#4083 = DIRECTION('',(0.5,-0.866025403784,0.));
#4084 = PCURVE('',#1028,#4085);
#4085 = DEFINITIONAL_REPRESENTATION('',(#4086),#4089);
#4086 = B_SPLINE_CURVE_WITH_KNOTS('',1,(#4087,#4088),.UNSPECIFIED.,.F.,
  .F.,(2,2),(8.092150697964,14.731678793645),.PIECEWISE_BEZIER_KNOTS.);
#4087 = CARTESIAN_POINT('',(83.31976404784,21.75));
#4088 = CARTESIAN_POINT('',(86.639528095681,16.));
#4089 = ( GEOMETRIC_REPRESENTATION_CONTEXT(2) 
PARAMETRIC_REPRESENTATION_CONTEXT() REPRESENTATION_CONTEXT('2D SPACE',''
  ) );
#4090 = PCURVE('',#4091,#4096);
#4091 = PLANE('',#4092);
#4092 = AXIS2_PLACEMENT_3D('',#4093,#4094,#4095);
#4093 = CARTESIAN_POINT('',(6.639528095681,0.,1.5));
#4094 = DIRECTION('',(-0.866025403784,-0.5,0.));
#4095 = DIRECTION('',(-0.5,0.866025403784,0.));
#4096 = DEFINITIONAL_REPRESENTATION('',(#4097),#4100);
#4097 = B_SPLINE_CURVE_WITH_KNOTS('',1,(#4098,#4099),.UNSPECIFIED.,.F.,
  .F.,(2,2),(8.092150697964,14.731678793645),.PIECEWISE_BEZIER_KNOTS.);
#4098 = CARTESIAN_POINT('',(6.639528095681,-6.));
#4099 = CARTESIAN_POINT('',(0.,-6.));
#4100 = ( GEOMETRIC_REPRESENTATION_CONTEXT(2) 
PARAMETRIC_REPRESENTATION_CONTEXT() REPRESENTATION_CONTEXT('2D SPACE',''
  ) );
#4101 = ORIENTED_EDGE('',*,*,#4102,.T.);
#4102 = EDGE_CURVE('',#4077,#4103,#4105,.T.);
#4103 = VERTEX_POINT('',#4104);
#4104 = CARTESIAN_POINT('',(3.31976404784,-5.75,7.5));
#4105 = SURFACE_CURVE('',#4106,(#4110,#4116),.PCURVE_S1.);
#4106 = LINE('',#4107,#4108);
#4107 = CARTESIAN_POINT('',(-9.314396555337,-27.63300807568,7.5));
#4108 = VECTOR('',#4109,1.);
#4109 = DIRECTION('',(-0.5,-0.866025403784,0.));
#4110 = PCURVE('',#1028,#4111);
#4111 = DEFINITIONAL_REPRESENTATION('',(#4112),#4115);
#4112 = B_SPLINE_CURVE_WITH_KNOTS('',1,(#4113,#4114),.UNSPECIFIED.,.F.,
  .F.,(2,2),(-31.90784930203,-25.26832120635),.PIECEWISE_BEZIER_KNOTS.);
#4113 = CARTESIAN_POINT('',(86.639528095681,16.));
#4114 = CARTESIAN_POINT('',(83.31976404784,10.25));
#4115 = ( GEOMETRIC_REPRESENTATION_CONTEXT(2) 
PARAMETRIC_REPRESENTATION_CONTEXT() REPRESENTATION_CONTEXT('2D SPACE',''
  ) );
#4116 = PCURVE('',#4117,#4122);
#4117 = PLANE('',#4118);
#4118 = AXIS2_PLACEMENT_3D('',#4119,#4120,#4121);
#4119 = CARTESIAN_POINT('',(3.31976404784,-5.75,1.5));
#4120 = DIRECTION('',(-0.866025403784,0.5,0.));
#4121 = DIRECTION('',(0.5,0.866025403784,0.));
#4122 = DEFINITIONAL_REPRESENTATION('',(#4123),#4126);
#4123 = B_SPLINE_CURVE_WITH_KNOTS('',1,(#4124,#4125),.UNSPECIFIED.,.F.,
  .F.,(2,2),(-31.90784930203,-25.26832120635),.PIECEWISE_BEZIER_KNOTS.);
#4124 = CARTESIAN_POINT('',(6.639528095681,-6.));
#4125 = CARTESIAN_POINT('',(0.,-6.));
#4126 = ( GEOMETRIC_REPRESENTATION_CONTEXT(2) 
PARAMETRIC_REPRESENTATION_CONTEXT() REPRESENTATION_CONTEXT('2D SPACE',''
  ) );
#4127 = ORIENTED_EDGE('',*,*,#4128,.T.);
#4128 = EDGE_CURVE('',#4103,#4129,#4131,.T.);
#4129 = VERTEX_POINT('',#4130);
#4130 = CARTESIAN_POINT('',(-3.31976404784,-5.75,7.5));
#4131 = SURFACE_CURVE('',#4132,(#4136,#4142),.PCURVE_S1.);
#4132 = LINE('',#4133,#4134);
#4133 = CARTESIAN_POINT('',(-41.65988202392,-5.75,7.5));
#4134 = VECTOR('',#4135,1.);
#4135 = DIRECTION('',(-1.,6.688565865682E-16,0.));
#4136 = PCURVE('',#1028,#4137);
#4137 = DEFINITIONAL_REPRESENTATION('',(#4138),#4141);
#4138 = B_SPLINE_CURVE_WITH_KNOTS('',1,(#4139,#4140),.UNSPECIFIED.,.F.,
  .F.,(2,2),(-44.97964607176,-38.34011797608),.PIECEWISE_BEZIER_KNOTS.);
#4139 = CARTESIAN_POINT('',(83.31976404784,10.25));
#4140 = CARTESIAN_POINT('',(76.68023595216,10.25));
#4141 = ( GEOMETRIC_REPRESENTATION_CONTEXT(2) 
PARAMETRIC_REPRESENTATION_CONTEXT() REPRESENTATION_CONTEXT('2D SPACE',''
  ) );
#4142 = PCURVE('',#4143,#4148);
#4143 = PLANE('',#4144);
#4144 = AXIS2_PLACEMENT_3D('',#4145,#4146,#4147);
#4145 = CARTESIAN_POINT('',(-3.31976404784,-5.75,1.5));
#4146 = DIRECTION('',(6.688565865682E-16,1.,-0.));
#4147 = DIRECTION('',(1.,-6.688565865682E-16,0.));
#4148 = DEFINITIONAL_REPRESENTATION('',(#4149),#4152);
#4149 = B_SPLINE_CURVE_WITH_KNOTS('',1,(#4150,#4151),.UNSPECIFIED.,.F.,
  .F.,(2,2),(-44.97964607176,-38.34011797608),.PIECEWISE_BEZIER_KNOTS.);
#4150 = CARTESIAN_POINT('',(6.639528095681,-6.));
#4151 = CARTESIAN_POINT('',(0.,-6.));
#4152 = ( GEOMETRIC_REPRESENTATION_CONTEXT(2) 
PARAMETRIC_REPRESENTATION_CONTEXT() REPRESENTATION_CONTEXT('2D SPACE',''
  ) );
#4153 = ORIENTED_EDGE('',*,*,#4154,.T.);
#4154 = EDGE_CURVE('',#4129,#4155,#4157,.T.);
#4155 = VERTEX_POINT('',#4156);
#4156 = CARTESIAN_POINT('',(-6.639528095681,8.131076830224E-16,7.5));
#4157 = SURFACE_CURVE('',#4158,(#4162,#4168),.PCURVE_S1.);
#4158 = LINE('',#4159,#4160);
#4159 = CARTESIAN_POINT('',(-12.34548546858,9.883008075689,7.5));
#4160 = VECTOR('',#4161,1.);
#4161 = DIRECTION('',(-0.5,0.866025403784,0.));
#4162 = PCURVE('',#1028,#4163);
#4163 = DEFINITIONAL_REPRESENTATION('',(#4164),#4167);
#4164 = B_SPLINE_CURVE_WITH_KNOTS('',1,(#4165,#4166),.UNSPECIFIED.,.F.,
  .F.,(2,2),(-18.05144284148,-11.4119147458),.PIECEWISE_BEZIER_KNOTS.);
#4165 = CARTESIAN_POINT('',(76.68023595216,10.25));
#4166 = CARTESIAN_POINT('',(73.360471904319,16.));
#4167 = ( GEOMETRIC_REPRESENTATION_CONTEXT(2) 
PARAMETRIC_REPRESENTATION_CONTEXT() REPRESENTATION_CONTEXT('2D SPACE',''
  ) );
#4168 = PCURVE('',#4169,#4174);
#4169 = PLANE('',#4170);
#4170 = AXIS2_PLACEMENT_3D('',#4171,#4172,#4173);
#4171 = CARTESIAN_POINT('',(-6.639528095681,8.131076830224E-16,1.5));
#4172 = DIRECTION('',(0.866025403784,0.5,-0.));
#4173 = DIRECTION('',(0.5,-0.866025403784,0.));
#4174 = DEFINITIONAL_REPRESENTATION('',(#4175),#4178);
#4175 = B_SPLINE_CURVE_WITH_KNOTS('',1,(#4176,#4177),.UNSPECIFIED.,.F.,
  .F.,(2,2),(-18.05144284148,-11.4119147458),.PIECEWISE_BEZIER_KNOTS.);
#4176 = CARTESIAN_POINT('',(6.639528095681,-6.));
#4177 = CARTESIAN_POINT('',(0.,-6.));
#4178 = ( GEOMETRIC_REPRESENTATION_CONTEXT(2) 
PARAMETRIC_REPRESENTATION_CONTEXT() REPRESENTATION_CONTEXT('2D SPACE',''
  ) );
#4179 = ORIENTED_EDGE('',*,*,#4180,.T.);
#4180 = EDGE_CURVE('',#4155,#4049,#4181,.T.);
#4181 = SURFACE_CURVE('',#4182,(#4186,#4192),.PCURVE_S1.);
#4182 = LINE('',#4183,#4184);
#4183 = CARTESIAN_POINT('',(-17.61380667493,-19.00800807568,7.5));
#4184 = VECTOR('',#4185,1.);
#4185 = DIRECTION('',(0.5,0.866025403784,-0.));
#4186 = PCURVE('',#1028,#4187);
#4187 = DEFINITIONAL_REPRESENTATION('',(#4188),#4191);
#4188 = B_SPLINE_CURVE_WITH_KNOTS('',1,(#4189,#4190),.UNSPECIFIED.,.F.,
  .F.,(2,2),(21.948557158515,28.588085254196),.PIECEWISE_BEZIER_KNOTS.);
#4189 = CARTESIAN_POINT('',(73.360471904319,16.));
#4190 = CARTESIAN_POINT('',(76.68023595216,21.75));
#4191 = ( GEOMETRIC_REPRESENTATION_CONTEXT(2) 
PARAMETRIC_REPRESENTATION_CONTEXT() REPRESENTATION_CONTEXT('2D SPACE',''
  ) );
#4192 = PCURVE('',#4193,#4198);
#4193 = PLANE('',#4194);
#4194 = AXIS2_PLACEMENT_3D('',#4195,#4196,#4197);
#4195 = CARTESIAN_POINT('',(-3.31976404784,5.75,1.5));
#4196 = DIRECTION('',(0.866025403784,-0.5,0.));
#4197 = DIRECTION('',(-0.5,-0.866025403784,0.));
#4198 = DEFINITIONAL_REPRESENTATION('',(#4199),#4202);
#4199 = B_SPLINE_CURVE_WITH_KNOTS('',1,(#4200,#4201),.UNSPECIFIED.,.F.,
  .F.,(2,2),(21.948557158515,28.588085254196),.PIECEWISE_BEZIER_KNOTS.);
#4200 = CARTESIAN_POINT('',(6.639528095681,-6.));
#4201 = CARTESIAN_POINT('',(0.,-6.));
#4202 = ( GEOMETRIC_REPRESENTATION_CONTEXT(2) 
PARAMETRIC_REPRESENTATION_CONTEXT() REPRESENTATION_CONTEXT('2D SPACE',''
  ) );
#4203 = FACE_BOUND('',#4204,.T.);
#4204 = EDGE_LOOP('',(#4205,#4206,#4207,#4208));
#4205 = ORIENTED_EDGE('',*,*,#3105,.T.);
#4206 = ORIENTED_EDGE('',*,*,#3199,.T.);
#4207 = ORIENTED_EDGE('',*,*,#3224,.F.);
#4208 = ORIENTED_EDGE('',*,*,#3152,.F.);
#4209 = FACE_BOUND('',#4210,.T.);
#4210 = EDGE_LOOP('',(#4211,#4212,#4213,#4214));
#4211 = ORIENTED_EDGE('',*,*,#3293,.T.);
#4212 = ORIENTED_EDGE('',*,*,#3387,.T.);
#4213 = ORIENTED_EDGE('',*,*,#3412,.F.);
#4214 = ORIENTED_EDGE('',*,*,#3340,.F.);
#4215 = ADVANCED_FACE('',(#4216,#4264),#1176,.T.);
#4216 = FACE_BOUND('',#4217,.T.);
#4217 = EDGE_LOOP('',(#4218,#4219,#4242,#4263));
#4218 = ORIENTED_EDGE('',*,*,#4012,.F.);
#4219 = ORIENTED_EDGE('',*,*,#4220,.T.);
#4220 = EDGE_CURVE('',#3985,#4221,#4223,.T.);
#4221 = VERTEX_POINT('',#4222);
#4222 = CARTESIAN_POINT('',(60.,8.3,37.5));
#4223 = SURFACE_CURVE('',#4224,(#4228,#4235),.PCURVE_S1.);
#4224 = LINE('',#4225,#4226);
#4225 = CARTESIAN_POINT('',(60.,8.3,7.5));
#4226 = VECTOR('',#4227,1.);
#4227 = DIRECTION('',(0.,0.,1.));
#4228 = PCURVE('',#1176,#4229);
#4229 = DEFINITIONAL_REPRESENTATION('',(#4230),#4234);
#4230 = LINE('',#4231,#4232);
#4231 = CARTESIAN_POINT('',(0.,0.));
#4232 = VECTOR('',#4233,1.);
#4233 = DIRECTION('',(1.,0.));
#4234 = ( GEOMETRIC_REPRESENTATION_CONTEXT(2) 
PARAMETRIC_REPRESENTATION_CONTEXT() REPRESENTATION_CONTEXT('2D SPACE',''
  ) );
#4235 = PCURVE('',#4000,#4236);
#4236 = DEFINITIONAL_REPRESENTATION('',(#4237),#4241);
#4237 = LINE('',#4238,#4239);
#4238 = CARTESIAN_POINT('',(0.,-4.2));
#4239 = VECTOR('',#4240,1.);
#4240 = DIRECTION('',(1.,0.));
#4241 = ( GEOMETRIC_REPRESENTATION_CONTEXT(2) 
PARAMETRIC_REPRESENTATION_CONTEXT() REPRESENTATION_CONTEXT('2D SPACE',''
  ) );
#4242 = ORIENTED_EDGE('',*,*,#4243,.T.);
#4243 = EDGE_CURVE('',#4221,#1161,#4244,.T.);
#4244 = SURFACE_CURVE('',#4245,(#4249,#4256),.PCURVE_S1.);
#4245 = LINE('',#4246,#4247);
#4246 = CARTESIAN_POINT('',(60.,8.3,37.5));
#4247 = VECTOR('',#4248,1.);
#4248 = DIRECTION('',(1.,0.,0.));
#4249 = PCURVE('',#1176,#4250);
#4250 = DEFINITIONAL_REPRESENTATION('',(#4251),#4255);
#4251 = LINE('',#4252,#4253);
#4252 = CARTESIAN_POINT('',(30.,0.));
#4253 = VECTOR('',#4254,1.);
#4254 = DIRECTION('',(0.,1.));
#4255 = ( GEOMETRIC_REPRESENTATION_CONTEXT(2) 
PARAMETRIC_REPRESENTATION_CONTEXT() REPRESENTATION_CONTEXT('2D SPACE',''
  ) );
#4256 = PCURVE('',#1204,#4257);
#4257 = DEFINITIONAL_REPRESENTATION('',(#4258),#4262);
#4258 = LINE('',#4259,#4260);
#4259 = CARTESIAN_POINT('',(0.,4.2));
#4260 = VECTOR('',#4261,1.);
#4261 = DIRECTION('',(1.,0.));
#4262 = ( GEOMETRIC_REPRESENTATION_CONTEXT(2) 
PARAMETRIC_REPRESENTATION_CONTEXT() REPRESENTATION_CONTEXT('2D SPACE',''
  ) );
#4263 = ORIENTED_EDGE('',*,*,#1160,.F.);
#4264 = FACE_BOUND('',#4265,.T.);
#4265 = EDGE_LOOP('',(#4266));
#4266 = ORIENTED_EDGE('',*,*,#4267,.T.);
#4267 = EDGE_CURVE('',#4268,#4268,#4270,.T.);
#4268 = VERTEX_POINT('',#4269);
#4269 = CARTESIAN_POINT('',(72.2,8.3,25.));
#4270 = SURFACE_CURVE('',#4271,(#4276,#4287),.PCURVE_S1.);
#4271 = CIRCLE('',#4272,2.2);
#4272 = AXIS2_PLACEMENT_3D('',#4273,#4274,#4275);
#4273 = CARTESIAN_POINT('',(70.,8.3,25.));
#4274 = DIRECTION('',(0.,-1.,0.));
#4275 = DIRECTION('',(1.,0.,0.));
#4276 = PCURVE('',#1176,#4277);
#4277 = DEFINITIONAL_REPRESENTATION('',(#4278),#4286);
#4278 = ( BOUNDED_CURVE() B_SPLINE_CURVE(2,(#4279,#4280,#4281,#4282,
#4283,#4284,#4285),.UNSPECIFIED.,.T.,.F.) B_SPLINE_CURVE_WITH_KNOTS((1,2
    ,2,2,2,1),(-2.094395102393,0.,2.094395102393,4.188790204786,
6.28318530718,8.377580409573),.UNSPECIFIED.) CURVE() 
GEOMETRIC_REPRESENTATION_ITEM() RATIONAL_B_SPLINE_CURVE((1.,0.5,1.,0.5,
1.,0.5,1.)) REPRESENTATION_ITEM('') );
#4279 = CARTESIAN_POINT('',(17.5,12.2));
#4280 = CARTESIAN_POINT('',(21.310511776652,12.2));
#4281 = CARTESIAN_POINT('',(19.405255888326,8.9));
#4282 = CARTESIAN_POINT('',(17.5,5.6));
#4283 = CARTESIAN_POINT('',(15.594744111674,8.9));
#4284 = CARTESIAN_POINT('',(13.689488223348,12.2));
#4285 = CARTESIAN_POINT('',(17.5,12.2));
#4286 = ( GEOMETRIC_REPRESENTATION_CONTEXT(2) 
PARAMETRIC_REPRESENTATION_CONTEXT() REPRESENTATION_CONTEXT('2D SPACE',''
  ) );
#4287 = PCURVE('',#4288,#4293);
#4288 = CYLINDRICAL_SURFACE('',#4289,2.2);
#4289 = AXIS2_PLACEMENT_3D('',#4290,#4291,#4292);
#4290 = CARTESIAN_POINT('',(70.,0.,25.));
#4291 = DIRECTION('',(0.,-1.,0.));
#4292 = DIRECTION('',(1.,0.,0.));
#4293 = DEFINITIONAL_REPRESENTATION('',(#4294),#4298);
#4294 = LINE('',#4295,#4296);
#4295 = CARTESIAN_POINT('',(0.,-8.3));
#4296 = VECTOR('',#4297,1.);
#4297 = DIRECTION('',(1.,0.));
#4298 = ( GEOMETRIC_REPRESENTATION_CONTEXT(2) 
PARAMETRIC_REPRESENTATION_CONTEXT() REPRESENTATION_CONTEXT('2D SPACE',''
  ) );
#4299 = ADVANCED_FACE('',(#4300),#1204,.T.);
#4300 = FACE_BOUND('',#4301,.T.);
#4301 = EDGE_LOOP('',(#4302,#4325,#4346,#4347));
#4302 = ORIENTED_EDGE('',*,*,#4303,.F.);
#4303 = EDGE_CURVE('',#4304,#4221,#4306,.T.);
#4304 = VERTEX_POINT('',#4305);
#4305 = CARTESIAN_POINT('',(60.,4.1,37.5));
#4306 = SURFACE_CURVE('',#4307,(#4311,#4318),.PCURVE_S1.);
#4307 = LINE('',#4308,#4309);
#4308 = CARTESIAN_POINT('',(60.,4.1,37.5));
#4309 = VECTOR('',#4310,1.);
#4310 = DIRECTION('',(0.,1.,0.));
#4311 = PCURVE('',#1204,#4312);
#4312 = DEFINITIONAL_REPRESENTATION('',(#4313),#4317);
#4313 = LINE('',#4314,#4315);
#4314 = CARTESIAN_POINT('',(0.,0.));
#4315 = VECTOR('',#4316,1.);
#4316 = DIRECTION('',(0.,1.));
#4317 = ( GEOMETRIC_REPRESENTATION_CONTEXT(2) 
PARAMETRIC_REPRESENTATION_CONTEXT() REPRESENTATION_CONTEXT('2D SPACE',''
  ) );
#4318 = PCURVE('',#4000,#4319);
#4319 = DEFINITIONAL_REPRESENTATION('',(#4320),#4324);
#4320 = LINE('',#4321,#4322);
#4321 = CARTESIAN_POINT('',(30.,0.));
#4322 = VECTOR('',#4323,1.);
#4323 = DIRECTION('',(0.,-1.));
#4324 = ( GEOMETRIC_REPRESENTATION_CONTEXT(2) 
PARAMETRIC_REPRESENTATION_CONTEXT() REPRESENTATION_CONTEXT('2D SPACE',''
  ) );
#4325 = ORIENTED_EDGE('',*,*,#4326,.T.);
#4326 = EDGE_CURVE('',#4304,#1189,#4327,.T.);
#4327 = SURFACE_CURVE('',#4328,(#4332,#4339),.PCURVE_S1.);
#4328 = LINE('',#4329,#4330);
#4329 = CARTESIAN_POINT('',(60.,4.1,37.5));
#4330 = VECTOR('',#4331,1.);
#4331 = DIRECTION('',(1.,0.,0.));
#4332 = PCURVE('',#1204,#4333);
#4333 = DEFINITIONAL_REPRESENTATION('',(#4334),#4338);
#4334 = LINE('',#4335,#4336);
#4335 = CARTESIAN_POINT('',(0.,0.));
#4336 = VECTOR('',#4337,1.);
#4337 = DIRECTION('',(1.,0.));
#4338 = ( GEOMETRIC_REPRESENTATION_CONTEXT(2) 
PARAMETRIC_REPRESENTATION_CONTEXT() REPRESENTATION_CONTEXT('2D SPACE',''
  ) );
#4339 = PCURVE('',#1232,#4340);
#4340 = DEFINITIONAL_REPRESENTATION('',(#4341),#4345);
#4341 = LINE('',#4342,#4343);
#4342 = CARTESIAN_POINT('',(30.,0.));
#4343 = VECTOR('',#4344,1.);
#4344 = DIRECTION('',(0.,1.));
#4345 = ( GEOMETRIC_REPRESENTATION_CONTEXT(2) 
PARAMETRIC_REPRESENTATION_CONTEXT() REPRESENTATION_CONTEXT('2D SPACE',''
  ) );
#4346 = ORIENTED_EDGE('',*,*,#1188,.T.);
#4347 = ORIENTED_EDGE('',*,*,#4243,.F.);
#4348 = ADVANCED_FACE('',(#4349,#4375),#1232,.F.);
#4349 = FACE_BOUND('',#4350,.F.);
#4350 = EDGE_LOOP('',(#4351,#4352,#4373,#4374));
#4351 = ORIENTED_EDGE('',*,*,#3961,.F.);
#4352 = ORIENTED_EDGE('',*,*,#4353,.T.);
#4353 = EDGE_CURVE('',#3962,#4304,#4354,.T.);
#4354 = SURFACE_CURVE('',#4355,(#4359,#4366),.PCURVE_S1.);
#4355 = LINE('',#4356,#4357);
#4356 = CARTESIAN_POINT('',(60.,4.1,7.5));
#4357 = VECTOR('',#4358,1.);
#4358 = DIRECTION('',(0.,0.,1.));
#4359 = PCURVE('',#1232,#4360);
#4360 = DEFINITIONAL_REPRESENTATION('',(#4361),#4365);
#4361 = LINE('',#4362,#4363);
#4362 = CARTESIAN_POINT('',(0.,0.));
#4363 = VECTOR('',#4364,1.);
#4364 = DIRECTION('',(1.,0.));
#4365 = ( GEOMETRIC_REPRESENTATION_CONTEXT(2) 
PARAMETRIC_REPRESENTATION_CONTEXT() REPRESENTATION_CONTEXT('2D SPACE',''
  ) );
#4366 = PCURVE('',#4000,#4367);
#4367 = DEFINITIONAL_REPRESENTATION('',(#4368),#4372);
#4368 = LINE('',#4369,#4370);
#4369 = CARTESIAN_POINT('',(0.,0.));
#4370 = VECTOR('',#4371,1.);
#4371 = DIRECTION('',(1.,0.));
#4372 = ( GEOMETRIC_REPRESENTATION_CONTEXT(2) 
PARAMETRIC_REPRESENTATION_CONTEXT() REPRESENTATION_CONTEXT('2D SPACE',''
  ) );
#4373 = ORIENTED_EDGE('',*,*,#4326,.T.);
#4374 = ORIENTED_EDGE('',*,*,#1216,.F.);
#4375 = FACE_BOUND('',#4376,.F.);
#4376 = EDGE_LOOP('',(#4377));
#4377 = ORIENTED_EDGE('',*,*,#4378,.T.);
#4378 = EDGE_CURVE('',#4379,#4379,#4381,.T.);
#4379 = VERTEX_POINT('',#4380);
#4380 = CARTESIAN_POINT('',(72.2,4.1,25.));
#4381 = SURFACE_CURVE('',#4382,(#4387,#4398),.PCURVE_S1.);
#4382 = CIRCLE('',#4383,2.2);
#4383 = AXIS2_PLACEMENT_3D('',#4384,#4385,#4386);
#4384 = CARTESIAN_POINT('',(70.,4.1,25.));
#4385 = DIRECTION('',(0.,-1.,0.));
#4386 = DIRECTION('',(1.,0.,0.));
#4387 = PCURVE('',#1232,#4388);
#4388 = DEFINITIONAL_REPRESENTATION('',(#4389),#4397);
#4389 = ( BOUNDED_CURVE() B_SPLINE_CURVE(2,(#4390,#4391,#4392,#4393,
#4394,#4395,#4396),.UNSPECIFIED.,.T.,.F.) B_SPLINE_CURVE_WITH_KNOTS((1,2
    ,2,2,2,1),(-2.094395102393,0.,2.094395102393,4.188790204786,
6.28318530718,8.377580409573),.UNSPECIFIED.) CURVE() 
GEOMETRIC_REPRESENTATION_ITEM() RATIONAL_B_SPLINE_CURVE((1.,0.5,1.,0.5,
1.,0.5,1.)) REPRESENTATION_ITEM('') );
#4390 = CARTESIAN_POINT('',(17.5,12.2));
#4391 = CARTESIAN_POINT('',(21.310511776652,12.2));
#4392 = CARTESIAN_POINT('',(19.405255888326,8.9));
#4393 = CARTESIAN_POINT('',(17.5,5.6));
#4394 = CARTESIAN_POINT('',(15.594744111674,8.9));
#4395 = CARTESIAN_POINT('',(13.689488223348,12.2));
#4396 = CARTESIAN_POINT('',(17.5,12.2));
#4397 = ( GEOMETRIC_REPRESENTATION_CONTEXT(2) 
PARAMETRIC_REPRESENTATION_CONTEXT() REPRESENTATION_CONTEXT('2D SPACE',''
  ) );
#4398 = PCURVE('',#4288,#4399);
#4399 = DEFINITIONAL_REPRESENTATION('',(#4400),#4404);
#4400 = LINE('',#4401,#4402);
#4401 = CARTESIAN_POINT('',(0.,-4.1));
#4402 = VECTOR('',#4403,1.);
#4403 = DIRECTION('',(1.,0.));
#4404 = ( GEOMETRIC_REPRESENTATION_CONTEXT(2) 
PARAMETRIC_REPRESENTATION_CONTEXT() REPRESENTATION_CONTEXT('2D SPACE',''
  ) );
#4405 = ADVANCED_FACE('',(#4406,#4454),#1283,.T.);
#4406 = FACE_BOUND('',#4407,.T.);
#4407 = EDGE_LOOP('',(#4408,#4409,#4432,#4453));
#4408 = ORIENTED_EDGE('',*,*,#3939,.F.);
#4409 = ORIENTED_EDGE('',*,*,#4410,.T.);
#4410 = EDGE_CURVE('',#3912,#4411,#4413,.T.);
#4411 = VERTEX_POINT('',#4412);
#4412 = CARTESIAN_POINT('',(60.,-4.1,37.5));
#4413 = SURFACE_CURVE('',#4414,(#4418,#4425),.PCURVE_S1.);
#4414 = LINE('',#4415,#4416);
#4415 = CARTESIAN_POINT('',(60.,-4.1,7.5));
#4416 = VECTOR('',#4417,1.);
#4417 = DIRECTION('',(0.,0.,1.));
#4418 = PCURVE('',#1283,#4419);
#4419 = DEFINITIONAL_REPRESENTATION('',(#4420),#4424);
#4420 = LINE('',#4421,#4422);
#4421 = CARTESIAN_POINT('',(0.,0.));
#4422 = VECTOR('',#4423,1.);
#4423 = DIRECTION('',(1.,0.));
#4424 = ( GEOMETRIC_REPRESENTATION_CONTEXT(2) 
PARAMETRIC_REPRESENTATION_CONTEXT() REPRESENTATION_CONTEXT('2D SPACE',''
  ) );
#4425 = PCURVE('',#3927,#4426);
#4426 = DEFINITIONAL_REPRESENTATION('',(#4427),#4431);
#4427 = LINE('',#4428,#4429);
#4428 = CARTESIAN_POINT('',(0.,-4.2));
#4429 = VECTOR('',#4430,1.);
#4430 = DIRECTION('',(1.,0.));
#4431 = ( GEOMETRIC_REPRESENTATION_CONTEXT(2) 
PARAMETRIC_REPRESENTATION_CONTEXT() REPRESENTATION_CONTEXT('2D SPACE',''
  ) );
#4432 = ORIENTED_EDGE('',*,*,#4433,.T.);
#4433 = EDGE_CURVE('',#4411,#1268,#4434,.T.);
#4434 = SURFACE_CURVE('',#4435,(#4439,#4446),.PCURVE_S1.);
#4435 = LINE('',#4436,#4437);
#4436 = CARTESIAN_POINT('',(60.,-4.1,37.5));
#4437 = VECTOR('',#4438,1.);
#4438 = DIRECTION('',(1.,0.,0.));
#4439 = PCURVE('',#1283,#4440);
#4440 = DEFINITIONAL_REPRESENTATION('',(#4441),#4445);
#4441 = LINE('',#4442,#4443);
#4442 = CARTESIAN_POINT('',(30.,0.));
#4443 = VECTOR('',#4444,1.);
#4444 = DIRECTION('',(0.,1.));
#4445 = ( GEOMETRIC_REPRESENTATION_CONTEXT(2) 
PARAMETRIC_REPRESENTATION_CONTEXT() REPRESENTATION_CONTEXT('2D SPACE',''
  ) );
#4446 = PCURVE('',#1311,#4447);
#4447 = DEFINITIONAL_REPRESENTATION('',(#4448),#4452);
#4448 = LINE('',#4449,#4450);
#4449 = CARTESIAN_POINT('',(0.,4.2));
#4450 = VECTOR('',#4451,1.);
#4451 = DIRECTION('',(1.,0.));
#4452 = ( GEOMETRIC_REPRESENTATION_CONTEXT(2) 
PARAMETRIC_REPRESENTATION_CONTEXT() REPRESENTATION_CONTEXT('2D SPACE',''
  ) );
#4453 = ORIENTED_EDGE('',*,*,#1267,.F.);
#4454 = FACE_BOUND('',#4455,.T.);
#4455 = EDGE_LOOP('',(#4456));
#4456 = ORIENTED_EDGE('',*,*,#4457,.F.);
#4457 = EDGE_CURVE('',#4458,#4458,#4460,.T.);
#4458 = VERTEX_POINT('',#4459);
#4459 = CARTESIAN_POINT('',(72.2,-4.1,25.));
#4460 = SURFACE_CURVE('',#4461,(#4466,#4473),.PCURVE_S1.);
#4461 = CIRCLE('',#4462,2.2);
#4462 = AXIS2_PLACEMENT_3D('',#4463,#4464,#4465);
#4463 = CARTESIAN_POINT('',(70.,-4.1,25.));
#4464 = DIRECTION('',(-0.,1.,0.));
#4465 = DIRECTION('',(1.,0.,0.));
#4466 = PCURVE('',#1283,#4467);
#4467 = DEFINITIONAL_REPRESENTATION('',(#4468),#4472);
#4468 = CIRCLE('',#4469,2.2);
#4469 = AXIS2_PLACEMENT_2D('',#4470,#4471);
#4470 = CARTESIAN_POINT('',(17.5,10.));
#4471 = DIRECTION('',(0.,1.));
#4472 = ( GEOMETRIC_REPRESENTATION_CONTEXT(2) 
PARAMETRIC_REPRESENTATION_CONTEXT() REPRESENTATION_CONTEXT('2D SPACE',''
  ) );
#4473 = PCURVE('',#4474,#4479);
#4474 = CYLINDRICAL_SURFACE('',#4475,2.2);
#4475 = AXIS2_PLACEMENT_3D('',#4476,#4477,#4478);
#4476 = CARTESIAN_POINT('',(70.,0.,25.));
#4477 = DIRECTION('',(0.,1.,0.));
#4478 = DIRECTION('',(1.,0.,0.));
#4479 = DEFINITIONAL_REPRESENTATION('',(#4480),#4484);
#4480 = LINE('',#4481,#4482);
#4481 = CARTESIAN_POINT('',(-6.28318530718,-4.1));
#4482 = VECTOR('',#4483,1.);
#4483 = DIRECTION('',(1.,-0.));
#4484 = ( GEOMETRIC_REPRESENTATION_CONTEXT(2) 
PARAMETRIC_REPRESENTATION_CONTEXT() REPRESENTATION_CONTEXT('2D SPACE',''
  ) );
#4485 = ADVANCED_FACE('',(#4486),#1311,.T.);
#4486 = FACE_BOUND('',#4487,.T.);
#4487 = EDGE_LOOP('',(#4488,#4511,#4532,#4533));
#4488 = ORIENTED_EDGE('',*,*,#4489,.F.);
#4489 = EDGE_CURVE('',#4490,#4411,#4492,.T.);
#4490 = VERTEX_POINT('',#4491);
#4491 = CARTESIAN_POINT('',(60.,-8.3,37.5));
#4492 = SURFACE_CURVE('',#4493,(#4497,#4504),.PCURVE_S1.);
#4493 = LINE('',#4494,#4495);
#4494 = CARTESIAN_POINT('',(60.,-8.3,37.5));
#4495 = VECTOR('',#4496,1.);
#4496 = DIRECTION('',(0.,1.,0.));
#4497 = PCURVE('',#1311,#4498);
#4498 = DEFINITIONAL_REPRESENTATION('',(#4499),#4503);
#4499 = LINE('',#4500,#4501);
#4500 = CARTESIAN_POINT('',(0.,0.));
#4501 = VECTOR('',#4502,1.);
#4502 = DIRECTION('',(0.,1.));
#4503 = ( GEOMETRIC_REPRESENTATION_CONTEXT(2) 
PARAMETRIC_REPRESENTATION_CONTEXT() REPRESENTATION_CONTEXT('2D SPACE',''
  ) );
#4504 = PCURVE('',#3927,#4505);
#4505 = DEFINITIONAL_REPRESENTATION('',(#4506),#4510);
#4506 = LINE('',#4507,#4508);
#4507 = CARTESIAN_POINT('',(30.,0.));
#4508 = VECTOR('',#4509,1.);
#4509 = DIRECTION('',(0.,-1.));
#4510 = ( GEOMETRIC_REPRESENTATION_CONTEXT(2) 
PARAMETRIC_REPRESENTATION_CONTEXT() REPRESENTATION_CONTEXT('2D SPACE',''
  ) );
#4511 = ORIENTED_EDGE('',*,*,#4512,.T.);
#4512 = EDGE_CURVE('',#4490,#1296,#4513,.T.);
#4513 = SURFACE_CURVE('',#4514,(#4518,#4525),.PCURVE_S1.);
#4514 = LINE('',#4515,#4516);
#4515 = CARTESIAN_POINT('',(60.,-8.3,37.5));
#4516 = VECTOR('',#4517,1.);
#4517 = DIRECTION('',(1.,0.,0.));
#4518 = PCURVE('',#1311,#4519);
#4519 = DEFINITIONAL_REPRESENTATION('',(#4520),#4524);
#4520 = LINE('',#4521,#4522);
#4521 = CARTESIAN_POINT('',(0.,0.));
#4522 = VECTOR('',#4523,1.);
#4523 = DIRECTION('',(1.,0.));
#4524 = ( GEOMETRIC_REPRESENTATION_CONTEXT(2) 
PARAMETRIC_REPRESENTATION_CONTEXT() REPRESENTATION_CONTEXT('2D SPACE',''
  ) );
#4525 = PCURVE('',#1339,#4526);
#4526 = DEFINITIONAL_REPRESENTATION('',(#4527),#4531);
#4527 = LINE('',#4528,#4529);
#4528 = CARTESIAN_POINT('',(30.,0.));
#4529 = VECTOR('',#4530,1.);
#4530 = DIRECTION('',(0.,1.));
#4531 = ( GEOMETRIC_REPRESENTATION_CONTEXT(2) 
PARAMETRIC_REPRESENTATION_CONTEXT() REPRESENTATION_CONTEXT('2D SPACE',''
  ) );
#4532 = ORIENTED_EDGE('',*,*,#1295,.T.);
#4533 = ORIENTED_EDGE('',*,*,#4433,.F.);
#4534 = ADVANCED_FACE('',(#4535,#4561),#1339,.F.);
#4535 = FACE_BOUND('',#4536,.F.);
#4536 = EDGE_LOOP('',(#4537,#4538,#4559,#4560));
#4537 = ORIENTED_EDGE('',*,*,#3888,.F.);
#4538 = ORIENTED_EDGE('',*,*,#4539,.T.);
#4539 = EDGE_CURVE('',#3889,#4490,#4540,.T.);
#4540 = SURFACE_CURVE('',#4541,(#4545,#4552),.PCURVE_S1.);
#4541 = LINE('',#4542,#4543);
#4542 = CARTESIAN_POINT('',(60.,-8.3,7.5));
#4543 = VECTOR('',#4544,1.);
#4544 = DIRECTION('',(0.,0.,1.));
#4545 = PCURVE('',#1339,#4546);
#4546 = DEFINITIONAL_REPRESENTATION('',(#4547),#4551);
#4547 = LINE('',#4548,#4549);
#4548 = CARTESIAN_POINT('',(0.,0.));
#4549 = VECTOR('',#4550,1.);
#4550 = DIRECTION('',(1.,0.));
#4551 = ( GEOMETRIC_REPRESENTATION_CONTEXT(2) 
PARAMETRIC_REPRESENTATION_CONTEXT() REPRESENTATION_CONTEXT('2D SPACE',''
  ) );
#4552 = PCURVE('',#3927,#4553);
#4553 = DEFINITIONAL_REPRESENTATION('',(#4554),#4558);
#4554 = LINE('',#4555,#4556);
#4555 = CARTESIAN_POINT('',(0.,0.));
#4556 = VECTOR('',#4557,1.);
#4557 = DIRECTION('',(1.,0.));
#4558 = ( GEOMETRIC_REPRESENTATION_CONTEXT(2) 
PARAMETRIC_REPRESENTATION_CONTEXT() REPRESENTATION_CONTEXT('2D SPACE',''
  ) );
#4559 = ORIENTED_EDGE('',*,*,#4512,.T.);
#4560 = ORIENTED_EDGE('',*,*,#1323,.F.);
#4561 = FACE_BOUND('',#4562,.F.);
#4562 = EDGE_LOOP('',(#4563));
#4563 = ORIENTED_EDGE('',*,*,#4564,.F.);
#4564 = EDGE_CURVE('',#4565,#4565,#4567,.T.);
#4565 = VERTEX_POINT('',#4566);
#4566 = CARTESIAN_POINT('',(72.2,-8.3,25.));
#4567 = SURFACE_CURVE('',#4568,(#4573,#4580),.PCURVE_S1.);
#4568 = CIRCLE('',#4569,2.2);
#4569 = AXIS2_PLACEMENT_3D('',#4570,#4571,#4572);
#4570 = CARTESIAN_POINT('',(70.,-8.3,25.));
#4571 = DIRECTION('',(-0.,1.,0.));
#4572 = DIRECTION('',(1.,0.,0.));
#4573 = PCURVE('',#1339,#4574);
#4574 = DEFINITIONAL_REPRESENTATION('',(#4575),#4579);
#4575 = CIRCLE('',#4576,2.2);
#4576 = AXIS2_PLACEMENT_2D('',#4577,#4578);
#4577 = CARTESIAN_POINT('',(17.5,10.));
#4578 = DIRECTION('',(0.,1.));
#4579 = ( GEOMETRIC_REPRESENTATION_CONTEXT(2) 
PARAMETRIC_REPRESENTATION_CONTEXT() REPRESENTATION_CONTEXT('2D SPACE',''
  ) );
#4580 = PCURVE('',#4474,#4581);
#4581 = DEFINITIONAL_REPRESENTATION('',(#4582),#4586);
#4582 = LINE('',#4583,#4584);
#4583 = CARTESIAN_POINT('',(-6.28318530718,-8.3));
#4584 = VECTOR('',#4585,1.);
#4585 = DIRECTION('',(1.,-0.));
#4586 = ( GEOMETRIC_REPRESENTATION_CONTEXT(2) 
PARAMETRIC_REPRESENTATION_CONTEXT() REPRESENTATION_CONTEXT('2D SPACE',''
  ) );
#4587 = ADVANCED_FACE('',(#4588,#4636),#1534,.T.);
#4588 = FACE_BOUND('',#4589,.T.);
#4589 = EDGE_LOOP('',(#4590,#4591,#4614,#4635));
#4590 = ORIENTED_EDGE('',*,*,#3562,.F.);
#4591 = ORIENTED_EDGE('',*,*,#4592,.T.);
#4592 = EDGE_CURVE('',#3535,#4593,#4595,.T.);
#4593 = VERTEX_POINT('',#4594);
#4594 = CARTESIAN_POINT('',(-8.3,60.,37.5));
#4595 = SURFACE_CURVE('',#4596,(#4600,#4607),.PCURVE_S1.);
#4596 = LINE('',#4597,#4598);
#4597 = CARTESIAN_POINT('',(-8.3,60.,7.5));
#4598 = VECTOR('',#4599,1.);
#4599 = DIRECTION('',(0.,0.,1.));
#4600 = PCURVE('',#1534,#4601);
#4601 = DEFINITIONAL_REPRESENTATION('',(#4602),#4606);
#4602 = LINE('',#4603,#4604);
#4603 = CARTESIAN_POINT('',(0.,0.));
#4604 = VECTOR('',#4605,1.);
#4605 = DIRECTION('',(1.,0.));
#4606 = ( GEOMETRIC_REPRESENTATION_CONTEXT(2) 
PARAMETRIC_REPRESENTATION_CONTEXT() REPRESENTATION_CONTEXT('2D SPACE',''
  ) );
#4607 = PCURVE('',#3550,#4608);
#4608 = DEFINITIONAL_REPRESENTATION('',(#4609),#4613);
#4609 = LINE('',#4610,#4611);
#4610 = CARTESIAN_POINT('',(0.,-4.2));
#4611 = VECTOR('',#4612,1.);
#4612 = DIRECTION('',(1.,0.));
#4613 = ( GEOMETRIC_REPRESENTATION_CONTEXT(2) 
PARAMETRIC_REPRESENTATION_CONTEXT() REPRESENTATION_CONTEXT('2D SPACE',''
  ) );
#4614 = ORIENTED_EDGE('',*,*,#4615,.T.);
#4615 = EDGE_CURVE('',#4593,#1519,#4616,.T.);
#4616 = SURFACE_CURVE('',#4617,(#4621,#4628),.PCURVE_S1.);
#4617 = LINE('',#4618,#4619);
#4618 = CARTESIAN_POINT('',(-8.3,60.,37.5));
#4619 = VECTOR('',#4620,1.);
#4620 = DIRECTION('',(1.110223024625E-16,1.,0.));
#4621 = PCURVE('',#1534,#4622);
#4622 = DEFINITIONAL_REPRESENTATION('',(#4623),#4627);
#4623 = LINE('',#4624,#4625);
#4624 = CARTESIAN_POINT('',(30.,0.));
#4625 = VECTOR('',#4626,1.);
#4626 = DIRECTION('',(0.,1.));
#4627 = ( GEOMETRIC_REPRESENTATION_CONTEXT(2) 
PARAMETRIC_REPRESENTATION_CONTEXT() REPRESENTATION_CONTEXT('2D SPACE',''
  ) );
#4628 = PCURVE('',#1562,#4629);
#4629 = DEFINITIONAL_REPRESENTATION('',(#4630),#4634);
#4630 = LINE('',#4631,#4632);
#4631 = CARTESIAN_POINT('',(-4.662936703426E-16,4.2));
#4632 = VECTOR('',#4633,1.);
#4633 = DIRECTION('',(1.,0.));
#4634 = ( GEOMETRIC_REPRESENTATION_CONTEXT(2) 
PARAMETRIC_REPRESENTATION_CONTEXT() REPRESENTATION_CONTEXT('2D SPACE',''
  ) );
#4635 = ORIENTED_EDGE('',*,*,#1518,.F.);
#4636 = FACE_BOUND('',#4637,.T.);
#4637 = EDGE_LOOP('',(#4638));
#4638 = ORIENTED_EDGE('',*,*,#4639,.T.);
#4639 = EDGE_CURVE('',#4640,#4640,#4642,.T.);
#4640 = VERTEX_POINT('',#4641);
#4641 = CARTESIAN_POINT('',(-8.3,72.2,25.));
#4642 = SURFACE_CURVE('',#4643,(#4648,#4659),.PCURVE_S1.);
#4643 = CIRCLE('',#4644,2.2);
#4644 = AXIS2_PLACEMENT_3D('',#4645,#4646,#4647);
#4645 = CARTESIAN_POINT('',(-8.3,70.,25.));
#4646 = DIRECTION('',(1.,-1.110223024625E-16,0.));
#4647 = DIRECTION('',(1.110223024625E-16,1.,0.));
#4648 = PCURVE('',#1534,#4649);
#4649 = DEFINITIONAL_REPRESENTATION('',(#4650),#4658);
#4650 = ( BOUNDED_CURVE() B_SPLINE_CURVE(2,(#4651,#4652,#4653,#4654,
#4655,#4656,#4657),.UNSPECIFIED.,.T.,.F.) B_SPLINE_CURVE_WITH_KNOTS((1,2
    ,2,2,2,1),(-2.094395102393,0.,2.094395102393,4.188790204786,
6.28318530718,8.377580409573),.UNSPECIFIED.) CURVE() 
GEOMETRIC_REPRESENTATION_ITEM() RATIONAL_B_SPLINE_CURVE((1.,0.5,1.,0.5,
1.,0.5,1.)) REPRESENTATION_ITEM('') );
#4651 = CARTESIAN_POINT('',(17.5,12.2));
#4652 = CARTESIAN_POINT('',(21.310511776652,12.2));
#4653 = CARTESIAN_POINT('',(19.405255888326,8.9));
#4654 = CARTESIAN_POINT('',(17.5,5.6));
#4655 = CARTESIAN_POINT('',(15.594744111674,8.9));
#4656 = CARTESIAN_POINT('',(13.689488223348,12.2));
#4657 = CARTESIAN_POINT('',(17.5,12.2));
#4658 = ( GEOMETRIC_REPRESENTATION_CONTEXT(2) 
PARAMETRIC_REPRESENTATION_CONTEXT() REPRESENTATION_CONTEXT('2D SPACE',''
  ) );
#4659 = PCURVE('',#4660,#4665);
#4660 = CYLINDRICAL_SURFACE('',#4661,2.2);
#4661 = AXIS2_PLACEMENT_3D('',#4662,#4663,#4664);
#4662 = CARTESIAN_POINT('',(7.771561172376E-15,70.,25.));
#4663 = DIRECTION('',(1.,-1.110223024625E-16,0.));
#4664 = DIRECTION('',(1.110223024625E-16,1.,0.));
#4665 = DEFINITIONAL_REPRESENTATION('',(#4666),#4670);
#4666 = LINE('',#4667,#4668);
#4667 = CARTESIAN_POINT('',(0.,-8.3));
#4668 = VECTOR('',#4669,1.);
#4669 = DIRECTION('',(1.,0.));
#4670 = ( GEOMETRIC_REPRESENTATION_CONTEXT(2) 
PARAMETRIC_REPRESENTATION_CONTEXT() REPRESENTATION_CONTEXT('2D SPACE',''
  ) );
#4671 = ADVANCED_FACE('',(#4672),#1562,.T.);
#4672 = FACE_BOUND('',#4673,.T.);
#4673 = EDGE_LOOP('',(#4674,#4697,#4718,#4719));
#4674 = ORIENTED_EDGE('',*,*,#4675,.F.);
#4675 = EDGE_CURVE('',#4676,#4593,#4678,.T.);
#4676 = VERTEX_POINT('',#4677);
#4677 = CARTESIAN_POINT('',(-4.1,60.,37.5));
#4678 = SURFACE_CURVE('',#4679,(#4683,#4690),.PCURVE_S1.);
#4679 = LINE('',#4680,#4681);
#4680 = CARTESIAN_POINT('',(-4.1,60.,37.5));
#4681 = VECTOR('',#4682,1.);
#4682 = DIRECTION('',(-1.,1.110223024625E-16,0.));
#4683 = PCURVE('',#1562,#4684);
#4684 = DEFINITIONAL_REPRESENTATION('',(#4685),#4689);
#4685 = LINE('',#4686,#4687);
#4686 = CARTESIAN_POINT('',(0.,0.));
#4687 = VECTOR('',#4688,1.);
#4688 = DIRECTION('',(0.,1.));
#4689 = ( GEOMETRIC_REPRESENTATION_CONTEXT(2) 
PARAMETRIC_REPRESENTATION_CONTEXT() REPRESENTATION_CONTEXT('2D SPACE',''
  ) );
#4690 = PCURVE('',#3550,#4691);
#4691 = DEFINITIONAL_REPRESENTATION('',(#4692),#4696);
#4692 = LINE('',#4693,#4694);
#4693 = CARTESIAN_POINT('',(30.,0.));
#4694 = VECTOR('',#4695,1.);
#4695 = DIRECTION('',(0.,-1.));
#4696 = ( GEOMETRIC_REPRESENTATION_CONTEXT(2) 
PARAMETRIC_REPRESENTATION_CONTEXT() REPRESENTATION_CONTEXT('2D SPACE',''
  ) );
#4697 = ORIENTED_EDGE('',*,*,#4698,.T.);
#4698 = EDGE_CURVE('',#4676,#1547,#4699,.T.);
#4699 = SURFACE_CURVE('',#4700,(#4704,#4711),.PCURVE_S1.);
#4700 = LINE('',#4701,#4702);
#4701 = CARTESIAN_POINT('',(-4.1,60.,37.5));
#4702 = VECTOR('',#4703,1.);
#4703 = DIRECTION('',(1.110223024625E-16,1.,0.));
#4704 = PCURVE('',#1562,#4705);
#4705 = DEFINITIONAL_REPRESENTATION('',(#4706),#4710);
#4706 = LINE('',#4707,#4708);
#4707 = CARTESIAN_POINT('',(0.,0.));
#4708 = VECTOR('',#4709,1.);
#4709 = DIRECTION('',(1.,0.));
#4710 = ( GEOMETRIC_REPRESENTATION_CONTEXT(2) 
PARAMETRIC_REPRESENTATION_CONTEXT() REPRESENTATION_CONTEXT('2D SPACE',''
  ) );
#4711 = PCURVE('',#1590,#4712);
#4712 = DEFINITIONAL_REPRESENTATION('',(#4713),#4717);
#4713 = LINE('',#4714,#4715);
#4714 = CARTESIAN_POINT('',(30.,0.));
#4715 = VECTOR('',#4716,1.);
#4716 = DIRECTION('',(0.,1.));
#4717 = ( GEOMETRIC_REPRESENTATION_CONTEXT(2) 
PARAMETRIC_REPRESENTATION_CONTEXT() REPRESENTATION_CONTEXT('2D SPACE',''
  ) );
#4718 = ORIENTED_EDGE('',*,*,#1546,.T.);
#4719 = ORIENTED_EDGE('',*,*,#4615,.F.);
#4720 = ADVANCED_FACE('',(#4721,#4747),#1590,.F.);
#4721 = FACE_BOUND('',#4722,.F.);
#4722 = EDGE_LOOP('',(#4723,#4724,#4745,#4746));
#4723 = ORIENTED_EDGE('',*,*,#3511,.F.);
#4724 = ORIENTED_EDGE('',*,*,#4725,.T.);
#4725 = EDGE_CURVE('',#3512,#4676,#4726,.T.);
#4726 = SURFACE_CURVE('',#4727,(#4731,#4738),.PCURVE_S1.);
#4727 = LINE('',#4728,#4729);
#4728 = CARTESIAN_POINT('',(-4.1,60.,7.5));
#4729 = VECTOR('',#4730,1.);
#4730 = DIRECTION('',(0.,0.,1.));
#4731 = PCURVE('',#1590,#4732);
#4732 = DEFINITIONAL_REPRESENTATION('',(#4733),#4737);
#4733 = LINE('',#4734,#4735);
#4734 = CARTESIAN_POINT('',(0.,0.));
#4735 = VECTOR('',#4736,1.);
#4736 = DIRECTION('',(1.,0.));
#4737 = ( GEOMETRIC_REPRESENTATION_CONTEXT(2) 
PARAMETRIC_REPRESENTATION_CONTEXT() REPRESENTATION_CONTEXT('2D SPACE',''
  ) );
#4738 = PCURVE('',#3550,#4739);
#4739 = DEFINITIONAL_REPRESENTATION('',(#4740),#4744);
#4740 = LINE('',#4741,#4742);
#4741 = CARTESIAN_POINT('',(0.,0.));
#4742 = VECTOR('',#4743,1.);
#4743 = DIRECTION('',(1.,0.));
#4744 = ( GEOMETRIC_REPRESENTATION_CONTEXT(2) 
PARAMETRIC_REPRESENTATION_CONTEXT() REPRESENTATION_CONTEXT('2D SPACE',''
  ) );
#4745 = ORIENTED_EDGE('',*,*,#4698,.T.);
#4746 = ORIENTED_EDGE('',*,*,#1574,.F.);
#4747 = FACE_BOUND('',#4748,.F.);
#4748 = EDGE_LOOP('',(#4749));
#4749 = ORIENTED_EDGE('',*,*,#4750,.T.);
#4750 = EDGE_CURVE('',#4751,#4751,#4753,.T.);
#4751 = VERTEX_POINT('',#4752);
#4752 = CARTESIAN_POINT('',(-4.1,72.2,25.));
#4753 = SURFACE_CURVE('',#4754,(#4759,#4770),.PCURVE_S1.);
#4754 = CIRCLE('',#4755,2.2);
#4755 = AXIS2_PLACEMENT_3D('',#4756,#4757,#4758);
#4756 = CARTESIAN_POINT('',(-4.1,70.,25.));
#4757 = DIRECTION('',(1.,-1.110223024625E-16,0.));
#4758 = DIRECTION('',(1.110223024625E-16,1.,0.));
#4759 = PCURVE('',#1590,#4760);
#4760 = DEFINITIONAL_REPRESENTATION('',(#4761),#4769);
#4761 = ( BOUNDED_CURVE() B_SPLINE_CURVE(2,(#4762,#4763,#4764,#4765,
#4766,#4767,#4768),.UNSPECIFIED.,.T.,.F.) B_SPLINE_CURVE_WITH_KNOTS((1,2
    ,2,2,2,1),(-2.094395102393,0.,2.094395102393,4.188790204786,
6.28318530718,8.377580409573),.UNSPECIFIED.) CURVE() 
GEOMETRIC_REPRESENTATION_ITEM() RATIONAL_B_SPLINE_CURVE((1.,0.5,1.,0.5,
1.,0.5,1.)) REPRESENTATION_ITEM('') );
#4762 = CARTESIAN_POINT('',(17.5,12.2));
#4763 = CARTESIAN_POINT('',(21.310511776652,12.2));
#4764 = CARTESIAN_POINT('',(19.405255888326,8.9));
#4765 = CARTESIAN_POINT('',(17.5,5.6));
#4766 = CARTESIAN_POINT('',(15.594744111674,8.9));
#4767 = CARTESIAN_POINT('',(13.689488223348,12.2));
#4768 = CARTESIAN_POINT('',(17.5,12.2));
#4769 = ( GEOMETRIC_REPRESENTATION_CONTEXT(2) 
PARAMETRIC_REPRESENTATION_CONTEXT() REPRESENTATION_CONTEXT('2D SPACE',''
  ) );
#4770 = PCURVE('',#4660,#4771);
#4771 = DEFINITIONAL_REPRESENTATION('',(#4772),#4776);
#4772 = LINE('',#4773,#4774);
#4773 = CARTESIAN_POINT('',(0.,-4.1));
#4774 = VECTOR('',#4775,1.);
#4775 = DIRECTION('',(1.,0.));
#4776 = ( GEOMETRIC_REPRESENTATION_CONTEXT(2) 
PARAMETRIC_REPRESENTATION_CONTEXT() REPRESENTATION_CONTEXT('2D SPACE',''
  ) );
#4777 = ADVANCED_FACE('',(#4778,#4826),#1641,.T.);
#4778 = FACE_BOUND('',#4779,.T.);
#4779 = EDGE_LOOP('',(#4780,#4781,#4804,#4825));
#4780 = ORIENTED_EDGE('',*,*,#3489,.F.);
#4781 = ORIENTED_EDGE('',*,*,#4782,.T.);
#4782 = EDGE_CURVE('',#3462,#4783,#4785,.T.);
#4783 = VERTEX_POINT('',#4784);
#4784 = CARTESIAN_POINT('',(4.1,60.,37.5));
#4785 = SURFACE_CURVE('',#4786,(#4790,#4797),.PCURVE_S1.);
#4786 = LINE('',#4787,#4788);
#4787 = CARTESIAN_POINT('',(4.1,60.,7.5));
#4788 = VECTOR('',#4789,1.);
#4789 = DIRECTION('',(0.,0.,1.));
#4790 = PCURVE('',#1641,#4791);
#4791 = DEFINITIONAL_REPRESENTATION('',(#4792),#4796);
#4792 = LINE('',#4793,#4794);
#4793 = CARTESIAN_POINT('',(0.,0.));
#4794 = VECTOR('',#4795,1.);
#4795 = DIRECTION('',(1.,0.));
#4796 = ( GEOMETRIC_REPRESENTATION_CONTEXT(2) 
PARAMETRIC_REPRESENTATION_CONTEXT() REPRESENTATION_CONTEXT('2D SPACE',''
  ) );
#4797 = PCURVE('',#3477,#4798);
#4798 = DEFINITIONAL_REPRESENTATION('',(#4799),#4803);
#4799 = LINE('',#4800,#4801);
#4800 = CARTESIAN_POINT('',(0.,-4.2));
#4801 = VECTOR('',#4802,1.);
#4802 = DIRECTION('',(1.,0.));
#4803 = ( GEOMETRIC_REPRESENTATION_CONTEXT(2) 
PARAMETRIC_REPRESENTATION_CONTEXT() REPRESENTATION_CONTEXT('2D SPACE',''
  ) );
#4804 = ORIENTED_EDGE('',*,*,#4805,.T.);
#4805 = EDGE_CURVE('',#4783,#1626,#4806,.T.);
#4806 = SURFACE_CURVE('',#4807,(#4811,#4818),.PCURVE_S1.);
#4807 = LINE('',#4808,#4809);
#4808 = CARTESIAN_POINT('',(4.1,60.,37.5));
#4809 = VECTOR('',#4810,1.);
#4810 = DIRECTION('',(1.110223024625E-16,1.,0.));
#4811 = PCURVE('',#1641,#4812);
#4812 = DEFINITIONAL_REPRESENTATION('',(#4813),#4817);
#4813 = LINE('',#4814,#4815);
#4814 = CARTESIAN_POINT('',(30.,0.));
#4815 = VECTOR('',#4816,1.);
#4816 = DIRECTION('',(0.,1.));
#4817 = ( GEOMETRIC_REPRESENTATION_CONTEXT(2) 
PARAMETRIC_REPRESENTATION_CONTEXT() REPRESENTATION_CONTEXT('2D SPACE',''
  ) );
#4818 = PCURVE('',#1669,#4819);
#4819 = DEFINITIONAL_REPRESENTATION('',(#4820),#4824);
#4820 = LINE('',#4821,#4822);
#4821 = CARTESIAN_POINT('',(-4.662936703426E-16,4.2));
#4822 = VECTOR('',#4823,1.);
#4823 = DIRECTION('',(1.,0.));
#4824 = ( GEOMETRIC_REPRESENTATION_CONTEXT(2) 
PARAMETRIC_REPRESENTATION_CONTEXT() REPRESENTATION_CONTEXT('2D SPACE',''
  ) );
#4825 = ORIENTED_EDGE('',*,*,#1625,.F.);
#4826 = FACE_BOUND('',#4827,.T.);
#4827 = EDGE_LOOP('',(#4828));
#4828 = ORIENTED_EDGE('',*,*,#4829,.F.);
#4829 = EDGE_CURVE('',#4830,#4830,#4832,.T.);
#4830 = VERTEX_POINT('',#4831);
#4831 = CARTESIAN_POINT('',(4.1,72.2,25.));
#4832 = SURFACE_CURVE('',#4833,(#4838,#4845),.PCURVE_S1.);
#4833 = CIRCLE('',#4834,2.2);
#4834 = AXIS2_PLACEMENT_3D('',#4835,#4836,#4837);
#4835 = CARTESIAN_POINT('',(4.1,70.,25.));
#4836 = DIRECTION('',(-1.,1.110223024625E-16,0.));
#4837 = DIRECTION('',(1.110223024625E-16,1.,0.));
#4838 = PCURVE('',#1641,#4839);
#4839 = DEFINITIONAL_REPRESENTATION('',(#4840),#4844);
#4840 = CIRCLE('',#4841,2.2);
#4841 = AXIS2_PLACEMENT_2D('',#4842,#4843);
#4842 = CARTESIAN_POINT('',(17.5,10.));
#4843 = DIRECTION('',(0.,1.));
#4844 = ( GEOMETRIC_REPRESENTATION_CONTEXT(2) 
PARAMETRIC_REPRESENTATION_CONTEXT() REPRESENTATION_CONTEXT('2D SPACE',''
  ) );
#4845 = PCURVE('',#4846,#4851);
#4846 = CYLINDRICAL_SURFACE('',#4847,2.2);
#4847 = AXIS2_PLACEMENT_3D('',#4848,#4849,#4850);
#4848 = CARTESIAN_POINT('',(7.771561172376E-15,70.,25.));
#4849 = DIRECTION('',(-1.,1.110223024625E-16,0.));
#4850 = DIRECTION('',(1.110223024625E-16,1.,0.));
#4851 = DEFINITIONAL_REPRESENTATION('',(#4852),#4856);
#4852 = LINE('',#4853,#4854);
#4853 = CARTESIAN_POINT('',(-6.28318530718,-4.1));
#4854 = VECTOR('',#4855,1.);
#4855 = DIRECTION('',(1.,-0.));
#4856 = ( GEOMETRIC_REPRESENTATION_CONTEXT(2) 
PARAMETRIC_REPRESENTATION_CONTEXT() REPRESENTATION_CONTEXT('2D SPACE',''
  ) );
#4857 = ADVANCED_FACE('',(#4858),#1669,.T.);
#4858 = FACE_BOUND('',#4859,.T.);
#4859 = EDGE_LOOP('',(#4860,#4883,#4904,#4905));
#4860 = ORIENTED_EDGE('',*,*,#4861,.F.);
#4861 = EDGE_CURVE('',#4862,#4783,#4864,.T.);
#4862 = VERTEX_POINT('',#4863);
#4863 = CARTESIAN_POINT('',(8.3,60.,37.5));
#4864 = SURFACE_CURVE('',#4865,(#4869,#4876),.PCURVE_S1.);
#4865 = LINE('',#4866,#4867);
#4866 = CARTESIAN_POINT('',(8.3,60.,37.5));
#4867 = VECTOR('',#4868,1.);
#4868 = DIRECTION('',(-1.,1.110223024625E-16,0.));
#4869 = PCURVE('',#1669,#4870);
#4870 = DEFINITIONAL_REPRESENTATION('',(#4871),#4875);
#4871 = LINE('',#4872,#4873);
#4872 = CARTESIAN_POINT('',(0.,0.));
#4873 = VECTOR('',#4874,1.);
#4874 = DIRECTION('',(0.,1.));
#4875 = ( GEOMETRIC_REPRESENTATION_CONTEXT(2) 
PARAMETRIC_REPRESENTATION_CONTEXT() REPRESENTATION_CONTEXT('2D SPACE',''
  ) );
#4876 = PCURVE('',#3477,#4877);
#4877 = DEFINITIONAL_REPRESENTATION('',(#4878),#4882);
#4878 = LINE('',#4879,#4880);
#4879 = CARTESIAN_POINT('',(30.,0.));
#4880 = VECTOR('',#4881,1.);
#4881 = DIRECTION('',(0.,-1.));
#4882 = ( GEOMETRIC_REPRESENTATION_CONTEXT(2) 
PARAMETRIC_REPRESENTATION_CONTEXT() REPRESENTATION_CONTEXT('2D SPACE',''
  ) );
#4883 = ORIENTED_EDGE('',*,*,#4884,.T.);
#4884 = EDGE_CURVE('',#4862,#1654,#4885,.T.);
#4885 = SURFACE_CURVE('',#4886,(#4890,#4897),.PCURVE_S1.);
#4886 = LINE('',#4887,#4888);
#4887 = CARTESIAN_POINT('',(8.3,60.,37.5));
#4888 = VECTOR('',#4889,1.);
#4889 = DIRECTION('',(1.110223024625E-16,1.,0.));
#4890 = PCURVE('',#1669,#4891);
#4891 = DEFINITIONAL_REPRESENTATION('',(#4892),#4896);
#4892 = LINE('',#4893,#4894);
#4893 = CARTESIAN_POINT('',(0.,0.));
#4894 = VECTOR('',#4895,1.);
#4895 = DIRECTION('',(1.,0.));
#4896 = ( GEOMETRIC_REPRESENTATION_CONTEXT(2) 
PARAMETRIC_REPRESENTATION_CONTEXT() REPRESENTATION_CONTEXT('2D SPACE',''
  ) );
#4897 = PCURVE('',#1697,#4898);
#4898 = DEFINITIONAL_REPRESENTATION('',(#4899),#4903);
#4899 = LINE('',#4900,#4901);
#4900 = CARTESIAN_POINT('',(30.,0.));
#4901 = VECTOR('',#4902,1.);
#4902 = DIRECTION('',(0.,1.));
#4903 = ( GEOMETRIC_REPRESENTATION_CONTEXT(2) 
PARAMETRIC_REPRESENTATION_CONTEXT() REPRESENTATION_CONTEXT('2D SPACE',''
  ) );
#4904 = ORIENTED_EDGE('',*,*,#1653,.T.);
#4905 = ORIENTED_EDGE('',*,*,#4805,.F.);
#4906 = ADVANCED_FACE('',(#4907,#4933),#1697,.F.);
#4907 = FACE_BOUND('',#4908,.F.);
#4908 = EDGE_LOOP('',(#4909,#4910,#4931,#4932));
#4909 = ORIENTED_EDGE('',*,*,#3438,.F.);
#4910 = ORIENTED_EDGE('',*,*,#4911,.T.);
#4911 = EDGE_CURVE('',#3439,#4862,#4912,.T.);
#4912 = SURFACE_CURVE('',#4913,(#4917,#4924),.PCURVE_S1.);
#4913 = LINE('',#4914,#4915);
#4914 = CARTESIAN_POINT('',(8.3,60.,7.5));
#4915 = VECTOR('',#4916,1.);
#4916 = DIRECTION('',(0.,0.,1.));
#4917 = PCURVE('',#1697,#4918);
#4918 = DEFINITIONAL_REPRESENTATION('',(#4919),#4923);
#4919 = LINE('',#4920,#4921);
#4920 = CARTESIAN_POINT('',(0.,0.));
#4921 = VECTOR('',#4922,1.);
#4922 = DIRECTION('',(1.,0.));
#4923 = ( GEOMETRIC_REPRESENTATION_CONTEXT(2) 
PARAMETRIC_REPRESENTATION_CONTEXT() REPRESENTATION_CONTEXT('2D SPACE',''
  ) );
#4924 = PCURVE('',#3477,#4925);
#4925 = DEFINITIONAL_REPRESENTATION('',(#4926),#4930);
#4926 = LINE('',#4927,#4928);
#4927 = CARTESIAN_POINT('',(0.,0.));
#4928 = VECTOR('',#4929,1.);
#4929 = DIRECTION('',(1.,0.));
#4930 = ( GEOMETRIC_REPRESENTATION_CONTEXT(2) 
PARAMETRIC_REPRESENTATION_CONTEXT() REPRESENTATION_CONTEXT('2D SPACE',''
  ) );
#4931 = ORIENTED_EDGE('',*,*,#4884,.T.);
#4932 = ORIENTED_EDGE('',*,*,#1681,.F.);
#4933 = FACE_BOUND('',#4934,.F.);
#4934 = EDGE_LOOP('',(#4935));
#4935 = ORIENTED_EDGE('',*,*,#4936,.F.);
#4936 = EDGE_CURVE('',#4937,#4937,#4939,.T.);
#4937 = VERTEX_POINT('',#4938);
#4938 = CARTESIAN_POINT('',(8.3,72.2,25.));
#4939 = SURFACE_CURVE('',#4940,(#4945,#4952),.PCURVE_S1.);
#4940 = CIRCLE('',#4941,2.2);
#4941 = AXIS2_PLACEMENT_3D('',#4942,#4943,#4944);
#4942 = CARTESIAN_POINT('',(8.3,70.,25.));
#4943 = DIRECTION('',(-1.,1.110223024625E-16,0.));
#4944 = DIRECTION('',(1.110223024625E-16,1.,0.));
#4945 = PCURVE('',#1697,#4946);
#4946 = DEFINITIONAL_REPRESENTATION('',(#4947),#4951);
#4947 = CIRCLE('',#4948,2.2);
#4948 = AXIS2_PLACEMENT_2D('',#4949,#4950);
#4949 = CARTESIAN_POINT('',(17.5,10.));
#4950 = DIRECTION('',(0.,1.));
#4951 = ( GEOMETRIC_REPRESENTATION_CONTEXT(2) 
PARAMETRIC_REPRESENTATION_CONTEXT() REPRESENTATION_CONTEXT('2D SPACE',''
  ) );
#4952 = PCURVE('',#4846,#4953);
#4953 = DEFINITIONAL_REPRESENTATION('',(#4954),#4958);
#4954 = LINE('',#4955,#4956);
#4955 = CARTESIAN_POINT('',(-6.28318530718,-8.3));
#4956 = VECTOR('',#4957,1.);
#4957 = DIRECTION('',(1.,-0.));
#4958 = ( GEOMETRIC_REPRESENTATION_CONTEXT(2) 
PARAMETRIC_REPRESENTATION_CONTEXT() REPRESENTATION_CONTEXT('2D SPACE',''
  ) );
#4959 = ADVANCED_FACE('',(#4960,#5008),#1989,.F.);
#4960 = FACE_BOUND('',#4961,.F.);
#4961 = EDGE_LOOP('',(#4962,#4963,#4986,#5007));
#4962 = ORIENTED_EDGE('',*,*,#3738,.F.);
#4963 = ORIENTED_EDGE('',*,*,#4964,.T.);
#4964 = EDGE_CURVE('',#3739,#4965,#4967,.T.);
#4965 = VERTEX_POINT('',#4966);
#4966 = CARTESIAN_POINT('',(-8.3,-60.,37.5));
#4967 = SURFACE_CURVE('',#4968,(#4972,#4979),.PCURVE_S1.);
#4968 = LINE('',#4969,#4970);
#4969 = CARTESIAN_POINT('',(-8.3,-60.,7.5));
#4970 = VECTOR('',#4971,1.);
#4971 = DIRECTION('',(0.,0.,1.));
#4972 = PCURVE('',#1989,#4973);
#4973 = DEFINITIONAL_REPRESENTATION('',(#4974),#4978);
#4974 = LINE('',#4975,#4976);
#4975 = CARTESIAN_POINT('',(0.,0.));
#4976 = VECTOR('',#4977,1.);
#4977 = DIRECTION('',(1.,0.));
#4978 = ( GEOMETRIC_REPRESENTATION_CONTEXT(2) 
PARAMETRIC_REPRESENTATION_CONTEXT() REPRESENTATION_CONTEXT('2D SPACE',''
  ) );
#4979 = PCURVE('',#3777,#4980);
#4980 = DEFINITIONAL_REPRESENTATION('',(#4981),#4985);
#4981 = LINE('',#4982,#4983);
#4982 = CARTESIAN_POINT('',(0.,0.));
#4983 = VECTOR('',#4984,1.);
#4984 = DIRECTION('',(1.,0.));
#4985 = ( GEOMETRIC_REPRESENTATION_CONTEXT(2) 
PARAMETRIC_REPRESENTATION_CONTEXT() REPRESENTATION_CONTEXT('2D SPACE',''
  ) );
#4986 = ORIENTED_EDGE('',*,*,#4987,.T.);
#4987 = EDGE_CURVE('',#4965,#1974,#4988,.T.);
#4988 = SURFACE_CURVE('',#4989,(#4993,#5000),.PCURVE_S1.);
#4989 = LINE('',#4990,#4991);
#4990 = CARTESIAN_POINT('',(-8.3,-60.,37.5));
#4991 = VECTOR('',#4992,1.);
#4992 = DIRECTION('',(-2.22044604925E-16,-1.,0.));
#4993 = PCURVE('',#1989,#4994);
#4994 = DEFINITIONAL_REPRESENTATION('',(#4995),#4999);
#4995 = LINE('',#4996,#4997);
#4996 = CARTESIAN_POINT('',(30.,0.));
#4997 = VECTOR('',#4998,1.);
#4998 = DIRECTION('',(0.,1.));
#4999 = ( GEOMETRIC_REPRESENTATION_CONTEXT(2) 
PARAMETRIC_REPRESENTATION_CONTEXT() REPRESENTATION_CONTEXT('2D SPACE',''
  ) );
#5000 = PCURVE('',#2017,#5001);
#5001 = DEFINITIONAL_REPRESENTATION('',(#5002),#5006);
#5002 = LINE('',#5003,#5004);
#5003 = CARTESIAN_POINT('',(0.,0.));
#5004 = VECTOR('',#5005,1.);
#5005 = DIRECTION('',(1.,0.));
#5006 = ( GEOMETRIC_REPRESENTATION_CONTEXT(2) 
PARAMETRIC_REPRESENTATION_CONTEXT() REPRESENTATION_CONTEXT('2D SPACE',''
  ) );
#5007 = ORIENTED_EDGE('',*,*,#1973,.F.);
#5008 = FACE_BOUND('',#5009,.F.);
#5009 = EDGE_LOOP('',(#5010));
#5010 = ORIENTED_EDGE('',*,*,#5011,.F.);
#5011 = EDGE_CURVE('',#5012,#5012,#5014,.T.);
#5012 = VERTEX_POINT('',#5013);
#5013 = CARTESIAN_POINT('',(-8.3,-72.2,25.));
#5014 = SURFACE_CURVE('',#5015,(#5020,#5027),.PCURVE_S1.);
#5015 = CIRCLE('',#5016,2.2);
#5016 = AXIS2_PLACEMENT_3D('',#5017,#5018,#5019);
#5017 = CARTESIAN_POINT('',(-8.3,-70.,25.));
#5018 = DIRECTION('',(1.,-2.22044604925E-16,0.));
#5019 = DIRECTION('',(-2.22044604925E-16,-1.,0.));
#5020 = PCURVE('',#1989,#5021);
#5021 = DEFINITIONAL_REPRESENTATION('',(#5022),#5026);
#5022 = CIRCLE('',#5023,2.2);
#5023 = AXIS2_PLACEMENT_2D('',#5024,#5025);
#5024 = CARTESIAN_POINT('',(17.5,10.));
#5025 = DIRECTION('',(0.,1.));
#5026 = ( GEOMETRIC_REPRESENTATION_CONTEXT(2) 
PARAMETRIC_REPRESENTATION_CONTEXT() REPRESENTATION_CONTEXT('2D SPACE',''
  ) );
#5027 = PCURVE('',#5028,#5033);
#5028 = CYLINDRICAL_SURFACE('',#5029,2.2);
#5029 = AXIS2_PLACEMENT_3D('',#5030,#5031,#5032);
#5030 = CARTESIAN_POINT('',(-1.554312234475E-14,-70.,25.));
#5031 = DIRECTION('',(1.,-2.22044604925E-16,0.));
#5032 = DIRECTION('',(-2.22044604925E-16,-1.,0.));
#5033 = DEFINITIONAL_REPRESENTATION('',(#5034),#5038);
#5034 = LINE('',#5035,#5036);
#5035 = CARTESIAN_POINT('',(-6.28318530718,-8.3));
#5036 = VECTOR('',#5037,1.);
#5037 = DIRECTION('',(1.,-0.));
#5038 = ( GEOMETRIC_REPRESENTATION_CONTEXT(2) 
PARAMETRIC_REPRESENTATION_CONTEXT() REPRESENTATION_CONTEXT('2D SPACE',''
  ) );
#5039 = ADVANCED_FACE('',(#5040),#2017,.T.);
#5040 = FACE_BOUND('',#5041,.T.);
#5041 = EDGE_LOOP('',(#5042,#5065,#5066,#5067));
#5042 = ORIENTED_EDGE('',*,*,#5043,.F.);
#5043 = EDGE_CURVE('',#4965,#5044,#5046,.T.);
#5044 = VERTEX_POINT('',#5045);
#5045 = CARTESIAN_POINT('',(-4.1,-60.,37.5));
#5046 = SURFACE_CURVE('',#5047,(#5051,#5058),.PCURVE_S1.);
#5047 = LINE('',#5048,#5049);
#5048 = CARTESIAN_POINT('',(-8.3,-60.,37.5));
#5049 = VECTOR('',#5050,1.);
#5050 = DIRECTION('',(1.,-2.22044604925E-16,0.));
#5051 = PCURVE('',#2017,#5052);
#5052 = DEFINITIONAL_REPRESENTATION('',(#5053),#5057);
#5053 = LINE('',#5054,#5055);
#5054 = CARTESIAN_POINT('',(0.,0.));
#5055 = VECTOR('',#5056,1.);
#5056 = DIRECTION('',(0.,1.));
#5057 = ( GEOMETRIC_REPRESENTATION_CONTEXT(2) 
PARAMETRIC_REPRESENTATION_CONTEXT() REPRESENTATION_CONTEXT('2D SPACE',''
  ) );
#5058 = PCURVE('',#3777,#5059);
#5059 = DEFINITIONAL_REPRESENTATION('',(#5060),#5064);
#5060 = LINE('',#5061,#5062);
#5061 = CARTESIAN_POINT('',(30.,0.));
#5062 = VECTOR('',#5063,1.);
#5063 = DIRECTION('',(0.,-1.));
#5064 = ( GEOMETRIC_REPRESENTATION_CONTEXT(2) 
PARAMETRIC_REPRESENTATION_CONTEXT() REPRESENTATION_CONTEXT('2D SPACE',''
  ) );
#5065 = ORIENTED_EDGE('',*,*,#4987,.T.);
#5066 = ORIENTED_EDGE('',*,*,#2001,.T.);
#5067 = ORIENTED_EDGE('',*,*,#5068,.F.);
#5068 = EDGE_CURVE('',#5044,#2002,#5069,.T.);
#5069 = SURFACE_CURVE('',#5070,(#5074,#5081),.PCURVE_S1.);
#5070 = LINE('',#5071,#5072);
#5071 = CARTESIAN_POINT('',(-4.1,-60.,37.5));
#5072 = VECTOR('',#5073,1.);
#5073 = DIRECTION('',(-2.22044604925E-16,-1.,0.));
#5074 = PCURVE('',#2017,#5075);
#5075 = DEFINITIONAL_REPRESENTATION('',(#5076),#5080);
#5076 = LINE('',#5077,#5078);
#5077 = CARTESIAN_POINT('',(-9.325873406851E-16,4.2));
#5078 = VECTOR('',#5079,1.);
#5079 = DIRECTION('',(1.,0.));
#5080 = ( GEOMETRIC_REPRESENTATION_CONTEXT(2) 
PARAMETRIC_REPRESENTATION_CONTEXT() REPRESENTATION_CONTEXT('2D SPACE',''
  ) );
#5081 = PCURVE('',#2045,#5082);
#5082 = DEFINITIONAL_REPRESENTATION('',(#5083),#5087);
#5083 = LINE('',#5084,#5085);
#5084 = CARTESIAN_POINT('',(30.,0.));
#5085 = VECTOR('',#5086,1.);
#5086 = DIRECTION('',(0.,1.));
#5087 = ( GEOMETRIC_REPRESENTATION_CONTEXT(2) 
PARAMETRIC_REPRESENTATION_CONTEXT() REPRESENTATION_CONTEXT('2D SPACE',''
  ) );
#5088 = ADVANCED_FACE('',(#5089,#5115),#2045,.T.);
#5089 = FACE_BOUND('',#5090,.T.);
#5090 = EDGE_LOOP('',(#5091,#5092,#5113,#5114));
#5091 = ORIENTED_EDGE('',*,*,#3789,.F.);
#5092 = ORIENTED_EDGE('',*,*,#5093,.T.);
#5093 = EDGE_CURVE('',#3762,#5044,#5094,.T.);
#5094 = SURFACE_CURVE('',#5095,(#5099,#5106),.PCURVE_S1.);
#5095 = LINE('',#5096,#5097);
#5096 = CARTESIAN_POINT('',(-4.1,-60.,7.5));
#5097 = VECTOR('',#5098,1.);
#5098 = DIRECTION('',(0.,0.,1.));
#5099 = PCURVE('',#2045,#5100);
#5100 = DEFINITIONAL_REPRESENTATION('',(#5101),#5105);
#5101 = LINE('',#5102,#5103);
#5102 = CARTESIAN_POINT('',(0.,0.));
#5103 = VECTOR('',#5104,1.);
#5104 = DIRECTION('',(1.,0.));
#5105 = ( GEOMETRIC_REPRESENTATION_CONTEXT(2) 
PARAMETRIC_REPRESENTATION_CONTEXT() REPRESENTATION_CONTEXT('2D SPACE',''
  ) );
#5106 = PCURVE('',#3777,#5107);
#5107 = DEFINITIONAL_REPRESENTATION('',(#5108),#5112);
#5108 = LINE('',#5109,#5110);
#5109 = CARTESIAN_POINT('',(0.,-4.2));
#5110 = VECTOR('',#5111,1.);
#5111 = DIRECTION('',(1.,0.));
#5112 = ( GEOMETRIC_REPRESENTATION_CONTEXT(2) 
PARAMETRIC_REPRESENTATION_CONTEXT() REPRESENTATION_CONTEXT('2D SPACE',''
  ) );
#5113 = ORIENTED_EDGE('',*,*,#5068,.T.);
#5114 = ORIENTED_EDGE('',*,*,#2029,.F.);
#5115 = FACE_BOUND('',#5116,.T.);
#5116 = EDGE_LOOP('',(#5117));
#5117 = ORIENTED_EDGE('',*,*,#5118,.F.);
#5118 = EDGE_CURVE('',#5119,#5119,#5121,.T.);
#5119 = VERTEX_POINT('',#5120);
#5120 = CARTESIAN_POINT('',(-4.1,-72.2,25.));
#5121 = SURFACE_CURVE('',#5122,(#5127,#5134),.PCURVE_S1.);
#5122 = CIRCLE('',#5123,2.2);
#5123 = AXIS2_PLACEMENT_3D('',#5124,#5125,#5126);
#5124 = CARTESIAN_POINT('',(-4.1,-70.,25.));
#5125 = DIRECTION('',(1.,-2.22044604925E-16,0.));
#5126 = DIRECTION('',(-2.22044604925E-16,-1.,0.));
#5127 = PCURVE('',#2045,#5128);
#5128 = DEFINITIONAL_REPRESENTATION('',(#5129),#5133);
#5129 = CIRCLE('',#5130,2.2);
#5130 = AXIS2_PLACEMENT_2D('',#5131,#5132);
#5131 = CARTESIAN_POINT('',(17.5,10.));
#5132 = DIRECTION('',(0.,1.));
#5133 = ( GEOMETRIC_REPRESENTATION_CONTEXT(2) 
PARAMETRIC_REPRESENTATION_CONTEXT() REPRESENTATION_CONTEXT('2D SPACE',''
  ) );
#5134 = PCURVE('',#5028,#5135);
#5135 = DEFINITIONAL_REPRESENTATION('',(#5136),#5140);
#5136 = LINE('',#5137,#5138);
#5137 = CARTESIAN_POINT('',(-6.28318530718,-4.1));
#5138 = VECTOR('',#5139,1.);
#5139 = DIRECTION('',(1.,-0.));
#5140 = ( GEOMETRIC_REPRESENTATION_CONTEXT(2) 
PARAMETRIC_REPRESENTATION_CONTEXT() REPRESENTATION_CONTEXT('2D SPACE',''
  ) );
#5141 = ADVANCED_FACE('',(#5142,#5190),#2096,.F.);
#5142 = FACE_BOUND('',#5143,.F.);
#5143 = EDGE_LOOP('',(#5144,#5145,#5168,#5189));
#5144 = ORIENTED_EDGE('',*,*,#3811,.F.);
#5145 = ORIENTED_EDGE('',*,*,#5146,.T.);
#5146 = EDGE_CURVE('',#3812,#5147,#5149,.T.);
#5147 = VERTEX_POINT('',#5148);
#5148 = CARTESIAN_POINT('',(4.1,-60.,37.5));
#5149 = SURFACE_CURVE('',#5150,(#5154,#5161),.PCURVE_S1.);
#5150 = LINE('',#5151,#5152);
#5151 = CARTESIAN_POINT('',(4.1,-60.,7.5));
#5152 = VECTOR('',#5153,1.);
#5153 = DIRECTION('',(0.,0.,1.));
#5154 = PCURVE('',#2096,#5155);
#5155 = DEFINITIONAL_REPRESENTATION('',(#5156),#5160);
#5156 = LINE('',#5157,#5158);
#5157 = CARTESIAN_POINT('',(0.,0.));
#5158 = VECTOR('',#5159,1.);
#5159 = DIRECTION('',(1.,0.));
#5160 = ( GEOMETRIC_REPRESENTATION_CONTEXT(2) 
PARAMETRIC_REPRESENTATION_CONTEXT() REPRESENTATION_CONTEXT('2D SPACE',''
  ) );
#5161 = PCURVE('',#3850,#5162);
#5162 = DEFINITIONAL_REPRESENTATION('',(#5163),#5167);
#5163 = LINE('',#5164,#5165);
#5164 = CARTESIAN_POINT('',(0.,0.));
#5165 = VECTOR('',#5166,1.);
#5166 = DIRECTION('',(1.,0.));
#5167 = ( GEOMETRIC_REPRESENTATION_CONTEXT(2) 
PARAMETRIC_REPRESENTATION_CONTEXT() REPRESENTATION_CONTEXT('2D SPACE',''
  ) );
#5168 = ORIENTED_EDGE('',*,*,#5169,.T.);
#5169 = EDGE_CURVE('',#5147,#2081,#5170,.T.);
#5170 = SURFACE_CURVE('',#5171,(#5175,#5182),.PCURVE_S1.);
#5171 = LINE('',#5172,#5173);
#5172 = CARTESIAN_POINT('',(4.1,-60.,37.5));
#5173 = VECTOR('',#5174,1.);
#5174 = DIRECTION('',(-2.22044604925E-16,-1.,0.));
#5175 = PCURVE('',#2096,#5176);
#5176 = DEFINITIONAL_REPRESENTATION('',(#5177),#5181);
#5177 = LINE('',#5178,#5179);
#5178 = CARTESIAN_POINT('',(30.,0.));
#5179 = VECTOR('',#5180,1.);
#5180 = DIRECTION('',(0.,1.));
#5181 = ( GEOMETRIC_REPRESENTATION_CONTEXT(2) 
PARAMETRIC_REPRESENTATION_CONTEXT() REPRESENTATION_CONTEXT('2D SPACE',''
  ) );
#5182 = PCURVE('',#2124,#5183);
#5183 = DEFINITIONAL_REPRESENTATION('',(#5184),#5188);
#5184 = LINE('',#5185,#5186);
#5185 = CARTESIAN_POINT('',(0.,0.));
#5186 = VECTOR('',#5187,1.);
#5187 = DIRECTION('',(1.,0.));
#5188 = ( GEOMETRIC_REPRESENTATION_CONTEXT(2) 
PARAMETRIC_REPRESENTATION_CONTEXT() REPRESENTATION_CONTEXT('2D SPACE',''
  ) );
#5189 = ORIENTED_EDGE('',*,*,#2080,.F.);
#5190 = FACE_BOUND('',#5191,.F.);
#5191 = EDGE_LOOP('',(#5192));
#5192 = ORIENTED_EDGE('',*,*,#5193,.T.);
#5193 = EDGE_CURVE('',#5194,#5194,#5196,.T.);
#5194 = VERTEX_POINT('',#5195);
#5195 = CARTESIAN_POINT('',(4.1,-72.2,25.));
#5196 = SURFACE_CURVE('',#5197,(#5202,#5213),.PCURVE_S1.);
#5197 = CIRCLE('',#5198,2.2);
#5198 = AXIS2_PLACEMENT_3D('',#5199,#5200,#5201);
#5199 = CARTESIAN_POINT('',(4.1,-70.,25.));
#5200 = DIRECTION('',(-1.,2.22044604925E-16,0.));
#5201 = DIRECTION('',(-2.22044604925E-16,-1.,0.));
#5202 = PCURVE('',#2096,#5203);
#5203 = DEFINITIONAL_REPRESENTATION('',(#5204),#5212);
#5204 = ( BOUNDED_CURVE() B_SPLINE_CURVE(2,(#5205,#5206,#5207,#5208,
#5209,#5210,#5211),.UNSPECIFIED.,.T.,.F.) B_SPLINE_CURVE_WITH_KNOTS((1,2
    ,2,2,2,1),(-2.094395102393,0.,2.094395102393,4.188790204786,
6.28318530718,8.377580409573),.UNSPECIFIED.) CURVE() 
GEOMETRIC_REPRESENTATION_ITEM() RATIONAL_B_SPLINE_CURVE((1.,0.5,1.,0.5,
1.,0.5,1.)) REPRESENTATION_ITEM('') );
#5205 = CARTESIAN_POINT('',(17.5,12.2));
#5206 = CARTESIAN_POINT('',(21.310511776652,12.2));
#5207 = CARTESIAN_POINT('',(19.405255888326,8.9));
#5208 = CARTESIAN_POINT('',(17.5,5.6));
#5209 = CARTESIAN_POINT('',(15.594744111674,8.9));
#5210 = CARTESIAN_POINT('',(13.689488223348,12.2));
#5211 = CARTESIAN_POINT('',(17.5,12.2));
#5212 = ( GEOMETRIC_REPRESENTATION_CONTEXT(2) 
PARAMETRIC_REPRESENTATION_CONTEXT() REPRESENTATION_CONTEXT('2D SPACE',''
  ) );
#5213 = PCURVE('',#5214,#5219);
#5214 = CYLINDRICAL_SURFACE('',#5215,2.2);
#5215 = AXIS2_PLACEMENT_3D('',#5216,#5217,#5218);
#5216 = CARTESIAN_POINT('',(-1.554312234475E-14,-70.,25.));
#5217 = DIRECTION('',(-1.,2.22044604925E-16,0.));
#5218 = DIRECTION('',(-2.22044604925E-16,-1.,0.));
#5219 = DEFINITIONAL_REPRESENTATION('',(#5220),#5224);
#5220 = LINE('',#5221,#5222);
#5221 = CARTESIAN_POINT('',(0.,-4.1));
#5222 = VECTOR('',#5223,1.);
#5223 = DIRECTION('',(1.,0.));
#5224 = ( GEOMETRIC_REPRESENTATION_CONTEXT(2) 
PARAMETRIC_REPRESENTATION_CONTEXT() REPRESENTATION_CONTEXT('2D SPACE',''
  ) );
#5225 = ADVANCED_FACE('',(#5226),#2124,.T.);
#5226 = FACE_BOUND('',#5227,.T.);
#5227 = EDGE_LOOP('',(#5228,#5251,#5252,#5253));
#5228 = ORIENTED_EDGE('',*,*,#5229,.F.);
#5229 = EDGE_CURVE('',#5147,#5230,#5232,.T.);
#5230 = VERTEX_POINT('',#5231);
#5231 = CARTESIAN_POINT('',(8.3,-60.,37.5));
#5232 = SURFACE_CURVE('',#5233,(#5237,#5244),.PCURVE_S1.);
#5233 = LINE('',#5234,#5235);
#5234 = CARTESIAN_POINT('',(4.1,-60.,37.5));
#5235 = VECTOR('',#5236,1.);
#5236 = DIRECTION('',(1.,-2.22044604925E-16,0.));
#5237 = PCURVE('',#2124,#5238);
#5238 = DEFINITIONAL_REPRESENTATION('',(#5239),#5243);
#5239 = LINE('',#5240,#5241);
#5240 = CARTESIAN_POINT('',(0.,0.));
#5241 = VECTOR('',#5242,1.);
#5242 = DIRECTION('',(0.,1.));
#5243 = ( GEOMETRIC_REPRESENTATION_CONTEXT(2) 
PARAMETRIC_REPRESENTATION_CONTEXT() REPRESENTATION_CONTEXT('2D SPACE',''
  ) );
#5244 = PCURVE('',#3850,#5245);
#5245 = DEFINITIONAL_REPRESENTATION('',(#5246),#5250);
#5246 = LINE('',#5247,#5248);
#5247 = CARTESIAN_POINT('',(30.,0.));
#5248 = VECTOR('',#5249,1.);
#5249 = DIRECTION('',(0.,-1.));
#5250 = ( GEOMETRIC_REPRESENTATION_CONTEXT(2) 
PARAMETRIC_REPRESENTATION_CONTEXT() REPRESENTATION_CONTEXT('2D SPACE',''
  ) );
#5251 = ORIENTED_EDGE('',*,*,#5169,.T.);
#5252 = ORIENTED_EDGE('',*,*,#2108,.T.);
#5253 = ORIENTED_EDGE('',*,*,#5254,.F.);
#5254 = EDGE_CURVE('',#5230,#2109,#5255,.T.);
#5255 = SURFACE_CURVE('',#5256,(#5260,#5267),.PCURVE_S1.);
#5256 = LINE('',#5257,#5258);
#5257 = CARTESIAN_POINT('',(8.3,-60.,37.5));
#5258 = VECTOR('',#5259,1.);
#5259 = DIRECTION('',(-2.22044604925E-16,-1.,0.));
#5260 = PCURVE('',#2124,#5261);
#5261 = DEFINITIONAL_REPRESENTATION('',(#5262),#5266);
#5262 = LINE('',#5263,#5264);
#5263 = CARTESIAN_POINT('',(-9.325873406851E-16,4.2));
#5264 = VECTOR('',#5265,1.);
#5265 = DIRECTION('',(1.,0.));
#5266 = ( GEOMETRIC_REPRESENTATION_CONTEXT(2) 
PARAMETRIC_REPRESENTATION_CONTEXT() REPRESENTATION_CONTEXT('2D SPACE',''
  ) );
#5267 = PCURVE('',#2152,#5268);
#5268 = DEFINITIONAL_REPRESENTATION('',(#5269),#5273);
#5269 = LINE('',#5270,#5271);
#5270 = CARTESIAN_POINT('',(30.,0.));
#5271 = VECTOR('',#5272,1.);
#5272 = DIRECTION('',(0.,1.));
#5273 = ( GEOMETRIC_REPRESENTATION_CONTEXT(2) 
PARAMETRIC_REPRESENTATION_CONTEXT() REPRESENTATION_CONTEXT('2D SPACE',''
  ) );
#5274 = ADVANCED_FACE('',(#5275,#5301),#2152,.T.);
#5275 = FACE_BOUND('',#5276,.T.);
#5276 = EDGE_LOOP('',(#5277,#5278,#5299,#5300));
#5277 = ORIENTED_EDGE('',*,*,#3862,.F.);
#5278 = ORIENTED_EDGE('',*,*,#5279,.T.);
#5279 = EDGE_CURVE('',#3835,#5230,#5280,.T.);
#5280 = SURFACE_CURVE('',#5281,(#5285,#5292),.PCURVE_S1.);
#5281 = LINE('',#5282,#5283);
#5282 = CARTESIAN_POINT('',(8.3,-60.,7.5));
#5283 = VECTOR('',#5284,1.);
#5284 = DIRECTION('',(0.,0.,1.));
#5285 = PCURVE('',#2152,#5286);
#5286 = DEFINITIONAL_REPRESENTATION('',(#5287),#5291);
#5287 = LINE('',#5288,#5289);
#5288 = CARTESIAN_POINT('',(0.,0.));
#5289 = VECTOR('',#5290,1.);
#5290 = DIRECTION('',(1.,0.));
#5291 = ( GEOMETRIC_REPRESENTATION_CONTEXT(2) 
PARAMETRIC_REPRESENTATION_CONTEXT() REPRESENTATION_CONTEXT('2D SPACE',''
  ) );
#5292 = PCURVE('',#3850,#5293);
#5293 = DEFINITIONAL_REPRESENTATION('',(#5294),#5298);
#5294 = LINE('',#5295,#5296);
#5295 = CARTESIAN_POINT('',(0.,-4.2));
#5296 = VECTOR('',#5297,1.);
#5297 = DIRECTION('',(1.,0.));
#5298 = ( GEOMETRIC_REPRESENTATION_CONTEXT(2) 
PARAMETRIC_REPRESENTATION_CONTEXT() REPRESENTATION_CONTEXT('2D SPACE',''
  ) );
#5299 = ORIENTED_EDGE('',*,*,#5254,.T.);
#5300 = ORIENTED_EDGE('',*,*,#2136,.F.);
#5301 = FACE_BOUND('',#5302,.T.);
#5302 = EDGE_LOOP('',(#5303));
#5303 = ORIENTED_EDGE('',*,*,#5304,.T.);
#5304 = EDGE_CURVE('',#5305,#5305,#5307,.T.);
#5305 = VERTEX_POINT('',#5306);
#5306 = CARTESIAN_POINT('',(8.3,-72.2,25.));
#5307 = SURFACE_CURVE('',#5308,(#5313,#5324),.PCURVE_S1.);
#5308 = CIRCLE('',#5309,2.2);
#5309 = AXIS2_PLACEMENT_3D('',#5310,#5311,#5312);
#5310 = CARTESIAN_POINT('',(8.3,-70.,25.));
#5311 = DIRECTION('',(-1.,2.22044604925E-16,0.));
#5312 = DIRECTION('',(-2.22044604925E-16,-1.,0.));
#5313 = PCURVE('',#2152,#5314);
#5314 = DEFINITIONAL_REPRESENTATION('',(#5315),#5323);
#5315 = ( BOUNDED_CURVE() B_SPLINE_CURVE(2,(#5316,#5317,#5318,#5319,
#5320,#5321,#5322),.UNSPECIFIED.,.T.,.F.) B_SPLINE_CURVE_WITH_KNOTS((1,2
    ,2,2,2,1),(-2.094395102393,0.,2.094395102393,4.188790204786,
6.28318530718,8.377580409573),.UNSPECIFIED.) CURVE() 
GEOMETRIC_REPRESENTATION_ITEM() RATIONAL_B_SPLINE_CURVE((1.,0.5,1.,0.5,
1.,0.5,1.)) REPRESENTATION_ITEM('') );
#5316 = CARTESIAN_POINT('',(17.5,12.2));
#5317 = CARTESIAN_POINT('',(21.310511776652,12.2));
#5318 = CARTESIAN_POINT('',(19.405255888326,8.9));
#5319 = CARTESIAN_POINT('',(17.5,5.6));
#5320 = CARTESIAN_POINT('',(15.594744111674,8.9));
#5321 = CARTESIAN_POINT('',(13.689488223348,12.2));
#5322 = CARTESIAN_POINT('',(17.5,12.2));
#5323 = ( GEOMETRIC_REPRESENTATION_CONTEXT(2) 
PARAMETRIC_REPRESENTATION_CONTEXT() REPRESENTATION_CONTEXT('2D SPACE',''
  ) );
#5324 = PCURVE('',#5214,#5325);
#5325 = DEFINITIONAL_REPRESENTATION('',(#5326),#5330);
#5326 = LINE('',#5327,#5328);
#5327 = CARTESIAN_POINT('',(0.,-8.3));
#5328 = VECTOR('',#5329,1.);
#5329 = DIRECTION('',(1.,0.));
#5330 = ( GEOMETRIC_REPRESENTATION_CONTEXT(2) 
PARAMETRIC_REPRESENTATION_CONTEXT() REPRESENTATION_CONTEXT('2D SPACE',''
  ) );
#5331 = ADVANCED_FACE('',(#5332,#5380),#2349,.F.);
#5332 = FACE_BOUND('',#5333,.F.);
#5333 = EDGE_LOOP('',(#5334,#5335,#5358,#5379));
#5334 = ORIENTED_EDGE('',*,*,#3588,.F.);
#5335 = ORIENTED_EDGE('',*,*,#5336,.T.);
#5336 = EDGE_CURVE('',#3589,#5337,#5339,.T.);
#5337 = VERTEX_POINT('',#5338);
#5338 = CARTESIAN_POINT('',(-60.,8.3,37.5));
#5339 = SURFACE_CURVE('',#5340,(#5344,#5351),.PCURVE_S1.);
#5340 = LINE('',#5341,#5342);
#5341 = CARTESIAN_POINT('',(-60.,8.3,7.5));
#5342 = VECTOR('',#5343,1.);
#5343 = DIRECTION('',(0.,0.,1.));
#5344 = PCURVE('',#2349,#5345);
#5345 = DEFINITIONAL_REPRESENTATION('',(#5346),#5350);
#5346 = LINE('',#5347,#5348);
#5347 = CARTESIAN_POINT('',(0.,0.));
#5348 = VECTOR('',#5349,1.);
#5349 = DIRECTION('',(1.,0.));
#5350 = ( GEOMETRIC_REPRESENTATION_CONTEXT(2) 
PARAMETRIC_REPRESENTATION_CONTEXT() REPRESENTATION_CONTEXT('2D SPACE',''
  ) );
#5351 = PCURVE('',#3627,#5352);
#5352 = DEFINITIONAL_REPRESENTATION('',(#5353),#5357);
#5353 = LINE('',#5354,#5355);
#5354 = CARTESIAN_POINT('',(0.,0.));
#5355 = VECTOR('',#5356,1.);
#5356 = DIRECTION('',(1.,0.));
#5357 = ( GEOMETRIC_REPRESENTATION_CONTEXT(2) 
PARAMETRIC_REPRESENTATION_CONTEXT() REPRESENTATION_CONTEXT('2D SPACE',''
  ) );
#5358 = ORIENTED_EDGE('',*,*,#5359,.T.);
#5359 = EDGE_CURVE('',#5337,#2334,#5360,.T.);
#5360 = SURFACE_CURVE('',#5361,(#5365,#5372),.PCURVE_S1.);
#5361 = LINE('',#5362,#5363);
#5362 = CARTESIAN_POINT('',(-60.,8.3,37.5));
#5363 = VECTOR('',#5364,1.);
#5364 = DIRECTION('',(-1.,1.224646799147E-16,0.));
#5365 = PCURVE('',#2349,#5366);
#5366 = DEFINITIONAL_REPRESENTATION('',(#5367),#5371);
#5367 = LINE('',#5368,#5369);
#5368 = CARTESIAN_POINT('',(30.,0.));
#5369 = VECTOR('',#5370,1.);
#5370 = DIRECTION('',(0.,1.));
#5371 = ( GEOMETRIC_REPRESENTATION_CONTEXT(2) 
PARAMETRIC_REPRESENTATION_CONTEXT() REPRESENTATION_CONTEXT('2D SPACE',''
  ) );
#5372 = PCURVE('',#2377,#5373);
#5373 = DEFINITIONAL_REPRESENTATION('',(#5374),#5378);
#5374 = LINE('',#5375,#5376);
#5375 = CARTESIAN_POINT('',(0.,0.));
#5376 = VECTOR('',#5377,1.);
#5377 = DIRECTION('',(1.,0.));
#5378 = ( GEOMETRIC_REPRESENTATION_CONTEXT(2) 
PARAMETRIC_REPRESENTATION_CONTEXT() REPRESENTATION_CONTEXT('2D SPACE',''
  ) );
#5379 = ORIENTED_EDGE('',*,*,#2333,.F.);
#5380 = FACE_BOUND('',#5381,.F.);
#5381 = EDGE_LOOP('',(#5382));
#5382 = ORIENTED_EDGE('',*,*,#5383,.F.);
#5383 = EDGE_CURVE('',#5384,#5384,#5386,.T.);
#5384 = VERTEX_POINT('',#5385);
#5385 = CARTESIAN_POINT('',(-72.2,8.3,25.));
#5386 = SURFACE_CURVE('',#5387,(#5392,#5399),.PCURVE_S1.);
#5387 = CIRCLE('',#5388,2.2);
#5388 = AXIS2_PLACEMENT_3D('',#5389,#5390,#5391);
#5389 = CARTESIAN_POINT('',(-70.,8.3,25.));
#5390 = DIRECTION('',(-1.224646799147E-16,-1.,0.));
#5391 = DIRECTION('',(-1.,1.224646799147E-16,0.));
#5392 = PCURVE('',#2349,#5393);
#5393 = DEFINITIONAL_REPRESENTATION('',(#5394),#5398);
#5394 = CIRCLE('',#5395,2.2);
#5395 = AXIS2_PLACEMENT_2D('',#5396,#5397);
#5396 = CARTESIAN_POINT('',(17.5,10.));
#5397 = DIRECTION('',(0.,1.));
#5398 = ( GEOMETRIC_REPRESENTATION_CONTEXT(2) 
PARAMETRIC_REPRESENTATION_CONTEXT() REPRESENTATION_CONTEXT('2D SPACE',''
  ) );
#5399 = PCURVE('',#5400,#5405);
#5400 = CYLINDRICAL_SURFACE('',#5401,2.2);
#5401 = AXIS2_PLACEMENT_3D('',#5402,#5403,#5404);
#5402 = CARTESIAN_POINT('',(-70.,8.572527594031E-15,25.));
#5403 = DIRECTION('',(-1.224646799147E-16,-1.,0.));
#5404 = DIRECTION('',(-1.,1.224646799147E-16,0.));
#5405 = DEFINITIONAL_REPRESENTATION('',(#5406),#5410);
#5406 = LINE('',#5407,#5408);
#5407 = CARTESIAN_POINT('',(-6.28318530718,-8.3));
#5408 = VECTOR('',#5409,1.);
#5409 = DIRECTION('',(1.,-0.));
#5410 = ( GEOMETRIC_REPRESENTATION_CONTEXT(2) 
PARAMETRIC_REPRESENTATION_CONTEXT() REPRESENTATION_CONTEXT('2D SPACE',''
  ) );
#5411 = ADVANCED_FACE('',(#5412),#2377,.T.);
#5412 = FACE_BOUND('',#5413,.T.);
#5413 = EDGE_LOOP('',(#5414,#5437,#5438,#5439));
#5414 = ORIENTED_EDGE('',*,*,#5415,.F.);
#5415 = EDGE_CURVE('',#5337,#5416,#5418,.T.);
#5416 = VERTEX_POINT('',#5417);
#5417 = CARTESIAN_POINT('',(-60.,4.1,37.5));
#5418 = SURFACE_CURVE('',#5419,(#5423,#5430),.PCURVE_S1.);
#5419 = LINE('',#5420,#5421);
#5420 = CARTESIAN_POINT('',(-60.,8.3,37.5));
#5421 = VECTOR('',#5422,1.);
#5422 = DIRECTION('',(-1.224646799147E-16,-1.,0.));
#5423 = PCURVE('',#2377,#5424);
#5424 = DEFINITIONAL_REPRESENTATION('',(#5425),#5429);
#5425 = LINE('',#5426,#5427);
#5426 = CARTESIAN_POINT('',(0.,0.));
#5427 = VECTOR('',#5428,1.);
#5428 = DIRECTION('',(0.,1.));
#5429 = ( GEOMETRIC_REPRESENTATION_CONTEXT(2) 
PARAMETRIC_REPRESENTATION_CONTEXT() REPRESENTATION_CONTEXT('2D SPACE',''
  ) );
#5430 = PCURVE('',#3627,#5431);
#5431 = DEFINITIONAL_REPRESENTATION('',(#5432),#5436);
#5432 = LINE('',#5433,#5434);
#5433 = CARTESIAN_POINT('',(30.,0.));
#5434 = VECTOR('',#5435,1.);
#5435 = DIRECTION('',(0.,-1.));
#5436 = ( GEOMETRIC_REPRESENTATION_CONTEXT(2) 
PARAMETRIC_REPRESENTATION_CONTEXT() REPRESENTATION_CONTEXT('2D SPACE',''
  ) );
#5437 = ORIENTED_EDGE('',*,*,#5359,.T.);
#5438 = ORIENTED_EDGE('',*,*,#2361,.T.);
#5439 = ORIENTED_EDGE('',*,*,#5440,.F.);
#5440 = EDGE_CURVE('',#5416,#2362,#5441,.T.);
#5441 = SURFACE_CURVE('',#5442,(#5446,#5453),.PCURVE_S1.);
#5442 = LINE('',#5443,#5444);
#5443 = CARTESIAN_POINT('',(-60.,4.1,37.5));
#5444 = VECTOR('',#5445,1.);
#5445 = DIRECTION('',(-1.,1.224646799147E-16,0.));
#5446 = PCURVE('',#2377,#5447);
#5447 = DEFINITIONAL_REPRESENTATION('',(#5448),#5452);
#5448 = LINE('',#5449,#5450);
#5449 = CARTESIAN_POINT('',(-5.143516556419E-16,4.2));
#5450 = VECTOR('',#5451,1.);
#5451 = DIRECTION('',(1.,0.));
#5452 = ( GEOMETRIC_REPRESENTATION_CONTEXT(2) 
PARAMETRIC_REPRESENTATION_CONTEXT() REPRESENTATION_CONTEXT('2D SPACE',''
  ) );
#5453 = PCURVE('',#2405,#5454);
#5454 = DEFINITIONAL_REPRESENTATION('',(#5455),#5459);
#5455 = LINE('',#5456,#5457);
#5456 = CARTESIAN_POINT('',(30.,0.));
#5457 = VECTOR('',#5458,1.);
#5458 = DIRECTION('',(0.,1.));
#5459 = ( GEOMETRIC_REPRESENTATION_CONTEXT(2) 
PARAMETRIC_REPRESENTATION_CONTEXT() REPRESENTATION_CONTEXT('2D SPACE',''
  ) );
#5460 = ADVANCED_FACE('',(#5461,#5487),#2405,.T.);
#5461 = FACE_BOUND('',#5462,.T.);
#5462 = EDGE_LOOP('',(#5463,#5464,#5485,#5486));
#5463 = ORIENTED_EDGE('',*,*,#3639,.F.);
#5464 = ORIENTED_EDGE('',*,*,#5465,.T.);
#5465 = EDGE_CURVE('',#3612,#5416,#5466,.T.);
#5466 = SURFACE_CURVE('',#5467,(#5471,#5478),.PCURVE_S1.);
#5467 = LINE('',#5468,#5469);
#5468 = CARTESIAN_POINT('',(-60.,4.1,7.5));
#5469 = VECTOR('',#5470,1.);
#5470 = DIRECTION('',(0.,0.,1.));
#5471 = PCURVE('',#2405,#5472);
#5472 = DEFINITIONAL_REPRESENTATION('',(#5473),#5477);
#5473 = LINE('',#5474,#5475);
#5474 = CARTESIAN_POINT('',(0.,0.));
#5475 = VECTOR('',#5476,1.);
#5476 = DIRECTION('',(1.,0.));
#5477 = ( GEOMETRIC_REPRESENTATION_CONTEXT(2) 
PARAMETRIC_REPRESENTATION_CONTEXT() REPRESENTATION_CONTEXT('2D SPACE',''
  ) );
#5478 = PCURVE('',#3627,#5479);
#5479 = DEFINITIONAL_REPRESENTATION('',(#5480),#5484);
#5480 = LINE('',#5481,#5482);
#5481 = CARTESIAN_POINT('',(0.,-4.2));
#5482 = VECTOR('',#5483,1.);
#5483 = DIRECTION('',(1.,0.));
#5484 = ( GEOMETRIC_REPRESENTATION_CONTEXT(2) 
PARAMETRIC_REPRESENTATION_CONTEXT() REPRESENTATION_CONTEXT('2D SPACE',''
  ) );
#5485 = ORIENTED_EDGE('',*,*,#5440,.T.);
#5486 = ORIENTED_EDGE('',*,*,#2389,.F.);
#5487 = FACE_BOUND('',#5488,.T.);
#5488 = EDGE_LOOP('',(#5489));
#5489 = ORIENTED_EDGE('',*,*,#5490,.F.);
#5490 = EDGE_CURVE('',#5491,#5491,#5493,.T.);
#5491 = VERTEX_POINT('',#5492);
#5492 = CARTESIAN_POINT('',(-72.2,4.1,25.));
#5493 = SURFACE_CURVE('',#5494,(#5499,#5506),.PCURVE_S1.);
#5494 = CIRCLE('',#5495,2.2);
#5495 = AXIS2_PLACEMENT_3D('',#5496,#5497,#5498);
#5496 = CARTESIAN_POINT('',(-70.,4.1,25.));
#5497 = DIRECTION('',(-1.224646799147E-16,-1.,0.));
#5498 = DIRECTION('',(-1.,1.224646799147E-16,0.));
#5499 = PCURVE('',#2405,#5500);
#5500 = DEFINITIONAL_REPRESENTATION('',(#5501),#5505);
#5501 = CIRCLE('',#5502,2.2);
#5502 = AXIS2_PLACEMENT_2D('',#5503,#5504);
#5503 = CARTESIAN_POINT('',(17.5,10.));
#5504 = DIRECTION('',(0.,1.));
#5505 = ( GEOMETRIC_REPRESENTATION_CONTEXT(2) 
PARAMETRIC_REPRESENTATION_CONTEXT() REPRESENTATION_CONTEXT('2D SPACE',''
  ) );
#5506 = PCURVE('',#5400,#5507);
#5507 = DEFINITIONAL_REPRESENTATION('',(#5508),#5512);
#5508 = LINE('',#5509,#5510);
#5509 = CARTESIAN_POINT('',(-6.28318530718,-4.1));
#5510 = VECTOR('',#5511,1.);
#5511 = DIRECTION('',(1.,-0.));
#5512 = ( GEOMETRIC_REPRESENTATION_CONTEXT(2) 
PARAMETRIC_REPRESENTATION_CONTEXT() REPRESENTATION_CONTEXT('2D SPACE',''
  ) );
#5513 = ADVANCED_FACE('',(#5514,#5562),#2456,.F.);
#5514 = FACE_BOUND('',#5515,.F.);
#5515 = EDGE_LOOP('',(#5516,#5517,#5540,#5561));
#5516 = ORIENTED_EDGE('',*,*,#3661,.F.);
#5517 = ORIENTED_EDGE('',*,*,#5518,.T.);
#5518 = EDGE_CURVE('',#3662,#5519,#5521,.T.);
#5519 = VERTEX_POINT('',#5520);
#5520 = CARTESIAN_POINT('',(-60.,-4.1,37.5));
#5521 = SURFACE_CURVE('',#5522,(#5526,#5533),.PCURVE_S1.);
#5522 = LINE('',#5523,#5524);
#5523 = CARTESIAN_POINT('',(-60.,-4.1,7.5));
#5524 = VECTOR('',#5525,1.);
#5525 = DIRECTION('',(0.,0.,1.));
#5526 = PCURVE('',#2456,#5527);
#5527 = DEFINITIONAL_REPRESENTATION('',(#5528),#5532);
#5528 = LINE('',#5529,#5530);
#5529 = CARTESIAN_POINT('',(0.,0.));
#5530 = VECTOR('',#5531,1.);
#5531 = DIRECTION('',(1.,0.));
#5532 = ( GEOMETRIC_REPRESENTATION_CONTEXT(2) 
PARAMETRIC_REPRESENTATION_CONTEXT() REPRESENTATION_CONTEXT('2D SPACE',''
  ) );
#5533 = PCURVE('',#3700,#5534);
#5534 = DEFINITIONAL_REPRESENTATION('',(#5535),#5539);
#5535 = LINE('',#5536,#5537);
#5536 = CARTESIAN_POINT('',(0.,0.));
#5537 = VECTOR('',#5538,1.);
#5538 = DIRECTION('',(1.,0.));
#5539 = ( GEOMETRIC_REPRESENTATION_CONTEXT(2) 
PARAMETRIC_REPRESENTATION_CONTEXT() REPRESENTATION_CONTEXT('2D SPACE',''
  ) );
#5540 = ORIENTED_EDGE('',*,*,#5541,.T.);
#5541 = EDGE_CURVE('',#5519,#2441,#5542,.T.);
#5542 = SURFACE_CURVE('',#5543,(#5547,#5554),.PCURVE_S1.);
#5543 = LINE('',#5544,#5545);
#5544 = CARTESIAN_POINT('',(-60.,-4.1,37.5));
#5545 = VECTOR('',#5546,1.);
#5546 = DIRECTION('',(-1.,1.224646799147E-16,0.));
#5547 = PCURVE('',#2456,#5548);
#5548 = DEFINITIONAL_REPRESENTATION('',(#5549),#5553);
#5549 = LINE('',#5550,#5551);
#5550 = CARTESIAN_POINT('',(30.,0.));
#5551 = VECTOR('',#5552,1.);
#5552 = DIRECTION('',(0.,1.));
#5553 = ( GEOMETRIC_REPRESENTATION_CONTEXT(2) 
PARAMETRIC_REPRESENTATION_CONTEXT() REPRESENTATION_CONTEXT('2D SPACE',''
  ) );
#5554 = PCURVE('',#2484,#5555);
#5555 = DEFINITIONAL_REPRESENTATION('',(#5556),#5560);
#5556 = LINE('',#5557,#5558);
#5557 = CARTESIAN_POINT('',(0.,0.));
#5558 = VECTOR('',#5559,1.);
#5559 = DIRECTION('',(1.,0.));
#5560 = ( GEOMETRIC_REPRESENTATION_CONTEXT(2) 
PARAMETRIC_REPRESENTATION_CONTEXT() REPRESENTATION_CONTEXT('2D SPACE',''
  ) );
#5561 = ORIENTED_EDGE('',*,*,#2440,.F.);
#5562 = FACE_BOUND('',#5563,.F.);
#5563 = EDGE_LOOP('',(#5564));
#5564 = ORIENTED_EDGE('',*,*,#5565,.T.);
#5565 = EDGE_CURVE('',#5566,#5566,#5568,.T.);
#5566 = VERTEX_POINT('',#5567);
#5567 = CARTESIAN_POINT('',(-72.2,-4.1,25.));
#5568 = SURFACE_CURVE('',#5569,(#5574,#5585),.PCURVE_S1.);
#5569 = CIRCLE('',#5570,2.2);
#5570 = AXIS2_PLACEMENT_3D('',#5571,#5572,#5573);
#5571 = CARTESIAN_POINT('',(-70.,-4.1,25.));
#5572 = DIRECTION('',(1.224646799147E-16,1.,-0.));
#5573 = DIRECTION('',(-1.,1.224646799147E-16,0.));
#5574 = PCURVE('',#2456,#5575);
#5575 = DEFINITIONAL_REPRESENTATION('',(#5576),#5584);
#5576 = ( BOUNDED_CURVE() B_SPLINE_CURVE(2,(#5577,#5578,#5579,#5580,
#5581,#5582,#5583),.UNSPECIFIED.,.T.,.F.) B_SPLINE_CURVE_WITH_KNOTS((1,2
    ,2,2,2,1),(-2.094395102393,0.,2.094395102393,4.188790204786,
6.28318530718,8.377580409573),.UNSPECIFIED.) CURVE() 
GEOMETRIC_REPRESENTATION_ITEM() RATIONAL_B_SPLINE_CURVE((1.,0.5,1.,0.5,
1.,0.5,1.)) REPRESENTATION_ITEM('') );
#5577 = CARTESIAN_POINT('',(17.5,12.2));
#5578 = CARTESIAN_POINT('',(21.310511776652,12.2));
#5579 = CARTESIAN_POINT('',(19.405255888326,8.9));
#5580 = CARTESIAN_POINT('',(17.5,5.6));
#5581 = CARTESIAN_POINT('',(15.594744111674,8.9));
#5582 = CARTESIAN_POINT('',(13.689488223348,12.2));
#5583 = CARTESIAN_POINT('',(17.5,12.2));
#5584 = ( GEOMETRIC_REPRESENTATION_CONTEXT(2) 
PARAMETRIC_REPRESENTATION_CONTEXT() REPRESENTATION_CONTEXT('2D SPACE',''
  ) );
#5585 = PCURVE('',#5586,#5591);
#5586 = CYLINDRICAL_SURFACE('',#5587,2.2);
#5587 = AXIS2_PLACEMENT_3D('',#5588,#5589,#5590);
#5588 = CARTESIAN_POINT('',(-70.,8.572527594031E-15,25.));
#5589 = DIRECTION('',(1.224646799147E-16,1.,0.));
#5590 = DIRECTION('',(-1.,1.224646799147E-16,0.));
#5591 = DEFINITIONAL_REPRESENTATION('',(#5592),#5596);
#5592 = LINE('',#5593,#5594);
#5593 = CARTESIAN_POINT('',(0.,-4.1));
#5594 = VECTOR('',#5595,1.);
#5595 = DIRECTION('',(1.,0.));
#5596 = ( GEOMETRIC_REPRESENTATION_CONTEXT(2) 
PARAMETRIC_REPRESENTATION_CONTEXT() REPRESENTATION_CONTEXT('2D SPACE',''
  ) );
#5597 = ADVANCED_FACE('',(#5598),#2484,.T.);
#5598 = FACE_BOUND('',#5599,.T.);
#5599 = EDGE_LOOP('',(#5600,#5623,#5624,#5625));
#5600 = ORIENTED_EDGE('',*,*,#5601,.F.);
#5601 = EDGE_CURVE('',#5519,#5602,#5604,.T.);
#5602 = VERTEX_POINT('',#5603);
#5603 = CARTESIAN_POINT('',(-60.,-8.3,37.5));
#5604 = SURFACE_CURVE('',#5605,(#5609,#5616),.PCURVE_S1.);
#5605 = LINE('',#5606,#5607);
#5606 = CARTESIAN_POINT('',(-60.,-4.1,37.5));
#5607 = VECTOR('',#5608,1.);
#5608 = DIRECTION('',(-1.224646799147E-16,-1.,0.));
#5609 = PCURVE('',#2484,#5610);
#5610 = DEFINITIONAL_REPRESENTATION('',(#5611),#5615);
#5611 = LINE('',#5612,#5613);
#5612 = CARTESIAN_POINT('',(0.,0.));
#5613 = VECTOR('',#5614,1.);
#5614 = DIRECTION('',(0.,1.));
#5615 = ( GEOMETRIC_REPRESENTATION_CONTEXT(2) 
PARAMETRIC_REPRESENTATION_CONTEXT() REPRESENTATION_CONTEXT('2D SPACE',''
  ) );
#5616 = PCURVE('',#3700,#5617);
#5617 = DEFINITIONAL_REPRESENTATION('',(#5618),#5622);
#5618 = LINE('',#5619,#5620);
#5619 = CARTESIAN_POINT('',(30.,0.));
#5620 = VECTOR('',#5621,1.);
#5621 = DIRECTION('',(0.,-1.));
#5622 = ( GEOMETRIC_REPRESENTATION_CONTEXT(2) 
PARAMETRIC_REPRESENTATION_CONTEXT() REPRESENTATION_CONTEXT('2D SPACE',''
  ) );
#5623 = ORIENTED_EDGE('',*,*,#5541,.T.);
#5624 = ORIENTED_EDGE('',*,*,#2468,.T.);
#5625 = ORIENTED_EDGE('',*,*,#5626,.F.);
#5626 = EDGE_CURVE('',#5602,#2469,#5627,.T.);
#5627 = SURFACE_CURVE('',#5628,(#5632,#5639),.PCURVE_S1.);
#5628 = LINE('',#5629,#5630);
#5629 = CARTESIAN_POINT('',(-60.,-8.3,37.5));
#5630 = VECTOR('',#5631,1.);
#5631 = DIRECTION('',(-1.,1.224646799147E-16,0.));
#5632 = PCURVE('',#2484,#5633);
#5633 = DEFINITIONAL_REPRESENTATION('',(#5634),#5638);
#5634 = LINE('',#5635,#5636);
#5635 = CARTESIAN_POINT('',(-5.143516556419E-16,4.2));
#5636 = VECTOR('',#5637,1.);
#5637 = DIRECTION('',(1.,0.));
#5638 = ( GEOMETRIC_REPRESENTATION_CONTEXT(2) 
PARAMETRIC_REPRESENTATION_CONTEXT() REPRESENTATION_CONTEXT('2D SPACE',''
  ) );
#5639 = PCURVE('',#2512,#5640);
#5640 = DEFINITIONAL_REPRESENTATION('',(#5641),#5645);
#5641 = LINE('',#5642,#5643);
#5642 = CARTESIAN_POINT('',(30.,0.));
#5643 = VECTOR('',#5644,1.);
#5644 = DIRECTION('',(0.,1.));
#5645 = ( GEOMETRIC_REPRESENTATION_CONTEXT(2) 
PARAMETRIC_REPRESENTATION_CONTEXT() REPRESENTATION_CONTEXT('2D SPACE',''
  ) );
#5646 = ADVANCED_FACE('',(#5647,#5673),#2512,.T.);
#5647 = FACE_BOUND('',#5648,.T.);
#5648 = EDGE_LOOP('',(#5649,#5650,#5671,#5672));
#5649 = ORIENTED_EDGE('',*,*,#3712,.F.);
#5650 = ORIENTED_EDGE('',*,*,#5651,.T.);
#5651 = EDGE_CURVE('',#3685,#5602,#5652,.T.);
#5652 = SURFACE_CURVE('',#5653,(#5657,#5664),.PCURVE_S1.);
#5653 = LINE('',#5654,#5655);
#5654 = CARTESIAN_POINT('',(-60.,-8.3,7.5));
#5655 = VECTOR('',#5656,1.);
#5656 = DIRECTION('',(0.,0.,1.));
#5657 = PCURVE('',#2512,#5658);
#5658 = DEFINITIONAL_REPRESENTATION('',(#5659),#5663);
#5659 = LINE('',#5660,#5661);
#5660 = CARTESIAN_POINT('',(0.,0.));
#5661 = VECTOR('',#5662,1.);
#5662 = DIRECTION('',(1.,0.));
#5663 = ( GEOMETRIC_REPRESENTATION_CONTEXT(2) 
PARAMETRIC_REPRESENTATION_CONTEXT() REPRESENTATION_CONTEXT('2D SPACE',''
  ) );
#5664 = PCURVE('',#3700,#5665);
#5665 = DEFINITIONAL_REPRESENTATION('',(#5666),#5670);
#5666 = LINE('',#5667,#5668);
#5667 = CARTESIAN_POINT('',(0.,-4.2));
#5668 = VECTOR('',#5669,1.);
#5669 = DIRECTION('',(1.,0.));
#5670 = ( GEOMETRIC_REPRESENTATION_CONTEXT(2) 
PARAMETRIC_REPRESENTATION_CONTEXT() REPRESENTATION_CONTEXT('2D SPACE',''
  ) );
#5671 = ORIENTED_EDGE('',*,*,#5626,.T.);
#5672 = ORIENTED_EDGE('',*,*,#2496,.F.);
#5673 = FACE_BOUND('',#5674,.T.);
#5674 = EDGE_LOOP('',(#5675));
#5675 = ORIENTED_EDGE('',*,*,#5676,.T.);
#5676 = EDGE_CURVE('',#5677,#5677,#5679,.T.);
#5677 = VERTEX_POINT('',#5678);
#5678 = CARTESIAN_POINT('',(-72.2,-8.3,25.));
#5679 = SURFACE_CURVE('',#5680,(#5685,#5696),.PCURVE_S1.);
#5680 = CIRCLE('',#5681,2.2);
#5681 = AXIS2_PLACEMENT_3D('',#5682,#5683,#5684);
#5682 = CARTESIAN_POINT('',(-70.,-8.3,25.));
#5683 = DIRECTION('',(1.224646799147E-16,1.,-0.));
#5684 = DIRECTION('',(-1.,1.224646799147E-16,0.));
#5685 = PCURVE('',#2512,#5686);
#5686 = DEFINITIONAL_REPRESENTATION('',(#5687),#5695);
#5687 = ( BOUNDED_CURVE() B_SPLINE_CURVE(2,(#5688,#5689,#5690,#5691,
#5692,#5693,#5694),.UNSPECIFIED.,.T.,.F.) B_SPLINE_CURVE_WITH_KNOTS((1,2
    ,2,2,2,1),(-2.094395102393,0.,2.094395102393,4.188790204786,
6.28318530718,8.377580409573),.UNSPECIFIED.) CURVE() 
GEOMETRIC_REPRESENTATION_ITEM() RATIONAL_B_SPLINE_CURVE((1.,0.5,1.,0.5,
1.,0.5,1.)) REPRESENTATION_ITEM('') );
#5688 = CARTESIAN_POINT('',(17.5,12.2));
#5689 = CARTESIAN_POINT('',(21.310511776652,12.2));
#5690 = CARTESIAN_POINT('',(19.405255888326,8.9));
#5691 = CARTESIAN_POINT('',(17.5,5.6));
#5692 = CARTESIAN_POINT('',(15.594744111674,8.9));
#5693 = CARTESIAN_POINT('',(13.689488223348,12.2));
#5694 = CARTESIAN_POINT('',(17.5,12.2));
#5695 = ( GEOMETRIC_REPRESENTATION_CONTEXT(2) 
PARAMETRIC_REPRESENTATION_CONTEXT() REPRESENTATION_CONTEXT('2D SPACE',''
  ) );
#5696 = PCURVE('',#5586,#5697);
#5697 = DEFINITIONAL_REPRESENTATION('',(#5698),#5702);
#5698 = LINE('',#5699,#5700);
#5699 = CARTESIAN_POINT('',(0.,-8.3));
#5700 = VECTOR('',#5701,1.);
#5701 = DIRECTION('',(1.,0.));
#5702 = ( GEOMETRIC_REPRESENTATION_CONTEXT(2) 
PARAMETRIC_REPRESENTATION_CONTEXT() REPRESENTATION_CONTEXT('2D SPACE',''
  ) );
#5703 = ADVANCED_FACE('',(#5704,#5844),#3039,.T.);
#5704 = FACE_BOUND('',#5705,.T.);
#5705 = EDGE_LOOP('',(#5706,#5731,#5754,#5777,#5800,#5823));
#5706 = ORIENTED_EDGE('',*,*,#5707,.T.);
#5707 = EDGE_CURVE('',#5708,#5710,#5712,.T.);
#5708 = VERTEX_POINT('',#5709);
#5709 = CARTESIAN_POINT('',(6.639528095681,0.,1.5));
#5710 = VERTEX_POINT('',#5711);
#5711 = CARTESIAN_POINT('',(3.31976404784,5.75,1.5));
#5712 = SURFACE_CURVE('',#5713,(#5717,#5724),.PCURVE_S1.);
#5713 = LINE('',#5714,#5715);
#5714 = CARTESIAN_POINT('',(6.639528095681,0.,1.5));
#5715 = VECTOR('',#5716,1.);
#5716 = DIRECTION('',(-0.5,0.866025403784,0.));
#5717 = PCURVE('',#3039,#5718);
#5718 = DEFINITIONAL_REPRESENTATION('',(#5719),#5723);
#5719 = LINE('',#5720,#5721);
#5720 = CARTESIAN_POINT('',(6.639528095681,-1.783617564182E-16));
#5721 = VECTOR('',#5722,1.);
#5722 = DIRECTION('',(-0.5,0.866025403784));
#5723 = ( GEOMETRIC_REPRESENTATION_CONTEXT(2) 
PARAMETRIC_REPRESENTATION_CONTEXT() REPRESENTATION_CONTEXT('2D SPACE',''
  ) );
#5724 = PCURVE('',#4091,#5725);
#5725 = DEFINITIONAL_REPRESENTATION('',(#5726),#5730);
#5726 = LINE('',#5727,#5728);
#5727 = CARTESIAN_POINT('',(0.,0.));
#5728 = VECTOR('',#5729,1.);
#5729 = DIRECTION('',(1.,0.));
#5730 = ( GEOMETRIC_REPRESENTATION_CONTEXT(2) 
PARAMETRIC_REPRESENTATION_CONTEXT() REPRESENTATION_CONTEXT('2D SPACE',''
  ) );
#5731 = ORIENTED_EDGE('',*,*,#5732,.T.);
#5732 = EDGE_CURVE('',#5710,#5733,#5735,.T.);
#5733 = VERTEX_POINT('',#5734);
#5734 = CARTESIAN_POINT('',(-3.31976404784,5.75,1.5));
#5735 = SURFACE_CURVE('',#5736,(#5740,#5747),.PCURVE_S1.);
#5736 = LINE('',#5737,#5738);
#5737 = CARTESIAN_POINT('',(3.31976404784,5.75,1.5));
#5738 = VECTOR('',#5739,1.);
#5739 = DIRECTION('',(-1.,1.337713173136E-16,0.));
#5740 = PCURVE('',#3039,#5741);
#5741 = DEFINITIONAL_REPRESENTATION('',(#5742),#5746);
#5742 = LINE('',#5743,#5744);
#5743 = CARTESIAN_POINT('',(3.31976404784,5.75));
#5744 = VECTOR('',#5745,1.);
#5745 = DIRECTION('',(-1.,1.337713173136E-16));
#5746 = ( GEOMETRIC_REPRESENTATION_CONTEXT(2) 
PARAMETRIC_REPRESENTATION_CONTEXT() REPRESENTATION_CONTEXT('2D SPACE',''
  ) );
#5747 = PCURVE('',#4065,#5748);
#5748 = DEFINITIONAL_REPRESENTATION('',(#5749),#5753);
#5749 = LINE('',#5750,#5751);
#5750 = CARTESIAN_POINT('',(0.,0.));
#5751 = VECTOR('',#5752,1.);
#5752 = DIRECTION('',(1.,0.));
#5753 = ( GEOMETRIC_REPRESENTATION_CONTEXT(2) 
PARAMETRIC_REPRESENTATION_CONTEXT() REPRESENTATION_CONTEXT('2D SPACE',''
  ) );
#5754 = ORIENTED_EDGE('',*,*,#5755,.T.);
#5755 = EDGE_CURVE('',#5733,#5756,#5758,.T.);
#5756 = VERTEX_POINT('',#5757);
#5757 = CARTESIAN_POINT('',(-6.639528095681,8.131076830224E-16,1.5));
#5758 = SURFACE_CURVE('',#5759,(#5763,#5770),.PCURVE_S1.);
#5759 = LINE('',#5760,#5761);
#5760 = CARTESIAN_POINT('',(-3.31976404784,5.75,1.5));
#5761 = VECTOR('',#5762,1.);
#5762 = DIRECTION('',(-0.5,-0.866025403784,0.));
#5763 = PCURVE('',#3039,#5764);
#5764 = DEFINITIONAL_REPRESENTATION('',(#5765),#5769);
#5765 = LINE('',#5766,#5767);
#5766 = CARTESIAN_POINT('',(-3.31976404784,5.75));
#5767 = VECTOR('',#5768,1.);
#5768 = DIRECTION('',(-0.5,-0.866025403784));
#5769 = ( GEOMETRIC_REPRESENTATION_CONTEXT(2) 
PARAMETRIC_REPRESENTATION_CONTEXT() REPRESENTATION_CONTEXT('2D SPACE',''
  ) );
#5770 = PCURVE('',#4193,#5771);
#5771 = DEFINITIONAL_REPRESENTATION('',(#5772),#5776);
#5772 = LINE('',#5773,#5774);
#5773 = CARTESIAN_POINT('',(0.,0.));
#5774 = VECTOR('',#5775,1.);
#5775 = DIRECTION('',(1.,0.));
#5776 = ( GEOMETRIC_REPRESENTATION_CONTEXT(2) 
PARAMETRIC_REPRESENTATION_CONTEXT() REPRESENTATION_CONTEXT('2D SPACE',''
  ) );
#5777 = ORIENTED_EDGE('',*,*,#5778,.T.);
#5778 = EDGE_CURVE('',#5756,#5779,#5781,.T.);
#5779 = VERTEX_POINT('',#5780);
#5780 = CARTESIAN_POINT('',(-3.31976404784,-5.75,1.5));
#5781 = SURFACE_CURVE('',#5782,(#5786,#5793),.PCURVE_S1.);
#5782 = LINE('',#5783,#5784);
#5783 = CARTESIAN_POINT('',(-6.639528095681,8.131076830224E-16,1.5));
#5784 = VECTOR('',#5785,1.);
#5785 = DIRECTION('',(0.5,-0.866025403784,0.));
#5786 = PCURVE('',#3039,#5787);
#5787 = DEFINITIONAL_REPRESENTATION('',(#5788),#5792);
#5788 = LINE('',#5789,#5790);
#5789 = CARTESIAN_POINT('',(-6.639528095681,6.347459266042E-16));
#5790 = VECTOR('',#5791,1.);
#5791 = DIRECTION('',(0.5,-0.866025403784));
#5792 = ( GEOMETRIC_REPRESENTATION_CONTEXT(2) 
PARAMETRIC_REPRESENTATION_CONTEXT() REPRESENTATION_CONTEXT('2D SPACE',''
  ) );
#5793 = PCURVE('',#4169,#5794);
#5794 = DEFINITIONAL_REPRESENTATION('',(#5795),#5799);
#5795 = LINE('',#5796,#5797);
#5796 = CARTESIAN_POINT('',(0.,0.));
#5797 = VECTOR('',#5798,1.);
#5798 = DIRECTION('',(1.,0.));
#5799 = ( GEOMETRIC_REPRESENTATION_CONTEXT(2) 
PARAMETRIC_REPRESENTATION_CONTEXT() REPRESENTATION_CONTEXT('2D SPACE',''
  ) );
#5800 = ORIENTED_EDGE('',*,*,#5801,.T.);
#5801 = EDGE_CURVE('',#5779,#5802,#5804,.T.);
#5802 = VERTEX_POINT('',#5803);
#5803 = CARTESIAN_POINT('',(3.31976404784,-5.75,1.5));
#5804 = SURFACE_CURVE('',#5805,(#5809,#5816),.PCURVE_S1.);
#5805 = LINE('',#5806,#5807);
#5806 = CARTESIAN_POINT('',(-3.31976404784,-5.75,1.5));
#5807 = VECTOR('',#5808,1.);
#5808 = DIRECTION('',(1.,-6.688565865682E-16,0.));
#5809 = PCURVE('',#3039,#5810);
#5810 = DEFINITIONAL_REPRESENTATION('',(#5811),#5815);
#5811 = LINE('',#5812,#5813);
#5812 = CARTESIAN_POINT('',(-3.31976404784,-5.75));
#5813 = VECTOR('',#5814,1.);
#5814 = DIRECTION('',(1.,-6.688565865682E-16));
#5815 = ( GEOMETRIC_REPRESENTATION_CONTEXT(2) 
PARAMETRIC_REPRESENTATION_CONTEXT() REPRESENTATION_CONTEXT('2D SPACE',''
  ) );
#5816 = PCURVE('',#4143,#5817);
#5817 = DEFINITIONAL_REPRESENTATION('',(#5818),#5822);
#5818 = LINE('',#5819,#5820);
#5819 = CARTESIAN_POINT('',(0.,0.));
#5820 = VECTOR('',#5821,1.);
#5821 = DIRECTION('',(1.,0.));
#5822 = ( GEOMETRIC_REPRESENTATION_CONTEXT(2) 
PARAMETRIC_REPRESENTATION_CONTEXT() REPRESENTATION_CONTEXT('2D SPACE',''
  ) );
#5823 = ORIENTED_EDGE('',*,*,#5824,.T.);
#5824 = EDGE_CURVE('',#5802,#5708,#5825,.T.);
#5825 = SURFACE_CURVE('',#5826,(#5830,#5837),.PCURVE_S1.);
#5826 = LINE('',#5827,#5828);
#5827 = CARTESIAN_POINT('',(3.31976404784,-5.75,1.5));
#5828 = VECTOR('',#5829,1.);
#5829 = DIRECTION('',(0.5,0.866025403784,0.));
#5830 = PCURVE('',#3039,#5831);
#5831 = DEFINITIONAL_REPRESENTATION('',(#5832),#5836);
#5832 = LINE('',#5833,#5834);
#5833 = CARTESIAN_POINT('',(3.31976404784,-5.75));
#5834 = VECTOR('',#5835,1.);
#5835 = DIRECTION('',(0.5,0.866025403784));
#5836 = ( GEOMETRIC_REPRESENTATION_CONTEXT(2) 
PARAMETRIC_REPRESENTATION_CONTEXT() REPRESENTATION_CONTEXT('2D SPACE',''
  ) );
#5837 = PCURVE('',#4117,#5838);
#5838 = DEFINITIONAL_REPRESENTATION('',(#5839),#5843);
#5839 = LINE('',#5840,#5841);
#5840 = CARTESIAN_POINT('',(0.,0.));
#5841 = VECTOR('',#5842,1.);
#5842 = DIRECTION('',(1.,0.));
#5843 = ( GEOMETRIC_REPRESENTATION_CONTEXT(2) 
PARAMETRIC_REPRESENTATION_CONTEXT() REPRESENTATION_CONTEXT('2D SPACE',''
  ) );
#5844 = FACE_BOUND('',#5845,.T.);
#5845 = EDGE_LOOP('',(#5846));
#5846 = ORIENTED_EDGE('',*,*,#3024,.T.);
#5847 = ADVANCED_FACE('',(#5848),#4000,.F.);
#5848 = FACE_BOUND('',#5849,.F.);
#5849 = EDGE_LOOP('',(#5850,#5851,#5852,#5853));
#5850 = ORIENTED_EDGE('',*,*,#4353,.F.);
#5851 = ORIENTED_EDGE('',*,*,#3984,.T.);
#5852 = ORIENTED_EDGE('',*,*,#4220,.T.);
#5853 = ORIENTED_EDGE('',*,*,#4303,.F.);
#5854 = ADVANCED_FACE('',(#5855),#3477,.F.);
#5855 = FACE_BOUND('',#5856,.F.);
#5856 = EDGE_LOOP('',(#5857,#5858,#5859,#5860));
#5857 = ORIENTED_EDGE('',*,*,#4911,.F.);
#5858 = ORIENTED_EDGE('',*,*,#3461,.T.);
#5859 = ORIENTED_EDGE('',*,*,#4782,.T.);
#5860 = ORIENTED_EDGE('',*,*,#4861,.F.);
#5861 = ADVANCED_FACE('',(#5862),#3927,.F.);
#5862 = FACE_BOUND('',#5863,.F.);
#5863 = EDGE_LOOP('',(#5864,#5865,#5866,#5867));
#5864 = ORIENTED_EDGE('',*,*,#4539,.F.);
#5865 = ORIENTED_EDGE('',*,*,#3911,.T.);
#5866 = ORIENTED_EDGE('',*,*,#4410,.T.);
#5867 = ORIENTED_EDGE('',*,*,#4489,.F.);
#5868 = ADVANCED_FACE('',(#5869),#3550,.F.);
#5869 = FACE_BOUND('',#5870,.F.);
#5870 = EDGE_LOOP('',(#5871,#5872,#5873,#5874));
#5871 = ORIENTED_EDGE('',*,*,#4725,.F.);
#5872 = ORIENTED_EDGE('',*,*,#3534,.T.);
#5873 = ORIENTED_EDGE('',*,*,#4592,.T.);
#5874 = ORIENTED_EDGE('',*,*,#4675,.F.);
#5875 = ADVANCED_FACE('',(#5876),#3850,.F.);
#5876 = FACE_BOUND('',#5877,.F.);
#5877 = EDGE_LOOP('',(#5878,#5879,#5880,#5881));
#5878 = ORIENTED_EDGE('',*,*,#5146,.F.);
#5879 = ORIENTED_EDGE('',*,*,#3834,.T.);
#5880 = ORIENTED_EDGE('',*,*,#5279,.T.);
#5881 = ORIENTED_EDGE('',*,*,#5229,.F.);
#5882 = ADVANCED_FACE('',(#5883),#3627,.F.);
#5883 = FACE_BOUND('',#5884,.F.);
#5884 = EDGE_LOOP('',(#5885,#5886,#5887,#5888));
#5885 = ORIENTED_EDGE('',*,*,#5336,.F.);
#5886 = ORIENTED_EDGE('',*,*,#3611,.T.);
#5887 = ORIENTED_EDGE('',*,*,#5465,.T.);
#5888 = ORIENTED_EDGE('',*,*,#5415,.F.);
#5889 = ADVANCED_FACE('',(#5890),#3777,.F.);
#5890 = FACE_BOUND('',#5891,.F.);
#5891 = EDGE_LOOP('',(#5892,#5893,#5894,#5895));
#5892 = ORIENTED_EDGE('',*,*,#4964,.F.);
#5893 = ORIENTED_EDGE('',*,*,#3761,.T.);
#5894 = ORIENTED_EDGE('',*,*,#5093,.T.);
#5895 = ORIENTED_EDGE('',*,*,#5043,.F.);
#5896 = ADVANCED_FACE('',(#5897),#3700,.F.);
#5897 = FACE_BOUND('',#5898,.F.);
#5898 = EDGE_LOOP('',(#5899,#5900,#5901,#5902));
#5899 = ORIENTED_EDGE('',*,*,#5518,.F.);
#5900 = ORIENTED_EDGE('',*,*,#3684,.T.);
#5901 = ORIENTED_EDGE('',*,*,#5651,.T.);
#5902 = ORIENTED_EDGE('',*,*,#5601,.F.);
#5903 = ADVANCED_FACE('',(#5904),#4065,.T.);
#5904 = FACE_BOUND('',#5905,.T.);
#5905 = EDGE_LOOP('',(#5906,#5907,#5928,#5929));
#5906 = ORIENTED_EDGE('',*,*,#5732,.F.);
#5907 = ORIENTED_EDGE('',*,*,#5908,.T.);
#5908 = EDGE_CURVE('',#5710,#4051,#5909,.T.);
#5909 = SURFACE_CURVE('',#5910,(#5914,#5921),.PCURVE_S1.);
#5910 = LINE('',#5911,#5912);
#5911 = CARTESIAN_POINT('',(3.31976404784,5.75,1.5));
#5912 = VECTOR('',#5913,1.);
#5913 = DIRECTION('',(0.,0.,1.));
#5914 = PCURVE('',#4065,#5915);
#5915 = DEFINITIONAL_REPRESENTATION('',(#5916),#5920);
#5916 = LINE('',#5917,#5918);
#5917 = CARTESIAN_POINT('',(0.,0.));
#5918 = VECTOR('',#5919,1.);
#5919 = DIRECTION('',(0.,-1.));
#5920 = ( GEOMETRIC_REPRESENTATION_CONTEXT(2) 
PARAMETRIC_REPRESENTATION_CONTEXT() REPRESENTATION_CONTEXT('2D SPACE',''
  ) );
#5921 = PCURVE('',#4091,#5922);
#5922 = DEFINITIONAL_REPRESENTATION('',(#5923),#5927);
#5923 = LINE('',#5924,#5925);
#5924 = CARTESIAN_POINT('',(6.639528095681,0.));
#5925 = VECTOR('',#5926,1.);
#5926 = DIRECTION('',(0.,-1.));
#5927 = ( GEOMETRIC_REPRESENTATION_CONTEXT(2) 
PARAMETRIC_REPRESENTATION_CONTEXT() REPRESENTATION_CONTEXT('2D SPACE',''
  ) );
#5928 = ORIENTED_EDGE('',*,*,#4048,.F.);
#5929 = ORIENTED_EDGE('',*,*,#5930,.F.);
#5930 = EDGE_CURVE('',#5733,#4049,#5931,.T.);
#5931 = SURFACE_CURVE('',#5932,(#5936,#5943),.PCURVE_S1.);
#5932 = LINE('',#5933,#5934);
#5933 = CARTESIAN_POINT('',(-3.31976404784,5.75,1.5));
#5934 = VECTOR('',#5935,1.);
#5935 = DIRECTION('',(0.,0.,1.));
#5936 = PCURVE('',#4065,#5937);
#5937 = DEFINITIONAL_REPRESENTATION('',(#5938),#5942);
#5938 = LINE('',#5939,#5940);
#5939 = CARTESIAN_POINT('',(6.639528095681,0.));
#5940 = VECTOR('',#5941,1.);
#5941 = DIRECTION('',(0.,-1.));
#5942 = ( GEOMETRIC_REPRESENTATION_CONTEXT(2) 
PARAMETRIC_REPRESENTATION_CONTEXT() REPRESENTATION_CONTEXT('2D SPACE',''
  ) );
#5943 = PCURVE('',#4193,#5944);
#5944 = DEFINITIONAL_REPRESENTATION('',(#5945),#5949);
#5945 = LINE('',#5946,#5947);
#5946 = CARTESIAN_POINT('',(0.,0.));
#5947 = VECTOR('',#5948,1.);
#5948 = DIRECTION('',(0.,-1.));
#5949 = ( GEOMETRIC_REPRESENTATION_CONTEXT(2) 
PARAMETRIC_REPRESENTATION_CONTEXT() REPRESENTATION_CONTEXT('2D SPACE',''
  ) );
#5950 = ADVANCED_FACE('',(#5951),#4193,.T.);
#5951 = FACE_BOUND('',#5952,.T.);
#5952 = EDGE_LOOP('',(#5953,#5954,#5955,#5956));
#5953 = ORIENTED_EDGE('',*,*,#5755,.F.);
#5954 = ORIENTED_EDGE('',*,*,#5930,.T.);
#5955 = ORIENTED_EDGE('',*,*,#4180,.F.);
#5956 = ORIENTED_EDGE('',*,*,#5957,.F.);
#5957 = EDGE_CURVE('',#5756,#4155,#5958,.T.);
#5958 = SURFACE_CURVE('',#5959,(#5963,#5970),.PCURVE_S1.);
#5959 = LINE('',#5960,#5961);
#5960 = CARTESIAN_POINT('',(-6.639528095681,8.131076830224E-16,1.5));
#5961 = VECTOR('',#5962,1.);
#5962 = DIRECTION('',(0.,0.,1.));
#5963 = PCURVE('',#4193,#5964);
#5964 = DEFINITIONAL_REPRESENTATION('',(#5965),#5969);
#5965 = LINE('',#5966,#5967);
#5966 = CARTESIAN_POINT('',(6.639528095681,0.));
#5967 = VECTOR('',#5968,1.);
#5968 = DIRECTION('',(0.,-1.));
#5969 = ( GEOMETRIC_REPRESENTATION_CONTEXT(2) 
PARAMETRIC_REPRESENTATION_CONTEXT() REPRESENTATION_CONTEXT('2D SPACE',''
  ) );
#5970 = PCURVE('',#4169,#5971);
#5971 = DEFINITIONAL_REPRESENTATION('',(#5972),#5976);
#5972 = LINE('',#5973,#5974);
#5973 = CARTESIAN_POINT('',(0.,0.));
#5974 = VECTOR('',#5975,1.);
#5975 = DIRECTION('',(0.,-1.));
#5976 = ( GEOMETRIC_REPRESENTATION_CONTEXT(2) 
PARAMETRIC_REPRESENTATION_CONTEXT() REPRESENTATION_CONTEXT('2D SPACE',''
  ) );
#5977 = ADVANCED_FACE('',(#5978),#4169,.T.);
#5978 = FACE_BOUND('',#5979,.T.);
#5979 = EDGE_LOOP('',(#5980,#5981,#5982,#5983));
#5980 = ORIENTED_EDGE('',*,*,#5778,.F.);
#5981 = ORIENTED_EDGE('',*,*,#5957,.T.);
#5982 = ORIENTED_EDGE('',*,*,#4154,.F.);
#5983 = ORIENTED_EDGE('',*,*,#5984,.F.);
#5984 = EDGE_CURVE('',#5779,#4129,#5985,.T.);
#5985 = SURFACE_CURVE('',#5986,(#5990,#5997),.PCURVE_S1.);
#5986 = LINE('',#5987,#5988);
#5987 = CARTESIAN_POINT('',(-3.31976404784,-5.75,1.5));
#5988 = VECTOR('',#5989,1.);
#5989 = DIRECTION('',(0.,0.,1.));
#5990 = PCURVE('',#4169,#5991);
#5991 = DEFINITIONAL_REPRESENTATION('',(#5992),#5996);
#5992 = LINE('',#5993,#5994);
#5993 = CARTESIAN_POINT('',(6.639528095681,0.));
#5994 = VECTOR('',#5995,1.);
#5995 = DIRECTION('',(0.,-1.));
#5996 = ( GEOMETRIC_REPRESENTATION_CONTEXT(2) 
PARAMETRIC_REPRESENTATION_CONTEXT() REPRESENTATION_CONTEXT('2D SPACE',''
  ) );
#5997 = PCURVE('',#4143,#5998);
#5998 = DEFINITIONAL_REPRESENTATION('',(#5999),#6003);
#5999 = LINE('',#6000,#6001);
#6000 = CARTESIAN_POINT('',(0.,0.));
#6001 = VECTOR('',#6002,1.);
#6002 = DIRECTION('',(0.,-1.));
#6003 = ( GEOMETRIC_REPRESENTATION_CONTEXT(2) 
PARAMETRIC_REPRESENTATION_CONTEXT() REPRESENTATION_CONTEXT('2D SPACE',''
  ) );
#6004 = ADVANCED_FACE('',(#6005),#4143,.T.);
#6005 = FACE_BOUND('',#6006,.T.);
#6006 = EDGE_LOOP('',(#6007,#6008,#6009,#6010));
#6007 = ORIENTED_EDGE('',*,*,#5801,.F.);
#6008 = ORIENTED_EDGE('',*,*,#5984,.T.);
#6009 = ORIENTED_EDGE('',*,*,#4128,.F.);
#6010 = ORIENTED_EDGE('',*,*,#6011,.F.);
#6011 = EDGE_CURVE('',#5802,#4103,#6012,.T.);
#6012 = SURFACE_CURVE('',#6013,(#6017,#6024),.PCURVE_S1.);
#6013 = LINE('',#6014,#6015);
#6014 = CARTESIAN_POINT('',(3.31976404784,-5.75,1.5));
#6015 = VECTOR('',#6016,1.);
#6016 = DIRECTION('',(0.,0.,1.));
#6017 = PCURVE('',#4143,#6018);
#6018 = DEFINITIONAL_REPRESENTATION('',(#6019),#6023);
#6019 = LINE('',#6020,#6021);
#6020 = CARTESIAN_POINT('',(6.639528095681,0.));
#6021 = VECTOR('',#6022,1.);
#6022 = DIRECTION('',(0.,-1.));
#6023 = ( GEOMETRIC_REPRESENTATION_CONTEXT(2) 
PARAMETRIC_REPRESENTATION_CONTEXT() REPRESENTATION_CONTEXT('2D SPACE',''
  ) );
#6024 = PCURVE('',#4117,#6025);
#6025 = DEFINITIONAL_REPRESENTATION('',(#6026),#6030);
#6026 = LINE('',#6027,#6028);
#6027 = CARTESIAN_POINT('',(0.,0.));
#6028 = VECTOR('',#6029,1.);
#6029 = DIRECTION('',(0.,-1.));
#6030 = ( GEOMETRIC_REPRESENTATION_CONTEXT(2) 
PARAMETRIC_REPRESENTATION_CONTEXT() REPRESENTATION_CONTEXT('2D SPACE',''
  ) );
#6031 = ADVANCED_FACE('',(#6032),#4117,.T.);
#6032 = FACE_BOUND('',#6033,.T.);
#6033 = EDGE_LOOP('',(#6034,#6035,#6036,#6037));
#6034 = ORIENTED_EDGE('',*,*,#5824,.F.);
#6035 = ORIENTED_EDGE('',*,*,#6011,.T.);
#6036 = ORIENTED_EDGE('',*,*,#4102,.F.);
#6037 = ORIENTED_EDGE('',*,*,#6038,.F.);
#6038 = EDGE_CURVE('',#5708,#4077,#6039,.T.);
#6039 = SURFACE_CURVE('',#6040,(#6044,#6051),.PCURVE_S1.);
#6040 = LINE('',#6041,#6042);
#6041 = CARTESIAN_POINT('',(6.639528095681,0.,1.5));
#6042 = VECTOR('',#6043,1.);
#6043 = DIRECTION('',(0.,0.,1.));
#6044 = PCURVE('',#4117,#6045);
#6045 = DEFINITIONAL_REPRESENTATION('',(#6046),#6050);
#6046 = LINE('',#6047,#6048);
#6047 = CARTESIAN_POINT('',(6.639528095681,0.));
#6048 = VECTOR('',#6049,1.);
#6049 = DIRECTION('',(0.,-1.));
#6050 = ( GEOMETRIC_REPRESENTATION_CONTEXT(2) 
PARAMETRIC_REPRESENTATION_CONTEXT() REPRESENTATION_CONTEXT('2D SPACE',''
  ) );
#6051 = PCURVE('',#4091,#6052);
#6052 = DEFINITIONAL_REPRESENTATION('',(#6053),#6057);
#6053 = LINE('',#6054,#6055);
#6054 = CARTESIAN_POINT('',(0.,0.));
#6055 = VECTOR('',#6056,1.);
#6056 = DIRECTION('',(0.,-1.));
#6057 = ( GEOMETRIC_REPRESENTATION_CONTEXT(2) 
PARAMETRIC_REPRESENTATION_CONTEXT() REPRESENTATION_CONTEXT('2D SPACE',''
  ) );
#6058 = ADVANCED_FACE('',(#6059),#4091,.T.);
#6059 = FACE_BOUND('',#6060,.T.);
#6060 = EDGE_LOOP('',(#6061,#6062,#6063,#6064));
#6061 = ORIENTED_EDGE('',*,*,#5707,.F.);
#6062 = ORIENTED_EDGE('',*,*,#6038,.T.);
#6063 = ORIENTED_EDGE('',*,*,#4076,.F.);
#6064 = ORIENTED_EDGE('',*,*,#5908,.F.);
#6065 = ADVANCED_FACE('',(#6066),#4288,.F.);
#6066 = FACE_BOUND('',#6067,.F.);
#6067 = EDGE_LOOP('',(#6068,#6069,#6090,#6091));
#6068 = ORIENTED_EDGE('',*,*,#4378,.F.);
#6069 = ORIENTED_EDGE('',*,*,#6070,.T.);
#6070 = EDGE_CURVE('',#4379,#4268,#6071,.T.);
#6071 = SEAM_CURVE('',#6072,(#6076,#6083),.PCURVE_S1.);
#6072 = LINE('',#6073,#6074);
#6073 = CARTESIAN_POINT('',(72.2,0.,25.));
#6074 = VECTOR('',#6075,1.);
#6075 = DIRECTION('',(0.,1.,0.));
#6076 = PCURVE('',#4288,#6077);
#6077 = DEFINITIONAL_REPRESENTATION('',(#6078),#6082);
#6078 = LINE('',#6079,#6080);
#6079 = CARTESIAN_POINT('',(6.28318530718,0.));
#6080 = VECTOR('',#6081,1.);
#6081 = DIRECTION('',(0.,-1.));
#6082 = ( GEOMETRIC_REPRESENTATION_CONTEXT(2) 
PARAMETRIC_REPRESENTATION_CONTEXT() REPRESENTATION_CONTEXT('2D SPACE',''
  ) );
#6083 = PCURVE('',#4288,#6084);
#6084 = DEFINITIONAL_REPRESENTATION('',(#6085),#6089);
#6085 = LINE('',#6086,#6087);
#6086 = CARTESIAN_POINT('',(0.,0.));
#6087 = VECTOR('',#6088,1.);
#6088 = DIRECTION('',(0.,-1.));
#6089 = ( GEOMETRIC_REPRESENTATION_CONTEXT(2) 
PARAMETRIC_REPRESENTATION_CONTEXT() REPRESENTATION_CONTEXT('2D SPACE',''
  ) );
#6090 = ORIENTED_EDGE('',*,*,#4267,.T.);
#6091 = ORIENTED_EDGE('',*,*,#6070,.F.);
#6092 = ADVANCED_FACE('',(#6093),#4474,.F.);
#6093 = FACE_BOUND('',#6094,.T.);
#6094 = EDGE_LOOP('',(#6095,#6096,#6117,#6118));
#6095 = ORIENTED_EDGE('',*,*,#4457,.T.);
#6096 = ORIENTED_EDGE('',*,*,#6097,.T.);
#6097 = EDGE_CURVE('',#4458,#4565,#6098,.T.);
#6098 = SEAM_CURVE('',#6099,(#6103,#6110),.PCURVE_S1.);
#6099 = LINE('',#6100,#6101);
#6100 = CARTESIAN_POINT('',(72.2,0.,25.));
#6101 = VECTOR('',#6102,1.);
#6102 = DIRECTION('',(0.,-1.,0.));
#6103 = PCURVE('',#4474,#6104);
#6104 = DEFINITIONAL_REPRESENTATION('',(#6105),#6109);
#6105 = LINE('',#6106,#6107);
#6106 = CARTESIAN_POINT('',(-6.28318530718,0.));
#6107 = VECTOR('',#6108,1.);
#6108 = DIRECTION('',(-0.,-1.));
#6109 = ( GEOMETRIC_REPRESENTATION_CONTEXT(2) 
PARAMETRIC_REPRESENTATION_CONTEXT() REPRESENTATION_CONTEXT('2D SPACE',''
  ) );
#6110 = PCURVE('',#4474,#6111);
#6111 = DEFINITIONAL_REPRESENTATION('',(#6112),#6116);
#6112 = LINE('',#6113,#6114);
#6113 = CARTESIAN_POINT('',(-0.,0.));
#6114 = VECTOR('',#6115,1.);
#6115 = DIRECTION('',(-0.,-1.));
#6116 = ( GEOMETRIC_REPRESENTATION_CONTEXT(2) 
PARAMETRIC_REPRESENTATION_CONTEXT() REPRESENTATION_CONTEXT('2D SPACE',''
  ) );
#6117 = ORIENTED_EDGE('',*,*,#4564,.F.);
#6118 = ORIENTED_EDGE('',*,*,#6097,.F.);
#6119 = ADVANCED_FACE('',(#6120),#4660,.F.);
#6120 = FACE_BOUND('',#6121,.F.);
#6121 = EDGE_LOOP('',(#6122,#6123,#6144,#6145));
#6122 = ORIENTED_EDGE('',*,*,#4750,.F.);
#6123 = ORIENTED_EDGE('',*,*,#6124,.T.);
#6124 = EDGE_CURVE('',#4751,#4640,#6125,.T.);
#6125 = SEAM_CURVE('',#6126,(#6130,#6137),.PCURVE_S1.);
#6126 = LINE('',#6127,#6128);
#6127 = CARTESIAN_POINT('',(8.015810237794E-15,72.2,25.));
#6128 = VECTOR('',#6129,1.);
#6129 = DIRECTION('',(-1.,1.110223024625E-16,0.));
#6130 = PCURVE('',#4660,#6131);
#6131 = DEFINITIONAL_REPRESENTATION('',(#6132),#6136);
#6132 = LINE('',#6133,#6134);
#6133 = CARTESIAN_POINT('',(6.28318530718,0.));
#6134 = VECTOR('',#6135,1.);
#6135 = DIRECTION('',(0.,-1.));
#6136 = ( GEOMETRIC_REPRESENTATION_CONTEXT(2) 
PARAMETRIC_REPRESENTATION_CONTEXT() REPRESENTATION_CONTEXT('2D SPACE',''
  ) );
#6137 = PCURVE('',#4660,#6138);
#6138 = DEFINITIONAL_REPRESENTATION('',(#6139),#6143);
#6139 = LINE('',#6140,#6141);
#6140 = CARTESIAN_POINT('',(0.,0.));
#6141 = VECTOR('',#6142,1.);
#6142 = DIRECTION('',(0.,-1.));
#6143 = ( GEOMETRIC_REPRESENTATION_CONTEXT(2) 
PARAMETRIC_REPRESENTATION_CONTEXT() REPRESENTATION_CONTEXT('2D SPACE',''
  ) );
#6144 = ORIENTED_EDGE('',*,*,#4639,.T.);
#6145 = ORIENTED_EDGE('',*,*,#6124,.F.);
#6146 = ADVANCED_FACE('',(#6147),#4846,.F.);
#6147 = FACE_BOUND('',#6148,.T.);
#6148 = EDGE_LOOP('',(#6149,#6150,#6171,#6172));
#6149 = ORIENTED_EDGE('',*,*,#4829,.T.);
#6150 = ORIENTED_EDGE('',*,*,#6151,.T.);
#6151 = EDGE_CURVE('',#4830,#4937,#6152,.T.);
#6152 = SEAM_CURVE('',#6153,(#6157,#6164),.PCURVE_S1.);
#6153 = LINE('',#6154,#6155);
#6154 = CARTESIAN_POINT('',(8.015810237794E-15,72.2,25.));
#6155 = VECTOR('',#6156,1.);
#6156 = DIRECTION('',(1.,-1.110223024625E-16,0.));
#6157 = PCURVE('',#4846,#6158);
#6158 = DEFINITIONAL_REPRESENTATION('',(#6159),#6163);
#6159 = LINE('',#6160,#6161);
#6160 = CARTESIAN_POINT('',(-6.28318530718,0.));
#6161 = VECTOR('',#6162,1.);
#6162 = DIRECTION('',(-0.,-1.));
#6163 = ( GEOMETRIC_REPRESENTATION_CONTEXT(2) 
PARAMETRIC_REPRESENTATION_CONTEXT() REPRESENTATION_CONTEXT('2D SPACE',''
  ) );
#6164 = PCURVE('',#4846,#6165);
#6165 = DEFINITIONAL_REPRESENTATION('',(#6166),#6170);
#6166 = LINE('',#6167,#6168);
#6167 = CARTESIAN_POINT('',(-0.,0.));
#6168 = VECTOR('',#6169,1.);
#6169 = DIRECTION('',(-0.,-1.));
#6170 = ( GEOMETRIC_REPRESENTATION_CONTEXT(2) 
PARAMETRIC_REPRESENTATION_CONTEXT() REPRESENTATION_CONTEXT('2D SPACE',''
  ) );
#6171 = ORIENTED_EDGE('',*,*,#4936,.F.);
#6172 = ORIENTED_EDGE('',*,*,#6151,.F.);
#6173 = ADVANCED_FACE('',(#6174),#5028,.F.);
#6174 = FACE_BOUND('',#6175,.T.);
#6175 = EDGE_LOOP('',(#6176,#6177,#6198,#6199));
#6176 = ORIENTED_EDGE('',*,*,#5118,.T.);
#6177 = ORIENTED_EDGE('',*,*,#6178,.T.);
#6178 = EDGE_CURVE('',#5119,#5012,#6179,.T.);
#6179 = SEAM_CURVE('',#6180,(#6184,#6191),.PCURVE_S1.);
#6180 = LINE('',#6181,#6182);
#6181 = CARTESIAN_POINT('',(-1.603162047559E-14,-72.2,25.));
#6182 = VECTOR('',#6183,1.);
#6183 = DIRECTION('',(-1.,2.22044604925E-16,0.));
#6184 = PCURVE('',#5028,#6185);
#6185 = DEFINITIONAL_REPRESENTATION('',(#6186),#6190);
#6186 = LINE('',#6187,#6188);
#6187 = CARTESIAN_POINT('',(-6.28318530718,0.));
#6188 = VECTOR('',#6189,1.);
#6189 = DIRECTION('',(-0.,-1.));
#6190 = ( GEOMETRIC_REPRESENTATION_CONTEXT(2) 
PARAMETRIC_REPRESENTATION_CONTEXT() REPRESENTATION_CONTEXT('2D SPACE',''
  ) );
#6191 = PCURVE('',#5028,#6192);
#6192 = DEFINITIONAL_REPRESENTATION('',(#6193),#6197);
#6193 = LINE('',#6194,#6195);
#6194 = CARTESIAN_POINT('',(-0.,0.));
#6195 = VECTOR('',#6196,1.);
#6196 = DIRECTION('',(-0.,-1.));
#6197 = ( GEOMETRIC_REPRESENTATION_CONTEXT(2) 
PARAMETRIC_REPRESENTATION_CONTEXT() REPRESENTATION_CONTEXT('2D SPACE',''
  ) );
#6198 = ORIENTED_EDGE('',*,*,#5011,.F.);
#6199 = ORIENTED_EDGE('',*,*,#6178,.F.);
#6200 = ADVANCED_FACE('',(#6201),#5214,.F.);
#6201 = FACE_BOUND('',#6202,.F.);
#6202 = EDGE_LOOP('',(#6203,#6204,#6225,#6226));
#6203 = ORIENTED_EDGE('',*,*,#5193,.F.);
#6204 = ORIENTED_EDGE('',*,*,#6205,.T.);
#6205 = EDGE_CURVE('',#5194,#5305,#6206,.T.);
#6206 = SEAM_CURVE('',#6207,(#6211,#6218),.PCURVE_S1.);
#6207 = LINE('',#6208,#6209);
#6208 = CARTESIAN_POINT('',(-1.603162047559E-14,-72.2,25.));
#6209 = VECTOR('',#6210,1.);
#6210 = DIRECTION('',(1.,-2.22044604925E-16,0.));
#6211 = PCURVE('',#5214,#6212);
#6212 = DEFINITIONAL_REPRESENTATION('',(#6213),#6217);
#6213 = LINE('',#6214,#6215);
#6214 = CARTESIAN_POINT('',(6.28318530718,0.));
#6215 = VECTOR('',#6216,1.);
#6216 = DIRECTION('',(0.,-1.));
#6217 = ( GEOMETRIC_REPRESENTATION_CONTEXT(2) 
PARAMETRIC_REPRESENTATION_CONTEXT() REPRESENTATION_CONTEXT('2D SPACE',''
  ) );
#6218 = PCURVE('',#5214,#6219);
#6219 = DEFINITIONAL_REPRESENTATION('',(#6220),#6224);
#6220 = LINE('',#6221,#6222);
#6221 = CARTESIAN_POINT('',(0.,0.));
#6222 = VECTOR('',#6223,1.);
#6223 = DIRECTION('',(0.,-1.));
#6224 = ( GEOMETRIC_REPRESENTATION_CONTEXT(2) 
PARAMETRIC_REPRESENTATION_CONTEXT() REPRESENTATION_CONTEXT('2D SPACE',''
  ) );
#6225 = ORIENTED_EDGE('',*,*,#5304,.T.);
#6226 = ORIENTED_EDGE('',*,*,#6205,.F.);
#6227 = ADVANCED_FACE('',(#6228),#5400,.F.);
#6228 = FACE_BOUND('',#6229,.T.);
#6229 = EDGE_LOOP('',(#6230,#6231,#6252,#6253));
#6230 = ORIENTED_EDGE('',*,*,#5490,.T.);
#6231 = ORIENTED_EDGE('',*,*,#6232,.T.);
#6232 = EDGE_CURVE('',#5491,#5384,#6233,.T.);
#6233 = SEAM_CURVE('',#6234,(#6238,#6245),.PCURVE_S1.);
#6234 = LINE('',#6235,#6236);
#6235 = CARTESIAN_POINT('',(-72.2,8.841949889844E-15,25.));
#6236 = VECTOR('',#6237,1.);
#6237 = DIRECTION('',(1.224646799147E-16,1.,0.));
#6238 = PCURVE('',#5400,#6239);
#6239 = DEFINITIONAL_REPRESENTATION('',(#6240),#6244);
#6240 = LINE('',#6241,#6242);
#6241 = CARTESIAN_POINT('',(-6.28318530718,0.));
#6242 = VECTOR('',#6243,1.);
#6243 = DIRECTION('',(-0.,-1.));
#6244 = ( GEOMETRIC_REPRESENTATION_CONTEXT(2) 
PARAMETRIC_REPRESENTATION_CONTEXT() REPRESENTATION_CONTEXT('2D SPACE',''
  ) );
#6245 = PCURVE('',#5400,#6246);
#6246 = DEFINITIONAL_REPRESENTATION('',(#6247),#6251);
#6247 = LINE('',#6248,#6249);
#6248 = CARTESIAN_POINT('',(-0.,0.));
#6249 = VECTOR('',#6250,1.);
#6250 = DIRECTION('',(-0.,-1.));
#6251 = ( GEOMETRIC_REPRESENTATION_CONTEXT(2) 
PARAMETRIC_REPRESENTATION_CONTEXT() REPRESENTATION_CONTEXT('2D SPACE',''
  ) );
#6252 = ORIENTED_EDGE('',*,*,#5383,.F.);
#6253 = ORIENTED_EDGE('',*,*,#6232,.F.);
#6254 = ADVANCED_FACE('',(#6255),#5586,.F.);
#6255 = FACE_BOUND('',#6256,.F.);
#6256 = EDGE_LOOP('',(#6257,#6258,#6279,#6280));
#6257 = ORIENTED_EDGE('',*,*,#5565,.F.);
#6258 = ORIENTED_EDGE('',*,*,#6259,.T.);
#6259 = EDGE_CURVE('',#5566,#5677,#6260,.T.);
#6260 = SEAM_CURVE('',#6261,(#6265,#6272),.PCURVE_S1.);
#6261 = LINE('',#6262,#6263);
#6262 = CARTESIAN_POINT('',(-72.2,8.841949889844E-15,25.));
#6263 = VECTOR('',#6264,1.);
#6264 = DIRECTION('',(-1.224646799147E-16,-1.,0.));
#6265 = PCURVE('',#5586,#6266);
#6266 = DEFINITIONAL_REPRESENTATION('',(#6267),#6271);
#6267 = LINE('',#6268,#6269);
#6268 = CARTESIAN_POINT('',(6.28318530718,0.));
#6269 = VECTOR('',#6270,1.);
#6270 = DIRECTION('',(0.,-1.));
#6271 = ( GEOMETRIC_REPRESENTATION_CONTEXT(2) 
PARAMETRIC_REPRESENTATION_CONTEXT() REPRESENTATION_CONTEXT('2D SPACE',''
  ) );
#6272 = PCURVE('',#5586,#6273);
#6273 = DEFINITIONAL_REPRESENTATION('',(#6274),#6278);
#6274 = LINE('',#6275,#6276);
#6275 = CARTESIAN_POINT('',(0.,0.));
#6276 = VECTOR('',#6277,1.);
#6277 = DIRECTION('',(0.,-1.));
#6278 = ( GEOMETRIC_REPRESENTATION_CONTEXT(2) 
PARAMETRIC_REPRESENTATION_CONTEXT() REPRESENTATION_CONTEXT('2D SPACE',''
  ) );
#6279 = ORIENTED_EDGE('',*,*,#5676,.T.);
#6280 = ORIENTED_EDGE('',*,*,#6259,.F.);
#6281 = ( GEOMETRIC_REPRESENTATION_CONTEXT(3) 
GLOBAL_UNCERTAINTY_ASSIGNED_CONTEXT((#6285)) 
GLOBAL_UNIT_ASSIGNED_CONTEXT((#6282,#6283,#6284)) REPRESENTATION_CONTEXT
('Context #1','3D Context with UNIT and UNCERTAINTY') );
#6282 = ( LENGTH_UNIT() NAMED_UNIT(*) SI_UNIT(.MILLI.,.METRE.) );
#6283 = ( NAMED_UNIT(*) PLANE_ANGLE_UNIT() SI_UNIT($,.RADIAN.) );
#6284 = ( NAMED_UNIT(*) SI_UNIT($,.STERADIAN.) SOLID_ANGLE_UNIT() );
#6285 = UNCERTAINTY_MEASURE_WITH_UNIT(LENGTH_MEASURE(1.E-07),#6282,
  'distance_accuracy_value','confusion accuracy');
#6286 = CONTEXT_DEPENDENT_SHAPE_REPRESENTATION(#6287,#6289);
#6287 = ( REPRESENTATION_RELATIONSHIP('','',#64,#10) 
REPRESENTATION_RELATIONSHIP_WITH_TRANSFORMATION(#6288) 
SHAPE_REPRESENTATION_RELATIONSHIP() );
#6288 = ITEM_DEFINED_TRANSFORMATION('','',#11,#15);
#6289 = PRODUCT_DEFINITION_SHAPE('Placement','Placement of an item',
  #6290);
#6290 = NEXT_ASSEMBLY_USAGE_OCCURRENCE('1','tripod_hub','',#5,#59,$);
#6291 = PRODUCT_RELATED_PRODUCT_CATEGORY('part',$,(#61));
#6292 = SHAPE_DEFINITION_REPRESENTATION(#6293,#6299);
#6293 = PRODUCT_DEFINITION_SHAPE('','',#6294);
#6294 = PRODUCT_DEFINITION('design','',#6295,#6298);
#6295 = PRODUCT_DEFINITION_FORMATION('','',#6296);
#6296 = PRODUCT('front_technexion_carrier','front_technexion_carrier',''
  ,(#6297));
#6297 = PRODUCT_CONTEXT('',#2,'mechanical');
#6298 = PRODUCT_DEFINITION_CONTEXT('part definition',#2,'design');
#6299 = ADVANCED_BREP_SHAPE_REPRESENTATION('',(#11,#6300),#7737);
#6300 = MANIFOLD_SOLID_BREP('',#6301);
#6301 = CLOSED_SHELL('',(#6302,#6422,#6697,#6746,#6968,#6995,#7022,#7049
    ,#7076,#7280,#7380,#7407,#7414,#7464,#7491,#7540,#7589,#7616,#7670,
    #7724));
#6302 = ADVANCED_FACE('',(#6303),#6317,.F.);
#6303 = FACE_BOUND('',#6304,.F.);
#6304 = EDGE_LOOP('',(#6305,#6340,#6368,#6396));
#6305 = ORIENTED_EDGE('',*,*,#6306,.F.);
#6306 = EDGE_CURVE('',#6307,#6309,#6311,.T.);
#6307 = VERTEX_POINT('',#6308);
#6308 = CARTESIAN_POINT('',(55.857864376269,-3.8,25.));
#6309 = VERTEX_POINT('',#6310);
#6310 = CARTESIAN_POINT('',(70.,-3.8,39.142135623731));
#6311 = SURFACE_CURVE('',#6312,(#6316,#6328),.PCURVE_S1.);
#6312 = LINE('',#6313,#6314);
#6313 = CARTESIAN_POINT('',(55.857864376269,-3.8,25.));
#6314 = VECTOR('',#6315,1.);
#6315 = DIRECTION('',(0.707106781187,0.,0.707106781187));
#6316 = PCURVE('',#6317,#6322);
#6317 = PLANE('',#6318);
#6318 = AXIS2_PLACEMENT_3D('',#6319,#6320,#6321);
#6319 = CARTESIAN_POINT('',(55.857864376269,-3.8,25.));
#6320 = DIRECTION('',(0.707106781187,0.,-0.707106781187));
#6321 = DIRECTION('',(0.707106781187,0.,0.707106781187));
#6322 = DEFINITIONAL_REPRESENTATION('',(#6323),#6327);
#6323 = LINE('',#6324,#6325);
#6324 = CARTESIAN_POINT('',(0.,0.));
#6325 = VECTOR('',#6326,1.);
#6326 = DIRECTION('',(1.,0.));
#6327 = ( GEOMETRIC_REPRESENTATION_CONTEXT(2) 
PARAMETRIC_REPRESENTATION_CONTEXT() REPRESENTATION_CONTEXT('2D SPACE',''
  ) );
#6328 = PCURVE('',#6329,#6334);
#6329 = PLANE('',#6330);
#6330 = AXIS2_PLACEMENT_3D('',#6331,#6332,#6333);
#6331 = CARTESIAN_POINT('',(55.857864376269,-3.8,25.));
#6332 = DIRECTION('',(0.,1.,0.));
#6333 = DIRECTION('',(0.707106781187,0.,0.707106781187));
#6334 = DEFINITIONAL_REPRESENTATION('',(#6335),#6339);
#6335 = LINE('',#6336,#6337);
#6336 = CARTESIAN_POINT('',(0.,0.));
#6337 = VECTOR('',#6338,1.);
#6338 = DIRECTION('',(1.,0.));
#6339 = ( GEOMETRIC_REPRESENTATION_CONTEXT(2) 
PARAMETRIC_REPRESENTATION_CONTEXT() REPRESENTATION_CONTEXT('2D SPACE',''
  ) );
#6340 = ORIENTED_EDGE('',*,*,#6341,.T.);
#6341 = EDGE_CURVE('',#6307,#6342,#6344,.T.);
#6342 = VERTEX_POINT('',#6343);
#6343 = CARTESIAN_POINT('',(55.857864376269,3.8,25.));
#6344 = SURFACE_CURVE('',#6345,(#6349,#6356),.PCURVE_S1.);
#6345 = LINE('',#6346,#6347);
#6346 = CARTESIAN_POINT('',(55.857864376269,-3.8,25.));
#6347 = VECTOR('',#6348,1.);
#6348 = DIRECTION('',(0.,1.,0.));
#6349 = PCURVE('',#6317,#6350);
#6350 = DEFINITIONAL_REPRESENTATION('',(#6351),#6355);
#6351 = LINE('',#6352,#6353);
#6352 = CARTESIAN_POINT('',(0.,0.));
#6353 = VECTOR('',#6354,1.);
#6354 = DIRECTION('',(0.,-1.));
#6355 = ( GEOMETRIC_REPRESENTATION_CONTEXT(2) 
PARAMETRIC_REPRESENTATION_CONTEXT() REPRESENTATION_CONTEXT('2D SPACE',''
  ) );
#6356 = PCURVE('',#6357,#6362);
#6357 = PLANE('',#6358);
#6358 = AXIS2_PLACEMENT_3D('',#6359,#6360,#6361);
#6359 = CARTESIAN_POINT('',(55.857864376269,-3.8,25.));
#6360 = DIRECTION('',(0.707106781187,0.,0.707106781187));
#6361 = DIRECTION('',(0.707106781187,0.,-0.707106781187));
#6362 = DEFINITIONAL_REPRESENTATION('',(#6363),#6367);
#6363 = LINE('',#6364,#6365);
#6364 = CARTESIAN_POINT('',(0.,0.));
#6365 = VECTOR('',#6366,1.);
#6366 = DIRECTION('',(0.,1.));
#6367 = ( GEOMETRIC_REPRESENTATION_CONTEXT(2) 
PARAMETRIC_REPRESENTATION_CONTEXT() REPRESENTATION_CONTEXT('2D SPACE',''
  ) );
#6368 = ORIENTED_EDGE('',*,*,#6369,.T.);
#6369 = EDGE_CURVE('',#6342,#6370,#6372,.T.);
#6370 = VERTEX_POINT('',#6371);
#6371 = CARTESIAN_POINT('',(70.,3.8,39.142135623731));
#6372 = SURFACE_CURVE('',#6373,(#6377,#6384),.PCURVE_S1.);
#6373 = LINE('',#6374,#6375);
#6374 = CARTESIAN_POINT('',(55.857864376269,3.8,25.));
#6375 = VECTOR('',#6376,1.);
#6376 = DIRECTION('',(0.707106781187,0.,0.707106781187));
#6377 = PCURVE('',#6317,#6378);
#6378 = DEFINITIONAL_REPRESENTATION('',(#6379),#6383);
#6379 = LINE('',#6380,#6381);
#6380 = CARTESIAN_POINT('',(0.,-7.6));
#6381 = VECTOR('',#6382,1.);
#6382 = DIRECTION('',(1.,0.));
#6383 = ( GEOMETRIC_REPRESENTATION_CONTEXT(2) 
PARAMETRIC_REPRESENTATION_CONTEXT() REPRESENTATION_CONTEXT('2D SPACE',''
  ) );
#6384 = PCURVE('',#6385,#6390);
#6385 = PLANE('',#6386);
#6386 = AXIS2_PLACEMENT_3D('',#6387,#6388,#6389);
#6387 = CARTESIAN_POINT('',(55.857864376269,3.8,25.));
#6388 = DIRECTION('',(0.,1.,0.));
#6389 = DIRECTION('',(0.707106781187,0.,0.707106781187));
#6390 = DEFINITIONAL_REPRESENTATION('',(#6391),#6395);
#6391 = LINE('',#6392,#6393);
#6392 = CARTESIAN_POINT('',(0.,0.));
#6393 = VECTOR('',#6394,1.);
#6394 = DIRECTION('',(1.,0.));
#6395 = ( GEOMETRIC_REPRESENTATION_CONTEXT(2) 
PARAMETRIC_REPRESENTATION_CONTEXT() REPRESENTATION_CONTEXT('2D SPACE',''
  ) );
#6396 = ORIENTED_EDGE('',*,*,#6397,.F.);
#6397 = EDGE_CURVE('',#6309,#6370,#6398,.T.);
#6398 = SURFACE_CURVE('',#6399,(#6403,#6410),.PCURVE_S1.);
#6399 = LINE('',#6400,#6401);
#6400 = CARTESIAN_POINT('',(70.,-3.8,39.142135623731));
#6401 = VECTOR('',#6402,1.);
#6402 = DIRECTION('',(0.,1.,0.));
#6403 = PCURVE('',#6317,#6404);
#6404 = DEFINITIONAL_REPRESENTATION('',(#6405),#6409);
#6405 = LINE('',#6406,#6407);
#6406 = CARTESIAN_POINT('',(20.,0.));
#6407 = VECTOR('',#6408,1.);
#6408 = DIRECTION('',(0.,-1.));
#6409 = ( GEOMETRIC_REPRESENTATION_CONTEXT(2) 
PARAMETRIC_REPRESENTATION_CONTEXT() REPRESENTATION_CONTEXT('2D SPACE',''
  ) );
#6410 = PCURVE('',#6411,#6416);
#6411 = PLANE('',#6412);
#6412 = AXIS2_PLACEMENT_3D('',#6413,#6414,#6415);
#6413 = CARTESIAN_POINT('',(70.,-3.8,39.142135623731));
#6414 = DIRECTION('',(0.707106781187,0.,0.707106781187));
#6415 = DIRECTION('',(0.707106781187,0.,-0.707106781187));
#6416 = DEFINITIONAL_REPRESENTATION('',(#6417),#6421);
#6417 = LINE('',#6418,#6419);
#6418 = CARTESIAN_POINT('',(0.,0.));
#6419 = VECTOR('',#6420,1.);
#6420 = DIRECTION('',(0.,1.));
#6421 = ( GEOMETRIC_REPRESENTATION_CONTEXT(2) 
PARAMETRIC_REPRESENTATION_CONTEXT() REPRESENTATION_CONTEXT('2D SPACE',''
  ) );
#6422 = ADVANCED_FACE('',(#6423,#6666),#6329,.F.);
#6423 = FACE_BOUND('',#6424,.F.);
#6424 = EDGE_LOOP('',(#6425,#6455,#6476,#6477,#6500,#6528,#6556,#6584,
    #6612,#6640));
#6425 = ORIENTED_EDGE('',*,*,#6426,.F.);
#6426 = EDGE_CURVE('',#6427,#6429,#6431,.T.);
#6427 = VERTEX_POINT('',#6428);
#6428 = CARTESIAN_POINT('',(70.,-3.8,10.857864376269));
#6429 = VERTEX_POINT('',#6430);
#6430 = CARTESIAN_POINT('',(82.020815280171,-3.8,22.87867965644));
#6431 = SURFACE_CURVE('',#6432,(#6436,#6443),.PCURVE_S1.);
#6432 = LINE('',#6433,#6434);
#6433 = CARTESIAN_POINT('',(70.,-3.8,10.857864376269));
#6434 = VECTOR('',#6435,1.);
#6435 = DIRECTION('',(0.707106781187,0.,0.707106781187));
#6436 = PCURVE('',#6329,#6437);
#6437 = DEFINITIONAL_REPRESENTATION('',(#6438),#6442);
#6438 = LINE('',#6439,#6440);
#6439 = CARTESIAN_POINT('',(-1.7763568394E-15,20.));
#6440 = VECTOR('',#6441,1.);
#6441 = DIRECTION('',(1.,0.));
#6442 = ( GEOMETRIC_REPRESENTATION_CONTEXT(2) 
PARAMETRIC_REPRESENTATION_CONTEXT() REPRESENTATION_CONTEXT('2D SPACE',''
  ) );
#6443 = PCURVE('',#6444,#6449);
#6444 = PLANE('',#6445);
#6445 = AXIS2_PLACEMENT_3D('',#6446,#6447,#6448);
#6446 = CARTESIAN_POINT('',(70.,-3.8,10.857864376269));
#6447 = DIRECTION('',(0.707106781187,0.,-0.707106781187));
#6448 = DIRECTION('',(0.707106781187,0.,0.707106781187));
#6449 = DEFINITIONAL_REPRESENTATION('',(#6450),#6454);
#6450 = LINE('',#6451,#6452);
#6451 = CARTESIAN_POINT('',(0.,0.));
#6452 = VECTOR('',#6453,1.);
#6453 = DIRECTION('',(1.,0.));
#6454 = ( GEOMETRIC_REPRESENTATION_CONTEXT(2) 
PARAMETRIC_REPRESENTATION_CONTEXT() REPRESENTATION_CONTEXT('2D SPACE',''
  ) );
#6455 = ORIENTED_EDGE('',*,*,#6456,.F.);
#6456 = EDGE_CURVE('',#6307,#6427,#6457,.T.);
#6457 = SURFACE_CURVE('',#6458,(#6462,#6469),.PCURVE_S1.);
#6458 = LINE('',#6459,#6460);
#6459 = CARTESIAN_POINT('',(55.857864376269,-3.8,25.));
#6460 = VECTOR('',#6461,1.);
#6461 = DIRECTION('',(0.707106781187,0.,-0.707106781187));
#6462 = PCURVE('',#6329,#6463);
#6463 = DEFINITIONAL_REPRESENTATION('',(#6464),#6468);
#6464 = LINE('',#6465,#6466);
#6465 = CARTESIAN_POINT('',(0.,0.));
#6466 = VECTOR('',#6467,1.);
#6467 = DIRECTION('',(0.,1.));
#6468 = ( GEOMETRIC_REPRESENTATION_CONTEXT(2) 
PARAMETRIC_REPRESENTATION_CONTEXT() REPRESENTATION_CONTEXT('2D SPACE',''
  ) );
#6469 = PCURVE('',#6357,#6470);
#6470 = DEFINITIONAL_REPRESENTATION('',(#6471),#6475);
#6471 = LINE('',#6472,#6473);
#6472 = CARTESIAN_POINT('',(0.,0.));
#6473 = VECTOR('',#6474,1.);
#6474 = DIRECTION('',(1.,0.));
#6475 = ( GEOMETRIC_REPRESENTATION_CONTEXT(2) 
PARAMETRIC_REPRESENTATION_CONTEXT() REPRESENTATION_CONTEXT('2D SPACE',''
  ) );
#6476 = ORIENTED_EDGE('',*,*,#6306,.T.);
#6477 = ORIENTED_EDGE('',*,*,#6478,.T.);
#6478 = EDGE_CURVE('',#6309,#6479,#6481,.T.);
#6479 = VERTEX_POINT('',#6480);
#6480 = CARTESIAN_POINT('',(82.020815280171,-3.8,27.12132034356));
#6481 = SURFACE_CURVE('',#6482,(#6486,#6493),.PCURVE_S1.);
#6482 = LINE('',#6483,#6484);
#6483 = CARTESIAN_POINT('',(70.,-3.8,39.142135623731));
#6484 = VECTOR('',#6485,1.);
#6485 = DIRECTION('',(0.707106781187,0.,-0.707106781187));
#6486 = PCURVE('',#6329,#6487);
#6487 = DEFINITIONAL_REPRESENTATION('',(#6488),#6492);
#6488 = LINE('',#6489,#6490);
#6489 = CARTESIAN_POINT('',(20.,1.7763568394E-15));
#6490 = VECTOR('',#6491,1.);
#6491 = DIRECTION('',(0.,1.));
#6492 = ( GEOMETRIC_REPRESENTATION_CONTEXT(2) 
PARAMETRIC_REPRESENTATION_CONTEXT() REPRESENTATION_CONTEXT('2D SPACE',''
  ) );
#6493 = PCURVE('',#6411,#6494);
#6494 = DEFINITIONAL_REPRESENTATION('',(#6495),#6499);
#6495 = LINE('',#6496,#6497);
#6496 = CARTESIAN_POINT('',(0.,0.));
#6497 = VECTOR('',#6498,1.);
#6498 = DIRECTION('',(1.,0.));
#6499 = ( GEOMETRIC_REPRESENTATION_CONTEXT(2) 
PARAMETRIC_REPRESENTATION_CONTEXT() REPRESENTATION_CONTEXT('2D SPACE',''
  ) );
#6500 = ORIENTED_EDGE('',*,*,#6501,.T.);
#6501 = EDGE_CURVE('',#6479,#6502,#6504,.T.);
#6502 = VERTEX_POINT('',#6503);
#6503 = CARTESIAN_POINT('',(82.727922061358,-3.8,27.828427124746));
#6504 = SURFACE_CURVE('',#6505,(#6509,#6516),.PCURVE_S1.);
#6505 = LINE('',#6506,#6507);
#6506 = CARTESIAN_POINT('',(79.899494936612,-3.8,25.));
#6507 = VECTOR('',#6508,1.);
#6508 = DIRECTION('',(0.707106781187,0.,0.707106781187));
#6509 = PCURVE('',#6329,#6510);
#6510 = DEFINITIONAL_REPRESENTATION('',(#6511),#6515);
#6511 = LINE('',#6512,#6513);
#6512 = CARTESIAN_POINT('',(17.,17.));
#6513 = VECTOR('',#6514,1.);
#6514 = DIRECTION('',(1.,0.));
#6515 = ( GEOMETRIC_REPRESENTATION_CONTEXT(2) 
PARAMETRIC_REPRESENTATION_CONTEXT() REPRESENTATION_CONTEXT('2D SPACE',''
  ) );
#6516 = PCURVE('',#6517,#6522);
#6517 = PLANE('',#6518);
#6518 = AXIS2_PLACEMENT_3D('',#6519,#6520,#6521);
#6519 = CARTESIAN_POINT('',(79.899494936612,-3.8,25.));
#6520 = DIRECTION('',(0.707106781187,0.,-0.707106781187));
#6521 = DIRECTION('',(0.707106781187,0.,0.707106781187));
#6522 = DEFINITIONAL_REPRESENTATION('',(#6523),#6527);
#6523 = LINE('',#6524,#6525);
#6524 = CARTESIAN_POINT('',(0.,0.));
#6525 = VECTOR('',#6526,1.);
#6526 = DIRECTION('',(1.,0.));
#6527 = ( GEOMETRIC_REPRESENTATION_CONTEXT(2) 
PARAMETRIC_REPRESENTATION_CONTEXT() REPRESENTATION_CONTEXT('2D SPACE',''
  ) );
#6528 = ORIENTED_EDGE('',*,*,#6529,.T.);
#6529 = EDGE_CURVE('',#6502,#6530,#6532,.T.);
#6530 = VERTEX_POINT('',#6531);
#6531 = CARTESIAN_POINT('',(86.263455967291,-3.8,24.292893218813));
#6532 = SURFACE_CURVE('',#6533,(#6537,#6544),.PCURVE_S1.);
#6533 = LINE('',#6534,#6535);
#6534 = CARTESIAN_POINT('',(82.727922061358,-3.8,27.828427124746));
#6535 = VECTOR('',#6536,1.);
#6536 = DIRECTION('',(0.707106781187,0.,-0.707106781187));
#6537 = PCURVE('',#6329,#6538);
#6538 = DEFINITIONAL_REPRESENTATION('',(#6539),#6543);
#6539 = LINE('',#6540,#6541);
#6540 = CARTESIAN_POINT('',(21.,17.));
#6541 = VECTOR('',#6542,1.);
#6542 = DIRECTION('',(0.,1.));
#6543 = ( GEOMETRIC_REPRESENTATION_CONTEXT(2) 
PARAMETRIC_REPRESENTATION_CONTEXT() REPRESENTATION_CONTEXT('2D SPACE',''
  ) );
#6544 = PCURVE('',#6545,#6550);
#6545 = PLANE('',#6546);
#6546 = AXIS2_PLACEMENT_3D('',#6547,#6548,#6549);
#6547 = CARTESIAN_POINT('',(82.727922061358,-3.8,27.828427124746));
#6548 = DIRECTION('',(0.707106781187,0.,0.707106781187));
#6549 = DIRECTION('',(0.707106781187,0.,-0.707106781187));
#6550 = DEFINITIONAL_REPRESENTATION('',(#6551),#6555);
#6551 = LINE('',#6552,#6553);
#6552 = CARTESIAN_POINT('',(0.,0.));
#6553 = VECTOR('',#6554,1.);
#6554 = DIRECTION('',(1.,0.));
#6555 = ( GEOMETRIC_REPRESENTATION_CONTEXT(2) 
PARAMETRIC_REPRESENTATION_CONTEXT() REPRESENTATION_CONTEXT('2D SPACE',''
  ) );
#6556 = ORIENTED_EDGE('',*,*,#6557,.T.);
#6557 = EDGE_CURVE('',#6530,#6558,#6560,.T.);
#6558 = VERTEX_POINT('',#6559);
#6559 = CARTESIAN_POINT('',(84.142135623731,-3.8,22.171572875254));
#6560 = SURFACE_CURVE('',#6561,(#6565,#6572),.PCURVE_S1.);
#6561 = LINE('',#6562,#6563);
#6562 = CARTESIAN_POINT('',(77.778174593052,-3.8,15.807611844575));
#6563 = VECTOR('',#6564,1.);
#6564 = DIRECTION('',(-0.707106781187,0.,-0.707106781187));
#6565 = PCURVE('',#6329,#6566);
#6566 = DEFINITIONAL_REPRESENTATION('',(#6567),#6571);
#6567 = LINE('',#6568,#6569);
#6568 = CARTESIAN_POINT('',(9.,22.));
#6569 = VECTOR('',#6570,1.);
#6570 = DIRECTION('',(-1.,0.));
#6571 = ( GEOMETRIC_REPRESENTATION_CONTEXT(2) 
PARAMETRIC_REPRESENTATION_CONTEXT() REPRESENTATION_CONTEXT('2D SPACE',''
  ) );
#6572 = PCURVE('',#6573,#6578);
#6573 = PLANE('',#6574);
#6574 = AXIS2_PLACEMENT_3D('',#6575,#6576,#6577);
#6575 = CARTESIAN_POINT('',(84.142135623731,-18.,22.171572875254));
#6576 = DIRECTION('',(0.707106781187,0.,-0.707106781187));
#6577 = DIRECTION('',(0.707106781187,0.,0.707106781187));
#6578 = DEFINITIONAL_REPRESENTATION('',(#6579),#6583);
#6579 = LINE('',#6580,#6581);
#6580 = CARTESIAN_POINT('',(-9.,-14.2));
#6581 = VECTOR('',#6582,1.);
#6582 = DIRECTION('',(-1.,-0.));
#6583 = ( GEOMETRIC_REPRESENTATION_CONTEXT(2) 
PARAMETRIC_REPRESENTATION_CONTEXT() REPRESENTATION_CONTEXT('2D SPACE',''
  ) );
#6584 = ORIENTED_EDGE('',*,*,#6585,.T.);
#6585 = EDGE_CURVE('',#6558,#6586,#6588,.T.);
#6586 = VERTEX_POINT('',#6587);
#6587 = CARTESIAN_POINT('',(86.263455967291,-3.8,20.050252531694));
#6588 = SURFACE_CURVE('',#6589,(#6593,#6600),.PCURVE_S1.);
#6589 = LINE('',#6590,#6591);
#6590 = CARTESIAN_POINT('',(76.363961030679,-3.8,29.949747468306));
#6591 = VECTOR('',#6592,1.);
#6592 = DIRECTION('',(0.707106781187,0.,-0.707106781187));
#6593 = PCURVE('',#6329,#6594);
#6594 = DEFINITIONAL_REPRESENTATION('',(#6595),#6599);
#6595 = LINE('',#6596,#6597);
#6596 = CARTESIAN_POINT('',(18.,11.));
#6597 = VECTOR('',#6598,1.);
#6598 = DIRECTION('',(0.,1.));
#6599 = ( GEOMETRIC_REPRESENTATION_CONTEXT(2) 
PARAMETRIC_REPRESENTATION_CONTEXT() REPRESENTATION_CONTEXT('2D SPACE',''
  ) );
#6600 = PCURVE('',#6601,#6606);
#6601 = PLANE('',#6602);
#6602 = AXIS2_PLACEMENT_3D('',#6603,#6604,#6605);
#6603 = CARTESIAN_POINT('',(84.142135623731,-18.,22.171572875254));
#6604 = DIRECTION('',(0.707106781187,0.,0.707106781187));
#6605 = DIRECTION('',(0.707106781187,0.,-0.707106781187));
#6606 = DEFINITIONAL_REPRESENTATION('',(#6607),#6611);
#6607 = LINE('',#6608,#6609);
#6608 = CARTESIAN_POINT('',(-11.,14.2));
#6609 = VECTOR('',#6610,1.);
#6610 = DIRECTION('',(1.,0.));
#6611 = ( GEOMETRIC_REPRESENTATION_CONTEXT(2) 
PARAMETRIC_REPRESENTATION_CONTEXT() REPRESENTATION_CONTEXT('2D SPACE',''
  ) );
#6612 = ORIENTED_EDGE('',*,*,#6613,.F.);
#6613 = EDGE_CURVE('',#6614,#6586,#6616,.T.);
#6614 = VERTEX_POINT('',#6615);
#6615 = CARTESIAN_POINT('',(85.556349186104,-3.8,19.343145750508));
#6616 = SURFACE_CURVE('',#6617,(#6621,#6628),.PCURVE_S1.);
#6617 = LINE('',#6618,#6619);
#6618 = CARTESIAN_POINT('',(85.556349186104,-3.8,19.343145750508));
#6619 = VECTOR('',#6620,1.);
#6620 = DIRECTION('',(0.707106781187,0.,0.707106781187));
#6621 = PCURVE('',#6329,#6622);
#6622 = DEFINITIONAL_REPRESENTATION('',(#6623),#6627);
#6623 = LINE('',#6624,#6625);
#6624 = CARTESIAN_POINT('',(17.,25.));
#6625 = VECTOR('',#6626,1.);
#6626 = DIRECTION('',(1.,0.));
#6627 = ( GEOMETRIC_REPRESENTATION_CONTEXT(2) 
PARAMETRIC_REPRESENTATION_CONTEXT() REPRESENTATION_CONTEXT('2D SPACE',''
  ) );
#6628 = PCURVE('',#6629,#6634);
#6629 = PLANE('',#6630);
#6630 = AXIS2_PLACEMENT_3D('',#6631,#6632,#6633);
#6631 = CARTESIAN_POINT('',(85.556349186104,-3.8,19.343145750508));
#6632 = DIRECTION('',(0.707106781187,0.,-0.707106781187));
#6633 = DIRECTION('',(0.707106781187,0.,0.707106781187));
#6634 = DEFINITIONAL_REPRESENTATION('',(#6635),#6639);
#6635 = LINE('',#6636,#6637);
#6636 = CARTESIAN_POINT('',(0.,0.));
#6637 = VECTOR('',#6638,1.);
#6638 = DIRECTION('',(1.,0.));
#6639 = ( GEOMETRIC_REPRESENTATION_CONTEXT(2) 
PARAMETRIC_REPRESENTATION_CONTEXT() REPRESENTATION_CONTEXT('2D SPACE',''
  ) );
#6640 = ORIENTED_EDGE('',*,*,#6641,.F.);
#6641 = EDGE_CURVE('',#6429,#6614,#6642,.T.);
#6642 = SURFACE_CURVE('',#6643,(#6647,#6654),.PCURVE_S1.);
#6643 = LINE('',#6644,#6645);
#6644 = CARTESIAN_POINT('',(79.899494936612,-3.8,25.));
#6645 = VECTOR('',#6646,1.);
#6646 = DIRECTION('',(0.707106781187,0.,-0.707106781187));
#6647 = PCURVE('',#6329,#6648);
#6648 = DEFINITIONAL_REPRESENTATION('',(#6649),#6653);
#6649 = LINE('',#6650,#6651);
#6650 = CARTESIAN_POINT('',(17.,17.));
#6651 = VECTOR('',#6652,1.);
#6652 = DIRECTION('',(0.,1.));
#6653 = ( GEOMETRIC_REPRESENTATION_CONTEXT(2) 
PARAMETRIC_REPRESENTATION_CONTEXT() REPRESENTATION_CONTEXT('2D SPACE',''
  ) );
#6654 = PCURVE('',#6655,#6660);
#6655 = PLANE('',#6656);
#6656 = AXIS2_PLACEMENT_3D('',#6657,#6658,#6659);
#6657 = CARTESIAN_POINT('',(79.899494936612,-3.8,25.));
#6658 = DIRECTION('',(0.707106781187,0.,0.707106781187));
#6659 = DIRECTION('',(0.707106781187,0.,-0.707106781187));
#6660 = DEFINITIONAL_REPRESENTATION('',(#6661),#6665);
#6661 = LINE('',#6662,#6663);
#6662 = CARTESIAN_POINT('',(0.,0.));
#6663 = VECTOR('',#6664,1.);
#6664 = DIRECTION('',(1.,0.));
#6665 = ( GEOMETRIC_REPRESENTATION_CONTEXT(2) 
PARAMETRIC_REPRESENTATION_CONTEXT() REPRESENTATION_CONTEXT('2D SPACE',''
  ) );
#6666 = FACE_BOUND('',#6667,.F.);
#6667 = EDGE_LOOP('',(#6668));
#6668 = ORIENTED_EDGE('',*,*,#6669,.F.);
#6669 = EDGE_CURVE('',#6670,#6670,#6672,.T.);
#6670 = VERTEX_POINT('',#6671);
#6671 = CARTESIAN_POINT('',(71.55563491861,-3.8,23.44436508139));
#6672 = SURFACE_CURVE('',#6673,(#6678,#6685),.PCURVE_S1.);
#6673 = CIRCLE('',#6674,2.2);
#6674 = AXIS2_PLACEMENT_3D('',#6675,#6676,#6677);
#6675 = CARTESIAN_POINT('',(70.,-3.8,25.));
#6676 = DIRECTION('',(0.,1.,0.));
#6677 = DIRECTION('',(0.707106781187,0.,-0.707106781187));
#6678 = PCURVE('',#6329,#6679);
#6679 = DEFINITIONAL_REPRESENTATION('',(#6680),#6684);
#6680 = CIRCLE('',#6681,2.2);
#6681 = AXIS2_PLACEMENT_2D('',#6682,#6683);
#6682 = CARTESIAN_POINT('',(10.,10.));
#6683 = DIRECTION('',(0.,1.));
#6684 = ( GEOMETRIC_REPRESENTATION_CONTEXT(2) 
PARAMETRIC_REPRESENTATION_CONTEXT() REPRESENTATION_CONTEXT('2D SPACE',''
  ) );
#6685 = PCURVE('',#6686,#6691);
#6686 = CYLINDRICAL_SURFACE('',#6687,2.2);
#6687 = AXIS2_PLACEMENT_3D('',#6688,#6689,#6690);
#6688 = CARTESIAN_POINT('',(70.,0.,25.));
#6689 = DIRECTION('',(0.,1.,0.));
#6690 = DIRECTION('',(0.707106781187,0.,-0.707106781187));
#6691 = DEFINITIONAL_REPRESENTATION('',(#6692),#6696);
#6692 = LINE('',#6693,#6694);
#6693 = CARTESIAN_POINT('',(-6.28318530718,-3.8));
#6694 = VECTOR('',#6695,1.);
#6695 = DIRECTION('',(1.,-0.));
#6696 = ( GEOMETRIC_REPRESENTATION_CONTEXT(2) 
PARAMETRIC_REPRESENTATION_CONTEXT() REPRESENTATION_CONTEXT('2D SPACE',''
  ) );
#6697 = ADVANCED_FACE('',(#6698),#6411,.T.);
#6698 = FACE_BOUND('',#6699,.T.);
#6699 = EDGE_LOOP('',(#6700,#6723,#6724,#6725));
#6700 = ORIENTED_EDGE('',*,*,#6701,.F.);
#6701 = EDGE_CURVE('',#6370,#6702,#6704,.T.);
#6702 = VERTEX_POINT('',#6703);
#6703 = CARTESIAN_POINT('',(82.020815280171,3.8,27.12132034356));
#6704 = SURFACE_CURVE('',#6705,(#6709,#6716),.PCURVE_S1.);
#6705 = LINE('',#6706,#6707);
#6706 = CARTESIAN_POINT('',(70.,3.8,39.142135623731));
#6707 = VECTOR('',#6708,1.);
#6708 = DIRECTION('',(0.707106781187,0.,-0.707106781187));
#6709 = PCURVE('',#6411,#6710);
#6710 = DEFINITIONAL_REPRESENTATION('',(#6711),#6715);
#6711 = LINE('',#6712,#6713);
#6712 = CARTESIAN_POINT('',(0.,7.6));
#6713 = VECTOR('',#6714,1.);
#6714 = DIRECTION('',(1.,0.));
#6715 = ( GEOMETRIC_REPRESENTATION_CONTEXT(2) 
PARAMETRIC_REPRESENTATION_CONTEXT() REPRESENTATION_CONTEXT('2D SPACE',''
  ) );
#6716 = PCURVE('',#6385,#6717);
#6717 = DEFINITIONAL_REPRESENTATION('',(#6718),#6722);
#6718 = LINE('',#6719,#6720);
#6719 = CARTESIAN_POINT('',(20.,1.7763568394E-15));
#6720 = VECTOR('',#6721,1.);
#6721 = DIRECTION('',(0.,1.));
#6722 = ( GEOMETRIC_REPRESENTATION_CONTEXT(2) 
PARAMETRIC_REPRESENTATION_CONTEXT() REPRESENTATION_CONTEXT('2D SPACE',''
  ) );
#6723 = ORIENTED_EDGE('',*,*,#6397,.F.);
#6724 = ORIENTED_EDGE('',*,*,#6478,.T.);
#6725 = ORIENTED_EDGE('',*,*,#6726,.T.);
#6726 = EDGE_CURVE('',#6479,#6702,#6727,.T.);
#6727 = SURFACE_CURVE('',#6728,(#6732,#6739),.PCURVE_S1.);
#6728 = LINE('',#6729,#6730);
#6729 = CARTESIAN_POINT('',(82.020815280171,-3.8,27.12132034356));
#6730 = VECTOR('',#6731,1.);
#6731 = DIRECTION('',(0.,1.,0.));
#6732 = PCURVE('',#6411,#6733);
#6733 = DEFINITIONAL_REPRESENTATION('',(#6734),#6738);
#6734 = LINE('',#6735,#6736);
#6735 = CARTESIAN_POINT('',(17.,0.));
#6736 = VECTOR('',#6737,1.);
#6737 = DIRECTION('',(0.,1.));
#6738 = ( GEOMETRIC_REPRESENTATION_CONTEXT(2) 
PARAMETRIC_REPRESENTATION_CONTEXT() REPRESENTATION_CONTEXT('2D SPACE',''
  ) );
#6739 = PCURVE('',#6517,#6740);
#6740 = DEFINITIONAL_REPRESENTATION('',(#6741),#6745);
#6741 = LINE('',#6742,#6743);
#6742 = CARTESIAN_POINT('',(3.,0.));
#6743 = VECTOR('',#6744,1.);
#6744 = DIRECTION('',(0.,-1.));
#6745 = ( GEOMETRIC_REPRESENTATION_CONTEXT(2) 
PARAMETRIC_REPRESENTATION_CONTEXT() REPRESENTATION_CONTEXT('2D SPACE',''
  ) );
#6746 = ADVANCED_FACE('',(#6747,#6933),#6385,.T.);
#6747 = FACE_BOUND('',#6748,.T.);
#6748 = EDGE_LOOP('',(#6749,#6774,#6795,#6796,#6797,#6820,#6843,#6866,
    #6889,#6912));
#6749 = ORIENTED_EDGE('',*,*,#6750,.F.);
#6750 = EDGE_CURVE('',#6751,#6753,#6755,.T.);
#6751 = VERTEX_POINT('',#6752);
#6752 = CARTESIAN_POINT('',(70.,3.8,10.857864376269));
#6753 = VERTEX_POINT('',#6754);
#6754 = CARTESIAN_POINT('',(82.020815280171,3.8,22.87867965644));
#6755 = SURFACE_CURVE('',#6756,(#6760,#6767),.PCURVE_S1.);
#6756 = LINE('',#6757,#6758);
#6757 = CARTESIAN_POINT('',(70.,3.8,10.857864376269));
#6758 = VECTOR('',#6759,1.);
#6759 = DIRECTION('',(0.707106781187,0.,0.707106781187));
#6760 = PCURVE('',#6385,#6761);
#6761 = DEFINITIONAL_REPRESENTATION('',(#6762),#6766);
#6762 = LINE('',#6763,#6764);
#6763 = CARTESIAN_POINT('',(-1.7763568394E-15,20.));
#6764 = VECTOR('',#6765,1.);
#6765 = DIRECTION('',(1.,0.));
#6766 = ( GEOMETRIC_REPRESENTATION_CONTEXT(2) 
PARAMETRIC_REPRESENTATION_CONTEXT() REPRESENTATION_CONTEXT('2D SPACE',''
  ) );
#6767 = PCURVE('',#6444,#6768);
#6768 = DEFINITIONAL_REPRESENTATION('',(#6769),#6773);
#6769 = LINE('',#6770,#6771);
#6770 = CARTESIAN_POINT('',(0.,-7.6));
#6771 = VECTOR('',#6772,1.);
#6772 = DIRECTION('',(1.,0.));
#6773 = ( GEOMETRIC_REPRESENTATION_CONTEXT(2) 
PARAMETRIC_REPRESENTATION_CONTEXT() REPRESENTATION_CONTEXT('2D SPACE',''
  ) );
#6774 = ORIENTED_EDGE('',*,*,#6775,.F.);
#6775 = EDGE_CURVE('',#6342,#6751,#6776,.T.);
#6776 = SURFACE_CURVE('',#6777,(#6781,#6788),.PCURVE_S1.);
#6777 = LINE('',#6778,#6779);
#6778 = CARTESIAN_POINT('',(55.857864376269,3.8,25.));
#6779 = VECTOR('',#6780,1.);
#6780 = DIRECTION('',(0.707106781187,0.,-0.707106781187));
#6781 = PCURVE('',#6385,#6782);
#6782 = DEFINITIONAL_REPRESENTATION('',(#6783),#6787);
#6783 = LINE('',#6784,#6785);
#6784 = CARTESIAN_POINT('',(0.,0.));
#6785 = VECTOR('',#6786,1.);
#6786 = DIRECTION('',(0.,1.));
#6787 = ( GEOMETRIC_REPRESENTATION_CONTEXT(2) 
PARAMETRIC_REPRESENTATION_CONTEXT() REPRESENTATION_CONTEXT('2D SPACE',''
  ) );
#6788 = PCURVE('',#6357,#6789);
#6789 = DEFINITIONAL_REPRESENTATION('',(#6790),#6794);
#6790 = LINE('',#6791,#6792);
#6791 = CARTESIAN_POINT('',(0.,7.6));
#6792 = VECTOR('',#6793,1.);
#6793 = DIRECTION('',(1.,0.));
#6794 = ( GEOMETRIC_REPRESENTATION_CONTEXT(2) 
PARAMETRIC_REPRESENTATION_CONTEXT() REPRESENTATION_CONTEXT('2D SPACE',''
  ) );
#6795 = ORIENTED_EDGE('',*,*,#6369,.T.);
#6796 = ORIENTED_EDGE('',*,*,#6701,.T.);
#6797 = ORIENTED_EDGE('',*,*,#6798,.T.);
#6798 = EDGE_CURVE('',#6702,#6799,#6801,.T.);
#6799 = VERTEX_POINT('',#6800);
#6800 = CARTESIAN_POINT('',(82.727922061358,3.8,27.828427124746));
#6801 = SURFACE_CURVE('',#6802,(#6806,#6813),.PCURVE_S1.);
#6802 = LINE('',#6803,#6804);
#6803 = CARTESIAN_POINT('',(79.899494936612,3.8,25.));
#6804 = VECTOR('',#6805,1.);
#6805 = DIRECTION('',(0.707106781187,0.,0.707106781187));
#6806 = PCURVE('',#6385,#6807);
#6807 = DEFINITIONAL_REPRESENTATION('',(#6808),#6812);
#6808 = LINE('',#6809,#6810);
#6809 = CARTESIAN_POINT('',(17.,17.));
#6810 = VECTOR('',#6811,1.);
#6811 = DIRECTION('',(1.,0.));
#6812 = ( GEOMETRIC_REPRESENTATION_CONTEXT(2) 
PARAMETRIC_REPRESENTATION_CONTEXT() REPRESENTATION_CONTEXT('2D SPACE',''
  ) );
#6813 = PCURVE('',#6517,#6814);
#6814 = DEFINITIONAL_REPRESENTATION('',(#6815),#6819);
#6815 = LINE('',#6816,#6817);
#6816 = CARTESIAN_POINT('',(0.,-7.6));
#6817 = VECTOR('',#6818,1.);
#6818 = DIRECTION('',(1.,0.));
#6819 = ( GEOMETRIC_REPRESENTATION_CONTEXT(2) 
PARAMETRIC_REPRESENTATION_CONTEXT() REPRESENTATION_CONTEXT('2D SPACE',''
  ) );
#6820 = ORIENTED_EDGE('',*,*,#6821,.T.);
#6821 = EDGE_CURVE('',#6799,#6822,#6824,.T.);
#6822 = VERTEX_POINT('',#6823);
#6823 = CARTESIAN_POINT('',(86.263455967291,3.8,24.292893218813));
#6824 = SURFACE_CURVE('',#6825,(#6829,#6836),.PCURVE_S1.);
#6825 = LINE('',#6826,#6827);
#6826 = CARTESIAN_POINT('',(82.727922061358,3.8,27.828427124746));
#6827 = VECTOR('',#6828,1.);
#6828 = DIRECTION('',(0.707106781187,0.,-0.707106781187));
#6829 = PCURVE('',#6385,#6830);
#6830 = DEFINITIONAL_REPRESENTATION('',(#6831),#6835);
#6831 = LINE('',#6832,#6833);
#6832 = CARTESIAN_POINT('',(21.,17.));
#6833 = VECTOR('',#6834,1.);
#6834 = DIRECTION('',(0.,1.));
#6835 = ( GEOMETRIC_REPRESENTATION_CONTEXT(2) 
PARAMETRIC_REPRESENTATION_CONTEXT() REPRESENTATION_CONTEXT('2D SPACE',''
  ) );
#6836 = PCURVE('',#6545,#6837);
#6837 = DEFINITIONAL_REPRESENTATION('',(#6838),#6842);
#6838 = LINE('',#6839,#6840);
#6839 = CARTESIAN_POINT('',(0.,7.6));
#6840 = VECTOR('',#6841,1.);
#6841 = DIRECTION('',(1.,0.));
#6842 = ( GEOMETRIC_REPRESENTATION_CONTEXT(2) 
PARAMETRIC_REPRESENTATION_CONTEXT() REPRESENTATION_CONTEXT('2D SPACE',''
  ) );
#6843 = ORIENTED_EDGE('',*,*,#6844,.T.);
#6844 = EDGE_CURVE('',#6822,#6845,#6847,.T.);
#6845 = VERTEX_POINT('',#6846);
#6846 = CARTESIAN_POINT('',(84.142135623731,3.8,22.171572875254));
#6847 = SURFACE_CURVE('',#6848,(#6852,#6859),.PCURVE_S1.);
#6848 = LINE('',#6849,#6850);
#6849 = CARTESIAN_POINT('',(77.778174593052,3.8,15.807611844575));
#6850 = VECTOR('',#6851,1.);
#6851 = DIRECTION('',(-0.707106781187,0.,-0.707106781187));
#6852 = PCURVE('',#6385,#6853);
#6853 = DEFINITIONAL_REPRESENTATION('',(#6854),#6858);
#6854 = LINE('',#6855,#6856);
#6855 = CARTESIAN_POINT('',(9.,22.));
#6856 = VECTOR('',#6857,1.);
#6857 = DIRECTION('',(-1.,0.));
#6858 = ( GEOMETRIC_REPRESENTATION_CONTEXT(2) 
PARAMETRIC_REPRESENTATION_CONTEXT() REPRESENTATION_CONTEXT('2D SPACE',''
  ) );
#6859 = PCURVE('',#6573,#6860);
#6860 = DEFINITIONAL_REPRESENTATION('',(#6861),#6865);
#6861 = LINE('',#6862,#6863);
#6862 = CARTESIAN_POINT('',(-9.,-21.8));
#6863 = VECTOR('',#6864,1.);
#6864 = DIRECTION('',(-1.,-0.));
#6865 = ( GEOMETRIC_REPRESENTATION_CONTEXT(2) 
PARAMETRIC_REPRESENTATION_CONTEXT() REPRESENTATION_CONTEXT('2D SPACE',''
  ) );
#6866 = ORIENTED_EDGE('',*,*,#6867,.T.);
#6867 = EDGE_CURVE('',#6845,#6868,#6870,.T.);
#6868 = VERTEX_POINT('',#6869);
#6869 = CARTESIAN_POINT('',(86.263455967291,3.8,20.050252531694));
#6870 = SURFACE_CURVE('',#6871,(#6875,#6882),.PCURVE_S1.);
#6871 = LINE('',#6872,#6873);
#6872 = CARTESIAN_POINT('',(76.363961030679,3.8,29.949747468306));
#6873 = VECTOR('',#6874,1.);
#6874 = DIRECTION('',(0.707106781187,0.,-0.707106781187));
#6875 = PCURVE('',#6385,#6876);
#6876 = DEFINITIONAL_REPRESENTATION('',(#6877),#6881);
#6877 = LINE('',#6878,#6879);
#6878 = CARTESIAN_POINT('',(18.,11.));
#6879 = VECTOR('',#6880,1.);
#6880 = DIRECTION('',(0.,1.));
#6881 = ( GEOMETRIC_REPRESENTATION_CONTEXT(2) 
PARAMETRIC_REPRESENTATION_CONTEXT() REPRESENTATION_CONTEXT('2D SPACE',''
  ) );
#6882 = PCURVE('',#6601,#6883);
#6883 = DEFINITIONAL_REPRESENTATION('',(#6884),#6888);
#6884 = LINE('',#6885,#6886);
#6885 = CARTESIAN_POINT('',(-11.,21.8));
#6886 = VECTOR('',#6887,1.);
#6887 = DIRECTION('',(1.,0.));
#6888 = ( GEOMETRIC_REPRESENTATION_CONTEXT(2) 
PARAMETRIC_REPRESENTATION_CONTEXT() REPRESENTATION_CONTEXT('2D SPACE',''
  ) );
#6889 = ORIENTED_EDGE('',*,*,#6890,.F.);
#6890 = EDGE_CURVE('',#6891,#6868,#6893,.T.);
#6891 = VERTEX_POINT('',#6892);
#6892 = CARTESIAN_POINT('',(85.556349186104,3.8,19.343145750508));
#6893 = SURFACE_CURVE('',#6894,(#6898,#6905),.PCURVE_S1.);
#6894 = LINE('',#6895,#6896);
#6895 = CARTESIAN_POINT('',(85.556349186104,3.8,19.343145750508));
#6896 = VECTOR('',#6897,1.);
#6897 = DIRECTION('',(0.707106781187,0.,0.707106781187));
#6898 = PCURVE('',#6385,#6899);
#6899 = DEFINITIONAL_REPRESENTATION('',(#6900),#6904);
#6900 = LINE('',#6901,#6902);
#6901 = CARTESIAN_POINT('',(17.,25.));
#6902 = VECTOR('',#6903,1.);
#6903 = DIRECTION('',(1.,0.));
#6904 = ( GEOMETRIC_REPRESENTATION_CONTEXT(2) 
PARAMETRIC_REPRESENTATION_CONTEXT() REPRESENTATION_CONTEXT('2D SPACE',''
  ) );
#6905 = PCURVE('',#6629,#6906);
#6906 = DEFINITIONAL_REPRESENTATION('',(#6907),#6911);
#6907 = LINE('',#6908,#6909);
#6908 = CARTESIAN_POINT('',(0.,-7.6));
#6909 = VECTOR('',#6910,1.);
#6910 = DIRECTION('',(1.,0.));
#6911 = ( GEOMETRIC_REPRESENTATION_CONTEXT(2) 
PARAMETRIC_REPRESENTATION_CONTEXT() REPRESENTATION_CONTEXT('2D SPACE',''
  ) );
#6912 = ORIENTED_EDGE('',*,*,#6913,.F.);
#6913 = EDGE_CURVE('',#6753,#6891,#6914,.T.);
#6914 = SURFACE_CURVE('',#6915,(#6919,#6926),.PCURVE_S1.);
#6915 = LINE('',#6916,#6917);
#6916 = CARTESIAN_POINT('',(79.899494936612,3.8,25.));
#6917 = VECTOR('',#6918,1.);
#6918 = DIRECTION('',(0.707106781187,0.,-0.707106781187));
#6919 = PCURVE('',#6385,#6920);
#6920 = DEFINITIONAL_REPRESENTATION('',(#6921),#6925);
#6921 = LINE('',#6922,#6923);
#6922 = CARTESIAN_POINT('',(17.,17.));
#6923 = VECTOR('',#6924,1.);
#6924 = DIRECTION('',(0.,1.));
#6925 = ( GEOMETRIC_REPRESENTATION_CONTEXT(2) 
PARAMETRIC_REPRESENTATION_CONTEXT() REPRESENTATION_CONTEXT('2D SPACE',''
  ) );
#6926 = PCURVE('',#6655,#6927);
#6927 = DEFINITIONAL_REPRESENTATION('',(#6928),#6932);
#6928 = LINE('',#6929,#6930);
#6929 = CARTESIAN_POINT('',(0.,7.6));
#6930 = VECTOR('',#6931,1.);
#6931 = DIRECTION('',(1.,0.));
#6932 = ( GEOMETRIC_REPRESENTATION_CONTEXT(2) 
PARAMETRIC_REPRESENTATION_CONTEXT() REPRESENTATION_CONTEXT('2D SPACE',''
  ) );
#6933 = FACE_BOUND('',#6934,.T.);
#6934 = EDGE_LOOP('',(#6935));
#6935 = ORIENTED_EDGE('',*,*,#6936,.T.);
#6936 = EDGE_CURVE('',#6937,#6937,#6939,.T.);
#6937 = VERTEX_POINT('',#6938);
#6938 = CARTESIAN_POINT('',(71.55563491861,3.8,23.44436508139));
#6939 = SURFACE_CURVE('',#6940,(#6945,#6956),.PCURVE_S1.);
#6940 = CIRCLE('',#6941,2.2);
#6941 = AXIS2_PLACEMENT_3D('',#6942,#6943,#6944);
#6942 = CARTESIAN_POINT('',(70.,3.8,25.));
#6943 = DIRECTION('',(0.,-1.,0.));
#6944 = DIRECTION('',(0.707106781187,0.,-0.707106781187));
#6945 = PCURVE('',#6385,#6946);
#6946 = DEFINITIONAL_REPRESENTATION('',(#6947),#6955);
#6947 = ( BOUNDED_CURVE() B_SPLINE_CURVE(2,(#6948,#6949,#6950,#6951,
#6952,#6953,#6954),.UNSPECIFIED.,.T.,.F.) B_SPLINE_CURVE_WITH_KNOTS((1,2
    ,2,2,2,1),(-2.094395102393,0.,2.094395102393,4.188790204786,
6.28318530718,8.377580409573),.UNSPECIFIED.) CURVE() 
GEOMETRIC_REPRESENTATION_ITEM() RATIONAL_B_SPLINE_CURVE((1.,0.5,1.,0.5,
1.,0.5,1.)) REPRESENTATION_ITEM('') );
#6948 = CARTESIAN_POINT('',(10.,12.2));
#6949 = CARTESIAN_POINT('',(13.810511776652,12.2));
#6950 = CARTESIAN_POINT('',(11.905255888326,8.9));
#6951 = CARTESIAN_POINT('',(10.,5.6));
#6952 = CARTESIAN_POINT('',(8.094744111674,8.9));
#6953 = CARTESIAN_POINT('',(6.189488223348,12.2));
#6954 = CARTESIAN_POINT('',(10.,12.2));
#6955 = ( GEOMETRIC_REPRESENTATION_CONTEXT(2) 
PARAMETRIC_REPRESENTATION_CONTEXT() REPRESENTATION_CONTEXT('2D SPACE',''
  ) );
#6956 = PCURVE('',#6957,#6962);
#6957 = CYLINDRICAL_SURFACE('',#6958,2.2);
#6958 = AXIS2_PLACEMENT_3D('',#6959,#6960,#6961);
#6959 = CARTESIAN_POINT('',(70.,0.,25.));
#6960 = DIRECTION('',(0.,-1.,0.));
#6961 = DIRECTION('',(0.707106781187,0.,-0.707106781187));
#6962 = DEFINITIONAL_REPRESENTATION('',(#6963),#6967);
#6963 = LINE('',#6964,#6965);
#6964 = CARTESIAN_POINT('',(0.,-3.8));
#6965 = VECTOR('',#6966,1.);
#6966 = DIRECTION('',(1.,0.));
#6967 = ( GEOMETRIC_REPRESENTATION_CONTEXT(2) 
PARAMETRIC_REPRESENTATION_CONTEXT() REPRESENTATION_CONTEXT('2D SPACE',''
  ) );
#6968 = ADVANCED_FACE('',(#6969),#6357,.F.);
#6969 = FACE_BOUND('',#6970,.F.);
#6970 = EDGE_LOOP('',(#6971,#6972,#6973,#6994));
#6971 = ORIENTED_EDGE('',*,*,#6341,.F.);
#6972 = ORIENTED_EDGE('',*,*,#6456,.T.);
#6973 = ORIENTED_EDGE('',*,*,#6974,.T.);
#6974 = EDGE_CURVE('',#6427,#6751,#6975,.T.);
#6975 = SURFACE_CURVE('',#6976,(#6980,#6987),.PCURVE_S1.);
#6976 = LINE('',#6977,#6978);
#6977 = CARTESIAN_POINT('',(70.,-3.8,10.857864376269));
#6978 = VECTOR('',#6979,1.);
#6979 = DIRECTION('',(0.,1.,0.));
#6980 = PCURVE('',#6357,#6981);
#6981 = DEFINITIONAL_REPRESENTATION('',(#6982),#6986);
#6982 = LINE('',#6983,#6984);
#6983 = CARTESIAN_POINT('',(20.,0.));
#6984 = VECTOR('',#6985,1.);
#6985 = DIRECTION('',(0.,1.));
#6986 = ( GEOMETRIC_REPRESENTATION_CONTEXT(2) 
PARAMETRIC_REPRESENTATION_CONTEXT() REPRESENTATION_CONTEXT('2D SPACE',''
  ) );
#6987 = PCURVE('',#6444,#6988);
#6988 = DEFINITIONAL_REPRESENTATION('',(#6989),#6993);
#6989 = LINE('',#6990,#6991);
#6990 = CARTESIAN_POINT('',(0.,0.));
#6991 = VECTOR('',#6992,1.);
#6992 = DIRECTION('',(0.,-1.));
#6993 = ( GEOMETRIC_REPRESENTATION_CONTEXT(2) 
PARAMETRIC_REPRESENTATION_CONTEXT() REPRESENTATION_CONTEXT('2D SPACE',''
  ) );
#6994 = ORIENTED_EDGE('',*,*,#6775,.F.);
#6995 = ADVANCED_FACE('',(#6996),#6444,.T.);
#6996 = FACE_BOUND('',#6997,.T.);
#6997 = EDGE_LOOP('',(#6998,#6999,#7000,#7001));
#6998 = ORIENTED_EDGE('',*,*,#6426,.F.);
#6999 = ORIENTED_EDGE('',*,*,#6974,.T.);
#7000 = ORIENTED_EDGE('',*,*,#6750,.T.);
#7001 = ORIENTED_EDGE('',*,*,#7002,.T.);
#7002 = EDGE_CURVE('',#6753,#6429,#7003,.T.);
#7003 = SURFACE_CURVE('',#7004,(#7008,#7015),.PCURVE_S1.);
#7004 = LINE('',#7005,#7006);
#7005 = CARTESIAN_POINT('',(82.020815280171,-3.8,22.87867965644));
#7006 = VECTOR('',#7007,1.);
#7007 = DIRECTION('',(0.,-1.,0.));
#7008 = PCURVE('',#6444,#7009);
#7009 = DEFINITIONAL_REPRESENTATION('',(#7010),#7014);
#7010 = LINE('',#7011,#7012);
#7011 = CARTESIAN_POINT('',(17.,0.));
#7012 = VECTOR('',#7013,1.);
#7013 = DIRECTION('',(0.,1.));
#7014 = ( GEOMETRIC_REPRESENTATION_CONTEXT(2) 
PARAMETRIC_REPRESENTATION_CONTEXT() REPRESENTATION_CONTEXT('2D SPACE',''
  ) );
#7015 = PCURVE('',#6655,#7016);
#7016 = DEFINITIONAL_REPRESENTATION('',(#7017),#7021);
#7017 = LINE('',#7018,#7019);
#7018 = CARTESIAN_POINT('',(3.,0.));
#7019 = VECTOR('',#7020,1.);
#7020 = DIRECTION('',(0.,-1.));
#7021 = ( GEOMETRIC_REPRESENTATION_CONTEXT(2) 
PARAMETRIC_REPRESENTATION_CONTEXT() REPRESENTATION_CONTEXT('2D SPACE',''
  ) );
#7022 = ADVANCED_FACE('',(#7023),#6655,.F.);
#7023 = FACE_BOUND('',#7024,.F.);
#7024 = EDGE_LOOP('',(#7025,#7026,#7027,#7028));
#7025 = ORIENTED_EDGE('',*,*,#6913,.F.);
#7026 = ORIENTED_EDGE('',*,*,#7002,.T.);
#7027 = ORIENTED_EDGE('',*,*,#6641,.T.);
#7028 = ORIENTED_EDGE('',*,*,#7029,.T.);
#7029 = EDGE_CURVE('',#6614,#6891,#7030,.T.);
#7030 = SURFACE_CURVE('',#7031,(#7035,#7042),.PCURVE_S1.);
#7031 = LINE('',#7032,#7033);
#7032 = CARTESIAN_POINT('',(85.556349186104,-3.8,19.343145750508));
#7033 = VECTOR('',#7034,1.);
#7034 = DIRECTION('',(0.,1.,0.));
#7035 = PCURVE('',#6655,#7036);
#7036 = DEFINITIONAL_REPRESENTATION('',(#7037),#7041);
#7037 = LINE('',#7038,#7039);
#7038 = CARTESIAN_POINT('',(8.,0.));
#7039 = VECTOR('',#7040,1.);
#7040 = DIRECTION('',(0.,1.));
#7041 = ( GEOMETRIC_REPRESENTATION_CONTEXT(2) 
PARAMETRIC_REPRESENTATION_CONTEXT() REPRESENTATION_CONTEXT('2D SPACE',''
  ) );
#7042 = PCURVE('',#6629,#7043);
#7043 = DEFINITIONAL_REPRESENTATION('',(#7044),#7048);
#7044 = LINE('',#7045,#7046);
#7045 = CARTESIAN_POINT('',(0.,0.));
#7046 = VECTOR('',#7047,1.);
#7047 = DIRECTION('',(0.,-1.));
#7048 = ( GEOMETRIC_REPRESENTATION_CONTEXT(2) 
PARAMETRIC_REPRESENTATION_CONTEXT() REPRESENTATION_CONTEXT('2D SPACE',''
  ) );
#7049 = ADVANCED_FACE('',(#7050),#6629,.T.);
#7050 = FACE_BOUND('',#7051,.T.);
#7051 = EDGE_LOOP('',(#7052,#7053,#7054,#7055));
#7052 = ORIENTED_EDGE('',*,*,#6613,.F.);
#7053 = ORIENTED_EDGE('',*,*,#7029,.T.);
#7054 = ORIENTED_EDGE('',*,*,#6890,.T.);
#7055 = ORIENTED_EDGE('',*,*,#7056,.T.);
#7056 = EDGE_CURVE('',#6868,#6586,#7057,.T.);
#7057 = SURFACE_CURVE('',#7058,(#7062,#7069),.PCURVE_S1.);
#7058 = LINE('',#7059,#7060);
#7059 = CARTESIAN_POINT('',(86.263455967291,-10.9,20.050252531694));
#7060 = VECTOR('',#7061,1.);
#7061 = DIRECTION('',(0.,-1.,0.));
#7062 = PCURVE('',#6629,#7063);
#7063 = DEFINITIONAL_REPRESENTATION('',(#7064),#7068);
#7064 = LINE('',#7065,#7066);
#7065 = CARTESIAN_POINT('',(1.,7.1));
#7066 = VECTOR('',#7067,1.);
#7067 = DIRECTION('',(0.,1.));
#7068 = ( GEOMETRIC_REPRESENTATION_CONTEXT(2) 
PARAMETRIC_REPRESENTATION_CONTEXT() REPRESENTATION_CONTEXT('2D SPACE',''
  ) );
#7069 = PCURVE('',#6601,#7070);
#7070 = DEFINITIONAL_REPRESENTATION('',(#7071),#7075);
#7071 = LINE('',#7072,#7073);
#7072 = CARTESIAN_POINT('',(3.,7.1));
#7073 = VECTOR('',#7074,1.);
#7074 = DIRECTION('',(0.,-1.));
#7075 = ( GEOMETRIC_REPRESENTATION_CONTEXT(2) 
PARAMETRIC_REPRESENTATION_CONTEXT() REPRESENTATION_CONTEXT('2D SPACE',''
  ) );
#7076 = ADVANCED_FACE('',(#7077,#7210,#7245),#6601,.F.);
#7077 = FACE_BOUND('',#7078,.F.);
#7078 = EDGE_LOOP('',(#7079,#7102,#7130,#7158,#7186,#7207,#7208,#7209));
#7079 = ORIENTED_EDGE('',*,*,#7080,.F.);
#7080 = EDGE_CURVE('',#7081,#6558,#7083,.T.);
#7081 = VERTEX_POINT('',#7082);
#7082 = CARTESIAN_POINT('',(84.142135623731,-18.,22.171572875254));
#7083 = SURFACE_CURVE('',#7084,(#7088,#7095),.PCURVE_S1.);
#7084 = LINE('',#7085,#7086);
#7085 = CARTESIAN_POINT('',(84.142135623731,-18.,22.171572875254));
#7086 = VECTOR('',#7087,1.);
#7087 = DIRECTION('',(0.,1.,0.));
#7088 = PCURVE('',#6601,#7089);
#7089 = DEFINITIONAL_REPRESENTATION('',(#7090),#7094);
#7090 = LINE('',#7091,#7092);
#7091 = CARTESIAN_POINT('',(0.,0.));
#7092 = VECTOR('',#7093,1.);
#7093 = DIRECTION('',(0.,1.));
#7094 = ( GEOMETRIC_REPRESENTATION_CONTEXT(2) 
PARAMETRIC_REPRESENTATION_CONTEXT() REPRESENTATION_CONTEXT('2D SPACE',''
  ) );
#7095 = PCURVE('',#6573,#7096);
#7096 = DEFINITIONAL_REPRESENTATION('',(#7097),#7101);
#7097 = LINE('',#7098,#7099);
#7098 = CARTESIAN_POINT('',(0.,0.));
#7099 = VECTOR('',#7100,1.);
#7100 = DIRECTION('',(0.,-1.));
#7101 = ( GEOMETRIC_REPRESENTATION_CONTEXT(2) 
PARAMETRIC_REPRESENTATION_CONTEXT() REPRESENTATION_CONTEXT('2D SPACE',''
  ) );
#7102 = ORIENTED_EDGE('',*,*,#7103,.T.);
#7103 = EDGE_CURVE('',#7081,#7104,#7106,.T.);
#7104 = VERTEX_POINT('',#7105);
#7105 = CARTESIAN_POINT('',(111.01219330882,-18.,-4.698484809835));
#7106 = SURFACE_CURVE('',#7107,(#7111,#7118),.PCURVE_S1.);
#7107 = LINE('',#7108,#7109);
#7108 = CARTESIAN_POINT('',(84.142135623731,-18.,22.171572875254));
#7109 = VECTOR('',#7110,1.);
#7110 = DIRECTION('',(0.707106781187,0.,-0.707106781187));
#7111 = PCURVE('',#6601,#7112);
#7112 = DEFINITIONAL_REPRESENTATION('',(#7113),#7117);
#7113 = LINE('',#7114,#7115);
#7114 = CARTESIAN_POINT('',(0.,0.));
#7115 = VECTOR('',#7116,1.);
#7116 = DIRECTION('',(1.,0.));
#7117 = ( GEOMETRIC_REPRESENTATION_CONTEXT(2) 
PARAMETRIC_REPRESENTATION_CONTEXT() REPRESENTATION_CONTEXT('2D SPACE',''
  ) );
#7118 = PCURVE('',#7119,#7124);
#7119 = PLANE('',#7120);
#7120 = AXIS2_PLACEMENT_3D('',#7121,#7122,#7123);
#7121 = CARTESIAN_POINT('',(84.142135623731,-18.,22.171572875254));
#7122 = DIRECTION('',(0.,1.,0.));
#7123 = DIRECTION('',(0.707106781187,0.,0.707106781187));
#7124 = DEFINITIONAL_REPRESENTATION('',(#7125),#7129);
#7125 = LINE('',#7126,#7127);
#7126 = CARTESIAN_POINT('',(0.,0.));
#7127 = VECTOR('',#7128,1.);
#7128 = DIRECTION('',(0.,1.));
#7129 = ( GEOMETRIC_REPRESENTATION_CONTEXT(2) 
PARAMETRIC_REPRESENTATION_CONTEXT() REPRESENTATION_CONTEXT('2D SPACE',''
  ) );
#7130 = ORIENTED_EDGE('',*,*,#7131,.T.);
#7131 = EDGE_CURVE('',#7104,#7132,#7134,.T.);
#7132 = VERTEX_POINT('',#7133);
#7133 = CARTESIAN_POINT('',(111.01219330882,18.,-4.698484809835));
#7134 = SURFACE_CURVE('',#7135,(#7139,#7146),.PCURVE_S1.);
#7135 = LINE('',#7136,#7137);
#7136 = CARTESIAN_POINT('',(111.01219330882,-18.,-4.698484809835));
#7137 = VECTOR('',#7138,1.);
#7138 = DIRECTION('',(0.,1.,0.));
#7139 = PCURVE('',#6601,#7140);
#7140 = DEFINITIONAL_REPRESENTATION('',(#7141),#7145);
#7141 = LINE('',#7142,#7143);
#7142 = CARTESIAN_POINT('',(38.,0.));
#7143 = VECTOR('',#7144,1.);
#7144 = DIRECTION('',(0.,1.));
#7145 = ( GEOMETRIC_REPRESENTATION_CONTEXT(2) 
PARAMETRIC_REPRESENTATION_CONTEXT() REPRESENTATION_CONTEXT('2D SPACE',''
  ) );
#7146 = PCURVE('',#7147,#7152);
#7147 = PLANE('',#7148);
#7148 = AXIS2_PLACEMENT_3D('',#7149,#7150,#7151);
#7149 = CARTESIAN_POINT('',(111.01219330882,-18.,-4.698484809835));
#7150 = DIRECTION('',(0.707106781187,0.,-0.707106781187));
#7151 = DIRECTION('',(0.707106781187,0.,0.707106781187));
#7152 = DEFINITIONAL_REPRESENTATION('',(#7153),#7157);
#7153 = LINE('',#7154,#7155);
#7154 = CARTESIAN_POINT('',(0.,0.));
#7155 = VECTOR('',#7156,1.);
#7156 = DIRECTION('',(0.,-1.));
#7157 = ( GEOMETRIC_REPRESENTATION_CONTEXT(2) 
PARAMETRIC_REPRESENTATION_CONTEXT() REPRESENTATION_CONTEXT('2D SPACE',''
  ) );
#7158 = ORIENTED_EDGE('',*,*,#7159,.F.);
#7159 = EDGE_CURVE('',#7160,#7132,#7162,.T.);
#7160 = VERTEX_POINT('',#7161);
#7161 = CARTESIAN_POINT('',(84.142135623731,18.,22.171572875254));
#7162 = SURFACE_CURVE('',#7163,(#7167,#7174),.PCURVE_S1.);
#7163 = LINE('',#7164,#7165);
#7164 = CARTESIAN_POINT('',(84.142135623731,18.,22.171572875254));
#7165 = VECTOR('',#7166,1.);
#7166 = DIRECTION('',(0.707106781187,0.,-0.707106781187));
#7167 = PCURVE('',#6601,#7168);
#7168 = DEFINITIONAL_REPRESENTATION('',(#7169),#7173);
#7169 = LINE('',#7170,#7171);
#7170 = CARTESIAN_POINT('',(0.,36.));
#7171 = VECTOR('',#7172,1.);
#7172 = DIRECTION('',(1.,0.));
#7173 = ( GEOMETRIC_REPRESENTATION_CONTEXT(2) 
PARAMETRIC_REPRESENTATION_CONTEXT() REPRESENTATION_CONTEXT('2D SPACE',''
  ) );
#7174 = PCURVE('',#7175,#7180);
#7175 = PLANE('',#7176);
#7176 = AXIS2_PLACEMENT_3D('',#7177,#7178,#7179);
#7177 = CARTESIAN_POINT('',(84.142135623731,18.,22.171572875254));
#7178 = DIRECTION('',(0.,1.,0.));
#7179 = DIRECTION('',(0.707106781187,0.,0.707106781187));
#7180 = DEFINITIONAL_REPRESENTATION('',(#7181),#7185);
#7181 = LINE('',#7182,#7183);
#7182 = CARTESIAN_POINT('',(0.,0.));
#7183 = VECTOR('',#7184,1.);
#7184 = DIRECTION('',(0.,1.));
#7185 = ( GEOMETRIC_REPRESENTATION_CONTEXT(2) 
PARAMETRIC_REPRESENTATION_CONTEXT() REPRESENTATION_CONTEXT('2D SPACE',''
  ) );
#7186 = ORIENTED_EDGE('',*,*,#7187,.F.);
#7187 = EDGE_CURVE('',#6845,#7160,#7188,.T.);
#7188 = SURFACE_CURVE('',#7189,(#7193,#7200),.PCURVE_S1.);
#7189 = LINE('',#7190,#7191);
#7190 = CARTESIAN_POINT('',(84.142135623731,-18.,22.171572875254));
#7191 = VECTOR('',#7192,1.);
#7192 = DIRECTION('',(0.,1.,0.));
#7193 = PCURVE('',#6601,#7194);
#7194 = DEFINITIONAL_REPRESENTATION('',(#7195),#7199);
#7195 = LINE('',#7196,#7197);
#7196 = CARTESIAN_POINT('',(0.,0.));
#7197 = VECTOR('',#7198,1.);
#7198 = DIRECTION('',(0.,1.));
#7199 = ( GEOMETRIC_REPRESENTATION_CONTEXT(2) 
PARAMETRIC_REPRESENTATION_CONTEXT() REPRESENTATION_CONTEXT('2D SPACE',''
  ) );
#7200 = PCURVE('',#6573,#7201);
#7201 = DEFINITIONAL_REPRESENTATION('',(#7202),#7206);
#7202 = LINE('',#7203,#7204);
#7203 = CARTESIAN_POINT('',(0.,0.));
#7204 = VECTOR('',#7205,1.);
#7205 = DIRECTION('',(0.,-1.));
#7206 = ( GEOMETRIC_REPRESENTATION_CONTEXT(2) 
PARAMETRIC_REPRESENTATION_CONTEXT() REPRESENTATION_CONTEXT('2D SPACE',''
  ) );
#7207 = ORIENTED_EDGE('',*,*,#6867,.T.);
#7208 = ORIENTED_EDGE('',*,*,#7056,.T.);
#7209 = ORIENTED_EDGE('',*,*,#6585,.F.);
#7210 = FACE_BOUND('',#7211,.F.);
#7211 = EDGE_LOOP('',(#7212));
#7212 = ORIENTED_EDGE('',*,*,#7213,.T.);
#7213 = EDGE_CURVE('',#7214,#7214,#7216,.T.);
#7214 = VERTEX_POINT('',#7215);
#7215 = CARTESIAN_POINT('',(105.99173516239,-7.5,0.321973336589));
#7216 = SURFACE_CURVE('',#7217,(#7222,#7233),.PCURVE_S1.);
#7217 = CIRCLE('',#7218,1.7);
#7218 = AXIS2_PLACEMENT_3D('',#7219,#7220,#7221);
#7219 = CARTESIAN_POINT('',(104.78965363437,-7.5,1.524054864607));
#7220 = DIRECTION('',(-0.707106781187,-0.,-0.707106781187));
#7221 = DIRECTION('',(0.707106781187,0.,-0.707106781187));
#7222 = PCURVE('',#6601,#7223);
#7223 = DEFINITIONAL_REPRESENTATION('',(#7224),#7232);
#7224 = ( BOUNDED_CURVE() B_SPLINE_CURVE(2,(#7225,#7226,#7227,#7228,
#7229,#7230,#7231),.UNSPECIFIED.,.T.,.F.) B_SPLINE_CURVE_WITH_KNOTS((1,2
    ,2,2,2,1),(-2.094395102393,0.,2.094395102393,4.188790204786,
6.28318530718,8.377580409573),.UNSPECIFIED.) CURVE() 
GEOMETRIC_REPRESENTATION_ITEM() RATIONAL_B_SPLINE_CURVE((1.,0.5,1.,0.5,
1.,0.5,1.)) REPRESENTATION_ITEM('') );
#7225 = CARTESIAN_POINT('',(30.9,10.5));
#7226 = CARTESIAN_POINT('',(30.9,7.555513627133));
#7227 = CARTESIAN_POINT('',(28.35,9.027756813566));
#7228 = CARTESIAN_POINT('',(25.8,10.5));
#7229 = CARTESIAN_POINT('',(28.35,11.972243186434));
#7230 = CARTESIAN_POINT('',(30.9,13.444486372867));
#7231 = CARTESIAN_POINT('',(30.9,10.5));
#7232 = ( GEOMETRIC_REPRESENTATION_CONTEXT(2) 
PARAMETRIC_REPRESENTATION_CONTEXT() REPRESENTATION_CONTEXT('2D SPACE',''
  ) );
#7233 = PCURVE('',#7234,#7239);
#7234 = CYLINDRICAL_SURFACE('',#7235,1.7);
#7235 = AXIS2_PLACEMENT_3D('',#7236,#7237,#7238);
#7236 = CARTESIAN_POINT('',(102.66833329081,-7.5,-0.597265478953));
#7237 = DIRECTION('',(-0.707106781187,-0.,-0.707106781187));
#7238 = DIRECTION('',(0.707106781187,0.,-0.707106781187));
#7239 = DEFINITIONAL_REPRESENTATION('',(#7240),#7244);
#7240 = LINE('',#7241,#7242);
#7241 = CARTESIAN_POINT('',(-6.28318530718,-3.));
#7242 = VECTOR('',#7243,1.);
#7243 = DIRECTION('',(1.,-0.));
#7244 = ( GEOMETRIC_REPRESENTATION_CONTEXT(2) 
PARAMETRIC_REPRESENTATION_CONTEXT() REPRESENTATION_CONTEXT('2D SPACE',''
  ) );
#7245 = FACE_BOUND('',#7246,.F.);
#7246 = EDGE_LOOP('',(#7247));
#7247 = ORIENTED_EDGE('',*,*,#7248,.T.);
#7248 = EDGE_CURVE('',#7249,#7249,#7251,.T.);
#7249 = VERTEX_POINT('',#7250);
#7250 = CARTESIAN_POINT('',(105.99173516239,7.5,0.321973336589));
#7251 = SURFACE_CURVE('',#7252,(#7257,#7268),.PCURVE_S1.);
#7252 = CIRCLE('',#7253,1.7);
#7253 = AXIS2_PLACEMENT_3D('',#7254,#7255,#7256);
#7254 = CARTESIAN_POINT('',(104.78965363437,7.5,1.524054864607));
#7255 = DIRECTION('',(-0.707106781187,-0.,-0.707106781187));
#7256 = DIRECTION('',(0.707106781187,0.,-0.707106781187));
#7257 = PCURVE('',#6601,#7258);
#7258 = DEFINITIONAL_REPRESENTATION('',(#7259),#7267);
#7259 = ( BOUNDED_CURVE() B_SPLINE_CURVE(2,(#7260,#7261,#7262,#7263,
#7264,#7265,#7266),.UNSPECIFIED.,.T.,.F.) B_SPLINE_CURVE_WITH_KNOTS((1,2
    ,2,2,2,1),(-2.094395102393,0.,2.094395102393,4.188790204786,
6.28318530718,8.377580409573),.UNSPECIFIED.) CURVE() 
GEOMETRIC_REPRESENTATION_ITEM() RATIONAL_B_SPLINE_CURVE((1.,0.5,1.,0.5,
1.,0.5,1.)) REPRESENTATION_ITEM('') );
#7260 = CARTESIAN_POINT('',(30.9,25.5));
#7261 = CARTESIAN_POINT('',(30.9,22.555513627133));
#7262 = CARTESIAN_POINT('',(28.35,24.027756813566));
#7263 = CARTESIAN_POINT('',(25.8,25.5));
#7264 = CARTESIAN_POINT('',(28.35,26.972243186434));
#7265 = CARTESIAN_POINT('',(30.9,28.444486372867));
#7266 = CARTESIAN_POINT('',(30.9,25.5));
#7267 = ( GEOMETRIC_REPRESENTATION_CONTEXT(2) 
PARAMETRIC_REPRESENTATION_CONTEXT() REPRESENTATION_CONTEXT('2D SPACE',''
  ) );
#7268 = PCURVE('',#7269,#7274);
#7269 = CYLINDRICAL_SURFACE('',#7270,1.7);
#7270 = AXIS2_PLACEMENT_3D('',#7271,#7272,#7273);
#7271 = CARTESIAN_POINT('',(102.66833329081,7.5,-0.597265478953));
#7272 = DIRECTION('',(-0.707106781187,-0.,-0.707106781187));
#7273 = DIRECTION('',(0.707106781187,0.,-0.707106781187));
#7274 = DEFINITIONAL_REPRESENTATION('',(#7275),#7279);
#7275 = LINE('',#7276,#7277);
#7276 = CARTESIAN_POINT('',(-6.28318530718,-3.));
#7277 = VECTOR('',#7278,1.);
#7278 = DIRECTION('',(1.,-0.));
#7279 = ( GEOMETRIC_REPRESENTATION_CONTEXT(2) 
PARAMETRIC_REPRESENTATION_CONTEXT() REPRESENTATION_CONTEXT('2D SPACE',''
  ) );
#7280 = ADVANCED_FACE('',(#7281),#6573,.F.);
#7281 = FACE_BOUND('',#7282,.F.);
#7282 = EDGE_LOOP('',(#7283,#7313,#7334,#7335,#7336,#7357,#7358,#7359));
#7283 = ORIENTED_EDGE('',*,*,#7284,.F.);
#7284 = EDGE_CURVE('',#7285,#7287,#7289,.T.);
#7285 = VERTEX_POINT('',#7286);
#7286 = CARTESIAN_POINT('',(86.970562748477,-18.,25.));
#7287 = VERTEX_POINT('',#7288);
#7288 = CARTESIAN_POINT('',(86.970562748477,18.,25.));
#7289 = SURFACE_CURVE('',#7290,(#7294,#7301),.PCURVE_S1.);
#7290 = LINE('',#7291,#7292);
#7291 = CARTESIAN_POINT('',(86.970562748477,-18.,25.));
#7292 = VECTOR('',#7293,1.);
#7293 = DIRECTION('',(0.,1.,0.));
#7294 = PCURVE('',#6573,#7295);
#7295 = DEFINITIONAL_REPRESENTATION('',(#7296),#7300);
#7296 = LINE('',#7297,#7298);
#7297 = CARTESIAN_POINT('',(4.,0.));
#7298 = VECTOR('',#7299,1.);
#7299 = DIRECTION('',(0.,-1.));
#7300 = ( GEOMETRIC_REPRESENTATION_CONTEXT(2) 
PARAMETRIC_REPRESENTATION_CONTEXT() REPRESENTATION_CONTEXT('2D SPACE',''
  ) );
#7301 = PCURVE('',#7302,#7307);
#7302 = PLANE('',#7303);
#7303 = AXIS2_PLACEMENT_3D('',#7304,#7305,#7306);
#7304 = CARTESIAN_POINT('',(86.970562748477,-18.,25.));
#7305 = DIRECTION('',(0.707106781187,0.,0.707106781187));
#7306 = DIRECTION('',(0.707106781187,0.,-0.707106781187));
#7307 = DEFINITIONAL_REPRESENTATION('',(#7308),#7312);
#7308 = LINE('',#7309,#7310);
#7309 = CARTESIAN_POINT('',(0.,0.));
#7310 = VECTOR('',#7311,1.);
#7311 = DIRECTION('',(0.,1.));
#7312 = ( GEOMETRIC_REPRESENTATION_CONTEXT(2) 
PARAMETRIC_REPRESENTATION_CONTEXT() REPRESENTATION_CONTEXT('2D SPACE',''
  ) );
#7313 = ORIENTED_EDGE('',*,*,#7314,.F.);
#7314 = EDGE_CURVE('',#7081,#7285,#7315,.T.);
#7315 = SURFACE_CURVE('',#7316,(#7320,#7327),.PCURVE_S1.);
#7316 = LINE('',#7317,#7318);
#7317 = CARTESIAN_POINT('',(84.142135623731,-18.,22.171572875254));
#7318 = VECTOR('',#7319,1.);
#7319 = DIRECTION('',(0.707106781187,0.,0.707106781187));
#7320 = PCURVE('',#6573,#7321);
#7321 = DEFINITIONAL_REPRESENTATION('',(#7322),#7326);
#7322 = LINE('',#7323,#7324);
#7323 = CARTESIAN_POINT('',(0.,0.));
#7324 = VECTOR('',#7325,1.);
#7325 = DIRECTION('',(1.,0.));
#7326 = ( GEOMETRIC_REPRESENTATION_CONTEXT(2) 
PARAMETRIC_REPRESENTATION_CONTEXT() REPRESENTATION_CONTEXT('2D SPACE',''
  ) );
#7327 = PCURVE('',#7119,#7328);
#7328 = DEFINITIONAL_REPRESENTATION('',(#7329),#7333);
#7329 = LINE('',#7330,#7331);
#7330 = CARTESIAN_POINT('',(0.,0.));
#7331 = VECTOR('',#7332,1.);
#7332 = DIRECTION('',(1.,0.));
#7333 = ( GEOMETRIC_REPRESENTATION_CONTEXT(2) 
PARAMETRIC_REPRESENTATION_CONTEXT() REPRESENTATION_CONTEXT('2D SPACE',''
  ) );
#7334 = ORIENTED_EDGE('',*,*,#7080,.T.);
#7335 = ORIENTED_EDGE('',*,*,#6557,.F.);
#7336 = ORIENTED_EDGE('',*,*,#7337,.T.);
#7337 = EDGE_CURVE('',#6530,#6822,#7338,.T.);
#7338 = SURFACE_CURVE('',#7339,(#7343,#7350),.PCURVE_S1.);
#7339 = LINE('',#7340,#7341);
#7340 = CARTESIAN_POINT('',(86.263455967291,-10.9,24.292893218813));
#7341 = VECTOR('',#7342,1.);
#7342 = DIRECTION('',(0.,1.,0.));
#7343 = PCURVE('',#6573,#7344);
#7344 = DEFINITIONAL_REPRESENTATION('',(#7345),#7349);
#7345 = LINE('',#7346,#7347);
#7346 = CARTESIAN_POINT('',(3.,-7.1));
#7347 = VECTOR('',#7348,1.);
#7348 = DIRECTION('',(0.,-1.));
#7349 = ( GEOMETRIC_REPRESENTATION_CONTEXT(2) 
PARAMETRIC_REPRESENTATION_CONTEXT() REPRESENTATION_CONTEXT('2D SPACE',''
  ) );
#7350 = PCURVE('',#6545,#7351);
#7351 = DEFINITIONAL_REPRESENTATION('',(#7352),#7356);
#7352 = LINE('',#7353,#7354);
#7353 = CARTESIAN_POINT('',(5.,-7.1));
#7354 = VECTOR('',#7355,1.);
#7355 = DIRECTION('',(0.,1.));
#7356 = ( GEOMETRIC_REPRESENTATION_CONTEXT(2) 
PARAMETRIC_REPRESENTATION_CONTEXT() REPRESENTATION_CONTEXT('2D SPACE',''
  ) );
#7357 = ORIENTED_EDGE('',*,*,#6844,.T.);
#7358 = ORIENTED_EDGE('',*,*,#7187,.T.);
#7359 = ORIENTED_EDGE('',*,*,#7360,.T.);
#7360 = EDGE_CURVE('',#7160,#7287,#7361,.T.);
#7361 = SURFACE_CURVE('',#7362,(#7366,#7373),.PCURVE_S1.);
#7362 = LINE('',#7363,#7364);
#7363 = CARTESIAN_POINT('',(84.142135623731,18.,22.171572875254));
#7364 = VECTOR('',#7365,1.);
#7365 = DIRECTION('',(0.707106781187,0.,0.707106781187));
#7366 = PCURVE('',#6573,#7367);
#7367 = DEFINITIONAL_REPRESENTATION('',(#7368),#7372);
#7368 = LINE('',#7369,#7370);
#7369 = CARTESIAN_POINT('',(0.,-36.));
#7370 = VECTOR('',#7371,1.);
#7371 = DIRECTION('',(1.,0.));
#7372 = ( GEOMETRIC_REPRESENTATION_CONTEXT(2) 
PARAMETRIC_REPRESENTATION_CONTEXT() REPRESENTATION_CONTEXT('2D SPACE',''
  ) );
#7373 = PCURVE('',#7175,#7374);
#7374 = DEFINITIONAL_REPRESENTATION('',(#7375),#7379);
#7375 = LINE('',#7376,#7377);
#7376 = CARTESIAN_POINT('',(0.,0.));
#7377 = VECTOR('',#7378,1.);
#7378 = DIRECTION('',(1.,0.));
#7379 = ( GEOMETRIC_REPRESENTATION_CONTEXT(2) 
PARAMETRIC_REPRESENTATION_CONTEXT() REPRESENTATION_CONTEXT('2D SPACE',''
  ) );
#7380 = ADVANCED_FACE('',(#7381),#6545,.T.);
#7381 = FACE_BOUND('',#7382,.T.);
#7382 = EDGE_LOOP('',(#7383,#7384,#7405,#7406));
#7383 = ORIENTED_EDGE('',*,*,#6821,.F.);
#7384 = ORIENTED_EDGE('',*,*,#7385,.F.);
#7385 = EDGE_CURVE('',#6502,#6799,#7386,.T.);
#7386 = SURFACE_CURVE('',#7387,(#7391,#7398),.PCURVE_S1.);
#7387 = LINE('',#7388,#7389);
#7388 = CARTESIAN_POINT('',(82.727922061358,-3.8,27.828427124746));
#7389 = VECTOR('',#7390,1.);
#7390 = DIRECTION('',(0.,1.,0.));
#7391 = PCURVE('',#6545,#7392);
#7392 = DEFINITIONAL_REPRESENTATION('',(#7393),#7397);
#7393 = LINE('',#7394,#7395);
#7394 = CARTESIAN_POINT('',(0.,0.));
#7395 = VECTOR('',#7396,1.);
#7396 = DIRECTION('',(0.,1.));
#7397 = ( GEOMETRIC_REPRESENTATION_CONTEXT(2) 
PARAMETRIC_REPRESENTATION_CONTEXT() REPRESENTATION_CONTEXT('2D SPACE',''
  ) );
#7398 = PCURVE('',#6517,#7399);
#7399 = DEFINITIONAL_REPRESENTATION('',(#7400),#7404);
#7400 = LINE('',#7401,#7402);
#7401 = CARTESIAN_POINT('',(4.,0.));
#7402 = VECTOR('',#7403,1.);
#7403 = DIRECTION('',(0.,-1.));
#7404 = ( GEOMETRIC_REPRESENTATION_CONTEXT(2) 
PARAMETRIC_REPRESENTATION_CONTEXT() REPRESENTATION_CONTEXT('2D SPACE',''
  ) );
#7405 = ORIENTED_EDGE('',*,*,#6529,.T.);
#7406 = ORIENTED_EDGE('',*,*,#7337,.T.);
#7407 = ADVANCED_FACE('',(#7408),#6517,.F.);
#7408 = FACE_BOUND('',#7409,.F.);
#7409 = EDGE_LOOP('',(#7410,#7411,#7412,#7413));
#7410 = ORIENTED_EDGE('',*,*,#6501,.F.);
#7411 = ORIENTED_EDGE('',*,*,#6726,.T.);
#7412 = ORIENTED_EDGE('',*,*,#6798,.T.);
#7413 = ORIENTED_EDGE('',*,*,#7385,.F.);
#7414 = ADVANCED_FACE('',(#7415),#6686,.F.);
#7415 = FACE_BOUND('',#7416,.T.);
#7416 = EDGE_LOOP('',(#7417,#7441,#7462,#7463));
#7417 = ORIENTED_EDGE('',*,*,#7418,.F.);
#7418 = EDGE_CURVE('',#7419,#7419,#7421,.T.);
#7419 = VERTEX_POINT('',#7420);
#7420 = CARTESIAN_POINT('',(71.55563491861,0.,23.44436508139));
#7421 = SURFACE_CURVE('',#7422,(#7427,#7434),.PCURVE_S1.);
#7422 = CIRCLE('',#7423,2.2);
#7423 = AXIS2_PLACEMENT_3D('',#7424,#7425,#7426);
#7424 = CARTESIAN_POINT('',(70.,0.,25.));
#7425 = DIRECTION('',(0.,-1.,0.));
#7426 = DIRECTION('',(0.707106781187,0.,-0.707106781187));
#7427 = PCURVE('',#6686,#7428);
#7428 = DEFINITIONAL_REPRESENTATION('',(#7429),#7433);
#7429 = LINE('',#7430,#7431);
#7430 = CARTESIAN_POINT('',(-0.,0.));
#7431 = VECTOR('',#7432,1.);
#7432 = DIRECTION('',(-1.,0.));
#7433 = ( GEOMETRIC_REPRESENTATION_CONTEXT(2) 
PARAMETRIC_REPRESENTATION_CONTEXT() REPRESENTATION_CONTEXT('2D SPACE',''
  ) );
#7434 = PCURVE('',#6957,#7435);
#7435 = DEFINITIONAL_REPRESENTATION('',(#7436),#7440);
#7436 = LINE('',#7437,#7438);
#7437 = CARTESIAN_POINT('',(0.,0.));
#7438 = VECTOR('',#7439,1.);
#7439 = DIRECTION('',(1.,0.));
#7440 = ( GEOMETRIC_REPRESENTATION_CONTEXT(2) 
PARAMETRIC_REPRESENTATION_CONTEXT() REPRESENTATION_CONTEXT('2D SPACE',''
  ) );
#7441 = ORIENTED_EDGE('',*,*,#7442,.T.);
#7442 = EDGE_CURVE('',#7419,#6670,#7443,.T.);
#7443 = SEAM_CURVE('',#7444,(#7448,#7455),.PCURVE_S1.);
#7444 = LINE('',#7445,#7446);
#7445 = CARTESIAN_POINT('',(71.55563491861,0.,23.44436508139));
#7446 = VECTOR('',#7447,1.);
#7447 = DIRECTION('',(0.,-1.,0.));
#7448 = PCURVE('',#6686,#7449);
#7449 = DEFINITIONAL_REPRESENTATION('',(#7450),#7454);
#7450 = LINE('',#7451,#7452);
#7451 = CARTESIAN_POINT('',(-6.28318530718,0.));
#7452 = VECTOR('',#7453,1.);
#7453 = DIRECTION('',(-0.,-1.));
#7454 = ( GEOMETRIC_REPRESENTATION_CONTEXT(2) 
PARAMETRIC_REPRESENTATION_CONTEXT() REPRESENTATION_CONTEXT('2D SPACE',''
  ) );
#7455 = PCURVE('',#6686,#7456);
#7456 = DEFINITIONAL_REPRESENTATION('',(#7457),#7461);
#7457 = LINE('',#7458,#7459);
#7458 = CARTESIAN_POINT('',(-0.,0.));
#7459 = VECTOR('',#7460,1.);
#7460 = DIRECTION('',(-0.,-1.));
#7461 = ( GEOMETRIC_REPRESENTATION_CONTEXT(2) 
PARAMETRIC_REPRESENTATION_CONTEXT() REPRESENTATION_CONTEXT('2D SPACE',''
  ) );
#7462 = ORIENTED_EDGE('',*,*,#6669,.F.);
#7463 = ORIENTED_EDGE('',*,*,#7442,.F.);
#7464 = ADVANCED_FACE('',(#7465),#6957,.F.);
#7465 = FACE_BOUND('',#7466,.F.);
#7466 = EDGE_LOOP('',(#7467,#7468,#7489,#7490));
#7467 = ORIENTED_EDGE('',*,*,#7418,.F.);
#7468 = ORIENTED_EDGE('',*,*,#7469,.T.);
#7469 = EDGE_CURVE('',#7419,#6937,#7470,.T.);
#7470 = SEAM_CURVE('',#7471,(#7475,#7482),.PCURVE_S1.);
#7471 = LINE('',#7472,#7473);
#7472 = CARTESIAN_POINT('',(71.55563491861,0.,23.44436508139));
#7473 = VECTOR('',#7474,1.);
#7474 = DIRECTION('',(0.,1.,0.));
#7475 = PCURVE('',#6957,#7476);
#7476 = DEFINITIONAL_REPRESENTATION('',(#7477),#7481);
#7477 = LINE('',#7478,#7479);
#7478 = CARTESIAN_POINT('',(6.28318530718,0.));
#7479 = VECTOR('',#7480,1.);
#7480 = DIRECTION('',(0.,-1.));
#7481 = ( GEOMETRIC_REPRESENTATION_CONTEXT(2) 
PARAMETRIC_REPRESENTATION_CONTEXT() REPRESENTATION_CONTEXT('2D SPACE',''
  ) );
#7482 = PCURVE('',#6957,#7483);
#7483 = DEFINITIONAL_REPRESENTATION('',(#7484),#7488);
#7484 = LINE('',#7485,#7486);
#7485 = CARTESIAN_POINT('',(0.,0.));
#7486 = VECTOR('',#7487,1.);
#7487 = DIRECTION('',(0.,-1.));
#7488 = ( GEOMETRIC_REPRESENTATION_CONTEXT(2) 
PARAMETRIC_REPRESENTATION_CONTEXT() REPRESENTATION_CONTEXT('2D SPACE',''
  ) );
#7489 = ORIENTED_EDGE('',*,*,#6936,.T.);
#7490 = ORIENTED_EDGE('',*,*,#7469,.F.);
#7491 = ADVANCED_FACE('',(#7492),#7119,.F.);
#7492 = FACE_BOUND('',#7493,.F.);
#7493 = EDGE_LOOP('',(#7494,#7495,#7496,#7519));
#7494 = ORIENTED_EDGE('',*,*,#7103,.F.);
#7495 = ORIENTED_EDGE('',*,*,#7314,.T.);
#7496 = ORIENTED_EDGE('',*,*,#7497,.T.);
#7497 = EDGE_CURVE('',#7285,#7498,#7500,.T.);
#7498 = VERTEX_POINT('',#7499);
#7499 = CARTESIAN_POINT('',(113.84062043356,-18.,-1.870057685089));
#7500 = SURFACE_CURVE('',#7501,(#7505,#7512),.PCURVE_S1.);
#7501 = LINE('',#7502,#7503);
#7502 = CARTESIAN_POINT('',(86.970562748477,-18.,25.));
#7503 = VECTOR('',#7504,1.);
#7504 = DIRECTION('',(0.707106781187,0.,-0.707106781187));
#7505 = PCURVE('',#7119,#7506);
#7506 = DEFINITIONAL_REPRESENTATION('',(#7507),#7511);
#7507 = LINE('',#7508,#7509);
#7508 = CARTESIAN_POINT('',(4.,-2.22044604925E-15));
#7509 = VECTOR('',#7510,1.);
#7510 = DIRECTION('',(0.,1.));
#7511 = ( GEOMETRIC_REPRESENTATION_CONTEXT(2) 
PARAMETRIC_REPRESENTATION_CONTEXT() REPRESENTATION_CONTEXT('2D SPACE',''
  ) );
#7512 = PCURVE('',#7302,#7513);
#7513 = DEFINITIONAL_REPRESENTATION('',(#7514),#7518);
#7514 = LINE('',#7515,#7516);
#7515 = CARTESIAN_POINT('',(0.,0.));
#7516 = VECTOR('',#7517,1.);
#7517 = DIRECTION('',(1.,0.));
#7518 = ( GEOMETRIC_REPRESENTATION_CONTEXT(2) 
PARAMETRIC_REPRESENTATION_CONTEXT() REPRESENTATION_CONTEXT('2D SPACE',''
  ) );
#7519 = ORIENTED_EDGE('',*,*,#7520,.F.);
#7520 = EDGE_CURVE('',#7104,#7498,#7521,.T.);
#7521 = SURFACE_CURVE('',#7522,(#7526,#7533),.PCURVE_S1.);
#7522 = LINE('',#7523,#7524);
#7523 = CARTESIAN_POINT('',(111.01219330882,-18.,-4.698484809835));
#7524 = VECTOR('',#7525,1.);
#7525 = DIRECTION('',(0.707106781187,0.,0.707106781187));
#7526 = PCURVE('',#7119,#7527);
#7527 = DEFINITIONAL_REPRESENTATION('',(#7528),#7532);
#7528 = LINE('',#7529,#7530);
#7529 = CARTESIAN_POINT('',(0.,38.));
#7530 = VECTOR('',#7531,1.);
#7531 = DIRECTION('',(1.,0.));
#7532 = ( GEOMETRIC_REPRESENTATION_CONTEXT(2) 
PARAMETRIC_REPRESENTATION_CONTEXT() REPRESENTATION_CONTEXT('2D SPACE',''
  ) );
#7533 = PCURVE('',#7147,#7534);
#7534 = DEFINITIONAL_REPRESENTATION('',(#7535),#7539);
#7535 = LINE('',#7536,#7537);
#7536 = CARTESIAN_POINT('',(0.,0.));
#7537 = VECTOR('',#7538,1.);
#7538 = DIRECTION('',(1.,0.));
#7539 = ( GEOMETRIC_REPRESENTATION_CONTEXT(2) 
PARAMETRIC_REPRESENTATION_CONTEXT() REPRESENTATION_CONTEXT('2D SPACE',''
  ) );
#7540 = ADVANCED_FACE('',(#7541),#7147,.T.);
#7541 = FACE_BOUND('',#7542,.T.);
#7542 = EDGE_LOOP('',(#7543,#7544,#7545,#7568));
#7543 = ORIENTED_EDGE('',*,*,#7520,.F.);
#7544 = ORIENTED_EDGE('',*,*,#7131,.T.);
#7545 = ORIENTED_EDGE('',*,*,#7546,.T.);
#7546 = EDGE_CURVE('',#7132,#7547,#7549,.T.);
#7547 = VERTEX_POINT('',#7548);
#7548 = CARTESIAN_POINT('',(113.84062043356,18.,-1.870057685089));
#7549 = SURFACE_CURVE('',#7550,(#7554,#7561),.PCURVE_S1.);
#7550 = LINE('',#7551,#7552);
#7551 = CARTESIAN_POINT('',(111.01219330882,18.,-4.698484809835));
#7552 = VECTOR('',#7553,1.);
#7553 = DIRECTION('',(0.707106781187,0.,0.707106781187));
#7554 = PCURVE('',#7147,#7555);
#7555 = DEFINITIONAL_REPRESENTATION('',(#7556),#7560);
#7556 = LINE('',#7557,#7558);
#7557 = CARTESIAN_POINT('',(0.,-36.));
#7558 = VECTOR('',#7559,1.);
#7559 = DIRECTION('',(1.,0.));
#7560 = ( GEOMETRIC_REPRESENTATION_CONTEXT(2) 
PARAMETRIC_REPRESENTATION_CONTEXT() REPRESENTATION_CONTEXT('2D SPACE',''
  ) );
#7561 = PCURVE('',#7175,#7562);
#7562 = DEFINITIONAL_REPRESENTATION('',(#7563),#7567);
#7563 = LINE('',#7564,#7565);
#7564 = CARTESIAN_POINT('',(0.,38.));
#7565 = VECTOR('',#7566,1.);
#7566 = DIRECTION('',(1.,0.));
#7567 = ( GEOMETRIC_REPRESENTATION_CONTEXT(2) 
PARAMETRIC_REPRESENTATION_CONTEXT() REPRESENTATION_CONTEXT('2D SPACE',''
  ) );
#7568 = ORIENTED_EDGE('',*,*,#7569,.F.);
#7569 = EDGE_CURVE('',#7498,#7547,#7570,.T.);
#7570 = SURFACE_CURVE('',#7571,(#7575,#7582),.PCURVE_S1.);
#7571 = LINE('',#7572,#7573);
#7572 = CARTESIAN_POINT('',(113.84062043356,-18.,-1.870057685089));
#7573 = VECTOR('',#7574,1.);
#7574 = DIRECTION('',(0.,1.,0.));
#7575 = PCURVE('',#7147,#7576);
#7576 = DEFINITIONAL_REPRESENTATION('',(#7577),#7581);
#7577 = LINE('',#7578,#7579);
#7578 = CARTESIAN_POINT('',(4.,0.));
#7579 = VECTOR('',#7580,1.);
#7580 = DIRECTION('',(0.,-1.));
#7581 = ( GEOMETRIC_REPRESENTATION_CONTEXT(2) 
PARAMETRIC_REPRESENTATION_CONTEXT() REPRESENTATION_CONTEXT('2D SPACE',''
  ) );
#7582 = PCURVE('',#7302,#7583);
#7583 = DEFINITIONAL_REPRESENTATION('',(#7584),#7588);
#7584 = LINE('',#7585,#7586);
#7585 = CARTESIAN_POINT('',(38.,0.));
#7586 = VECTOR('',#7587,1.);
#7587 = DIRECTION('',(0.,1.));
#7588 = ( GEOMETRIC_REPRESENTATION_CONTEXT(2) 
PARAMETRIC_REPRESENTATION_CONTEXT() REPRESENTATION_CONTEXT('2D SPACE',''
  ) );
#7589 = ADVANCED_FACE('',(#7590),#7175,.T.);
#7590 = FACE_BOUND('',#7591,.T.);
#7591 = EDGE_LOOP('',(#7592,#7593,#7594,#7615));
#7592 = ORIENTED_EDGE('',*,*,#7159,.F.);
#7593 = ORIENTED_EDGE('',*,*,#7360,.T.);
#7594 = ORIENTED_EDGE('',*,*,#7595,.T.);
#7595 = EDGE_CURVE('',#7287,#7547,#7596,.T.);
#7596 = SURFACE_CURVE('',#7597,(#7601,#7608),.PCURVE_S1.);
#7597 = LINE('',#7598,#7599);
#7598 = CARTESIAN_POINT('',(86.970562748477,18.,25.));
#7599 = VECTOR('',#7600,1.);
#7600 = DIRECTION('',(0.707106781187,0.,-0.707106781187));
#7601 = PCURVE('',#7175,#7602);
#7602 = DEFINITIONAL_REPRESENTATION('',(#7603),#7607);
#7603 = LINE('',#7604,#7605);
#7604 = CARTESIAN_POINT('',(4.,-2.22044604925E-15));
#7605 = VECTOR('',#7606,1.);
#7606 = DIRECTION('',(0.,1.));
#7607 = ( GEOMETRIC_REPRESENTATION_CONTEXT(2) 
PARAMETRIC_REPRESENTATION_CONTEXT() REPRESENTATION_CONTEXT('2D SPACE',''
  ) );
#7608 = PCURVE('',#7302,#7609);
#7609 = DEFINITIONAL_REPRESENTATION('',(#7610),#7614);
#7610 = LINE('',#7611,#7612);
#7611 = CARTESIAN_POINT('',(0.,36.));
#7612 = VECTOR('',#7613,1.);
#7613 = DIRECTION('',(1.,0.));
#7614 = ( GEOMETRIC_REPRESENTATION_CONTEXT(2) 
PARAMETRIC_REPRESENTATION_CONTEXT() REPRESENTATION_CONTEXT('2D SPACE',''
  ) );
#7615 = ORIENTED_EDGE('',*,*,#7546,.F.);
#7616 = ADVANCED_FACE('',(#7617),#7234,.F.);
#7617 = FACE_BOUND('',#7618,.T.);
#7618 = EDGE_LOOP('',(#7619,#7620,#7643,#7669));
#7619 = ORIENTED_EDGE('',*,*,#7213,.T.);
#7620 = ORIENTED_EDGE('',*,*,#7621,.T.);
#7621 = EDGE_CURVE('',#7214,#7622,#7624,.T.);
#7622 = VERTEX_POINT('',#7623);
#7623 = CARTESIAN_POINT('',(108.82016228714,-7.5,3.150400461336));
#7624 = SEAM_CURVE('',#7625,(#7629,#7636),.PCURVE_S1.);
#7625 = LINE('',#7626,#7627);
#7626 = CARTESIAN_POINT('',(103.87041481883,-7.5,-1.79934700697));
#7627 = VECTOR('',#7628,1.);
#7628 = DIRECTION('',(0.707106781187,0.,0.707106781187));
#7629 = PCURVE('',#7234,#7630);
#7630 = DEFINITIONAL_REPRESENTATION('',(#7631),#7635);
#7631 = LINE('',#7632,#7633);
#7632 = CARTESIAN_POINT('',(-6.28318530718,0.));
#7633 = VECTOR('',#7634,1.);
#7634 = DIRECTION('',(-0.,-1.));
#7635 = ( GEOMETRIC_REPRESENTATION_CONTEXT(2) 
PARAMETRIC_REPRESENTATION_CONTEXT() REPRESENTATION_CONTEXT('2D SPACE',''
  ) );
#7636 = PCURVE('',#7234,#7637);
#7637 = DEFINITIONAL_REPRESENTATION('',(#7638),#7642);
#7638 = LINE('',#7639,#7640);
#7639 = CARTESIAN_POINT('',(-0.,0.));
#7640 = VECTOR('',#7641,1.);
#7641 = DIRECTION('',(-0.,-1.));
#7642 = ( GEOMETRIC_REPRESENTATION_CONTEXT(2) 
PARAMETRIC_REPRESENTATION_CONTEXT() REPRESENTATION_CONTEXT('2D SPACE',''
  ) );
#7643 = ORIENTED_EDGE('',*,*,#7644,.F.);
#7644 = EDGE_CURVE('',#7622,#7622,#7645,.T.);
#7645 = SURFACE_CURVE('',#7646,(#7651,#7658),.PCURVE_S1.);
#7646 = CIRCLE('',#7647,1.7);
#7647 = AXIS2_PLACEMENT_3D('',#7648,#7649,#7650);
#7648 = CARTESIAN_POINT('',(107.61808075912,-7.5,4.352481989353));
#7649 = DIRECTION('',(-0.707106781187,-0.,-0.707106781187));
#7650 = DIRECTION('',(0.707106781187,0.,-0.707106781187));
#7651 = PCURVE('',#7234,#7652);
#7652 = DEFINITIONAL_REPRESENTATION('',(#7653),#7657);
#7653 = LINE('',#7654,#7655);
#7654 = CARTESIAN_POINT('',(-6.28318530718,-7.));
#7655 = VECTOR('',#7656,1.);
#7656 = DIRECTION('',(1.,-0.));
#7657 = ( GEOMETRIC_REPRESENTATION_CONTEXT(2) 
PARAMETRIC_REPRESENTATION_CONTEXT() REPRESENTATION_CONTEXT('2D SPACE',''
  ) );
#7658 = PCURVE('',#7302,#7659);
#7659 = DEFINITIONAL_REPRESENTATION('',(#7660),#7668);
#7660 = ( BOUNDED_CURVE() B_SPLINE_CURVE(2,(#7661,#7662,#7663,#7664,
#7665,#7666,#7667),.UNSPECIFIED.,.T.,.F.) B_SPLINE_CURVE_WITH_KNOTS((1,2
    ,2,2,2,1),(-2.094395102393,0.,2.094395102393,4.188790204786,
6.28318530718,8.377580409573),.UNSPECIFIED.) CURVE() 
GEOMETRIC_REPRESENTATION_ITEM() RATIONAL_B_SPLINE_CURVE((1.,0.5,1.,0.5,
1.,0.5,1.)) REPRESENTATION_ITEM('') );
#7661 = CARTESIAN_POINT('',(30.9,10.5));
#7662 = CARTESIAN_POINT('',(30.9,7.555513627133));
#7663 = CARTESIAN_POINT('',(28.35,9.027756813566));
#7664 = CARTESIAN_POINT('',(25.8,10.5));
#7665 = CARTESIAN_POINT('',(28.35,11.972243186434));
#7666 = CARTESIAN_POINT('',(30.9,13.444486372867));
#7667 = CARTESIAN_POINT('',(30.9,10.5));
#7668 = ( GEOMETRIC_REPRESENTATION_CONTEXT(2) 
PARAMETRIC_REPRESENTATION_CONTEXT() REPRESENTATION_CONTEXT('2D SPACE',''
  ) );
#7669 = ORIENTED_EDGE('',*,*,#7621,.F.);
#7670 = ADVANCED_FACE('',(#7671),#7269,.F.);
#7671 = FACE_BOUND('',#7672,.T.);
#7672 = EDGE_LOOP('',(#7673,#7674,#7697,#7723));
#7673 = ORIENTED_EDGE('',*,*,#7248,.T.);
#7674 = ORIENTED_EDGE('',*,*,#7675,.T.);
#7675 = EDGE_CURVE('',#7249,#7676,#7678,.T.);
#7676 = VERTEX_POINT('',#7677);
#7677 = CARTESIAN_POINT('',(108.82016228714,7.5,3.150400461336));
#7678 = SEAM_CURVE('',#7679,(#7683,#7690),.PCURVE_S1.);
#7679 = LINE('',#7680,#7681);
#7680 = CARTESIAN_POINT('',(103.87041481883,7.5,-1.79934700697));
#7681 = VECTOR('',#7682,1.);
#7682 = DIRECTION('',(0.707106781187,0.,0.707106781187));
#7683 = PCURVE('',#7269,#7684);
#7684 = DEFINITIONAL_REPRESENTATION('',(#7685),#7689);
#7685 = LINE('',#7686,#7687);
#7686 = CARTESIAN_POINT('',(-6.28318530718,0.));
#7687 = VECTOR('',#7688,1.);
#7688 = DIRECTION('',(-0.,-1.));
#7689 = ( GEOMETRIC_REPRESENTATION_CONTEXT(2) 
PARAMETRIC_REPRESENTATION_CONTEXT() REPRESENTATION_CONTEXT('2D SPACE',''
  ) );
#7690 = PCURVE('',#7269,#7691);
#7691 = DEFINITIONAL_REPRESENTATION('',(#7692),#7696);
#7692 = LINE('',#7693,#7694);
#7693 = CARTESIAN_POINT('',(-0.,0.));
#7694 = VECTOR('',#7695,1.);
#7695 = DIRECTION('',(-0.,-1.));
#7696 = ( GEOMETRIC_REPRESENTATION_CONTEXT(2) 
PARAMETRIC_REPRESENTATION_CONTEXT() REPRESENTATION_CONTEXT('2D SPACE',''
  ) );
#7697 = ORIENTED_EDGE('',*,*,#7698,.F.);
#7698 = EDGE_CURVE('',#7676,#7676,#7699,.T.);
#7699 = SURFACE_CURVE('',#7700,(#7705,#7712),.PCURVE_S1.);
#7700 = CIRCLE('',#7701,1.7);
#7701 = AXIS2_PLACEMENT_3D('',#7702,#7703,#7704);
#7702 = CARTESIAN_POINT('',(107.61808075912,7.5,4.352481989353));
#7703 = DIRECTION('',(-0.707106781187,-0.,-0.707106781187));
#7704 = DIRECTION('',(0.707106781187,0.,-0.707106781187));
#7705 = PCURVE('',#7269,#7706);
#7706 = DEFINITIONAL_REPRESENTATION('',(#7707),#7711);
#7707 = LINE('',#7708,#7709);
#7708 = CARTESIAN_POINT('',(-6.28318530718,-7.));
#7709 = VECTOR('',#7710,1.);
#7710 = DIRECTION('',(1.,-0.));
#7711 = ( GEOMETRIC_REPRESENTATION_CONTEXT(2) 
PARAMETRIC_REPRESENTATION_CONTEXT() REPRESENTATION_CONTEXT('2D SPACE',''
  ) );
#7712 = PCURVE('',#7302,#7713);
#7713 = DEFINITIONAL_REPRESENTATION('',(#7714),#7722);
#7714 = ( BOUNDED_CURVE() B_SPLINE_CURVE(2,(#7715,#7716,#7717,#7718,
#7719,#7720,#7721),.UNSPECIFIED.,.T.,.F.) B_SPLINE_CURVE_WITH_KNOTS((1,2
    ,2,2,2,1),(-2.094395102393,0.,2.094395102393,4.188790204786,
6.28318530718,8.377580409573),.UNSPECIFIED.) CURVE() 
GEOMETRIC_REPRESENTATION_ITEM() RATIONAL_B_SPLINE_CURVE((1.,0.5,1.,0.5,
1.,0.5,1.)) REPRESENTATION_ITEM('') );
#7715 = CARTESIAN_POINT('',(30.9,25.5));
#7716 = CARTESIAN_POINT('',(30.9,22.555513627133));
#7717 = CARTESIAN_POINT('',(28.35,24.027756813566));
#7718 = CARTESIAN_POINT('',(25.8,25.5));
#7719 = CARTESIAN_POINT('',(28.35,26.972243186434));
#7720 = CARTESIAN_POINT('',(30.9,28.444486372867));
#7721 = CARTESIAN_POINT('',(30.9,25.5));
#7722 = ( GEOMETRIC_REPRESENTATION_CONTEXT(2) 
PARAMETRIC_REPRESENTATION_CONTEXT() REPRESENTATION_CONTEXT('2D SPACE',''
  ) );
#7723 = ORIENTED_EDGE('',*,*,#7675,.F.);
#7724 = ADVANCED_FACE('',(#7725,#7731,#7734),#7302,.T.);
#7725 = FACE_BOUND('',#7726,.T.);
#7726 = EDGE_LOOP('',(#7727,#7728,#7729,#7730));
#7727 = ORIENTED_EDGE('',*,*,#7284,.F.);
#7728 = ORIENTED_EDGE('',*,*,#7497,.T.);
#7729 = ORIENTED_EDGE('',*,*,#7569,.T.);
#7730 = ORIENTED_EDGE('',*,*,#7595,.F.);
#7731 = FACE_BOUND('',#7732,.T.);
#7732 = EDGE_LOOP('',(#7733));
#7733 = ORIENTED_EDGE('',*,*,#7644,.T.);
#7734 = FACE_BOUND('',#7735,.T.);
#7735 = EDGE_LOOP('',(#7736));
#7736 = ORIENTED_EDGE('',*,*,#7698,.T.);
#7737 = ( GEOMETRIC_REPRESENTATION_CONTEXT(3) 
GLOBAL_UNCERTAINTY_ASSIGNED_CONTEXT((#7741)) 
GLOBAL_UNIT_ASSIGNED_CONTEXT((#7738,#7739,#7740)) REPRESENTATION_CONTEXT
('Context #1','3D Context with UNIT and UNCERTAINTY') );
#7738 = ( LENGTH_UNIT() NAMED_UNIT(*) SI_UNIT(.MILLI.,.METRE.) );
#7739 = ( NAMED_UNIT(*) PLANE_ANGLE_UNIT() SI_UNIT($,.RADIAN.) );
#7740 = ( NAMED_UNIT(*) SI_UNIT($,.STERADIAN.) SOLID_ANGLE_UNIT() );
#7741 = UNCERTAINTY_MEASURE_WITH_UNIT(LENGTH_MEASURE(1.E-07),#7738,
  'distance_accuracy_value','confusion accuracy');
#7742 = CONTEXT_DEPENDENT_SHAPE_REPRESENTATION(#7743,#7745);
#7743 = ( REPRESENTATION_RELATIONSHIP('','',#6299,#10) 
REPRESENTATION_RELATIONSHIP_WITH_TRANSFORMATION(#7744) 
SHAPE_REPRESENTATION_RELATIONSHIP() );
#7744 = ITEM_DEFINED_TRANSFORMATION('','',#11,#19);
#7745 = PRODUCT_DEFINITION_SHAPE('Placement','Placement of an item',
  #7746);
#7746 = NEXT_ASSEMBLY_USAGE_OCCURRENCE('2','front_technexion_carrier',''
  ,#5,#6294,$);
#7747 = PRODUCT_RELATED_PRODUCT_CATEGORY('part',$,(#6296));
#7748 = SHAPE_DEFINITION_REPRESENTATION(#7749,#7755);
#7749 = PRODUCT_DEFINITION_SHAPE('','',#7750);
#7750 = PRODUCT_DEFINITION('design','',#7751,#7754);
#7751 = PRODUCT_DEFINITION_FORMATION('','',#7752);
#7752 = PRODUCT('front_technexion_camera_reference',
  'front_technexion_camera_reference','',(#7753));
#7753 = PRODUCT_CONTEXT('',#2,'mechanical');
#7754 = PRODUCT_DEFINITION_CONTEXT('part definition',#2,'design');
#7755 = ADVANCED_BREP_SHAPE_REPRESENTATION('',(#11,#7756),#8176);
#7756 = MANIFOLD_SOLID_BREP('',#7757);
#7757 = CLOSED_SHELL('',(#7758,#7878,#7954,#8003,#8052,#8079,#8117,#8172
    ));
#7758 = ADVANCED_FACE('',(#7759),#7773,.F.);
#7759 = FACE_BOUND('',#7760,.F.);
#7760 = EDGE_LOOP('',(#7761,#7796,#7824,#7852));
#7761 = ORIENTED_EDGE('',*,*,#7762,.F.);
#7762 = EDGE_CURVE('',#7763,#7765,#7767,.T.);
#7763 = VERTEX_POINT('',#7764);
#7764 = CARTESIAN_POINT('',(90.50609665441,-14.75,21.464466094067));
#7765 = VERTEX_POINT('',#7766);
#7766 = CARTESIAN_POINT('',(111.36574669941,-14.75,42.32411613907));
#7767 = SURFACE_CURVE('',#7768,(#7772,#7784),.PCURVE_S1.);
#7768 = LINE('',#7769,#7770);
#7769 = CARTESIAN_POINT('',(90.50609665441,-14.75,21.464466094067));
#7770 = VECTOR('',#7771,1.);
#7771 = DIRECTION('',(0.707106781187,0.,0.707106781187));
#7772 = PCURVE('',#7773,#7778);
#7773 = PLANE('',#7774);
#7774 = AXIS2_PLACEMENT_3D('',#7775,#7776,#7777);
#7775 = CARTESIAN_POINT('',(90.50609665441,-14.75,21.464466094067));
#7776 = DIRECTION('',(0.707106781187,0.,-0.707106781187));
#7777 = DIRECTION('',(0.707106781187,0.,0.707106781187));
#7778 = DEFINITIONAL_REPRESENTATION('',(#7779),#7783);
#7779 = LINE('',#7780,#7781);
#7780 = CARTESIAN_POINT('',(0.,0.));
#7781 = VECTOR('',#7782,1.);
#7782 = DIRECTION('',(1.,0.));
#7783 = ( GEOMETRIC_REPRESENTATION_CONTEXT(2) 
PARAMETRIC_REPRESENTATION_CONTEXT() REPRESENTATION_CONTEXT('2D SPACE',''
  ) );
#7784 = PCURVE('',#7785,#7790);
#7785 = PLANE('',#7786);
#7786 = AXIS2_PLACEMENT_3D('',#7787,#7788,#7789);
#7787 = CARTESIAN_POINT('',(90.50609665441,-14.75,21.464466094067));
#7788 = DIRECTION('',(0.,1.,0.));
#7789 = DIRECTION('',(0.707106781187,0.,0.707106781187));
#7790 = DEFINITIONAL_REPRESENTATION('',(#7791),#7795);
#7791 = LINE('',#7792,#7793);
#7792 = CARTESIAN_POINT('',(0.,0.));
#7793 = VECTOR('',#7794,1.);
#7794 = DIRECTION('',(1.,0.));
#7795 = ( GEOMETRIC_REPRESENTATION_CONTEXT(2) 
PARAMETRIC_REPRESENTATION_CONTEXT() REPRESENTATION_CONTEXT('2D SPACE',''
  ) );
#7796 = ORIENTED_EDGE('',*,*,#7797,.T.);
#7797 = EDGE_CURVE('',#7763,#7798,#7800,.T.);
#7798 = VERTEX_POINT('',#7799);
#7799 = CARTESIAN_POINT('',(90.50609665441,14.75,21.464466094067));
#7800 = SURFACE_CURVE('',#7801,(#7805,#7812),.PCURVE_S1.);
#7801 = LINE('',#7802,#7803);
#7802 = CARTESIAN_POINT('',(90.50609665441,-14.75,21.464466094067));
#7803 = VECTOR('',#7804,1.);
#7804 = DIRECTION('',(0.,1.,0.));
#7805 = PCURVE('',#7773,#7806);
#7806 = DEFINITIONAL_REPRESENTATION('',(#7807),#7811);
#7807 = LINE('',#7808,#7809);
#7808 = CARTESIAN_POINT('',(0.,0.));
#7809 = VECTOR('',#7810,1.);
#7810 = DIRECTION('',(0.,-1.));
#7811 = ( GEOMETRIC_REPRESENTATION_CONTEXT(2) 
PARAMETRIC_REPRESENTATION_CONTEXT() REPRESENTATION_CONTEXT('2D SPACE',''
  ) );
#7812 = PCURVE('',#7813,#7818);
#7813 = PLANE('',#7814);
#7814 = AXIS2_PLACEMENT_3D('',#7815,#7816,#7817);
#7815 = CARTESIAN_POINT('',(90.50609665441,-14.75,21.464466094067));
#7816 = DIRECTION('',(0.707106781187,0.,0.707106781187));
#7817 = DIRECTION('',(0.707106781187,0.,-0.707106781187));
#7818 = DEFINITIONAL_REPRESENTATION('',(#7819),#7823);
#7819 = LINE('',#7820,#7821);
#7820 = CARTESIAN_POINT('',(0.,0.));
#7821 = VECTOR('',#7822,1.);
#7822 = DIRECTION('',(0.,1.));
#7823 = ( GEOMETRIC_REPRESENTATION_CONTEXT(2) 
PARAMETRIC_REPRESENTATION_CONTEXT() REPRESENTATION_CONTEXT('2D SPACE',''
  ) );
#7824 = ORIENTED_EDGE('',*,*,#7825,.T.);
#7825 = EDGE_CURVE('',#7798,#7826,#7828,.T.);
#7826 = VERTEX_POINT('',#7827);
#7827 = CARTESIAN_POINT('',(111.36574669941,14.75,42.32411613907));
#7828 = SURFACE_CURVE('',#7829,(#7833,#7840),.PCURVE_S1.);
#7829 = LINE('',#7830,#7831);
#7830 = CARTESIAN_POINT('',(90.50609665441,14.75,21.464466094067));
#7831 = VECTOR('',#7832,1.);
#7832 = DIRECTION('',(0.707106781187,0.,0.707106781187));
#7833 = PCURVE('',#7773,#7834);
#7834 = DEFINITIONAL_REPRESENTATION('',(#7835),#7839);
#7835 = LINE('',#7836,#7837);
#7836 = CARTESIAN_POINT('',(0.,-29.5));
#7837 = VECTOR('',#7838,1.);
#7838 = DIRECTION('',(1.,0.));
#7839 = ( GEOMETRIC_REPRESENTATION_CONTEXT(2) 
PARAMETRIC_REPRESENTATION_CONTEXT() REPRESENTATION_CONTEXT('2D SPACE',''
  ) );
#7840 = PCURVE('',#7841,#7846);
#7841 = PLANE('',#7842);
#7842 = AXIS2_PLACEMENT_3D('',#7843,#7844,#7845);
#7843 = CARTESIAN_POINT('',(90.50609665441,14.75,21.464466094067));
#7844 = DIRECTION('',(0.,1.,0.));
#7845 = DIRECTION('',(0.707106781187,0.,0.707106781187));
#7846 = DEFINITIONAL_REPRESENTATION('',(#7847),#7851);
#7847 = LINE('',#7848,#7849);
#7848 = CARTESIAN_POINT('',(0.,0.));
#7849 = VECTOR('',#7850,1.);
#7850 = DIRECTION('',(1.,0.));
#7851 = ( GEOMETRIC_REPRESENTATION_CONTEXT(2) 
PARAMETRIC_REPRESENTATION_CONTEXT() REPRESENTATION_CONTEXT('2D SPACE',''
  ) );
#7852 = ORIENTED_EDGE('',*,*,#7853,.F.);
#7853 = EDGE_CURVE('',#7765,#7826,#7854,.T.);
#7854 = SURFACE_CURVE('',#7855,(#7859,#7866),.PCURVE_S1.);
#7855 = LINE('',#7856,#7857);
#7856 = CARTESIAN_POINT('',(111.36574669941,-14.75,42.32411613907));
#7857 = VECTOR('',#7858,1.);
#7858 = DIRECTION('',(0.,1.,0.));
#7859 = PCURVE('',#7773,#7860);
#7860 = DEFINITIONAL_REPRESENTATION('',(#7861),#7865);
#7861 = LINE('',#7862,#7863);
#7862 = CARTESIAN_POINT('',(29.5,0.));
#7863 = VECTOR('',#7864,1.);
#7864 = DIRECTION('',(0.,-1.));
#7865 = ( GEOMETRIC_REPRESENTATION_CONTEXT(2) 
PARAMETRIC_REPRESENTATION_CONTEXT() REPRESENTATION_CONTEXT('2D SPACE',''
  ) );
#7866 = PCURVE('',#7867,#7872);
#7867 = PLANE('',#7868);
#7868 = AXIS2_PLACEMENT_3D('',#7869,#7870,#7871);
#7869 = CARTESIAN_POINT('',(111.36574669941,-14.75,42.32411613907));
#7870 = DIRECTION('',(0.707106781187,0.,0.707106781187));
#7871 = DIRECTION('',(0.707106781187,0.,-0.707106781187));
#7872 = DEFINITIONAL_REPRESENTATION('',(#7873),#7877);
#7873 = LINE('',#7874,#7875);
#7874 = CARTESIAN_POINT('',(0.,0.));
#7875 = VECTOR('',#7876,1.);
#7876 = DIRECTION('',(0.,1.));
#7877 = ( GEOMETRIC_REPRESENTATION_CONTEXT(2) 
PARAMETRIC_REPRESENTATION_CONTEXT() REPRESENTATION_CONTEXT('2D SPACE',''
  ) );
#7878 = ADVANCED_FACE('',(#7879),#7785,.F.);
#7879 = FACE_BOUND('',#7880,.F.);
#7880 = EDGE_LOOP('',(#7881,#7904,#7905,#7928));
#7881 = ORIENTED_EDGE('',*,*,#7882,.F.);
#7882 = EDGE_CURVE('',#7763,#7883,#7885,.T.);
#7883 = VERTEX_POINT('',#7884);
#7884 = CARTESIAN_POINT('',(110.30508652763,-14.75,1.665476220844));
#7885 = SURFACE_CURVE('',#7886,(#7890,#7897),.PCURVE_S1.);
#7886 = LINE('',#7887,#7888);
#7887 = CARTESIAN_POINT('',(90.50609665441,-14.75,21.464466094067));
#7888 = VECTOR('',#7889,1.);
#7889 = DIRECTION('',(0.707106781187,0.,-0.707106781187));
#7890 = PCURVE('',#7785,#7891);
#7891 = DEFINITIONAL_REPRESENTATION('',(#7892),#7896);
#7892 = LINE('',#7893,#7894);
#7893 = CARTESIAN_POINT('',(0.,0.));
#7894 = VECTOR('',#7895,1.);
#7895 = DIRECTION('',(0.,1.));
#7896 = ( GEOMETRIC_REPRESENTATION_CONTEXT(2) 
PARAMETRIC_REPRESENTATION_CONTEXT() REPRESENTATION_CONTEXT('2D SPACE',''
  ) );
#7897 = PCURVE('',#7813,#7898);
#7898 = DEFINITIONAL_REPRESENTATION('',(#7899),#7903);
#7899 = LINE('',#7900,#7901);
#7900 = CARTESIAN_POINT('',(0.,0.));
#7901 = VECTOR('',#7902,1.);
#7902 = DIRECTION('',(1.,0.));
#7903 = ( GEOMETRIC_REPRESENTATION_CONTEXT(2) 
PARAMETRIC_REPRESENTATION_CONTEXT() REPRESENTATION_CONTEXT('2D SPACE',''
  ) );
#7904 = ORIENTED_EDGE('',*,*,#7762,.T.);
#7905 = ORIENTED_EDGE('',*,*,#7906,.T.);
#7906 = EDGE_CURVE('',#7765,#7907,#7909,.T.);
#7907 = VERTEX_POINT('',#7908);
#7908 = CARTESIAN_POINT('',(131.16473657263,-14.75,22.525126265847));
#7909 = SURFACE_CURVE('',#7910,(#7914,#7921),.PCURVE_S1.);
#7910 = LINE('',#7911,#7912);
#7911 = CARTESIAN_POINT('',(111.36574669941,-14.75,42.32411613907));
#7912 = VECTOR('',#7913,1.);
#7913 = DIRECTION('',(0.707106781187,0.,-0.707106781187));
#7914 = PCURVE('',#7785,#7915);
#7915 = DEFINITIONAL_REPRESENTATION('',(#7916),#7920);
#7916 = LINE('',#7917,#7918);
#7917 = CARTESIAN_POINT('',(29.5,-1.7763568394E-15));
#7918 = VECTOR('',#7919,1.);
#7919 = DIRECTION('',(0.,1.));
#7920 = ( GEOMETRIC_REPRESENTATION_CONTEXT(2) 
PARAMETRIC_REPRESENTATION_CONTEXT() REPRESENTATION_CONTEXT('2D SPACE',''
  ) );
#7921 = PCURVE('',#7867,#7922);
#7922 = DEFINITIONAL_REPRESENTATION('',(#7923),#7927);
#7923 = LINE('',#7924,#7925);
#7924 = CARTESIAN_POINT('',(0.,0.));
#7925 = VECTOR('',#7926,1.);
#7926 = DIRECTION('',(1.,0.));
#7927 = ( GEOMETRIC_REPRESENTATION_CONTEXT(2) 
PARAMETRIC_REPRESENTATION_CONTEXT() REPRESENTATION_CONTEXT('2D SPACE',''
  ) );
#7928 = ORIENTED_EDGE('',*,*,#7929,.F.);
#7929 = EDGE_CURVE('',#7883,#7907,#7930,.T.);
#7930 = SURFACE_CURVE('',#7931,(#7935,#7942),.PCURVE_S1.);
#7931 = LINE('',#7932,#7933);
#7932 = CARTESIAN_POINT('',(110.30508652763,-14.75,1.665476220844));
#7933 = VECTOR('',#7934,1.);
#7934 = DIRECTION('',(0.707106781187,0.,0.707106781187));
#7935 = PCURVE('',#7785,#7936);
#7936 = DEFINITIONAL_REPRESENTATION('',(#7937),#7941);
#7937 = LINE('',#7938,#7939);
#7938 = CARTESIAN_POINT('',(3.552713678801E-15,28.));
#7939 = VECTOR('',#7940,1.);
#7940 = DIRECTION('',(1.,0.));
#7941 = ( GEOMETRIC_REPRESENTATION_CONTEXT(2) 
PARAMETRIC_REPRESENTATION_CONTEXT() REPRESENTATION_CONTEXT('2D SPACE',''
  ) );
#7942 = PCURVE('',#7943,#7948);
#7943 = PLANE('',#7944);
#7944 = AXIS2_PLACEMENT_3D('',#7945,#7946,#7947);
#7945 = CARTESIAN_POINT('',(110.30508652763,-14.75,1.665476220844));
#7946 = DIRECTION('',(0.707106781187,0.,-0.707106781187));
#7947 = DIRECTION('',(0.707106781187,0.,0.707106781187));
#7948 = DEFINITIONAL_REPRESENTATION('',(#7949),#7953);
#7949 = LINE('',#7950,#7951);
#7950 = CARTESIAN_POINT('',(0.,0.));
#7951 = VECTOR('',#7952,1.);
#7952 = DIRECTION('',(1.,0.));
#7953 = ( GEOMETRIC_REPRESENTATION_CONTEXT(2) 
PARAMETRIC_REPRESENTATION_CONTEXT() REPRESENTATION_CONTEXT('2D SPACE',''
  ) );
#7954 = ADVANCED_FACE('',(#7955),#7867,.T.);
#7955 = FACE_BOUND('',#7956,.T.);
#7956 = EDGE_LOOP('',(#7957,#7958,#7959,#7982));
#7957 = ORIENTED_EDGE('',*,*,#7853,.F.);
#7958 = ORIENTED_EDGE('',*,*,#7906,.T.);
#7959 = ORIENTED_EDGE('',*,*,#7960,.T.);
#7960 = EDGE_CURVE('',#7907,#7961,#7963,.T.);
#7961 = VERTEX_POINT('',#7962);
#7962 = CARTESIAN_POINT('',(131.16473657263,14.75,22.525126265847));
#7963 = SURFACE_CURVE('',#7964,(#7968,#7975),.PCURVE_S1.);
#7964 = LINE('',#7965,#7966);
#7965 = CARTESIAN_POINT('',(131.16473657263,-14.75,22.525126265847));
#7966 = VECTOR('',#7967,1.);
#7967 = DIRECTION('',(0.,1.,0.));
#7968 = PCURVE('',#7867,#7969);
#7969 = DEFINITIONAL_REPRESENTATION('',(#7970),#7974);
#7970 = LINE('',#7971,#7972);
#7971 = CARTESIAN_POINT('',(28.,0.));
#7972 = VECTOR('',#7973,1.);
#7973 = DIRECTION('',(0.,1.));
#7974 = ( GEOMETRIC_REPRESENTATION_CONTEXT(2) 
PARAMETRIC_REPRESENTATION_CONTEXT() REPRESENTATION_CONTEXT('2D SPACE',''
  ) );
#7975 = PCURVE('',#7943,#7976);
#7976 = DEFINITIONAL_REPRESENTATION('',(#7977),#7981);
#7977 = LINE('',#7978,#7979);
#7978 = CARTESIAN_POINT('',(29.5,0.));
#7979 = VECTOR('',#7980,1.);
#7980 = DIRECTION('',(0.,-1.));
#7981 = ( GEOMETRIC_REPRESENTATION_CONTEXT(2) 
PARAMETRIC_REPRESENTATION_CONTEXT() REPRESENTATION_CONTEXT('2D SPACE',''
  ) );
#7982 = ORIENTED_EDGE('',*,*,#7983,.F.);
#7983 = EDGE_CURVE('',#7826,#7961,#7984,.T.);
#7984 = SURFACE_CURVE('',#7985,(#7989,#7996),.PCURVE_S1.);
#7985 = LINE('',#7986,#7987);
#7986 = CARTESIAN_POINT('',(111.36574669941,14.75,42.32411613907));
#7987 = VECTOR('',#7988,1.);
#7988 = DIRECTION('',(0.707106781187,0.,-0.707106781187));
#7989 = PCURVE('',#7867,#7990);
#7990 = DEFINITIONAL_REPRESENTATION('',(#7991),#7995);
#7991 = LINE('',#7992,#7993);
#7992 = CARTESIAN_POINT('',(0.,29.5));
#7993 = VECTOR('',#7994,1.);
#7994 = DIRECTION('',(1.,0.));
#7995 = ( GEOMETRIC_REPRESENTATION_CONTEXT(2) 
PARAMETRIC_REPRESENTATION_CONTEXT() REPRESENTATION_CONTEXT('2D SPACE',''
  ) );
#7996 = PCURVE('',#7841,#7997);
#7997 = DEFINITIONAL_REPRESENTATION('',(#7998),#8002);
#7998 = LINE('',#7999,#8000);
#7999 = CARTESIAN_POINT('',(29.5,-1.7763568394E-15));
#8000 = VECTOR('',#8001,1.);
#8001 = DIRECTION('',(0.,1.));
#8002 = ( GEOMETRIC_REPRESENTATION_CONTEXT(2) 
PARAMETRIC_REPRESENTATION_CONTEXT() REPRESENTATION_CONTEXT('2D SPACE',''
  ) );
#8003 = ADVANCED_FACE('',(#8004),#7841,.T.);
#8004 = FACE_BOUND('',#8005,.T.);
#8005 = EDGE_LOOP('',(#8006,#8029,#8030,#8031));
#8006 = ORIENTED_EDGE('',*,*,#8007,.F.);
#8007 = EDGE_CURVE('',#7798,#8008,#8010,.T.);
#8008 = VERTEX_POINT('',#8009);
#8009 = CARTESIAN_POINT('',(110.30508652763,14.75,1.665476220844));
#8010 = SURFACE_CURVE('',#8011,(#8015,#8022),.PCURVE_S1.);
#8011 = LINE('',#8012,#8013);
#8012 = CARTESIAN_POINT('',(90.50609665441,14.75,21.464466094067));
#8013 = VECTOR('',#8014,1.);
#8014 = DIRECTION('',(0.707106781187,0.,-0.707106781187));
#8015 = PCURVE('',#7841,#8016);
#8016 = DEFINITIONAL_REPRESENTATION('',(#8017),#8021);
#8017 = LINE('',#8018,#8019);
#8018 = CARTESIAN_POINT('',(0.,0.));
#8019 = VECTOR('',#8020,1.);
#8020 = DIRECTION('',(0.,1.));
#8021 = ( GEOMETRIC_REPRESENTATION_CONTEXT(2) 
PARAMETRIC_REPRESENTATION_CONTEXT() REPRESENTATION_CONTEXT('2D SPACE',''
  ) );
#8022 = PCURVE('',#7813,#8023);
#8023 = DEFINITIONAL_REPRESENTATION('',(#8024),#8028);
#8024 = LINE('',#8025,#8026);
#8025 = CARTESIAN_POINT('',(0.,29.5));
#8026 = VECTOR('',#8027,1.);
#8027 = DIRECTION('',(1.,0.));
#8028 = ( GEOMETRIC_REPRESENTATION_CONTEXT(2) 
PARAMETRIC_REPRESENTATION_CONTEXT() REPRESENTATION_CONTEXT('2D SPACE',''
  ) );
#8029 = ORIENTED_EDGE('',*,*,#7825,.T.);
#8030 = ORIENTED_EDGE('',*,*,#7983,.T.);
#8031 = ORIENTED_EDGE('',*,*,#8032,.F.);
#8032 = EDGE_CURVE('',#8008,#7961,#8033,.T.);
#8033 = SURFACE_CURVE('',#8034,(#8038,#8045),.PCURVE_S1.);
#8034 = LINE('',#8035,#8036);
#8035 = CARTESIAN_POINT('',(110.30508652763,14.75,1.665476220844));
#8036 = VECTOR('',#8037,1.);
#8037 = DIRECTION('',(0.707106781187,0.,0.707106781187));
#8038 = PCURVE('',#7841,#8039);
#8039 = DEFINITIONAL_REPRESENTATION('',(#8040),#8044);
#8040 = LINE('',#8041,#8042);
#8041 = CARTESIAN_POINT('',(3.552713678801E-15,28.));
#8042 = VECTOR('',#8043,1.);
#8043 = DIRECTION('',(1.,0.));
#8044 = ( GEOMETRIC_REPRESENTATION_CONTEXT(2) 
PARAMETRIC_REPRESENTATION_CONTEXT() REPRESENTATION_CONTEXT('2D SPACE',''
  ) );
#8045 = PCURVE('',#7943,#8046);
#8046 = DEFINITIONAL_REPRESENTATION('',(#8047),#8051);
#8047 = LINE('',#8048,#8049);
#8048 = CARTESIAN_POINT('',(0.,-29.5));
#8049 = VECTOR('',#8050,1.);
#8050 = DIRECTION('',(1.,0.));
#8051 = ( GEOMETRIC_REPRESENTATION_CONTEXT(2) 
PARAMETRIC_REPRESENTATION_CONTEXT() REPRESENTATION_CONTEXT('2D SPACE',''
  ) );
#8052 = ADVANCED_FACE('',(#8053),#7813,.F.);
#8053 = FACE_BOUND('',#8054,.F.);
#8054 = EDGE_LOOP('',(#8055,#8056,#8057,#8078));
#8055 = ORIENTED_EDGE('',*,*,#7797,.F.);
#8056 = ORIENTED_EDGE('',*,*,#7882,.T.);
#8057 = ORIENTED_EDGE('',*,*,#8058,.T.);
#8058 = EDGE_CURVE('',#7883,#8008,#8059,.T.);
#8059 = SURFACE_CURVE('',#8060,(#8064,#8071),.PCURVE_S1.);
#8060 = LINE('',#8061,#8062);
#8061 = CARTESIAN_POINT('',(110.30508652763,-14.75,1.665476220844));
#8062 = VECTOR('',#8063,1.);
#8063 = DIRECTION('',(0.,1.,0.));
#8064 = PCURVE('',#7813,#8065);
#8065 = DEFINITIONAL_REPRESENTATION('',(#8066),#8070);
#8066 = LINE('',#8067,#8068);
#8067 = CARTESIAN_POINT('',(28.,0.));
#8068 = VECTOR('',#8069,1.);
#8069 = DIRECTION('',(0.,1.));
#8070 = ( GEOMETRIC_REPRESENTATION_CONTEXT(2) 
PARAMETRIC_REPRESENTATION_CONTEXT() REPRESENTATION_CONTEXT('2D SPACE',''
  ) );
#8071 = PCURVE('',#7943,#8072);
#8072 = DEFINITIONAL_REPRESENTATION('',(#8073),#8077);
#8073 = LINE('',#8074,#8075);
#8074 = CARTESIAN_POINT('',(0.,0.));
#8075 = VECTOR('',#8076,1.);
#8076 = DIRECTION('',(0.,-1.));
#8077 = ( GEOMETRIC_REPRESENTATION_CONTEXT(2) 
PARAMETRIC_REPRESENTATION_CONTEXT() REPRESENTATION_CONTEXT('2D SPACE',''
  ) );
#8078 = ORIENTED_EDGE('',*,*,#8007,.F.);
#8079 = ADVANCED_FACE('',(#8080,#8086),#7943,.T.);
#8080 = FACE_BOUND('',#8081,.T.);
#8081 = EDGE_LOOP('',(#8082,#8083,#8084,#8085));
#8082 = ORIENTED_EDGE('',*,*,#7929,.F.);
#8083 = ORIENTED_EDGE('',*,*,#8058,.T.);
#8084 = ORIENTED_EDGE('',*,*,#8032,.T.);
#8085 = ORIENTED_EDGE('',*,*,#7960,.F.);
#8086 = FACE_BOUND('',#8087,.T.);
#8087 = EDGE_LOOP('',(#8088));
#8088 = ORIENTED_EDGE('',*,*,#8089,.F.);
#8089 = EDGE_CURVE('',#8090,#8090,#8092,.T.);
#8090 = VERTEX_POINT('',#8091);
#8091 = CARTESIAN_POINT('',(120.73491155013,7.,12.095301243346));
#8092 = SURFACE_CURVE('',#8093,(#8098,#8105),.PCURVE_S1.);
#8093 = CIRCLE('',#8094,7.);
#8094 = AXIS2_PLACEMENT_3D('',#8095,#8096,#8097);
#8095 = CARTESIAN_POINT('',(120.73491155013,0.,12.095301243346));
#8096 = DIRECTION('',(0.707106781187,0.,-0.707106781187));
#8097 = DIRECTION('',(0.,1.,0.));
#8098 = PCURVE('',#7943,#8099);
#8099 = DEFINITIONAL_REPRESENTATION('',(#8100),#8104);
#8100 = CIRCLE('',#8101,7.);
#8101 = AXIS2_PLACEMENT_2D('',#8102,#8103);
#8102 = CARTESIAN_POINT('',(14.75,-14.75));
#8103 = DIRECTION('',(0.,-1.));
#8104 = ( GEOMETRIC_REPRESENTATION_CONTEXT(2) 
PARAMETRIC_REPRESENTATION_CONTEXT() REPRESENTATION_CONTEXT('2D SPACE',''
  ) );
#8105 = PCURVE('',#8106,#8111);
#8106 = CYLINDRICAL_SURFACE('',#8107,7.);
#8107 = AXIS2_PLACEMENT_3D('',#8108,#8109,#8110);
#8108 = CARTESIAN_POINT('',(120.73491155013,0.,12.095301243346));
#8109 = DIRECTION('',(-0.707106781187,0.,0.707106781187));
#8110 = DIRECTION('',(0.,1.,0.));
#8111 = DEFINITIONAL_REPRESENTATION('',(#8112),#8116);
#8112 = LINE('',#8113,#8114);
#8113 = CARTESIAN_POINT('',(-0.,0.));
#8114 = VECTOR('',#8115,1.);
#8115 = DIRECTION('',(-1.,0.));
#8116 = ( GEOMETRIC_REPRESENTATION_CONTEXT(2) 
PARAMETRIC_REPRESENTATION_CONTEXT() REPRESENTATION_CONTEXT('2D SPACE',''
  ) );
#8117 = ADVANCED_FACE('',(#8118),#8106,.T.);
#8118 = FACE_BOUND('',#8119,.F.);
#8119 = EDGE_LOOP('',(#8120,#8143,#8170,#8171));
#8120 = ORIENTED_EDGE('',*,*,#8121,.T.);
#8121 = EDGE_CURVE('',#8090,#8122,#8124,.T.);
#8122 = VERTEX_POINT('',#8123);
#8123 = CARTESIAN_POINT('',(126.39176579962,7.,6.438446993853));
#8124 = SEAM_CURVE('',#8125,(#8129,#8136),.PCURVE_S1.);
#8125 = LINE('',#8126,#8127);
#8126 = CARTESIAN_POINT('',(120.73491155013,7.,12.095301243346));
#8127 = VECTOR('',#8128,1.);
#8128 = DIRECTION('',(0.707106781187,0.,-0.707106781187));
#8129 = PCURVE('',#8106,#8130);
#8130 = DEFINITIONAL_REPRESENTATION('',(#8131),#8135);
#8131 = LINE('',#8132,#8133);
#8132 = CARTESIAN_POINT('',(-0.,0.));
#8133 = VECTOR('',#8134,1.);
#8134 = DIRECTION('',(-0.,-1.));
#8135 = ( GEOMETRIC_REPRESENTATION_CONTEXT(2) 
PARAMETRIC_REPRESENTATION_CONTEXT() REPRESENTATION_CONTEXT('2D SPACE',''
  ) );
#8136 = PCURVE('',#8106,#8137);
#8137 = DEFINITIONAL_REPRESENTATION('',(#8138),#8142);
#8138 = LINE('',#8139,#8140);
#8139 = CARTESIAN_POINT('',(-6.28318530718,0.));
#8140 = VECTOR('',#8141,1.);
#8141 = DIRECTION('',(-0.,-1.));
#8142 = ( GEOMETRIC_REPRESENTATION_CONTEXT(2) 
PARAMETRIC_REPRESENTATION_CONTEXT() REPRESENTATION_CONTEXT('2D SPACE',''
  ) );
#8143 = ORIENTED_EDGE('',*,*,#8144,.T.);
#8144 = EDGE_CURVE('',#8122,#8122,#8145,.T.);
#8145 = SURFACE_CURVE('',#8146,(#8151,#8158),.PCURVE_S1.);
#8146 = CIRCLE('',#8147,7.);
#8147 = AXIS2_PLACEMENT_3D('',#8148,#8149,#8150);
#8148 = CARTESIAN_POINT('',(126.39176579962,0.,6.438446993853));
#8149 = DIRECTION('',(0.707106781187,0.,-0.707106781187));
#8150 = DIRECTION('',(0.,1.,0.));
#8151 = PCURVE('',#8106,#8152);
#8152 = DEFINITIONAL_REPRESENTATION('',(#8153),#8157);
#8153 = LINE('',#8154,#8155);
#8154 = CARTESIAN_POINT('',(-0.,-8.));
#8155 = VECTOR('',#8156,1.);
#8156 = DIRECTION('',(-1.,0.));
#8157 = ( GEOMETRIC_REPRESENTATION_CONTEXT(2) 
PARAMETRIC_REPRESENTATION_CONTEXT() REPRESENTATION_CONTEXT('2D SPACE',''
  ) );
#8158 = PCURVE('',#8159,#8164);
#8159 = PLANE('',#8160);
#8160 = AXIS2_PLACEMENT_3D('',#8161,#8162,#8163);
#8161 = CARTESIAN_POINT('',(126.39176579962,-7.813943614511E-16,
    6.438446993853));
#8162 = DIRECTION('',(0.707106781187,0.,-0.707106781187));
#8163 = DIRECTION('',(0.707106781187,0.,0.707106781187));
#8164 = DEFINITIONAL_REPRESENTATION('',(#8165),#8169);
#8165 = CIRCLE('',#8166,7.);
#8166 = AXIS2_PLACEMENT_2D('',#8167,#8168);
#8167 = CARTESIAN_POINT('',(-1.256073966947E-15,-7.813943614511E-16));
#8168 = DIRECTION('',(0.,-1.));
#8169 = ( GEOMETRIC_REPRESENTATION_CONTEXT(2) 
PARAMETRIC_REPRESENTATION_CONTEXT() REPRESENTATION_CONTEXT('2D SPACE',''
  ) );
#8170 = ORIENTED_EDGE('',*,*,#8121,.F.);
#8171 = ORIENTED_EDGE('',*,*,#8089,.F.);
#8172 = ADVANCED_FACE('',(#8173),#8159,.T.);
#8173 = FACE_BOUND('',#8174,.T.);
#8174 = EDGE_LOOP('',(#8175));
#8175 = ORIENTED_EDGE('',*,*,#8144,.T.);
#8176 = ( GEOMETRIC_REPRESENTATION_CONTEXT(3) 
GLOBAL_UNCERTAINTY_ASSIGNED_CONTEXT((#8180)) 
GLOBAL_UNIT_ASSIGNED_CONTEXT((#8177,#8178,#8179)) REPRESENTATION_CONTEXT
('Context #1','3D Context with UNIT and UNCERTAINTY') );
#8177 = ( LENGTH_UNIT() NAMED_UNIT(*) SI_UNIT(.MILLI.,.METRE.) );
#8178 = ( NAMED_UNIT(*) PLANE_ANGLE_UNIT() SI_UNIT($,.RADIAN.) );
#8179 = ( NAMED_UNIT(*) SI_UNIT($,.STERADIAN.) SOLID_ANGLE_UNIT() );
#8180 = UNCERTAINTY_MEASURE_WITH_UNIT(LENGTH_MEASURE(1.E-07),#8177,
  'distance_accuracy_value','confusion accuracy');
#8181 = CONTEXT_DEPENDENT_SHAPE_REPRESENTATION(#8182,#8184);
#8182 = ( REPRESENTATION_RELATIONSHIP('','',#7755,#10) 
REPRESENTATION_RELATIONSHIP_WITH_TRANSFORMATION(#8183) 
SHAPE_REPRESENTATION_RELATIONSHIP() );
#8183 = ITEM_DEFINED_TRANSFORMATION('','',#11,#23);
#8184 = PRODUCT_DEFINITION_SHAPE('Placement','Placement of an item',
  #8185);
#8185 = NEXT_ASSEMBLY_USAGE_OCCURRENCE('3',
  'front_technexion_camera_reference','',#5,#7750,$);
#8186 = PRODUCT_RELATED_PRODUCT_CATEGORY('part',$,(#7752));
#8187 = SHAPE_DEFINITION_REPRESENTATION(#8188,#8194);
#8188 = PRODUCT_DEFINITION_SHAPE('','',#8189);
#8189 = PRODUCT_DEFINITION('design','',#8190,#8193);
#8190 = PRODUCT_DEFINITION_FORMATION('','',#8191);
#8191 = PRODUCT('right_analog_carrier','right_analog_carrier','',(#8192)
  );
#8192 = PRODUCT_CONTEXT('',#2,'mechanical');
#8193 = PRODUCT_DEFINITION_CONTEXT('part definition',#2,'design');
#8194 = ADVANCED_BREP_SHAPE_REPRESENTATION('',(#11,#8195),#10982);
#8195 = MANIFOLD_SOLID_BREP('',#8196);
#8196 = CLOSED_SHELL('',(#8197,#8317,#8676,#8725,#9036,#9063,#9090,#9438
    ,#9487,#9536,#9585,#9634,#10035,#10062,#10069,#10141,#10190,#10239,
    #10288,#10337,#10364,#10371,#10424,#10473,#10568,#10617,#10696,
    #10723,#10840,#10889,#10920,#10927,#10934,#10941,#10948,#10955));
#8197 = ADVANCED_FACE('',(#8198),#8212,.F.);
#8198 = FACE_BOUND('',#8199,.F.);
#8199 = EDGE_LOOP('',(#8200,#8235,#8263,#8291));
#8200 = ORIENTED_EDGE('',*,*,#8201,.F.);
#8201 = EDGE_CURVE('',#8202,#8204,#8206,.T.);
#8202 = VERTEX_POINT('',#8203);
#8203 = CARTESIAN_POINT('',(3.8,55.857864376269,25.));
#8204 = VERTEX_POINT('',#8205);
#8205 = CARTESIAN_POINT('',(3.8,70.,39.142135623731));
#8206 = SURFACE_CURVE('',#8207,(#8211,#8223),.PCURVE_S1.);
#8207 = LINE('',#8208,#8209);
#8208 = CARTESIAN_POINT('',(3.8,55.857864376269,25.));
#8209 = VECTOR('',#8210,1.);
#8210 = DIRECTION('',(7.850462293419E-17,0.707106781187,0.707106781187)
  );
#8211 = PCURVE('',#8212,#8217);
#8212 = PLANE('',#8213);
#8213 = AXIS2_PLACEMENT_3D('',#8214,#8215,#8216);
#8214 = CARTESIAN_POINT('',(3.8,55.857864376269,25.));
#8215 = DIRECTION('',(7.850462293419E-17,0.707106781187,-0.707106781187)
  );
#8216 = DIRECTION('',(7.850462293419E-17,0.707106781187,0.707106781187)
  );
#8217 = DEFINITIONAL_REPRESENTATION('',(#8218),#8222);
#8218 = LINE('',#8219,#8220);
#8219 = CARTESIAN_POINT('',(0.,0.));
#8220 = VECTOR('',#8221,1.);
#8221 = DIRECTION('',(1.,0.));
#8222 = ( GEOMETRIC_REPRESENTATION_CONTEXT(2) 
PARAMETRIC_REPRESENTATION_CONTEXT() REPRESENTATION_CONTEXT('2D SPACE',''
  ) );
#8223 = PCURVE('',#8224,#8229);
#8224 = PLANE('',#8225);
#8225 = AXIS2_PLACEMENT_3D('',#8226,#8227,#8228);
#8226 = CARTESIAN_POINT('',(3.8,55.857864376269,25.));
#8227 = DIRECTION('',(-1.,1.110223024625E-16,0.));
#8228 = DIRECTION('',(7.850462293419E-17,0.707106781187,0.707106781187)
  );
#8229 = DEFINITIONAL_REPRESENTATION('',(#8230),#8234);
#8230 = LINE('',#8231,#8232);
#8231 = CARTESIAN_POINT('',(0.,0.));
#8232 = VECTOR('',#8233,1.);
#8233 = DIRECTION('',(1.,0.));
#8234 = ( GEOMETRIC_REPRESENTATION_CONTEXT(2) 
PARAMETRIC_REPRESENTATION_CONTEXT() REPRESENTATION_CONTEXT('2D SPACE',''
  ) );
#8235 = ORIENTED_EDGE('',*,*,#8236,.T.);
#8236 = EDGE_CURVE('',#8202,#8237,#8239,.T.);
#8237 = VERTEX_POINT('',#8238);
#8238 = CARTESIAN_POINT('',(-3.8,55.857864376269,25.));
#8239 = SURFACE_CURVE('',#8240,(#8244,#8251),.PCURVE_S1.);
#8240 = LINE('',#8241,#8242);
#8241 = CARTESIAN_POINT('',(3.8,55.857864376269,25.));
#8242 = VECTOR('',#8243,1.);
#8243 = DIRECTION('',(-1.,1.110223024625E-16,0.));
#8244 = PCURVE('',#8212,#8245);
#8245 = DEFINITIONAL_REPRESENTATION('',(#8246),#8250);
#8246 = LINE('',#8247,#8248);
#8247 = CARTESIAN_POINT('',(0.,0.));
#8248 = VECTOR('',#8249,1.);
#8249 = DIRECTION('',(0.,-1.));
#8250 = ( GEOMETRIC_REPRESENTATION_CONTEXT(2) 
PARAMETRIC_REPRESENTATION_CONTEXT() REPRESENTATION_CONTEXT('2D SPACE',''
  ) );
#8251 = PCURVE('',#8252,#8257);
#8252 = PLANE('',#8253);
#8253 = AXIS2_PLACEMENT_3D('',#8254,#8255,#8256);
#8254 = CARTESIAN_POINT('',(3.8,55.857864376269,25.));
#8255 = DIRECTION('',(7.850462293419E-17,0.707106781187,0.707106781187)
  );
#8256 = DIRECTION('',(7.850462293419E-17,0.707106781187,-0.707106781187)
  );
#8257 = DEFINITIONAL_REPRESENTATION('',(#8258),#8262);
#8258 = LINE('',#8259,#8260);
#8259 = CARTESIAN_POINT('',(0.,0.));
#8260 = VECTOR('',#8261,1.);
#8261 = DIRECTION('',(0.,1.));
#8262 = ( GEOMETRIC_REPRESENTATION_CONTEXT(2) 
PARAMETRIC_REPRESENTATION_CONTEXT() REPRESENTATION_CONTEXT('2D SPACE',''
  ) );
#8263 = ORIENTED_EDGE('',*,*,#8264,.T.);
#8264 = EDGE_CURVE('',#8237,#8265,#8267,.T.);
#8265 = VERTEX_POINT('',#8266);
#8266 = CARTESIAN_POINT('',(-3.8,70.,39.142135623731));
#8267 = SURFACE_CURVE('',#8268,(#8272,#8279),.PCURVE_S1.);
#8268 = LINE('',#8269,#8270);
#8269 = CARTESIAN_POINT('',(-3.8,55.857864376269,25.));
#8270 = VECTOR('',#8271,1.);
#8271 = DIRECTION('',(7.850462293419E-17,0.707106781187,0.707106781187)
  );
#8272 = PCURVE('',#8212,#8273);
#8273 = DEFINITIONAL_REPRESENTATION('',(#8274),#8278);
#8274 = LINE('',#8275,#8276);
#8275 = CARTESIAN_POINT('',(-5.966351342998E-16,-7.6));
#8276 = VECTOR('',#8277,1.);
#8277 = DIRECTION('',(1.,0.));
#8278 = ( GEOMETRIC_REPRESENTATION_CONTEXT(2) 
PARAMETRIC_REPRESENTATION_CONTEXT() REPRESENTATION_CONTEXT('2D SPACE',''
  ) );
#8279 = PCURVE('',#8280,#8285);
#8280 = PLANE('',#8281);
#8281 = AXIS2_PLACEMENT_3D('',#8282,#8283,#8284);
#8282 = CARTESIAN_POINT('',(-3.8,55.857864376269,25.));
#8283 = DIRECTION('',(-1.,1.110223024625E-16,0.));
#8284 = DIRECTION('',(7.850462293419E-17,0.707106781187,0.707106781187)
  );
#8285 = DEFINITIONAL_REPRESENTATION('',(#8286),#8290);
#8286 = LINE('',#8287,#8288);
#8287 = CARTESIAN_POINT('',(0.,0.));
#8288 = VECTOR('',#8289,1.);
#8289 = DIRECTION('',(1.,0.));
#8290 = ( GEOMETRIC_REPRESENTATION_CONTEXT(2) 
PARAMETRIC_REPRESENTATION_CONTEXT() REPRESENTATION_CONTEXT('2D SPACE',''
  ) );
#8291 = ORIENTED_EDGE('',*,*,#8292,.F.);
#8292 = EDGE_CURVE('',#8204,#8265,#8293,.T.);
#8293 = SURFACE_CURVE('',#8294,(#8298,#8305),.PCURVE_S1.);
#8294 = LINE('',#8295,#8296);
#8295 = CARTESIAN_POINT('',(3.8,70.,39.142135623731));
#8296 = VECTOR('',#8297,1.);
#8297 = DIRECTION('',(-1.,1.110223024625E-16,0.));
#8298 = PCURVE('',#8212,#8299);
#8299 = DEFINITIONAL_REPRESENTATION('',(#8300),#8304);
#8300 = LINE('',#8301,#8302);
#8301 = CARTESIAN_POINT('',(20.,2.062643807165E-16));
#8302 = VECTOR('',#8303,1.);
#8303 = DIRECTION('',(0.,-1.));
#8304 = ( GEOMETRIC_REPRESENTATION_CONTEXT(2) 
PARAMETRIC_REPRESENTATION_CONTEXT() REPRESENTATION_CONTEXT('2D SPACE',''
  ) );
#8305 = PCURVE('',#8306,#8311);
#8306 = PLANE('',#8307);
#8307 = AXIS2_PLACEMENT_3D('',#8308,#8309,#8310);
#8308 = CARTESIAN_POINT('',(3.8,70.,39.142135623731));
#8309 = DIRECTION('',(7.850462293419E-17,0.707106781187,0.707106781187)
  );
#8310 = DIRECTION('',(7.850462293419E-17,0.707106781187,-0.707106781187)
  );
#8311 = DEFINITIONAL_REPRESENTATION('',(#8312),#8316);
#8312 = LINE('',#8313,#8314);
#8313 = CARTESIAN_POINT('',(0.,0.));
#8314 = VECTOR('',#8315,1.);
#8315 = DIRECTION('',(0.,1.));
#8316 = ( GEOMETRIC_REPRESENTATION_CONTEXT(2) 
PARAMETRIC_REPRESENTATION_CONTEXT() REPRESENTATION_CONTEXT('2D SPACE',''
  ) );
#8317 = ADVANCED_FACE('',(#8318,#8617),#8224,.F.);
#8318 = FACE_BOUND('',#8319,.F.);
#8319 = EDGE_LOOP('',(#8320,#8350,#8371,#8372,#8395,#8423,#8451,#8479,
    #8507,#8535,#8563,#8591));
#8320 = ORIENTED_EDGE('',*,*,#8321,.F.);
#8321 = EDGE_CURVE('',#8322,#8324,#8326,.T.);
#8322 = VERTEX_POINT('',#8323);
#8323 = CARTESIAN_POINT('',(3.8,70.,10.857864376269));
#8324 = VERTEX_POINT('',#8325);
#8325 = CARTESIAN_POINT('',(3.8,77.071067811865,17.928932188135));
#8326 = SURFACE_CURVE('',#8327,(#8331,#8338),.PCURVE_S1.);
#8327 = LINE('',#8328,#8329);
#8328 = CARTESIAN_POINT('',(3.8,70.,10.857864376269));
#8329 = VECTOR('',#8330,1.);
#8330 = DIRECTION('',(7.850462293419E-17,0.707106781187,0.707106781187)
  );
#8331 = PCURVE('',#8224,#8332);
#8332 = DEFINITIONAL_REPRESENTATION('',(#8333),#8337);
#8333 = LINE('',#8334,#8335);
#8334 = CARTESIAN_POINT('',(-1.7763568394E-15,20.));
#8335 = VECTOR('',#8336,1.);
#8336 = DIRECTION('',(1.,0.));
#8337 = ( GEOMETRIC_REPRESENTATION_CONTEXT(2) 
PARAMETRIC_REPRESENTATION_CONTEXT() REPRESENTATION_CONTEXT('2D SPACE',''
  ) );
#8338 = PCURVE('',#8339,#8344);
#8339 = PLANE('',#8340);
#8340 = AXIS2_PLACEMENT_3D('',#8341,#8342,#8343);
#8341 = CARTESIAN_POINT('',(3.8,70.,10.857864376269));
#8342 = DIRECTION('',(7.850462293419E-17,0.707106781187,-0.707106781187)
  );
#8343 = DIRECTION('',(7.850462293419E-17,0.707106781187,0.707106781187)
  );
#8344 = DEFINITIONAL_REPRESENTATION('',(#8345),#8349);
#8345 = LINE('',#8346,#8347);
#8346 = CARTESIAN_POINT('',(0.,0.));
#8347 = VECTOR('',#8348,1.);
#8348 = DIRECTION('',(1.,0.));
#8349 = ( GEOMETRIC_REPRESENTATION_CONTEXT(2) 
PARAMETRIC_REPRESENTATION_CONTEXT() REPRESENTATION_CONTEXT('2D SPACE',''
  ) );
#8350 = ORIENTED_EDGE('',*,*,#8351,.F.);
#8351 = EDGE_CURVE('',#8202,#8322,#8352,.T.);
#8352 = SURFACE_CURVE('',#8353,(#8357,#8364),.PCURVE_S1.);
#8353 = LINE('',#8354,#8355);
#8354 = CARTESIAN_POINT('',(3.8,55.857864376269,25.));
#8355 = VECTOR('',#8356,1.);
#8356 = DIRECTION('',(7.850462293419E-17,0.707106781187,-0.707106781187)
  );
#8357 = PCURVE('',#8224,#8358);
#8358 = DEFINITIONAL_REPRESENTATION('',(#8359),#8363);
#8359 = LINE('',#8360,#8361);
#8360 = CARTESIAN_POINT('',(0.,0.));
#8361 = VECTOR('',#8362,1.);
#8362 = DIRECTION('',(0.,1.));
#8363 = ( GEOMETRIC_REPRESENTATION_CONTEXT(2) 
PARAMETRIC_REPRESENTATION_CONTEXT() REPRESENTATION_CONTEXT('2D SPACE',''
  ) );
#8364 = PCURVE('',#8252,#8365);
#8365 = DEFINITIONAL_REPRESENTATION('',(#8366),#8370);
#8366 = LINE('',#8367,#8368);
#8367 = CARTESIAN_POINT('',(0.,0.));
#8368 = VECTOR('',#8369,1.);
#8369 = DIRECTION('',(1.,0.));
#8370 = ( GEOMETRIC_REPRESENTATION_CONTEXT(2) 
PARAMETRIC_REPRESENTATION_CONTEXT() REPRESENTATION_CONTEXT('2D SPACE',''
  ) );
#8371 = ORIENTED_EDGE('',*,*,#8201,.T.);
#8372 = ORIENTED_EDGE('',*,*,#8373,.T.);
#8373 = EDGE_CURVE('',#8204,#8374,#8376,.T.);
#8374 = VERTEX_POINT('',#8375);
#8375 = CARTESIAN_POINT('',(3.8,84.142135623731,25.));
#8376 = SURFACE_CURVE('',#8377,(#8381,#8388),.PCURVE_S1.);
#8377 = LINE('',#8378,#8379);
#8378 = CARTESIAN_POINT('',(3.8,70.,39.142135623731));
#8379 = VECTOR('',#8380,1.);
#8380 = DIRECTION('',(7.850462293419E-17,0.707106781187,-0.707106781187)
  );
#8381 = PCURVE('',#8224,#8382);
#8382 = DEFINITIONAL_REPRESENTATION('',(#8383),#8387);
#8383 = LINE('',#8384,#8385);
#8384 = CARTESIAN_POINT('',(20.,1.7763568394E-15));
#8385 = VECTOR('',#8386,1.);
#8386 = DIRECTION('',(0.,1.));
#8387 = ( GEOMETRIC_REPRESENTATION_CONTEXT(2) 
PARAMETRIC_REPRESENTATION_CONTEXT() REPRESENTATION_CONTEXT('2D SPACE',''
  ) );
#8388 = PCURVE('',#8306,#8389);
#8389 = DEFINITIONAL_REPRESENTATION('',(#8390),#8394);
#8390 = LINE('',#8391,#8392);
#8391 = CARTESIAN_POINT('',(0.,0.));
#8392 = VECTOR('',#8393,1.);
#8393 = DIRECTION('',(1.,0.));
#8394 = ( GEOMETRIC_REPRESENTATION_CONTEXT(2) 
PARAMETRIC_REPRESENTATION_CONTEXT() REPRESENTATION_CONTEXT('2D SPACE',''
  ) );
#8395 = ORIENTED_EDGE('',*,*,#8396,.F.);
#8396 = EDGE_CURVE('',#8397,#8374,#8399,.T.);
#8397 = VERTEX_POINT('',#8398);
#8398 = CARTESIAN_POINT('',(3.8,82.727922061358,23.585786437627));
#8399 = SURFACE_CURVE('',#8400,(#8404,#8411),.PCURVE_S1.);
#8400 = LINE('',#8401,#8402);
#8401 = CARTESIAN_POINT('',(3.8,70.,10.857864376269));
#8402 = VECTOR('',#8403,1.);
#8403 = DIRECTION('',(7.850462293419E-17,0.707106781187,0.707106781187)
  );
#8404 = PCURVE('',#8224,#8405);
#8405 = DEFINITIONAL_REPRESENTATION('',(#8406),#8410);
#8406 = LINE('',#8407,#8408);
#8407 = CARTESIAN_POINT('',(-1.7763568394E-15,20.));
#8408 = VECTOR('',#8409,1.);
#8409 = DIRECTION('',(1.,0.));
#8410 = ( GEOMETRIC_REPRESENTATION_CONTEXT(2) 
PARAMETRIC_REPRESENTATION_CONTEXT() REPRESENTATION_CONTEXT('2D SPACE',''
  ) );
#8411 = PCURVE('',#8412,#8417);
#8412 = PLANE('',#8413);
#8413 = AXIS2_PLACEMENT_3D('',#8414,#8415,#8416);
#8414 = CARTESIAN_POINT('',(3.8,70.,10.857864376269));
#8415 = DIRECTION('',(7.850462293419E-17,0.707106781187,-0.707106781187)
  );
#8416 = DIRECTION('',(7.850462293419E-17,0.707106781187,0.707106781187)
  );
#8417 = DEFINITIONAL_REPRESENTATION('',(#8418),#8422);
#8418 = LINE('',#8419,#8420);
#8419 = CARTESIAN_POINT('',(0.,0.));
#8420 = VECTOR('',#8421,1.);
#8421 = DIRECTION('',(1.,0.));
#8422 = ( GEOMETRIC_REPRESENTATION_CONTEXT(2) 
PARAMETRIC_REPRESENTATION_CONTEXT() REPRESENTATION_CONTEXT('2D SPACE',''
  ) );
#8423 = ORIENTED_EDGE('',*,*,#8424,.T.);
#8424 = EDGE_CURVE('',#8397,#8425,#8427,.T.);
#8425 = VERTEX_POINT('',#8426);
#8426 = CARTESIAN_POINT('',(3.8,98.567113959937,7.746594539048));
#8427 = SURFACE_CURVE('',#8428,(#8432,#8439),.PCURVE_S1.);
#8428 = LINE('',#8429,#8430);
#8429 = CARTESIAN_POINT('',(3.8,72.828427124746,33.485281374239));
#8430 = VECTOR('',#8431,1.);
#8431 = DIRECTION('',(7.850462293419E-17,0.707106781187,-0.707106781187)
  );
#8432 = PCURVE('',#8224,#8433);
#8433 = DEFINITIONAL_REPRESENTATION('',(#8434),#8438);
#8434 = LINE('',#8435,#8436);
#8435 = CARTESIAN_POINT('',(18.,6.));
#8436 = VECTOR('',#8437,1.);
#8437 = DIRECTION('',(0.,1.));
#8438 = ( GEOMETRIC_REPRESENTATION_CONTEXT(2) 
PARAMETRIC_REPRESENTATION_CONTEXT() REPRESENTATION_CONTEXT('2D SPACE',''
  ) );
#8439 = PCURVE('',#8440,#8445);
#8440 = PLANE('',#8441);
#8441 = AXIS2_PLACEMENT_3D('',#8442,#8443,#8444);
#8442 = CARTESIAN_POINT('',(3.8,72.828427124746,33.485281374239));
#8443 = DIRECTION('',(7.850462293419E-17,0.707106781187,0.707106781187)
  );
#8444 = DIRECTION('',(7.850462293419E-17,0.707106781187,-0.707106781187)
  );
#8445 = DEFINITIONAL_REPRESENTATION('',(#8446),#8450);
#8446 = LINE('',#8447,#8448);
#8447 = CARTESIAN_POINT('',(0.,0.));
#8448 = VECTOR('',#8449,1.);
#8449 = DIRECTION('',(1.,0.));
#8450 = ( GEOMETRIC_REPRESENTATION_CONTEXT(2) 
PARAMETRIC_REPRESENTATION_CONTEXT() REPRESENTATION_CONTEXT('2D SPACE',''
  ) );
#8451 = ORIENTED_EDGE('',*,*,#8452,.T.);
#8452 = EDGE_CURVE('',#8425,#8453,#8455,.T.);
#8453 = VERTEX_POINT('',#8454);
#8454 = CARTESIAN_POINT('',(3.8,97.152900397563,6.332380976675));
#8455 = SURFACE_CURVE('',#8456,(#8460,#8467),.PCURVE_S1.);
#8456 = LINE('',#8457,#8458);
#8457 = CARTESIAN_POINT('',(3.8,89.374725804511,-1.445793616377));
#8458 = VECTOR('',#8459,1.);
#8459 = DIRECTION('',(-7.850462293419E-17,-0.707106781187,
    -0.707106781187));
#8460 = PCURVE('',#8224,#8461);
#8461 = DEFINITIONAL_REPRESENTATION('',(#8462),#8466);
#8462 = LINE('',#8463,#8464);
#8463 = CARTESIAN_POINT('',(5.,42.4));
#8464 = VECTOR('',#8465,1.);
#8465 = DIRECTION('',(-1.,0.));
#8466 = ( GEOMETRIC_REPRESENTATION_CONTEXT(2) 
PARAMETRIC_REPRESENTATION_CONTEXT() REPRESENTATION_CONTEXT('2D SPACE',''
  ) );
#8467 = PCURVE('',#8468,#8473);
#8468 = PLANE('',#8469);
#8469 = AXIS2_PLACEMENT_3D('',#8470,#8471,#8472);
#8470 = CARTESIAN_POINT('',(20.,92.910259710444,2.089740289556));
#8471 = DIRECTION('',(7.850462293419E-17,0.707106781187,-0.707106781187)
  );
#8472 = DIRECTION('',(7.850462293419E-17,0.707106781187,0.707106781187)
  );
#8473 = DEFINITIONAL_REPRESENTATION('',(#8474),#8478);
#8474 = LINE('',#8475,#8476);
#8475 = CARTESIAN_POINT('',(-5.,-16.2));
#8476 = VECTOR('',#8477,1.);
#8477 = DIRECTION('',(-1.,0.));
#8478 = ( GEOMETRIC_REPRESENTATION_CONTEXT(2) 
PARAMETRIC_REPRESENTATION_CONTEXT() REPRESENTATION_CONTEXT('2D SPACE',''
  ) );
#8479 = ORIENTED_EDGE('',*,*,#8480,.F.);
#8480 = EDGE_CURVE('',#8481,#8453,#8483,.T.);
#8481 = VERTEX_POINT('',#8482);
#8482 = CARTESIAN_POINT('',(3.8,94.041630560343,9.443650813896));
#8483 = SURFACE_CURVE('',#8484,(#8488,#8495),.PCURVE_S1.);
#8484 = LINE('',#8485,#8486);
#8485 = CARTESIAN_POINT('',(3.8,80.606601717798,22.87867965644));
#8486 = VECTOR('',#8487,1.);
#8487 = DIRECTION('',(7.850462293419E-17,0.707106781187,-0.707106781187)
  );
#8488 = PCURVE('',#8224,#8489);
#8489 = DEFINITIONAL_REPRESENTATION('',(#8490),#8494);
#8490 = LINE('',#8491,#8492);
#8491 = CARTESIAN_POINT('',(16.,19.));
#8492 = VECTOR('',#8493,1.);
#8493 = DIRECTION('',(0.,1.));
#8494 = ( GEOMETRIC_REPRESENTATION_CONTEXT(2) 
PARAMETRIC_REPRESENTATION_CONTEXT() REPRESENTATION_CONTEXT('2D SPACE',''
  ) );
#8495 = PCURVE('',#8496,#8501);
#8496 = PLANE('',#8497);
#8497 = AXIS2_PLACEMENT_3D('',#8498,#8499,#8500);
#8498 = CARTESIAN_POINT('',(15.75,94.041630560343,9.443650813896));
#8499 = DIRECTION('',(7.850462293419E-17,0.707106781187,0.707106781187)
  );
#8500 = DIRECTION('',(7.850462293419E-17,0.707106781187,-0.707106781187)
  );
#8501 = DEFINITIONAL_REPRESENTATION('',(#8502),#8506);
#8502 = LINE('',#8503,#8504);
#8503 = CARTESIAN_POINT('',(-19.,11.95));
#8504 = VECTOR('',#8505,1.);
#8505 = DIRECTION('',(1.,0.));
#8506 = ( GEOMETRIC_REPRESENTATION_CONTEXT(2) 
PARAMETRIC_REPRESENTATION_CONTEXT() REPRESENTATION_CONTEXT('2D SPACE',''
  ) );
#8507 = ORIENTED_EDGE('',*,*,#8508,.T.);
#8508 = EDGE_CURVE('',#8481,#8509,#8511,.T.);
#8509 = VERTEX_POINT('',#8510);
#8510 = CARTESIAN_POINT('',(3.8,91.213203435596,6.61522368915));
#8511 = SURFACE_CURVE('',#8512,(#8516,#8523),.PCURVE_S1.);
#8512 = LINE('',#8513,#8514);
#8513 = CARTESIAN_POINT('',(3.8,86.970562748477,2.37258300203));
#8514 = VECTOR('',#8515,1.);
#8515 = DIRECTION('',(-7.850462293419E-17,-0.707106781187,
    -0.707106781187));
#8516 = PCURVE('',#8224,#8517);
#8517 = DEFINITIONAL_REPRESENTATION('',(#8518),#8522);
#8518 = LINE('',#8519,#8520);
#8519 = CARTESIAN_POINT('',(6.,38.));
#8520 = VECTOR('',#8521,1.);
#8521 = DIRECTION('',(-1.,0.));
#8522 = ( GEOMETRIC_REPRESENTATION_CONTEXT(2) 
PARAMETRIC_REPRESENTATION_CONTEXT() REPRESENTATION_CONTEXT('2D SPACE',''
  ) );
#8523 = PCURVE('',#8524,#8529);
#8524 = PLANE('',#8525);
#8525 = AXIS2_PLACEMENT_3D('',#8526,#8527,#8528);
#8526 = CARTESIAN_POINT('',(15.75,91.213203435596,6.61522368915));
#8527 = DIRECTION('',(7.850462293419E-17,0.707106781187,-0.707106781187)
  );
#8528 = DIRECTION('',(7.850462293419E-17,0.707106781187,0.707106781187)
  );
#8529 = DEFINITIONAL_REPRESENTATION('',(#8530),#8534);
#8530 = LINE('',#8531,#8532);
#8531 = CARTESIAN_POINT('',(-6.,-11.95));
#8532 = VECTOR('',#8533,1.);
#8533 = DIRECTION('',(-1.,0.));
#8534 = ( GEOMETRIC_REPRESENTATION_CONTEXT(2) 
PARAMETRIC_REPRESENTATION_CONTEXT() REPRESENTATION_CONTEXT('2D SPACE',''
  ) );
#8535 = ORIENTED_EDGE('',*,*,#8536,.T.);
#8536 = EDGE_CURVE('',#8509,#8537,#8539,.T.);
#8537 = VERTEX_POINT('',#8538);
#8538 = CARTESIAN_POINT('',(3.8,94.324473272817,3.503953851929));
#8539 = SURFACE_CURVE('',#8540,(#8544,#8551),.PCURVE_S1.);
#8540 = LINE('',#8541,#8542);
#8541 = CARTESIAN_POINT('',(3.8,77.778174593052,20.050252531694));
#8542 = VECTOR('',#8543,1.);
#8543 = DIRECTION('',(7.850462293419E-17,0.707106781187,-0.707106781187)
  );
#8544 = PCURVE('',#8224,#8545);
#8545 = DEFINITIONAL_REPRESENTATION('',(#8546),#8550);
#8546 = LINE('',#8547,#8548);
#8547 = CARTESIAN_POINT('',(12.,19.));
#8548 = VECTOR('',#8549,1.);
#8549 = DIRECTION('',(0.,1.));
#8550 = ( GEOMETRIC_REPRESENTATION_CONTEXT(2) 
PARAMETRIC_REPRESENTATION_CONTEXT() REPRESENTATION_CONTEXT('2D SPACE',''
  ) );
#8551 = PCURVE('',#8552,#8557);
#8552 = PLANE('',#8553);
#8553 = AXIS2_PLACEMENT_3D('',#8554,#8555,#8556);
#8554 = CARTESIAN_POINT('',(15.75,91.213203435596,6.61522368915));
#8555 = DIRECTION('',(7.850462293419E-17,0.707106781187,0.707106781187)
  );
#8556 = DIRECTION('',(7.850462293419E-17,0.707106781187,-0.707106781187)
  );
#8557 = DEFINITIONAL_REPRESENTATION('',(#8558),#8562);
#8558 = LINE('',#8559,#8560);
#8559 = CARTESIAN_POINT('',(-19.,11.95));
#8560 = VECTOR('',#8561,1.);
#8561 = DIRECTION('',(1.,0.));
#8562 = ( GEOMETRIC_REPRESENTATION_CONTEXT(2) 
PARAMETRIC_REPRESENTATION_CONTEXT() REPRESENTATION_CONTEXT('2D SPACE',''
  ) );
#8563 = ORIENTED_EDGE('',*,*,#8564,.T.);
#8564 = EDGE_CURVE('',#8537,#8565,#8567,.T.);
#8565 = VERTEX_POINT('',#8566);
#8566 = CARTESIAN_POINT('',(3.8,92.910259710444,2.089740289556));
#8567 = SURFACE_CURVE('',#8568,(#8572,#8579),.PCURVE_S1.);
#8568 = LINE('',#8569,#8570);
#8569 = CARTESIAN_POINT('',(3.8,89.374725804511,-1.445793616377));
#8570 = VECTOR('',#8571,1.);
#8571 = DIRECTION('',(-7.850462293419E-17,-0.707106781187,
    -0.707106781187));
#8572 = PCURVE('',#8224,#8573);
#8573 = DEFINITIONAL_REPRESENTATION('',(#8574),#8578);
#8574 = LINE('',#8575,#8576);
#8575 = CARTESIAN_POINT('',(5.,42.4));
#8576 = VECTOR('',#8577,1.);
#8577 = DIRECTION('',(-1.,0.));
#8578 = ( GEOMETRIC_REPRESENTATION_CONTEXT(2) 
PARAMETRIC_REPRESENTATION_CONTEXT() REPRESENTATION_CONTEXT('2D SPACE',''
  ) );
#8579 = PCURVE('',#8580,#8585);
#8580 = PLANE('',#8581);
#8581 = AXIS2_PLACEMENT_3D('',#8582,#8583,#8584);
#8582 = CARTESIAN_POINT('',(20.,92.910259710444,2.089740289556));
#8583 = DIRECTION('',(7.850462293419E-17,0.707106781187,-0.707106781187)
  );
#8584 = DIRECTION('',(7.850462293419E-17,0.707106781187,0.707106781187)
  );
#8585 = DEFINITIONAL_REPRESENTATION('',(#8586),#8590);
#8586 = LINE('',#8587,#8588);
#8587 = CARTESIAN_POINT('',(-5.,-16.2));
#8588 = VECTOR('',#8589,1.);
#8589 = DIRECTION('',(-1.,0.));
#8590 = ( GEOMETRIC_REPRESENTATION_CONTEXT(2) 
PARAMETRIC_REPRESENTATION_CONTEXT() REPRESENTATION_CONTEXT('2D SPACE',''
  ) );
#8591 = ORIENTED_EDGE('',*,*,#8592,.F.);
#8592 = EDGE_CURVE('',#8324,#8565,#8593,.T.);
#8593 = SURFACE_CURVE('',#8594,(#8598,#8605),.PCURVE_S1.);
#8594 = LINE('',#8595,#8596);
#8595 = CARTESIAN_POINT('',(3.8,67.171572875254,27.828427124746));
#8596 = VECTOR('',#8597,1.);
#8597 = DIRECTION('',(7.850462293419E-17,0.707106781187,-0.707106781187)
  );
#8598 = PCURVE('',#8224,#8599);
#8599 = DEFINITIONAL_REPRESENTATION('',(#8600),#8604);
#8600 = LINE('',#8601,#8602);
#8601 = CARTESIAN_POINT('',(10.,6.));
#8602 = VECTOR('',#8603,1.);
#8603 = DIRECTION('',(0.,1.));
#8604 = ( GEOMETRIC_REPRESENTATION_CONTEXT(2) 
PARAMETRIC_REPRESENTATION_CONTEXT() REPRESENTATION_CONTEXT('2D SPACE',''
  ) );
#8605 = PCURVE('',#8606,#8611);
#8606 = PLANE('',#8607);
#8607 = AXIS2_PLACEMENT_3D('',#8608,#8609,#8610);
#8608 = CARTESIAN_POINT('',(3.8,67.171572875254,27.828427124746));
#8609 = DIRECTION('',(7.850462293419E-17,0.707106781187,0.707106781187)
  );
#8610 = DIRECTION('',(7.850462293419E-17,0.707106781187,-0.707106781187)
  );
#8611 = DEFINITIONAL_REPRESENTATION('',(#8612),#8616);
#8612 = LINE('',#8613,#8614);
#8613 = CARTESIAN_POINT('',(0.,0.));
#8614 = VECTOR('',#8615,1.);
#8615 = DIRECTION('',(1.,0.));
#8616 = ( GEOMETRIC_REPRESENTATION_CONTEXT(2) 
PARAMETRIC_REPRESENTATION_CONTEXT() REPRESENTATION_CONTEXT('2D SPACE',''
  ) );
#8617 = FACE_BOUND('',#8618,.F.);
#8618 = EDGE_LOOP('',(#8619,#8650));
#8619 = ORIENTED_EDGE('',*,*,#8620,.F.);
#8620 = EDGE_CURVE('',#8621,#8623,#8625,.T.);
#8621 = VERTEX_POINT('',#8622);
#8622 = CARTESIAN_POINT('',(3.8,71.55563491861,23.44436508139));
#8623 = VERTEX_POINT('',#8624);
#8624 = CARTESIAN_POINT('',(3.8,68.44436508139,26.55563491861));
#8625 = SURFACE_CURVE('',#8626,(#8631,#8638),.PCURVE_S1.);
#8626 = CIRCLE('',#8627,2.2);
#8627 = AXIS2_PLACEMENT_3D('',#8628,#8629,#8630);
#8628 = CARTESIAN_POINT('',(3.8,70.,25.));
#8629 = DIRECTION('',(-1.,1.110223024625E-16,0.));
#8630 = DIRECTION('',(7.850462293419E-17,0.707106781187,-0.707106781187)
  );
#8631 = PCURVE('',#8224,#8632);
#8632 = DEFINITIONAL_REPRESENTATION('',(#8633),#8637);
#8633 = CIRCLE('',#8634,2.2);
#8634 = AXIS2_PLACEMENT_2D('',#8635,#8636);
#8635 = CARTESIAN_POINT('',(10.,10.));
#8636 = DIRECTION('',(0.,1.));
#8637 = ( GEOMETRIC_REPRESENTATION_CONTEXT(2) 
PARAMETRIC_REPRESENTATION_CONTEXT() REPRESENTATION_CONTEXT('2D SPACE',''
  ) );
#8638 = PCURVE('',#8639,#8644);
#8639 = CYLINDRICAL_SURFACE('',#8640,2.2);
#8640 = AXIS2_PLACEMENT_3D('',#8641,#8642,#8643);
#8641 = CARTESIAN_POINT('',(4.286263797016E-15,70.,25.));
#8642 = DIRECTION('',(-1.,1.110223024625E-16,0.));
#8643 = DIRECTION('',(7.850462293419E-17,0.707106781187,-0.707106781187)
  );
#8644 = DEFINITIONAL_REPRESENTATION('',(#8645),#8649);
#8645 = LINE('',#8646,#8647);
#8646 = CARTESIAN_POINT('',(-6.28318530718,-3.8));
#8647 = VECTOR('',#8648,1.);
#8648 = DIRECTION('',(1.,-0.));
#8649 = ( GEOMETRIC_REPRESENTATION_CONTEXT(2) 
PARAMETRIC_REPRESENTATION_CONTEXT() REPRESENTATION_CONTEXT('2D SPACE',''
  ) );
#8650 = ORIENTED_EDGE('',*,*,#8651,.F.);
#8651 = EDGE_CURVE('',#8623,#8621,#8652,.T.);
#8652 = SURFACE_CURVE('',#8653,(#8657,#8664),.PCURVE_S1.);
#8653 = LINE('',#8654,#8655);
#8654 = CARTESIAN_POINT('',(3.8,67.171572875254,27.828427124746));
#8655 = VECTOR('',#8656,1.);
#8656 = DIRECTION('',(7.850462293419E-17,0.707106781187,-0.707106781187)
  );
#8657 = PCURVE('',#8224,#8658);
#8658 = DEFINITIONAL_REPRESENTATION('',(#8659),#8663);
#8659 = LINE('',#8660,#8661);
#8660 = CARTESIAN_POINT('',(10.,6.));
#8661 = VECTOR('',#8662,1.);
#8662 = DIRECTION('',(0.,1.));
#8663 = ( GEOMETRIC_REPRESENTATION_CONTEXT(2) 
PARAMETRIC_REPRESENTATION_CONTEXT() REPRESENTATION_CONTEXT('2D SPACE',''
  ) );
#8664 = PCURVE('',#8665,#8670);
#8665 = PLANE('',#8666);
#8666 = AXIS2_PLACEMENT_3D('',#8667,#8668,#8669);
#8667 = CARTESIAN_POINT('',(3.8,67.171572875254,27.828427124746));
#8668 = DIRECTION('',(7.850462293419E-17,0.707106781187,0.707106781187)
  );
#8669 = DIRECTION('',(7.850462293419E-17,0.707106781187,-0.707106781187)
  );
#8670 = DEFINITIONAL_REPRESENTATION('',(#8671),#8675);
#8671 = LINE('',#8672,#8673);
#8672 = CARTESIAN_POINT('',(0.,0.));
#8673 = VECTOR('',#8674,1.);
#8674 = DIRECTION('',(1.,0.));
#8675 = ( GEOMETRIC_REPRESENTATION_CONTEXT(2) 
PARAMETRIC_REPRESENTATION_CONTEXT() REPRESENTATION_CONTEXT('2D SPACE',''
  ) );
#8676 = ADVANCED_FACE('',(#8677),#8306,.T.);
#8677 = FACE_BOUND('',#8678,.T.);
#8678 = EDGE_LOOP('',(#8679,#8680,#8681,#8704));
#8679 = ORIENTED_EDGE('',*,*,#8292,.F.);
#8680 = ORIENTED_EDGE('',*,*,#8373,.T.);
#8681 = ORIENTED_EDGE('',*,*,#8682,.T.);
#8682 = EDGE_CURVE('',#8374,#8683,#8685,.T.);
#8683 = VERTEX_POINT('',#8684);
#8684 = CARTESIAN_POINT('',(-3.8,84.142135623731,25.));
#8685 = SURFACE_CURVE('',#8686,(#8690,#8697),.PCURVE_S1.);
#8686 = LINE('',#8687,#8688);
#8687 = CARTESIAN_POINT('',(3.8,84.142135623731,25.));
#8688 = VECTOR('',#8689,1.);
#8689 = DIRECTION('',(-1.,1.110223024625E-16,0.));
#8690 = PCURVE('',#8306,#8691);
#8691 = DEFINITIONAL_REPRESENTATION('',(#8692),#8696);
#8692 = LINE('',#8693,#8694);
#8693 = CARTESIAN_POINT('',(20.,-2.062643807165E-16));
#8694 = VECTOR('',#8695,1.);
#8695 = DIRECTION('',(0.,1.));
#8696 = ( GEOMETRIC_REPRESENTATION_CONTEXT(2) 
PARAMETRIC_REPRESENTATION_CONTEXT() REPRESENTATION_CONTEXT('2D SPACE',''
  ) );
#8697 = PCURVE('',#8412,#8698);
#8698 = DEFINITIONAL_REPRESENTATION('',(#8699),#8703);
#8699 = LINE('',#8700,#8701);
#8700 = CARTESIAN_POINT('',(20.,2.062643807165E-16));
#8701 = VECTOR('',#8702,1.);
#8702 = DIRECTION('',(0.,-1.));
#8703 = ( GEOMETRIC_REPRESENTATION_CONTEXT(2) 
PARAMETRIC_REPRESENTATION_CONTEXT() REPRESENTATION_CONTEXT('2D SPACE',''
  ) );
#8704 = ORIENTED_EDGE('',*,*,#8705,.F.);
#8705 = EDGE_CURVE('',#8265,#8683,#8706,.T.);
#8706 = SURFACE_CURVE('',#8707,(#8711,#8718),.PCURVE_S1.);
#8707 = LINE('',#8708,#8709);
#8708 = CARTESIAN_POINT('',(-3.8,70.,39.142135623731));
#8709 = VECTOR('',#8710,1.);
#8710 = DIRECTION('',(7.850462293419E-17,0.707106781187,-0.707106781187)
  );
#8711 = PCURVE('',#8306,#8712);
#8712 = DEFINITIONAL_REPRESENTATION('',(#8713),#8717);
#8713 = LINE('',#8714,#8715);
#8714 = CARTESIAN_POINT('',(-5.966351342998E-16,7.6));
#8715 = VECTOR('',#8716,1.);
#8716 = DIRECTION('',(1.,0.));
#8717 = ( GEOMETRIC_REPRESENTATION_CONTEXT(2) 
PARAMETRIC_REPRESENTATION_CONTEXT() REPRESENTATION_CONTEXT('2D SPACE',''
  ) );
#8718 = PCURVE('',#8280,#8719);
#8719 = DEFINITIONAL_REPRESENTATION('',(#8720),#8724);
#8720 = LINE('',#8721,#8722);
#8721 = CARTESIAN_POINT('',(20.,1.7763568394E-15));
#8722 = VECTOR('',#8723,1.);
#8723 = DIRECTION('',(0.,1.));
#8724 = ( GEOMETRIC_REPRESENTATION_CONTEXT(2) 
PARAMETRIC_REPRESENTATION_CONTEXT() REPRESENTATION_CONTEXT('2D SPACE',''
  ) );
#8725 = ADVANCED_FACE('',(#8726,#8978),#8280,.T.);
#8726 = FACE_BOUND('',#8727,.T.);
#8727 = EDGE_LOOP('',(#8728,#8753,#8774,#8775,#8776,#8799,#8822,#8845,
    #8873,#8901,#8929,#8957));
#8728 = ORIENTED_EDGE('',*,*,#8729,.F.);
#8729 = EDGE_CURVE('',#8730,#8732,#8734,.T.);
#8730 = VERTEX_POINT('',#8731);
#8731 = CARTESIAN_POINT('',(-3.8,70.,10.857864376269));
#8732 = VERTEX_POINT('',#8733);
#8733 = CARTESIAN_POINT('',(-3.8,77.071067811865,17.928932188135));
#8734 = SURFACE_CURVE('',#8735,(#8739,#8746),.PCURVE_S1.);
#8735 = LINE('',#8736,#8737);
#8736 = CARTESIAN_POINT('',(-3.8,70.,10.857864376269));
#8737 = VECTOR('',#8738,1.);
#8738 = DIRECTION('',(7.850462293419E-17,0.707106781187,0.707106781187)
  );
#8739 = PCURVE('',#8280,#8740);
#8740 = DEFINITIONAL_REPRESENTATION('',(#8741),#8745);
#8741 = LINE('',#8742,#8743);
#8742 = CARTESIAN_POINT('',(-1.7763568394E-15,20.));
#8743 = VECTOR('',#8744,1.);
#8744 = DIRECTION('',(1.,0.));
#8745 = ( GEOMETRIC_REPRESENTATION_CONTEXT(2) 
PARAMETRIC_REPRESENTATION_CONTEXT() REPRESENTATION_CONTEXT('2D SPACE',''
  ) );
#8746 = PCURVE('',#8339,#8747);
#8747 = DEFINITIONAL_REPRESENTATION('',(#8748),#8752);
#8748 = LINE('',#8749,#8750);
#8749 = CARTESIAN_POINT('',(-5.966351342998E-16,-7.6));
#8750 = VECTOR('',#8751,1.);
#8751 = DIRECTION('',(1.,0.));
#8752 = ( GEOMETRIC_REPRESENTATION_CONTEXT(2) 
PARAMETRIC_REPRESENTATION_CONTEXT() REPRESENTATION_CONTEXT('2D SPACE',''
  ) );
#8753 = ORIENTED_EDGE('',*,*,#8754,.F.);
#8754 = EDGE_CURVE('',#8237,#8730,#8755,.T.);
#8755 = SURFACE_CURVE('',#8756,(#8760,#8767),.PCURVE_S1.);
#8756 = LINE('',#8757,#8758);
#8757 = CARTESIAN_POINT('',(-3.8,55.857864376269,25.));
#8758 = VECTOR('',#8759,1.);
#8759 = DIRECTION('',(7.850462293419E-17,0.707106781187,-0.707106781187)
  );
#8760 = PCURVE('',#8280,#8761);
#8761 = DEFINITIONAL_REPRESENTATION('',(#8762),#8766);
#8762 = LINE('',#8763,#8764);
#8763 = CARTESIAN_POINT('',(0.,0.));
#8764 = VECTOR('',#8765,1.);
#8765 = DIRECTION('',(0.,1.));
#8766 = ( GEOMETRIC_REPRESENTATION_CONTEXT(2) 
PARAMETRIC_REPRESENTATION_CONTEXT() REPRESENTATION_CONTEXT('2D SPACE',''
  ) );
#8767 = PCURVE('',#8252,#8768);
#8768 = DEFINITIONAL_REPRESENTATION('',(#8769),#8773);
#8769 = LINE('',#8770,#8771);
#8770 = CARTESIAN_POINT('',(-5.966351342998E-16,7.6));
#8771 = VECTOR('',#8772,1.);
#8772 = DIRECTION('',(1.,0.));
#8773 = ( GEOMETRIC_REPRESENTATION_CONTEXT(2) 
PARAMETRIC_REPRESENTATION_CONTEXT() REPRESENTATION_CONTEXT('2D SPACE',''
  ) );
#8774 = ORIENTED_EDGE('',*,*,#8264,.T.);
#8775 = ORIENTED_EDGE('',*,*,#8705,.T.);
#8776 = ORIENTED_EDGE('',*,*,#8777,.F.);
#8777 = EDGE_CURVE('',#8778,#8683,#8780,.T.);
#8778 = VERTEX_POINT('',#8779);
#8779 = CARTESIAN_POINT('',(-3.8,82.727922061358,23.585786437627));
#8780 = SURFACE_CURVE('',#8781,(#8785,#8792),.PCURVE_S1.);
#8781 = LINE('',#8782,#8783);
#8782 = CARTESIAN_POINT('',(-3.8,70.,10.857864376269));
#8783 = VECTOR('',#8784,1.);
#8784 = DIRECTION('',(7.850462293419E-17,0.707106781187,0.707106781187)
  );
#8785 = PCURVE('',#8280,#8786);
#8786 = DEFINITIONAL_REPRESENTATION('',(#8787),#8791);
#8787 = LINE('',#8788,#8789);
#8788 = CARTESIAN_POINT('',(-1.7763568394E-15,20.));
#8789 = VECTOR('',#8790,1.);
#8790 = DIRECTION('',(1.,0.));
#8791 = ( GEOMETRIC_REPRESENTATION_CONTEXT(2) 
PARAMETRIC_REPRESENTATION_CONTEXT() REPRESENTATION_CONTEXT('2D SPACE',''
  ) );
#8792 = PCURVE('',#8412,#8793);
#8793 = DEFINITIONAL_REPRESENTATION('',(#8794),#8798);
#8794 = LINE('',#8795,#8796);
#8795 = CARTESIAN_POINT('',(-5.966351342998E-16,-7.6));
#8796 = VECTOR('',#8797,1.);
#8797 = DIRECTION('',(1.,0.));
#8798 = ( GEOMETRIC_REPRESENTATION_CONTEXT(2) 
PARAMETRIC_REPRESENTATION_CONTEXT() REPRESENTATION_CONTEXT('2D SPACE',''
  ) );
#8799 = ORIENTED_EDGE('',*,*,#8800,.T.);
#8800 = EDGE_CURVE('',#8778,#8801,#8803,.T.);
#8801 = VERTEX_POINT('',#8802);
#8802 = CARTESIAN_POINT('',(-3.8,98.567113959937,7.746594539048));
#8803 = SURFACE_CURVE('',#8804,(#8808,#8815),.PCURVE_S1.);
#8804 = LINE('',#8805,#8806);
#8805 = CARTESIAN_POINT('',(-3.8,72.828427124746,33.485281374239));
#8806 = VECTOR('',#8807,1.);
#8807 = DIRECTION('',(7.850462293419E-17,0.707106781187,-0.707106781187)
  );
#8808 = PCURVE('',#8280,#8809);
#8809 = DEFINITIONAL_REPRESENTATION('',(#8810),#8814);
#8810 = LINE('',#8811,#8812);
#8811 = CARTESIAN_POINT('',(18.,6.));
#8812 = VECTOR('',#8813,1.);
#8813 = DIRECTION('',(0.,1.));
#8814 = ( GEOMETRIC_REPRESENTATION_CONTEXT(2) 
PARAMETRIC_REPRESENTATION_CONTEXT() REPRESENTATION_CONTEXT('2D SPACE',''
  ) );
#8815 = PCURVE('',#8440,#8816);
#8816 = DEFINITIONAL_REPRESENTATION('',(#8817),#8821);
#8817 = LINE('',#8818,#8819);
#8818 = CARTESIAN_POINT('',(-5.966351342998E-16,7.6));
#8819 = VECTOR('',#8820,1.);
#8820 = DIRECTION('',(1.,0.));
#8821 = ( GEOMETRIC_REPRESENTATION_CONTEXT(2) 
PARAMETRIC_REPRESENTATION_CONTEXT() REPRESENTATION_CONTEXT('2D SPACE',''
  ) );
#8822 = ORIENTED_EDGE('',*,*,#8823,.T.);
#8823 = EDGE_CURVE('',#8801,#8824,#8826,.T.);
#8824 = VERTEX_POINT('',#8825);
#8825 = CARTESIAN_POINT('',(-3.8,97.152900397563,6.332380976675));
#8826 = SURFACE_CURVE('',#8827,(#8831,#8838),.PCURVE_S1.);
#8827 = LINE('',#8828,#8829);
#8828 = CARTESIAN_POINT('',(-3.8,89.374725804511,-1.445793616377));
#8829 = VECTOR('',#8830,1.);
#8830 = DIRECTION('',(-7.850462293419E-17,-0.707106781187,
    -0.707106781187));
#8831 = PCURVE('',#8280,#8832);
#8832 = DEFINITIONAL_REPRESENTATION('',(#8833),#8837);
#8833 = LINE('',#8834,#8835);
#8834 = CARTESIAN_POINT('',(5.,42.4));
#8835 = VECTOR('',#8836,1.);
#8836 = DIRECTION('',(-1.,0.));
#8837 = ( GEOMETRIC_REPRESENTATION_CONTEXT(2) 
PARAMETRIC_REPRESENTATION_CONTEXT() REPRESENTATION_CONTEXT('2D SPACE',''
  ) );
#8838 = PCURVE('',#8468,#8839);
#8839 = DEFINITIONAL_REPRESENTATION('',(#8840),#8844);
#8840 = LINE('',#8841,#8842);
#8841 = CARTESIAN_POINT('',(-5.,-23.8));
#8842 = VECTOR('',#8843,1.);
#8843 = DIRECTION('',(-1.,0.));
#8844 = ( GEOMETRIC_REPRESENTATION_CONTEXT(2) 
PARAMETRIC_REPRESENTATION_CONTEXT() REPRESENTATION_CONTEXT('2D SPACE',''
  ) );
#8845 = ORIENTED_EDGE('',*,*,#8846,.F.);
#8846 = EDGE_CURVE('',#8847,#8824,#8849,.T.);
#8847 = VERTEX_POINT('',#8848);
#8848 = CARTESIAN_POINT('',(-3.8,94.041630560343,9.443650813896));
#8849 = SURFACE_CURVE('',#8850,(#8854,#8861),.PCURVE_S1.);
#8850 = LINE('',#8851,#8852);
#8851 = CARTESIAN_POINT('',(-3.8,80.606601717798,22.87867965644));
#8852 = VECTOR('',#8853,1.);
#8853 = DIRECTION('',(7.850462293419E-17,0.707106781187,-0.707106781187)
  );
#8854 = PCURVE('',#8280,#8855);
#8855 = DEFINITIONAL_REPRESENTATION('',(#8856),#8860);
#8856 = LINE('',#8857,#8858);
#8857 = CARTESIAN_POINT('',(16.,19.));
#8858 = VECTOR('',#8859,1.);
#8859 = DIRECTION('',(0.,1.));
#8860 = ( GEOMETRIC_REPRESENTATION_CONTEXT(2) 
PARAMETRIC_REPRESENTATION_CONTEXT() REPRESENTATION_CONTEXT('2D SPACE',''
  ) );
#8861 = PCURVE('',#8862,#8867);
#8862 = PLANE('',#8863);
#8863 = AXIS2_PLACEMENT_3D('',#8864,#8865,#8866);
#8864 = CARTESIAN_POINT('',(15.75,94.041630560343,9.443650813896));
#8865 = DIRECTION('',(7.850462293419E-17,0.707106781187,0.707106781187)
  );
#8866 = DIRECTION('',(7.850462293419E-17,0.707106781187,-0.707106781187)
  );
#8867 = DEFINITIONAL_REPRESENTATION('',(#8868),#8872);
#8868 = LINE('',#8869,#8870);
#8869 = CARTESIAN_POINT('',(-19.,19.55));
#8870 = VECTOR('',#8871,1.);
#8871 = DIRECTION('',(1.,0.));
#8872 = ( GEOMETRIC_REPRESENTATION_CONTEXT(2) 
PARAMETRIC_REPRESENTATION_CONTEXT() REPRESENTATION_CONTEXT('2D SPACE',''
  ) );
#8873 = ORIENTED_EDGE('',*,*,#8874,.T.);
#8874 = EDGE_CURVE('',#8847,#8875,#8877,.T.);
#8875 = VERTEX_POINT('',#8876);
#8876 = CARTESIAN_POINT('',(-3.8,91.213203435596,6.61522368915));
#8877 = SURFACE_CURVE('',#8878,(#8882,#8889),.PCURVE_S1.);
#8878 = LINE('',#8879,#8880);
#8879 = CARTESIAN_POINT('',(-3.8,86.970562748477,2.37258300203));
#8880 = VECTOR('',#8881,1.);
#8881 = DIRECTION('',(-7.850462293419E-17,-0.707106781187,
    -0.707106781187));
#8882 = PCURVE('',#8280,#8883);
#8883 = DEFINITIONAL_REPRESENTATION('',(#8884),#8888);
#8884 = LINE('',#8885,#8886);
#8885 = CARTESIAN_POINT('',(6.,38.));
#8886 = VECTOR('',#8887,1.);
#8887 = DIRECTION('',(-1.,0.));
#8888 = ( GEOMETRIC_REPRESENTATION_CONTEXT(2) 
PARAMETRIC_REPRESENTATION_CONTEXT() REPRESENTATION_CONTEXT('2D SPACE',''
  ) );
#8889 = PCURVE('',#8890,#8895);
#8890 = PLANE('',#8891);
#8891 = AXIS2_PLACEMENT_3D('',#8892,#8893,#8894);
#8892 = CARTESIAN_POINT('',(15.75,91.213203435596,6.61522368915));
#8893 = DIRECTION('',(7.850462293419E-17,0.707106781187,-0.707106781187)
  );
#8894 = DIRECTION('',(7.850462293419E-17,0.707106781187,0.707106781187)
  );
#8895 = DEFINITIONAL_REPRESENTATION('',(#8896),#8900);
#8896 = LINE('',#8897,#8898);
#8897 = CARTESIAN_POINT('',(-6.,-19.55));
#8898 = VECTOR('',#8899,1.);
#8899 = DIRECTION('',(-1.,0.));
#8900 = ( GEOMETRIC_REPRESENTATION_CONTEXT(2) 
PARAMETRIC_REPRESENTATION_CONTEXT() REPRESENTATION_CONTEXT('2D SPACE',''
  ) );
#8901 = ORIENTED_EDGE('',*,*,#8902,.T.);
#8902 = EDGE_CURVE('',#8875,#8903,#8905,.T.);
#8903 = VERTEX_POINT('',#8904);
#8904 = CARTESIAN_POINT('',(-3.8,94.324473272817,3.503953851929));
#8905 = SURFACE_CURVE('',#8906,(#8910,#8917),.PCURVE_S1.);
#8906 = LINE('',#8907,#8908);
#8907 = CARTESIAN_POINT('',(-3.8,77.778174593052,20.050252531694));
#8908 = VECTOR('',#8909,1.);
#8909 = DIRECTION('',(7.850462293419E-17,0.707106781187,-0.707106781187)
  );
#8910 = PCURVE('',#8280,#8911);
#8911 = DEFINITIONAL_REPRESENTATION('',(#8912),#8916);
#8912 = LINE('',#8913,#8914);
#8913 = CARTESIAN_POINT('',(12.,19.));
#8914 = VECTOR('',#8915,1.);
#8915 = DIRECTION('',(0.,1.));
#8916 = ( GEOMETRIC_REPRESENTATION_CONTEXT(2) 
PARAMETRIC_REPRESENTATION_CONTEXT() REPRESENTATION_CONTEXT('2D SPACE',''
  ) );
#8917 = PCURVE('',#8918,#8923);
#8918 = PLANE('',#8919);
#8919 = AXIS2_PLACEMENT_3D('',#8920,#8921,#8922);
#8920 = CARTESIAN_POINT('',(15.75,91.213203435596,6.61522368915));
#8921 = DIRECTION('',(7.850462293419E-17,0.707106781187,0.707106781187)
  );
#8922 = DIRECTION('',(7.850462293419E-17,0.707106781187,-0.707106781187)
  );
#8923 = DEFINITIONAL_REPRESENTATION('',(#8924),#8928);
#8924 = LINE('',#8925,#8926);
#8925 = CARTESIAN_POINT('',(-19.,19.55));
#8926 = VECTOR('',#8927,1.);
#8927 = DIRECTION('',(1.,0.));
#8928 = ( GEOMETRIC_REPRESENTATION_CONTEXT(2) 
PARAMETRIC_REPRESENTATION_CONTEXT() REPRESENTATION_CONTEXT('2D SPACE',''
  ) );
#8929 = ORIENTED_EDGE('',*,*,#8930,.T.);
#8930 = EDGE_CURVE('',#8903,#8931,#8933,.T.);
#8931 = VERTEX_POINT('',#8932);
#8932 = CARTESIAN_POINT('',(-3.8,92.910259710444,2.089740289556));
#8933 = SURFACE_CURVE('',#8934,(#8938,#8945),.PCURVE_S1.);
#8934 = LINE('',#8935,#8936);
#8935 = CARTESIAN_POINT('',(-3.8,89.374725804511,-1.445793616377));
#8936 = VECTOR('',#8937,1.);
#8937 = DIRECTION('',(-7.850462293419E-17,-0.707106781187,
    -0.707106781187));
#8938 = PCURVE('',#8280,#8939);
#8939 = DEFINITIONAL_REPRESENTATION('',(#8940),#8944);
#8940 = LINE('',#8941,#8942);
#8941 = CARTESIAN_POINT('',(5.,42.4));
#8942 = VECTOR('',#8943,1.);
#8943 = DIRECTION('',(-1.,0.));
#8944 = ( GEOMETRIC_REPRESENTATION_CONTEXT(2) 
PARAMETRIC_REPRESENTATION_CONTEXT() REPRESENTATION_CONTEXT('2D SPACE',''
  ) );
#8945 = PCURVE('',#8946,#8951);
#8946 = PLANE('',#8947);
#8947 = AXIS2_PLACEMENT_3D('',#8948,#8949,#8950);
#8948 = CARTESIAN_POINT('',(20.,92.910259710444,2.089740289556));
#8949 = DIRECTION('',(7.850462293419E-17,0.707106781187,-0.707106781187)
  );
#8950 = DIRECTION('',(7.850462293419E-17,0.707106781187,0.707106781187)
  );
#8951 = DEFINITIONAL_REPRESENTATION('',(#8952),#8956);
#8952 = LINE('',#8953,#8954);
#8953 = CARTESIAN_POINT('',(-5.,-23.8));
#8954 = VECTOR('',#8955,1.);
#8955 = DIRECTION('',(-1.,0.));
#8956 = ( GEOMETRIC_REPRESENTATION_CONTEXT(2) 
PARAMETRIC_REPRESENTATION_CONTEXT() REPRESENTATION_CONTEXT('2D SPACE',''
  ) );
#8957 = ORIENTED_EDGE('',*,*,#8958,.F.);
#8958 = EDGE_CURVE('',#8732,#8931,#8959,.T.);
#8959 = SURFACE_CURVE('',#8960,(#8964,#8971),.PCURVE_S1.);
#8960 = LINE('',#8961,#8962);
#8961 = CARTESIAN_POINT('',(-3.8,67.171572875254,27.828427124746));
#8962 = VECTOR('',#8963,1.);
#8963 = DIRECTION('',(7.850462293419E-17,0.707106781187,-0.707106781187)
  );
#8964 = PCURVE('',#8280,#8965);
#8965 = DEFINITIONAL_REPRESENTATION('',(#8966),#8970);
#8966 = LINE('',#8967,#8968);
#8967 = CARTESIAN_POINT('',(10.,6.));
#8968 = VECTOR('',#8969,1.);
#8969 = DIRECTION('',(0.,1.));
#8970 = ( GEOMETRIC_REPRESENTATION_CONTEXT(2) 
PARAMETRIC_REPRESENTATION_CONTEXT() REPRESENTATION_CONTEXT('2D SPACE',''
  ) );
#8971 = PCURVE('',#8606,#8972);
#8972 = DEFINITIONAL_REPRESENTATION('',(#8973),#8977);
#8973 = LINE('',#8974,#8975);
#8974 = CARTESIAN_POINT('',(-5.966351342998E-16,7.6));
#8975 = VECTOR('',#8976,1.);
#8976 = DIRECTION('',(1.,0.));
#8977 = ( GEOMETRIC_REPRESENTATION_CONTEXT(2) 
PARAMETRIC_REPRESENTATION_CONTEXT() REPRESENTATION_CONTEXT('2D SPACE',''
  ) );
#8978 = FACE_BOUND('',#8979,.T.);
#8979 = EDGE_LOOP('',(#8980,#9015));
#8980 = ORIENTED_EDGE('',*,*,#8981,.T.);
#8981 = EDGE_CURVE('',#8982,#8984,#8986,.T.);
#8982 = VERTEX_POINT('',#8983);
#8983 = CARTESIAN_POINT('',(-3.8,68.44436508139,26.55563491861));
#8984 = VERTEX_POINT('',#8985);
#8985 = CARTESIAN_POINT('',(-3.8,71.55563491861,23.44436508139));
#8986 = SURFACE_CURVE('',#8987,(#8992,#9003),.PCURVE_S1.);
#8987 = CIRCLE('',#8988,2.2);
#8988 = AXIS2_PLACEMENT_3D('',#8989,#8990,#8991);
#8989 = CARTESIAN_POINT('',(-3.8,70.,25.));
#8990 = DIRECTION('',(1.,-1.110223024625E-16,0.));
#8991 = DIRECTION('',(7.850462293419E-17,0.707106781187,-0.707106781187)
  );
#8992 = PCURVE('',#8280,#8993);
#8993 = DEFINITIONAL_REPRESENTATION('',(#8994),#9002);
#8994 = ( BOUNDED_CURVE() B_SPLINE_CURVE(2,(#8995,#8996,#8997,#8998,
#8999,#9000,#9001),.UNSPECIFIED.,.T.,.F.) B_SPLINE_CURVE_WITH_KNOTS((1,2
    ,2,2,2,1),(-2.094395102393,0.,2.094395102393,4.188790204786,
6.28318530718,8.377580409573),.UNSPECIFIED.) CURVE() 
GEOMETRIC_REPRESENTATION_ITEM() RATIONAL_B_SPLINE_CURVE((1.,0.5,1.,0.5,
1.,0.5,1.)) REPRESENTATION_ITEM('') );
#8995 = CARTESIAN_POINT('',(10.,12.2));
#8996 = CARTESIAN_POINT('',(13.810511776652,12.2));
#8997 = CARTESIAN_POINT('',(11.905255888326,8.9));
#8998 = CARTESIAN_POINT('',(10.,5.6));
#8999 = CARTESIAN_POINT('',(8.094744111674,8.9));
#9000 = CARTESIAN_POINT('',(6.189488223348,12.2));
#9001 = CARTESIAN_POINT('',(10.,12.2));
#9002 = ( GEOMETRIC_REPRESENTATION_CONTEXT(2) 
PARAMETRIC_REPRESENTATION_CONTEXT() REPRESENTATION_CONTEXT('2D SPACE',''
  ) );
#9003 = PCURVE('',#9004,#9009);
#9004 = CYLINDRICAL_SURFACE('',#9005,2.2);
#9005 = AXIS2_PLACEMENT_3D('',#9006,#9007,#9008);
#9006 = CARTESIAN_POINT('',(4.286263797016E-15,70.,25.));
#9007 = DIRECTION('',(1.,-1.110223024625E-16,0.));
#9008 = DIRECTION('',(7.850462293419E-17,0.707106781187,-0.707106781187)
  );
#9009 = DEFINITIONAL_REPRESENTATION('',(#9010),#9014);
#9010 = LINE('',#9011,#9012);
#9011 = CARTESIAN_POINT('',(0.,-3.8));
#9012 = VECTOR('',#9013,1.);
#9013 = DIRECTION('',(1.,0.));
#9014 = ( GEOMETRIC_REPRESENTATION_CONTEXT(2) 
PARAMETRIC_REPRESENTATION_CONTEXT() REPRESENTATION_CONTEXT('2D SPACE',''
  ) );
#9015 = ORIENTED_EDGE('',*,*,#9016,.F.);
#9016 = EDGE_CURVE('',#8982,#8984,#9017,.T.);
#9017 = SURFACE_CURVE('',#9018,(#9022,#9029),.PCURVE_S1.);
#9018 = LINE('',#9019,#9020);
#9019 = CARTESIAN_POINT('',(-3.8,67.171572875254,27.828427124746));
#9020 = VECTOR('',#9021,1.);
#9021 = DIRECTION('',(7.850462293419E-17,0.707106781187,-0.707106781187)
  );
#9022 = PCURVE('',#8280,#9023);
#9023 = DEFINITIONAL_REPRESENTATION('',(#9024),#9028);
#9024 = LINE('',#9025,#9026);
#9025 = CARTESIAN_POINT('',(10.,6.));
#9026 = VECTOR('',#9027,1.);
#9027 = DIRECTION('',(0.,1.));
#9028 = ( GEOMETRIC_REPRESENTATION_CONTEXT(2) 
PARAMETRIC_REPRESENTATION_CONTEXT() REPRESENTATION_CONTEXT('2D SPACE',''
  ) );
#9029 = PCURVE('',#8665,#9030);
#9030 = DEFINITIONAL_REPRESENTATION('',(#9031),#9035);
#9031 = LINE('',#9032,#9033);
#9032 = CARTESIAN_POINT('',(-5.966351342998E-16,7.6));
#9033 = VECTOR('',#9034,1.);
#9034 = DIRECTION('',(1.,0.));
#9035 = ( GEOMETRIC_REPRESENTATION_CONTEXT(2) 
PARAMETRIC_REPRESENTATION_CONTEXT() REPRESENTATION_CONTEXT('2D SPACE',''
  ) );
#9036 = ADVANCED_FACE('',(#9037),#8252,.F.);
#9037 = FACE_BOUND('',#9038,.F.);
#9038 = EDGE_LOOP('',(#9039,#9040,#9041,#9062));
#9039 = ORIENTED_EDGE('',*,*,#8236,.F.);
#9040 = ORIENTED_EDGE('',*,*,#8351,.T.);
#9041 = ORIENTED_EDGE('',*,*,#9042,.T.);
#9042 = EDGE_CURVE('',#8322,#8730,#9043,.T.);
#9043 = SURFACE_CURVE('',#9044,(#9048,#9055),.PCURVE_S1.);
#9044 = LINE('',#9045,#9046);
#9045 = CARTESIAN_POINT('',(3.8,70.,10.857864376269));
#9046 = VECTOR('',#9047,1.);
#9047 = DIRECTION('',(-1.,1.110223024625E-16,0.));
#9048 = PCURVE('',#8252,#9049);
#9049 = DEFINITIONAL_REPRESENTATION('',(#9050),#9054);
#9050 = LINE('',#9051,#9052);
#9051 = CARTESIAN_POINT('',(20.,-2.062643807165E-16));
#9052 = VECTOR('',#9053,1.);
#9053 = DIRECTION('',(0.,1.));
#9054 = ( GEOMETRIC_REPRESENTATION_CONTEXT(2) 
PARAMETRIC_REPRESENTATION_CONTEXT() REPRESENTATION_CONTEXT('2D SPACE',''
  ) );
#9055 = PCURVE('',#8339,#9056);
#9056 = DEFINITIONAL_REPRESENTATION('',(#9057),#9061);
#9057 = LINE('',#9058,#9059);
#9058 = CARTESIAN_POINT('',(0.,0.));
#9059 = VECTOR('',#9060,1.);
#9060 = DIRECTION('',(0.,-1.));
#9061 = ( GEOMETRIC_REPRESENTATION_CONTEXT(2) 
PARAMETRIC_REPRESENTATION_CONTEXT() REPRESENTATION_CONTEXT('2D SPACE',''
  ) );
#9062 = ORIENTED_EDGE('',*,*,#8754,.F.);
#9063 = ADVANCED_FACE('',(#9064),#8339,.T.);
#9064 = FACE_BOUND('',#9065,.T.);
#9065 = EDGE_LOOP('',(#9066,#9067,#9068,#9069));
#9066 = ORIENTED_EDGE('',*,*,#8321,.F.);
#9067 = ORIENTED_EDGE('',*,*,#9042,.T.);
#9068 = ORIENTED_EDGE('',*,*,#8729,.T.);
#9069 = ORIENTED_EDGE('',*,*,#9070,.T.);
#9070 = EDGE_CURVE('',#8732,#8324,#9071,.T.);
#9071 = SURFACE_CURVE('',#9072,(#9076,#9083),.PCURVE_S1.);
#9072 = LINE('',#9073,#9074);
#9073 = CARTESIAN_POINT('',(3.8,77.071067811865,17.928932188135));
#9074 = VECTOR('',#9075,1.);
#9075 = DIRECTION('',(1.,-1.110223024625E-16,0.));
#9076 = PCURVE('',#8339,#9077);
#9077 = DEFINITIONAL_REPRESENTATION('',(#9078),#9082);
#9078 = LINE('',#9079,#9080);
#9079 = CARTESIAN_POINT('',(10.,1.031321903582E-16));
#9080 = VECTOR('',#9081,1.);
#9081 = DIRECTION('',(0.,1.));
#9082 = ( GEOMETRIC_REPRESENTATION_CONTEXT(2) 
PARAMETRIC_REPRESENTATION_CONTEXT() REPRESENTATION_CONTEXT('2D SPACE',''
  ) );
#9083 = PCURVE('',#8606,#9084);
#9084 = DEFINITIONAL_REPRESENTATION('',(#9085),#9089);
#9085 = LINE('',#9086,#9087);
#9086 = CARTESIAN_POINT('',(14.,-2.332029084715E-16));
#9087 = VECTOR('',#9088,1.);
#9088 = DIRECTION('',(0.,-1.));
#9089 = ( GEOMETRIC_REPRESENTATION_CONTEXT(2) 
PARAMETRIC_REPRESENTATION_CONTEXT() REPRESENTATION_CONTEXT('2D SPACE',''
  ) );
#9090 = ADVANCED_FACE('',(#9091),#8606,.F.);
#9091 = FACE_BOUND('',#9092,.F.);
#9092 = EDGE_LOOP('',(#9093,#9094,#9095,#9096,#9119,#9147,#9175,#9203,
    #9226,#9254,#9282,#9310,#9333,#9361,#9389,#9417));
#9093 = ORIENTED_EDGE('',*,*,#8958,.F.);
#9094 = ORIENTED_EDGE('',*,*,#9070,.T.);
#9095 = ORIENTED_EDGE('',*,*,#8592,.T.);
#9096 = ORIENTED_EDGE('',*,*,#9097,.F.);
#9097 = EDGE_CURVE('',#9098,#8565,#9100,.T.);
#9098 = VERTEX_POINT('',#9099);
#9099 = CARTESIAN_POINT('',(12.25,92.910259710444,2.089740289556));
#9100 = SURFACE_CURVE('',#9101,(#9105,#9112),.PCURVE_S1.);
#9101 = LINE('',#9102,#9103);
#9102 = CARTESIAN_POINT('',(20.,92.910259710444,2.089740289556));
#9103 = VECTOR('',#9104,1.);
#9104 = DIRECTION('',(-1.,1.110223024625E-16,0.));
#9105 = PCURVE('',#8606,#9106);
#9106 = DEFINITIONAL_REPRESENTATION('',(#9107),#9111);
#9107 = LINE('',#9108,#9109);
#9108 = CARTESIAN_POINT('',(36.4,-16.2));
#9109 = VECTOR('',#9110,1.);
#9110 = DIRECTION('',(0.,1.));
#9111 = ( GEOMETRIC_REPRESENTATION_CONTEXT(2) 
PARAMETRIC_REPRESENTATION_CONTEXT() REPRESENTATION_CONTEXT('2D SPACE',''
  ) );
#9112 = PCURVE('',#8580,#9113);
#9113 = DEFINITIONAL_REPRESENTATION('',(#9114),#9118);
#9114 = LINE('',#9115,#9116);
#9115 = CARTESIAN_POINT('',(0.,0.));
#9116 = VECTOR('',#9117,1.);
#9117 = DIRECTION('',(0.,-1.));
#9118 = ( GEOMETRIC_REPRESENTATION_CONTEXT(2) 
PARAMETRIC_REPRESENTATION_CONTEXT() REPRESENTATION_CONTEXT('2D SPACE',''
  ) );
#9119 = ORIENTED_EDGE('',*,*,#9120,.F.);
#9120 = EDGE_CURVE('',#9121,#9098,#9123,.T.);
#9121 = VERTEX_POINT('',#9122);
#9122 = CARTESIAN_POINT('',(12.25,82.727922061358,12.272077938642));
#9123 = SURFACE_CURVE('',#9124,(#9128,#9135),.PCURVE_S1.);
#9124 = LINE('',#9125,#9126);
#9125 = CARTESIAN_POINT('',(12.25,82.727922061358,12.272077938642));
#9126 = VECTOR('',#9127,1.);
#9127 = DIRECTION('',(7.850462293419E-17,0.707106781187,-0.707106781187)
  );
#9128 = PCURVE('',#8606,#9129);
#9129 = DEFINITIONAL_REPRESENTATION('',(#9130),#9134);
#9130 = LINE('',#9131,#9132);
#9131 = CARTESIAN_POINT('',(22.,-8.45));
#9132 = VECTOR('',#9133,1.);
#9133 = DIRECTION('',(1.,0.));
#9134 = ( GEOMETRIC_REPRESENTATION_CONTEXT(2) 
PARAMETRIC_REPRESENTATION_CONTEXT() REPRESENTATION_CONTEXT('2D SPACE',''
  ) );
#9135 = PCURVE('',#9136,#9141);
#9136 = PLANE('',#9137);
#9137 = AXIS2_PLACEMENT_3D('',#9138,#9139,#9140);
#9138 = CARTESIAN_POINT('',(12.25,82.727922061358,12.272077938642));
#9139 = DIRECTION('',(-1.,1.110223024625E-16,0.));
#9140 = DIRECTION('',(7.850462293419E-17,0.707106781187,0.707106781187)
  );
#9141 = DEFINITIONAL_REPRESENTATION('',(#9142),#9146);
#9142 = LINE('',#9143,#9144);
#9143 = CARTESIAN_POINT('',(0.,0.));
#9144 = VECTOR('',#9145,1.);
#9145 = DIRECTION('',(0.,1.));
#9146 = ( GEOMETRIC_REPRESENTATION_CONTEXT(2) 
PARAMETRIC_REPRESENTATION_CONTEXT() REPRESENTATION_CONTEXT('2D SPACE',''
  ) );
#9147 = ORIENTED_EDGE('',*,*,#9148,.F.);
#9148 = EDGE_CURVE('',#9149,#9121,#9151,.T.);
#9149 = VERTEX_POINT('',#9150);
#9150 = CARTESIAN_POINT('',(15.75,82.727922061358,12.272077938642));
#9151 = SURFACE_CURVE('',#9152,(#9156,#9163),.PCURVE_S1.);
#9152 = LINE('',#9153,#9154);
#9153 = CARTESIAN_POINT('',(15.75,82.727922061358,12.272077938642));
#9154 = VECTOR('',#9155,1.);
#9155 = DIRECTION('',(-1.,1.110223024625E-16,0.));
#9156 = PCURVE('',#8606,#9157);
#9157 = DEFINITIONAL_REPRESENTATION('',(#9158),#9162);
#9158 = LINE('',#9159,#9160);
#9159 = CARTESIAN_POINT('',(22.,-11.95));
#9160 = VECTOR('',#9161,1.);
#9161 = DIRECTION('',(0.,1.));
#9162 = ( GEOMETRIC_REPRESENTATION_CONTEXT(2) 
PARAMETRIC_REPRESENTATION_CONTEXT() REPRESENTATION_CONTEXT('2D SPACE',''
  ) );
#9163 = PCURVE('',#9164,#9169);
#9164 = PLANE('',#9165);
#9165 = AXIS2_PLACEMENT_3D('',#9166,#9167,#9168);
#9166 = CARTESIAN_POINT('',(15.75,82.727922061358,12.272077938642));
#9167 = DIRECTION('',(7.850462293419E-17,0.707106781187,-0.707106781187)
  );
#9168 = DIRECTION('',(7.850462293419E-17,0.707106781187,0.707106781187)
  );
#9169 = DEFINITIONAL_REPRESENTATION('',(#9170),#9174);
#9170 = LINE('',#9171,#9172);
#9171 = CARTESIAN_POINT('',(0.,0.));
#9172 = VECTOR('',#9173,1.);
#9173 = DIRECTION('',(0.,-1.));
#9174 = ( GEOMETRIC_REPRESENTATION_CONTEXT(2) 
PARAMETRIC_REPRESENTATION_CONTEXT() REPRESENTATION_CONTEXT('2D SPACE',''
  ) );
#9175 = ORIENTED_EDGE('',*,*,#9176,.T.);
#9176 = EDGE_CURVE('',#9149,#9177,#9179,.T.);
#9177 = VERTEX_POINT('',#9178);
#9178 = CARTESIAN_POINT('',(15.75,92.910259710444,2.089740289556));
#9179 = SURFACE_CURVE('',#9180,(#9184,#9191),.PCURVE_S1.);
#9180 = LINE('',#9181,#9182);
#9181 = CARTESIAN_POINT('',(15.75,82.727922061358,12.272077938642));
#9182 = VECTOR('',#9183,1.);
#9183 = DIRECTION('',(7.850462293419E-17,0.707106781187,-0.707106781187)
  );
#9184 = PCURVE('',#8606,#9185);
#9185 = DEFINITIONAL_REPRESENTATION('',(#9186),#9190);
#9186 = LINE('',#9187,#9188);
#9187 = CARTESIAN_POINT('',(22.,-11.95));
#9188 = VECTOR('',#9189,1.);
#9189 = DIRECTION('',(1.,0.));
#9190 = ( GEOMETRIC_REPRESENTATION_CONTEXT(2) 
PARAMETRIC_REPRESENTATION_CONTEXT() REPRESENTATION_CONTEXT('2D SPACE',''
  ) );
#9191 = PCURVE('',#9192,#9197);
#9192 = PLANE('',#9193);
#9193 = AXIS2_PLACEMENT_3D('',#9194,#9195,#9196);
#9194 = CARTESIAN_POINT('',(15.75,82.727922061358,12.272077938642));
#9195 = DIRECTION('',(-1.,1.110223024625E-16,0.));
#9196 = DIRECTION('',(7.850462293419E-17,0.707106781187,0.707106781187)
  );
#9197 = DEFINITIONAL_REPRESENTATION('',(#9198),#9202);
#9198 = LINE('',#9199,#9200);
#9199 = CARTESIAN_POINT('',(0.,0.));
#9200 = VECTOR('',#9201,1.);
#9201 = DIRECTION('',(0.,1.));
#9202 = ( GEOMETRIC_REPRESENTATION_CONTEXT(2) 
PARAMETRIC_REPRESENTATION_CONTEXT() REPRESENTATION_CONTEXT('2D SPACE',''
  ) );
#9203 = ORIENTED_EDGE('',*,*,#9204,.F.);
#9204 = EDGE_CURVE('',#9205,#9177,#9207,.T.);
#9205 = VERTEX_POINT('',#9206);
#9206 = CARTESIAN_POINT('',(20.,92.910259710444,2.089740289556));
#9207 = SURFACE_CURVE('',#9208,(#9212,#9219),.PCURVE_S1.);
#9208 = LINE('',#9209,#9210);
#9209 = CARTESIAN_POINT('',(20.,92.910259710444,2.089740289556));
#9210 = VECTOR('',#9211,1.);
#9211 = DIRECTION('',(-1.,1.110223024625E-16,0.));
#9212 = PCURVE('',#8606,#9213);
#9213 = DEFINITIONAL_REPRESENTATION('',(#9214),#9218);
#9214 = LINE('',#9215,#9216);
#9215 = CARTESIAN_POINT('',(36.4,-16.2));
#9216 = VECTOR('',#9217,1.);
#9217 = DIRECTION('',(0.,1.));
#9218 = ( GEOMETRIC_REPRESENTATION_CONTEXT(2) 
PARAMETRIC_REPRESENTATION_CONTEXT() REPRESENTATION_CONTEXT('2D SPACE',''
  ) );
#9219 = PCURVE('',#8468,#9220);
#9220 = DEFINITIONAL_REPRESENTATION('',(#9221),#9225);
#9221 = LINE('',#9222,#9223);
#9222 = CARTESIAN_POINT('',(0.,0.));
#9223 = VECTOR('',#9224,1.);
#9224 = DIRECTION('',(0.,-1.));
#9225 = ( GEOMETRIC_REPRESENTATION_CONTEXT(2) 
PARAMETRIC_REPRESENTATION_CONTEXT() REPRESENTATION_CONTEXT('2D SPACE',''
  ) );
#9226 = ORIENTED_EDGE('',*,*,#9227,.T.);
#9227 = EDGE_CURVE('',#9205,#9228,#9230,.T.);
#9228 = VERTEX_POINT('',#9229);
#9229 = CARTESIAN_POINT('',(20.,95.173001410241,-0.173001410241));
#9230 = SURFACE_CURVE('',#9231,(#9235,#9242),.PCURVE_S1.);
#9231 = LINE('',#9232,#9233);
#9232 = CARTESIAN_POINT('',(20.,92.910259710444,2.089740289556));
#9233 = VECTOR('',#9234,1.);
#9234 = DIRECTION('',(7.850462293419E-17,0.707106781187,-0.707106781187)
  );
#9235 = PCURVE('',#8606,#9236);
#9236 = DEFINITIONAL_REPRESENTATION('',(#9237),#9241);
#9237 = LINE('',#9238,#9239);
#9238 = CARTESIAN_POINT('',(36.4,-16.2));
#9239 = VECTOR('',#9240,1.);
#9240 = DIRECTION('',(1.,0.));
#9241 = ( GEOMETRIC_REPRESENTATION_CONTEXT(2) 
PARAMETRIC_REPRESENTATION_CONTEXT() REPRESENTATION_CONTEXT('2D SPACE',''
  ) );
#9242 = PCURVE('',#9243,#9248);
#9243 = PLANE('',#9244);
#9244 = AXIS2_PLACEMENT_3D('',#9245,#9246,#9247);
#9245 = CARTESIAN_POINT('',(20.,92.910259710444,2.089740289556));
#9246 = DIRECTION('',(-1.,1.110223024625E-16,0.));
#9247 = DIRECTION('',(7.850462293419E-17,0.707106781187,0.707106781187)
  );
#9248 = DEFINITIONAL_REPRESENTATION('',(#9249),#9253);
#9249 = LINE('',#9250,#9251);
#9250 = CARTESIAN_POINT('',(0.,0.));
#9251 = VECTOR('',#9252,1.);
#9252 = DIRECTION('',(0.,1.));
#9253 = ( GEOMETRIC_REPRESENTATION_CONTEXT(2) 
PARAMETRIC_REPRESENTATION_CONTEXT() REPRESENTATION_CONTEXT('2D SPACE',''
  ) );
#9254 = ORIENTED_EDGE('',*,*,#9255,.T.);
#9255 = EDGE_CURVE('',#9228,#9256,#9258,.T.);
#9256 = VERTEX_POINT('',#9257);
#9257 = CARTESIAN_POINT('',(-20.,95.173001410241,-0.173001410241));
#9258 = SURFACE_CURVE('',#9259,(#9263,#9270),.PCURVE_S1.);
#9259 = LINE('',#9260,#9261);
#9260 = CARTESIAN_POINT('',(20.,95.173001410241,-0.173001410241));
#9261 = VECTOR('',#9262,1.);
#9262 = DIRECTION('',(-1.,1.110223024625E-16,0.));
#9263 = PCURVE('',#8606,#9264);
#9264 = DEFINITIONAL_REPRESENTATION('',(#9265),#9269);
#9265 = LINE('',#9266,#9267);
#9266 = CARTESIAN_POINT('',(39.6,-16.2));
#9267 = VECTOR('',#9268,1.);
#9268 = DIRECTION('',(0.,1.));
#9269 = ( GEOMETRIC_REPRESENTATION_CONTEXT(2) 
PARAMETRIC_REPRESENTATION_CONTEXT() REPRESENTATION_CONTEXT('2D SPACE',''
  ) );
#9270 = PCURVE('',#9271,#9276);
#9271 = PLANE('',#9272);
#9272 = AXIS2_PLACEMENT_3D('',#9273,#9274,#9275);
#9273 = CARTESIAN_POINT('',(20.,95.173001410241,-0.173001410241));
#9274 = DIRECTION('',(7.850462293419E-17,0.707106781187,-0.707106781187)
  );
#9275 = DIRECTION('',(7.850462293419E-17,0.707106781187,0.707106781187)
  );
#9276 = DEFINITIONAL_REPRESENTATION('',(#9277),#9281);
#9277 = LINE('',#9278,#9279);
#9278 = CARTESIAN_POINT('',(0.,0.));
#9279 = VECTOR('',#9280,1.);
#9280 = DIRECTION('',(0.,-1.));
#9281 = ( GEOMETRIC_REPRESENTATION_CONTEXT(2) 
PARAMETRIC_REPRESENTATION_CONTEXT() REPRESENTATION_CONTEXT('2D SPACE',''
  ) );
#9282 = ORIENTED_EDGE('',*,*,#9283,.F.);
#9283 = EDGE_CURVE('',#9284,#9256,#9286,.T.);
#9284 = VERTEX_POINT('',#9285);
#9285 = CARTESIAN_POINT('',(-20.,92.910259710444,2.089740289556));
#9286 = SURFACE_CURVE('',#9287,(#9291,#9298),.PCURVE_S1.);
#9287 = LINE('',#9288,#9289);
#9288 = CARTESIAN_POINT('',(-20.,92.910259710444,2.089740289556));
#9289 = VECTOR('',#9290,1.);
#9290 = DIRECTION('',(7.850462293419E-17,0.707106781187,-0.707106781187)
  );
#9291 = PCURVE('',#8606,#9292);
#9292 = DEFINITIONAL_REPRESENTATION('',(#9293),#9297);
#9293 = LINE('',#9294,#9295);
#9294 = CARTESIAN_POINT('',(36.4,23.8));
#9295 = VECTOR('',#9296,1.);
#9296 = DIRECTION('',(1.,0.));
#9297 = ( GEOMETRIC_REPRESENTATION_CONTEXT(2) 
PARAMETRIC_REPRESENTATION_CONTEXT() REPRESENTATION_CONTEXT('2D SPACE',''
  ) );
#9298 = PCURVE('',#9299,#9304);
#9299 = PLANE('',#9300);
#9300 = AXIS2_PLACEMENT_3D('',#9301,#9302,#9303);
#9301 = CARTESIAN_POINT('',(-20.,92.910259710444,2.089740289556));
#9302 = DIRECTION('',(-1.,1.110223024625E-16,0.));
#9303 = DIRECTION('',(7.850462293419E-17,0.707106781187,0.707106781187)
  );
#9304 = DEFINITIONAL_REPRESENTATION('',(#9305),#9309);
#9305 = LINE('',#9306,#9307);
#9306 = CARTESIAN_POINT('',(0.,0.));
#9307 = VECTOR('',#9308,1.);
#9308 = DIRECTION('',(0.,1.));
#9309 = ( GEOMETRIC_REPRESENTATION_CONTEXT(2) 
PARAMETRIC_REPRESENTATION_CONTEXT() REPRESENTATION_CONTEXT('2D SPACE',''
  ) );
#9310 = ORIENTED_EDGE('',*,*,#9311,.F.);
#9311 = EDGE_CURVE('',#9312,#9284,#9314,.T.);
#9312 = VERTEX_POINT('',#9313);
#9313 = CARTESIAN_POINT('',(-15.75,92.910259710444,2.089740289556));
#9314 = SURFACE_CURVE('',#9315,(#9319,#9326),.PCURVE_S1.);
#9315 = LINE('',#9316,#9317);
#9316 = CARTESIAN_POINT('',(20.,92.910259710444,2.089740289556));
#9317 = VECTOR('',#9318,1.);
#9318 = DIRECTION('',(-1.,1.110223024625E-16,0.));
#9319 = PCURVE('',#8606,#9320);
#9320 = DEFINITIONAL_REPRESENTATION('',(#9321),#9325);
#9321 = LINE('',#9322,#9323);
#9322 = CARTESIAN_POINT('',(36.4,-16.2));
#9323 = VECTOR('',#9324,1.);
#9324 = DIRECTION('',(0.,1.));
#9325 = ( GEOMETRIC_REPRESENTATION_CONTEXT(2) 
PARAMETRIC_REPRESENTATION_CONTEXT() REPRESENTATION_CONTEXT('2D SPACE',''
  ) );
#9326 = PCURVE('',#8468,#9327);
#9327 = DEFINITIONAL_REPRESENTATION('',(#9328),#9332);
#9328 = LINE('',#9329,#9330);
#9329 = CARTESIAN_POINT('',(0.,0.));
#9330 = VECTOR('',#9331,1.);
#9331 = DIRECTION('',(0.,-1.));
#9332 = ( GEOMETRIC_REPRESENTATION_CONTEXT(2) 
PARAMETRIC_REPRESENTATION_CONTEXT() REPRESENTATION_CONTEXT('2D SPACE',''
  ) );
#9333 = ORIENTED_EDGE('',*,*,#9334,.F.);
#9334 = EDGE_CURVE('',#9335,#9312,#9337,.T.);
#9335 = VERTEX_POINT('',#9336);
#9336 = CARTESIAN_POINT('',(-15.75,82.727922061358,12.272077938642));
#9337 = SURFACE_CURVE('',#9338,(#9342,#9349),.PCURVE_S1.);
#9338 = LINE('',#9339,#9340);
#9339 = CARTESIAN_POINT('',(-15.75,82.727922061358,12.272077938642));
#9340 = VECTOR('',#9341,1.);
#9341 = DIRECTION('',(7.850462293419E-17,0.707106781187,-0.707106781187)
  );
#9342 = PCURVE('',#8606,#9343);
#9343 = DEFINITIONAL_REPRESENTATION('',(#9344),#9348);
#9344 = LINE('',#9345,#9346);
#9345 = CARTESIAN_POINT('',(22.,19.55));
#9346 = VECTOR('',#9347,1.);
#9347 = DIRECTION('',(1.,0.));
#9348 = ( GEOMETRIC_REPRESENTATION_CONTEXT(2) 
PARAMETRIC_REPRESENTATION_CONTEXT() REPRESENTATION_CONTEXT('2D SPACE',''
  ) );
#9349 = PCURVE('',#9350,#9355);
#9350 = PLANE('',#9351);
#9351 = AXIS2_PLACEMENT_3D('',#9352,#9353,#9354);
#9352 = CARTESIAN_POINT('',(-15.75,82.727922061358,12.272077938642));
#9353 = DIRECTION('',(-1.,1.110223024625E-16,0.));
#9354 = DIRECTION('',(7.850462293419E-17,0.707106781187,0.707106781187)
  );
#9355 = DEFINITIONAL_REPRESENTATION('',(#9356),#9360);
#9356 = LINE('',#9357,#9358);
#9357 = CARTESIAN_POINT('',(0.,0.));
#9358 = VECTOR('',#9359,1.);
#9359 = DIRECTION('',(0.,1.));
#9360 = ( GEOMETRIC_REPRESENTATION_CONTEXT(2) 
PARAMETRIC_REPRESENTATION_CONTEXT() REPRESENTATION_CONTEXT('2D SPACE',''
  ) );
#9361 = ORIENTED_EDGE('',*,*,#9362,.F.);
#9362 = EDGE_CURVE('',#9363,#9335,#9365,.T.);
#9363 = VERTEX_POINT('',#9364);
#9364 = CARTESIAN_POINT('',(-12.25,82.727922061358,12.272077938642));
#9365 = SURFACE_CURVE('',#9366,(#9370,#9377),.PCURVE_S1.);
#9366 = LINE('',#9367,#9368);
#9367 = CARTESIAN_POINT('',(-12.25,82.727922061358,12.272077938642));
#9368 = VECTOR('',#9369,1.);
#9369 = DIRECTION('',(-1.,1.110223024625E-16,0.));
#9370 = PCURVE('',#8606,#9371);
#9371 = DEFINITIONAL_REPRESENTATION('',(#9372),#9376);
#9372 = LINE('',#9373,#9374);
#9373 = CARTESIAN_POINT('',(22.,16.05));
#9374 = VECTOR('',#9375,1.);
#9375 = DIRECTION('',(0.,1.));
#9376 = ( GEOMETRIC_REPRESENTATION_CONTEXT(2) 
PARAMETRIC_REPRESENTATION_CONTEXT() REPRESENTATION_CONTEXT('2D SPACE',''
  ) );
#9377 = PCURVE('',#9378,#9383);
#9378 = PLANE('',#9379);
#9379 = AXIS2_PLACEMENT_3D('',#9380,#9381,#9382);
#9380 = CARTESIAN_POINT('',(-12.25,82.727922061358,12.272077938642));
#9381 = DIRECTION('',(7.850462293419E-17,0.707106781187,-0.707106781187)
  );
#9382 = DIRECTION('',(7.850462293419E-17,0.707106781187,0.707106781187)
  );
#9383 = DEFINITIONAL_REPRESENTATION('',(#9384),#9388);
#9384 = LINE('',#9385,#9386);
#9385 = CARTESIAN_POINT('',(0.,0.));
#9386 = VECTOR('',#9387,1.);
#9387 = DIRECTION('',(0.,-1.));
#9388 = ( GEOMETRIC_REPRESENTATION_CONTEXT(2) 
PARAMETRIC_REPRESENTATION_CONTEXT() REPRESENTATION_CONTEXT('2D SPACE',''
  ) );
#9389 = ORIENTED_EDGE('',*,*,#9390,.T.);
#9390 = EDGE_CURVE('',#9363,#9391,#9393,.T.);
#9391 = VERTEX_POINT('',#9392);
#9392 = CARTESIAN_POINT('',(-12.25,92.910259710444,2.089740289556));
#9393 = SURFACE_CURVE('',#9394,(#9398,#9405),.PCURVE_S1.);
#9394 = LINE('',#9395,#9396);
#9395 = CARTESIAN_POINT('',(-12.25,82.727922061358,12.272077938642));
#9396 = VECTOR('',#9397,1.);
#9397 = DIRECTION('',(7.850462293419E-17,0.707106781187,-0.707106781187)
  );
#9398 = PCURVE('',#8606,#9399);
#9399 = DEFINITIONAL_REPRESENTATION('',(#9400),#9404);
#9400 = LINE('',#9401,#9402);
#9401 = CARTESIAN_POINT('',(22.,16.05));
#9402 = VECTOR('',#9403,1.);
#9403 = DIRECTION('',(1.,0.));
#9404 = ( GEOMETRIC_REPRESENTATION_CONTEXT(2) 
PARAMETRIC_REPRESENTATION_CONTEXT() REPRESENTATION_CONTEXT('2D SPACE',''
  ) );
#9405 = PCURVE('',#9406,#9411);
#9406 = PLANE('',#9407);
#9407 = AXIS2_PLACEMENT_3D('',#9408,#9409,#9410);
#9408 = CARTESIAN_POINT('',(-12.25,82.727922061358,12.272077938642));
#9409 = DIRECTION('',(-1.,1.110223024625E-16,0.));
#9410 = DIRECTION('',(7.850462293419E-17,0.707106781187,0.707106781187)
  );
#9411 = DEFINITIONAL_REPRESENTATION('',(#9412),#9416);
#9412 = LINE('',#9413,#9414);
#9413 = CARTESIAN_POINT('',(0.,0.));
#9414 = VECTOR('',#9415,1.);
#9415 = DIRECTION('',(0.,1.));
#9416 = ( GEOMETRIC_REPRESENTATION_CONTEXT(2) 
PARAMETRIC_REPRESENTATION_CONTEXT() REPRESENTATION_CONTEXT('2D SPACE',''
  ) );
#9417 = ORIENTED_EDGE('',*,*,#9418,.F.);
#9418 = EDGE_CURVE('',#8931,#9391,#9419,.T.);
#9419 = SURFACE_CURVE('',#9420,(#9424,#9431),.PCURVE_S1.);
#9420 = LINE('',#9421,#9422);
#9421 = CARTESIAN_POINT('',(20.,92.910259710444,2.089740289556));
#9422 = VECTOR('',#9423,1.);
#9423 = DIRECTION('',(-1.,1.110223024625E-16,0.));
#9424 = PCURVE('',#8606,#9425);
#9425 = DEFINITIONAL_REPRESENTATION('',(#9426),#9430);
#9426 = LINE('',#9427,#9428);
#9427 = CARTESIAN_POINT('',(36.4,-16.2));
#9428 = VECTOR('',#9429,1.);
#9429 = DIRECTION('',(0.,1.));
#9430 = ( GEOMETRIC_REPRESENTATION_CONTEXT(2) 
PARAMETRIC_REPRESENTATION_CONTEXT() REPRESENTATION_CONTEXT('2D SPACE',''
  ) );
#9431 = PCURVE('',#8946,#9432);
#9432 = DEFINITIONAL_REPRESENTATION('',(#9433),#9437);
#9433 = LINE('',#9434,#9435);
#9434 = CARTESIAN_POINT('',(0.,0.));
#9435 = VECTOR('',#9436,1.);
#9436 = DIRECTION('',(0.,-1.));
#9437 = ( GEOMETRIC_REPRESENTATION_CONTEXT(2) 
PARAMETRIC_REPRESENTATION_CONTEXT() REPRESENTATION_CONTEXT('2D SPACE',''
  ) );
#9438 = ADVANCED_FACE('',(#9439),#8580,.F.);
#9439 = FACE_BOUND('',#9440,.F.);
#9440 = EDGE_LOOP('',(#9441,#9464,#9485,#9486));
#9441 = ORIENTED_EDGE('',*,*,#9442,.T.);
#9442 = EDGE_CURVE('',#8537,#9443,#9445,.T.);
#9443 = VERTEX_POINT('',#9444);
#9444 = CARTESIAN_POINT('',(12.25,94.324473272817,3.503953851929));
#9445 = SURFACE_CURVE('',#9446,(#9450,#9457),.PCURVE_S1.);
#9446 = LINE('',#9447,#9448);
#9447 = CARTESIAN_POINT('',(17.875,94.324473272817,3.503953851929));
#9448 = VECTOR('',#9449,1.);
#9449 = DIRECTION('',(1.,-1.110223024625E-16,0.));
#9450 = PCURVE('',#8580,#9451);
#9451 = DEFINITIONAL_REPRESENTATION('',(#9452),#9456);
#9452 = LINE('',#9453,#9454);
#9453 = CARTESIAN_POINT('',(2.,-2.125));
#9454 = VECTOR('',#9455,1.);
#9455 = DIRECTION('',(0.,1.));
#9456 = ( GEOMETRIC_REPRESENTATION_CONTEXT(2) 
PARAMETRIC_REPRESENTATION_CONTEXT() REPRESENTATION_CONTEXT('2D SPACE',''
  ) );
#9457 = PCURVE('',#8552,#9458);
#9458 = DEFINITIONAL_REPRESENTATION('',(#9459),#9463);
#9459 = LINE('',#9460,#9461);
#9460 = CARTESIAN_POINT('',(4.4,-2.125));
#9461 = VECTOR('',#9462,1.);
#9462 = DIRECTION('',(0.,-1.));
#9463 = ( GEOMETRIC_REPRESENTATION_CONTEXT(2) 
PARAMETRIC_REPRESENTATION_CONTEXT() REPRESENTATION_CONTEXT('2D SPACE',''
  ) );
#9464 = ORIENTED_EDGE('',*,*,#9465,.F.);
#9465 = EDGE_CURVE('',#9098,#9443,#9466,.T.);
#9466 = SURFACE_CURVE('',#9467,(#9471,#9478),.PCURVE_S1.);
#9467 = LINE('',#9468,#9469);
#9468 = CARTESIAN_POINT('',(12.25,92.910259710444,2.089740289556));
#9469 = VECTOR('',#9470,1.);
#9470 = DIRECTION('',(7.850462293419E-17,0.707106781187,0.707106781187)
  );
#9471 = PCURVE('',#8580,#9472);
#9472 = DEFINITIONAL_REPRESENTATION('',(#9473),#9477);
#9473 = LINE('',#9474,#9475);
#9474 = CARTESIAN_POINT('',(-9.224293194767E-16,-7.75));
#9475 = VECTOR('',#9476,1.);
#9476 = DIRECTION('',(1.,0.));
#9477 = ( GEOMETRIC_REPRESENTATION_CONTEXT(2) 
PARAMETRIC_REPRESENTATION_CONTEXT() REPRESENTATION_CONTEXT('2D SPACE',''
  ) );
#9478 = PCURVE('',#9136,#9479);
#9479 = DEFINITIONAL_REPRESENTATION('',(#9480),#9484);
#9480 = LINE('',#9481,#9482);
#9481 = CARTESIAN_POINT('',(-4.440892098501E-15,14.4));
#9482 = VECTOR('',#9483,1.);
#9483 = DIRECTION('',(1.,0.));
#9484 = ( GEOMETRIC_REPRESENTATION_CONTEXT(2) 
PARAMETRIC_REPRESENTATION_CONTEXT() REPRESENTATION_CONTEXT('2D SPACE',''
  ) );
#9485 = ORIENTED_EDGE('',*,*,#9097,.T.);
#9486 = ORIENTED_EDGE('',*,*,#8564,.F.);
#9487 = ADVANCED_FACE('',(#9488),#8552,.F.);
#9488 = FACE_BOUND('',#9489,.F.);
#9489 = EDGE_LOOP('',(#9490,#9513,#9534,#9535));
#9490 = ORIENTED_EDGE('',*,*,#9491,.F.);
#9491 = EDGE_CURVE('',#9492,#8509,#9494,.T.);
#9492 = VERTEX_POINT('',#9493);
#9493 = CARTESIAN_POINT('',(12.25,91.213203435596,6.61522368915));
#9494 = SURFACE_CURVE('',#9495,(#9499,#9506),.PCURVE_S1.);
#9495 = LINE('',#9496,#9497);
#9496 = CARTESIAN_POINT('',(15.75,91.213203435596,6.61522368915));
#9497 = VECTOR('',#9498,1.);
#9498 = DIRECTION('',(-1.,1.110223024625E-16,0.));
#9499 = PCURVE('',#8552,#9500);
#9500 = DEFINITIONAL_REPRESENTATION('',(#9501),#9505);
#9501 = LINE('',#9502,#9503);
#9502 = CARTESIAN_POINT('',(0.,0.));
#9503 = VECTOR('',#9504,1.);
#9504 = DIRECTION('',(0.,1.));
#9505 = ( GEOMETRIC_REPRESENTATION_CONTEXT(2) 
PARAMETRIC_REPRESENTATION_CONTEXT() REPRESENTATION_CONTEXT('2D SPACE',''
  ) );
#9506 = PCURVE('',#8524,#9507);
#9507 = DEFINITIONAL_REPRESENTATION('',(#9508),#9512);
#9508 = LINE('',#9509,#9510);
#9509 = CARTESIAN_POINT('',(0.,0.));
#9510 = VECTOR('',#9511,1.);
#9511 = DIRECTION('',(0.,-1.));
#9512 = ( GEOMETRIC_REPRESENTATION_CONTEXT(2) 
PARAMETRIC_REPRESENTATION_CONTEXT() REPRESENTATION_CONTEXT('2D SPACE',''
  ) );
#9513 = ORIENTED_EDGE('',*,*,#9514,.T.);
#9514 = EDGE_CURVE('',#9492,#9443,#9515,.T.);
#9515 = SURFACE_CURVE('',#9516,(#9520,#9527),.PCURVE_S1.);
#9516 = LINE('',#9517,#9518);
#9517 = CARTESIAN_POINT('',(12.25,87.677669529664,10.150757595083));
#9518 = VECTOR('',#9519,1.);
#9519 = DIRECTION('',(7.850462293419E-17,0.707106781187,-0.707106781187)
  );
#9520 = PCURVE('',#8552,#9521);
#9521 = DEFINITIONAL_REPRESENTATION('',(#9522),#9526);
#9522 = LINE('',#9523,#9524);
#9523 = CARTESIAN_POINT('',(-5.,3.5));
#9524 = VECTOR('',#9525,1.);
#9525 = DIRECTION('',(1.,0.));
#9526 = ( GEOMETRIC_REPRESENTATION_CONTEXT(2) 
PARAMETRIC_REPRESENTATION_CONTEXT() REPRESENTATION_CONTEXT('2D SPACE',''
  ) );
#9527 = PCURVE('',#9136,#9528);
#9528 = DEFINITIONAL_REPRESENTATION('',(#9529),#9533);
#9529 = LINE('',#9530,#9531);
#9530 = CARTESIAN_POINT('',(2.,5.));
#9531 = VECTOR('',#9532,1.);
#9532 = DIRECTION('',(0.,1.));
#9533 = ( GEOMETRIC_REPRESENTATION_CONTEXT(2) 
PARAMETRIC_REPRESENTATION_CONTEXT() REPRESENTATION_CONTEXT('2D SPACE',''
  ) );
#9534 = ORIENTED_EDGE('',*,*,#9442,.F.);
#9535 = ORIENTED_EDGE('',*,*,#8536,.F.);
#9536 = ADVANCED_FACE('',(#9537),#8524,.F.);
#9537 = FACE_BOUND('',#9538,.F.);
#9538 = EDGE_LOOP('',(#9539,#9562,#9583,#9584));
#9539 = ORIENTED_EDGE('',*,*,#9540,.F.);
#9540 = EDGE_CURVE('',#9541,#8481,#9543,.T.);
#9541 = VERTEX_POINT('',#9542);
#9542 = CARTESIAN_POINT('',(12.25,94.041630560343,9.443650813896));
#9543 = SURFACE_CURVE('',#9544,(#9548,#9555),.PCURVE_S1.);
#9544 = LINE('',#9545,#9546);
#9545 = CARTESIAN_POINT('',(15.75,94.041630560343,9.443650813896));
#9546 = VECTOR('',#9547,1.);
#9547 = DIRECTION('',(-1.,1.110223024625E-16,0.));
#9548 = PCURVE('',#8524,#9549);
#9549 = DEFINITIONAL_REPRESENTATION('',(#9550),#9554);
#9550 = LINE('',#9551,#9552);
#9551 = CARTESIAN_POINT('',(4.,1.462338347663E-15));
#9552 = VECTOR('',#9553,1.);
#9553 = DIRECTION('',(0.,-1.));
#9554 = ( GEOMETRIC_REPRESENTATION_CONTEXT(2) 
PARAMETRIC_REPRESENTATION_CONTEXT() REPRESENTATION_CONTEXT('2D SPACE',''
  ) );
#9555 = PCURVE('',#8496,#9556);
#9556 = DEFINITIONAL_REPRESENTATION('',(#9557),#9561);
#9557 = LINE('',#9558,#9559);
#9558 = CARTESIAN_POINT('',(0.,0.));
#9559 = VECTOR('',#9560,1.);
#9560 = DIRECTION('',(0.,1.));
#9561 = ( GEOMETRIC_REPRESENTATION_CONTEXT(2) 
PARAMETRIC_REPRESENTATION_CONTEXT() REPRESENTATION_CONTEXT('2D SPACE',''
  ) );
#9562 = ORIENTED_EDGE('',*,*,#9563,.T.);
#9563 = EDGE_CURVE('',#9541,#9492,#9564,.T.);
#9564 = SURFACE_CURVE('',#9565,(#9569,#9576),.PCURVE_S1.);
#9565 = LINE('',#9566,#9567);
#9566 = CARTESIAN_POINT('',(12.25,90.50609665441,5.908116907963));
#9567 = VECTOR('',#9568,1.);
#9568 = DIRECTION('',(-7.850462293419E-17,-0.707106781187,
    -0.707106781187));
#9569 = PCURVE('',#8524,#9570);
#9570 = DEFINITIONAL_REPRESENTATION('',(#9571),#9575);
#9571 = LINE('',#9572,#9573);
#9572 = CARTESIAN_POINT('',(-1.,-3.5));
#9573 = VECTOR('',#9574,1.);
#9574 = DIRECTION('',(-1.,0.));
#9575 = ( GEOMETRIC_REPRESENTATION_CONTEXT(2) 
PARAMETRIC_REPRESENTATION_CONTEXT() REPRESENTATION_CONTEXT('2D SPACE',''
  ) );
#9576 = PCURVE('',#9136,#9577);
#9577 = DEFINITIONAL_REPRESENTATION('',(#9578),#9582);
#9578 = LINE('',#9579,#9580);
#9579 = CARTESIAN_POINT('',(1.,10.));
#9580 = VECTOR('',#9581,1.);
#9581 = DIRECTION('',(-1.,0.));
#9582 = ( GEOMETRIC_REPRESENTATION_CONTEXT(2) 
PARAMETRIC_REPRESENTATION_CONTEXT() REPRESENTATION_CONTEXT('2D SPACE',''
  ) );
#9583 = ORIENTED_EDGE('',*,*,#9491,.T.);
#9584 = ORIENTED_EDGE('',*,*,#8508,.F.);
#9585 = ADVANCED_FACE('',(#9586),#8496,.T.);
#9586 = FACE_BOUND('',#9587,.T.);
#9587 = EDGE_LOOP('',(#9588,#9589,#9612,#9633));
#9588 = ORIENTED_EDGE('',*,*,#9540,.F.);
#9589 = ORIENTED_EDGE('',*,*,#9590,.T.);
#9590 = EDGE_CURVE('',#9541,#9591,#9593,.T.);
#9591 = VERTEX_POINT('',#9592);
#9592 = CARTESIAN_POINT('',(12.25,97.152900397563,6.332380976675));
#9593 = SURFACE_CURVE('',#9594,(#9598,#9605),.PCURVE_S1.);
#9594 = LINE('',#9595,#9596);
#9595 = CARTESIAN_POINT('',(12.25,90.50609665441,12.979184719829));
#9596 = VECTOR('',#9597,1.);
#9597 = DIRECTION('',(7.850462293419E-17,0.707106781187,-0.707106781187)
  );
#9598 = PCURVE('',#8496,#9599);
#9599 = DEFINITIONAL_REPRESENTATION('',(#9600),#9604);
#9600 = LINE('',#9601,#9602);
#9601 = CARTESIAN_POINT('',(-5.,3.5));
#9602 = VECTOR('',#9603,1.);
#9603 = DIRECTION('',(1.,0.));
#9604 = ( GEOMETRIC_REPRESENTATION_CONTEXT(2) 
PARAMETRIC_REPRESENTATION_CONTEXT() REPRESENTATION_CONTEXT('2D SPACE',''
  ) );
#9605 = PCURVE('',#9136,#9606);
#9606 = DEFINITIONAL_REPRESENTATION('',(#9607),#9611);
#9607 = LINE('',#9608,#9609);
#9608 = CARTESIAN_POINT('',(6.,5.));
#9609 = VECTOR('',#9610,1.);
#9610 = DIRECTION('',(0.,1.));
#9611 = ( GEOMETRIC_REPRESENTATION_CONTEXT(2) 
PARAMETRIC_REPRESENTATION_CONTEXT() REPRESENTATION_CONTEXT('2D SPACE',''
  ) );
#9612 = ORIENTED_EDGE('',*,*,#9613,.F.);
#9613 = EDGE_CURVE('',#8453,#9591,#9614,.T.);
#9614 = SURFACE_CURVE('',#9615,(#9619,#9626),.PCURVE_S1.);
#9615 = LINE('',#9616,#9617);
#9616 = CARTESIAN_POINT('',(17.875,97.152900397563,6.332380976675));
#9617 = VECTOR('',#9618,1.);
#9618 = DIRECTION('',(1.,-1.110223024625E-16,0.));
#9619 = PCURVE('',#8496,#9620);
#9620 = DEFINITIONAL_REPRESENTATION('',(#9621),#9625);
#9621 = LINE('',#9622,#9623);
#9622 = CARTESIAN_POINT('',(4.4,-2.125));
#9623 = VECTOR('',#9624,1.);
#9624 = DIRECTION('',(0.,-1.));
#9625 = ( GEOMETRIC_REPRESENTATION_CONTEXT(2) 
PARAMETRIC_REPRESENTATION_CONTEXT() REPRESENTATION_CONTEXT('2D SPACE',''
  ) );
#9626 = PCURVE('',#8468,#9627);
#9627 = DEFINITIONAL_REPRESENTATION('',(#9628),#9632);
#9628 = LINE('',#9629,#9630);
#9629 = CARTESIAN_POINT('',(6.,-2.125));
#9630 = VECTOR('',#9631,1.);
#9631 = DIRECTION('',(0.,1.));
#9632 = ( GEOMETRIC_REPRESENTATION_CONTEXT(2) 
PARAMETRIC_REPRESENTATION_CONTEXT() REPRESENTATION_CONTEXT('2D SPACE',''
  ) );
#9633 = ORIENTED_EDGE('',*,*,#8480,.F.);
#9634 = ADVANCED_FACE('',(#9635,#10004),#8468,.F.);
#9635 = FACE_BOUND('',#9636,.F.);
#9636 = EDGE_LOOP('',(#9637,#9660,#9688,#9709,#9710,#9733,#9761,#9784,
    #9812,#9833,#9834,#9835,#9856,#9857,#9880,#9903,#9931,#9954,#9982,
    #10003));
#9637 = ORIENTED_EDGE('',*,*,#9638,.T.);
#9638 = EDGE_CURVE('',#9284,#9639,#9641,.T.);
#9639 = VERTEX_POINT('',#9640);
#9640 = CARTESIAN_POINT('',(-20.,121.1945309579,30.374011537018));
#9641 = SURFACE_CURVE('',#9642,(#9646,#9653),.PCURVE_S1.);
#9642 = LINE('',#9643,#9644);
#9643 = CARTESIAN_POINT('',(-20.,92.910259710444,2.089740289556));
#9644 = VECTOR('',#9645,1.);
#9645 = DIRECTION('',(7.850462293419E-17,0.707106781187,0.707106781187)
  );
#9646 = PCURVE('',#8468,#9647);
#9647 = DEFINITIONAL_REPRESENTATION('',(#9648),#9652);
#9648 = LINE('',#9649,#9650);
#9649 = CARTESIAN_POINT('',(-4.710277376051E-15,-40.));
#9650 = VECTOR('',#9651,1.);
#9651 = DIRECTION('',(1.,0.));
#9652 = ( GEOMETRIC_REPRESENTATION_CONTEXT(2) 
PARAMETRIC_REPRESENTATION_CONTEXT() REPRESENTATION_CONTEXT('2D SPACE',''
  ) );
#9653 = PCURVE('',#9299,#9654);
#9654 = DEFINITIONAL_REPRESENTATION('',(#9655),#9659);
#9655 = LINE('',#9656,#9657);
#9656 = CARTESIAN_POINT('',(0.,0.));
#9657 = VECTOR('',#9658,1.);
#9658 = DIRECTION('',(1.,0.));
#9659 = ( GEOMETRIC_REPRESENTATION_CONTEXT(2) 
PARAMETRIC_REPRESENTATION_CONTEXT() REPRESENTATION_CONTEXT('2D SPACE',''
  ) );
#9660 = ORIENTED_EDGE('',*,*,#9661,.F.);
#9661 = EDGE_CURVE('',#9662,#9639,#9664,.T.);
#9662 = VERTEX_POINT('',#9663);
#9663 = CARTESIAN_POINT('',(20.,121.1945309579,30.374011537018));
#9664 = SURFACE_CURVE('',#9665,(#9669,#9676),.PCURVE_S1.);
#9665 = LINE('',#9666,#9667);
#9666 = CARTESIAN_POINT('',(20.,121.1945309579,30.374011537018));
#9667 = VECTOR('',#9668,1.);
#9668 = DIRECTION('',(-1.,1.110223024625E-16,0.));
#9669 = PCURVE('',#8468,#9670);
#9670 = DEFINITIONAL_REPRESENTATION('',(#9671),#9675);
#9671 = LINE('',#9672,#9673);
#9672 = CARTESIAN_POINT('',(40.,4.12528761433E-16));
#9673 = VECTOR('',#9674,1.);
#9674 = DIRECTION('',(0.,-1.));
#9675 = ( GEOMETRIC_REPRESENTATION_CONTEXT(2) 
PARAMETRIC_REPRESENTATION_CONTEXT() REPRESENTATION_CONTEXT('2D SPACE',''
  ) );
#9676 = PCURVE('',#9677,#9682);
#9677 = PLANE('',#9678);
#9678 = AXIS2_PLACEMENT_3D('',#9679,#9680,#9681);
#9679 = CARTESIAN_POINT('',(20.,121.1945309579,30.374011537018));
#9680 = DIRECTION('',(7.850462293419E-17,0.707106781187,0.707106781187)
  );
#9681 = DIRECTION('',(7.850462293419E-17,0.707106781187,-0.707106781187)
  );
#9682 = DEFINITIONAL_REPRESENTATION('',(#9683),#9687);
#9683 = LINE('',#9684,#9685);
#9684 = CARTESIAN_POINT('',(0.,0.));
#9685 = VECTOR('',#9686,1.);
#9686 = DIRECTION('',(0.,1.));
#9687 = ( GEOMETRIC_REPRESENTATION_CONTEXT(2) 
PARAMETRIC_REPRESENTATION_CONTEXT() REPRESENTATION_CONTEXT('2D SPACE',''
  ) );
#9688 = ORIENTED_EDGE('',*,*,#9689,.F.);
#9689 = EDGE_CURVE('',#9205,#9662,#9690,.T.);
#9690 = SURFACE_CURVE('',#9691,(#9695,#9702),.PCURVE_S1.);
#9691 = LINE('',#9692,#9693);
#9692 = CARTESIAN_POINT('',(20.,92.910259710444,2.089740289556));
#9693 = VECTOR('',#9694,1.);
#9694 = DIRECTION('',(7.850462293419E-17,0.707106781187,0.707106781187)
  );
#9695 = PCURVE('',#8468,#9696);
#9696 = DEFINITIONAL_REPRESENTATION('',(#9697),#9701);
#9697 = LINE('',#9698,#9699);
#9698 = CARTESIAN_POINT('',(0.,0.));
#9699 = VECTOR('',#9700,1.);
#9700 = DIRECTION('',(1.,0.));
#9701 = ( GEOMETRIC_REPRESENTATION_CONTEXT(2) 
PARAMETRIC_REPRESENTATION_CONTEXT() REPRESENTATION_CONTEXT('2D SPACE',''
  ) );
#9702 = PCURVE('',#9243,#9703);
#9703 = DEFINITIONAL_REPRESENTATION('',(#9704),#9708);
#9704 = LINE('',#9705,#9706);
#9705 = CARTESIAN_POINT('',(0.,0.));
#9706 = VECTOR('',#9707,1.);
#9707 = DIRECTION('',(1.,0.));
#9708 = ( GEOMETRIC_REPRESENTATION_CONTEXT(2) 
PARAMETRIC_REPRESENTATION_CONTEXT() REPRESENTATION_CONTEXT('2D SPACE',''
  ) );
#9709 = ORIENTED_EDGE('',*,*,#9204,.T.);
#9710 = ORIENTED_EDGE('',*,*,#9711,.T.);
#9711 = EDGE_CURVE('',#9177,#9712,#9714,.T.);
#9712 = VERTEX_POINT('',#9713);
#9713 = CARTESIAN_POINT('',(15.75,94.324473272817,3.503953851929));
#9714 = SURFACE_CURVE('',#9715,(#9719,#9726),.PCURVE_S1.);
#9715 = LINE('',#9716,#9717);
#9716 = CARTESIAN_POINT('',(15.75,92.910259710444,2.089740289556));
#9717 = VECTOR('',#9718,1.);
#9718 = DIRECTION('',(7.850462293419E-17,0.707106781187,0.707106781187)
  );
#9719 = PCURVE('',#8468,#9720);
#9720 = DEFINITIONAL_REPRESENTATION('',(#9721),#9725);
#9721 = LINE('',#9722,#9723);
#9722 = CARTESIAN_POINT('',(-6.476631392071E-16,-4.25));
#9723 = VECTOR('',#9724,1.);
#9724 = DIRECTION('',(1.,0.));
#9725 = ( GEOMETRIC_REPRESENTATION_CONTEXT(2) 
PARAMETRIC_REPRESENTATION_CONTEXT() REPRESENTATION_CONTEXT('2D SPACE',''
  ) );
#9726 = PCURVE('',#9192,#9727);
#9727 = DEFINITIONAL_REPRESENTATION('',(#9728),#9732);
#9728 = LINE('',#9729,#9730);
#9729 = CARTESIAN_POINT('',(-4.440892098501E-15,14.4));
#9730 = VECTOR('',#9731,1.);
#9731 = DIRECTION('',(1.,0.));
#9732 = ( GEOMETRIC_REPRESENTATION_CONTEXT(2) 
PARAMETRIC_REPRESENTATION_CONTEXT() REPRESENTATION_CONTEXT('2D SPACE',''
  ) );
#9733 = ORIENTED_EDGE('',*,*,#9734,.T.);
#9734 = EDGE_CURVE('',#9712,#9735,#9737,.T.);
#9735 = VERTEX_POINT('',#9736);
#9736 = CARTESIAN_POINT('',(15.75,97.152900397563,6.332380976675));
#9737 = SURFACE_CURVE('',#9738,(#9742,#9749),.PCURVE_S1.);
#9738 = LINE('',#9739,#9740);
#9739 = CARTESIAN_POINT('',(15.75,92.910259710444,2.089740289556));
#9740 = VECTOR('',#9741,1.);
#9741 = DIRECTION('',(7.850462293419E-17,0.707106781187,0.707106781187)
  );
#9742 = PCURVE('',#8468,#9743);
#9743 = DEFINITIONAL_REPRESENTATION('',(#9744),#9748);
#9744 = LINE('',#9745,#9746);
#9745 = CARTESIAN_POINT('',(-6.476631392071E-16,-4.25));
#9746 = VECTOR('',#9747,1.);
#9747 = DIRECTION('',(1.,0.));
#9748 = ( GEOMETRIC_REPRESENTATION_CONTEXT(2) 
PARAMETRIC_REPRESENTATION_CONTEXT() REPRESENTATION_CONTEXT('2D SPACE',''
  ) );
#9749 = PCURVE('',#9750,#9755);
#9750 = PLANE('',#9751);
#9751 = AXIS2_PLACEMENT_3D('',#9752,#9753,#9754);
#9752 = CARTESIAN_POINT('',(15.75,82.727922061358,12.272077938642));
#9753 = DIRECTION('',(-1.,1.110223024625E-16,0.));
#9754 = DIRECTION('',(7.850462293419E-17,0.707106781187,0.707106781187)
  );
#9755 = DEFINITIONAL_REPRESENTATION('',(#9756),#9760);
#9756 = LINE('',#9757,#9758);
#9757 = CARTESIAN_POINT('',(-4.440892098501E-15,14.4));
#9758 = VECTOR('',#9759,1.);
#9759 = DIRECTION('',(1.,0.));
#9760 = ( GEOMETRIC_REPRESENTATION_CONTEXT(2) 
PARAMETRIC_REPRESENTATION_CONTEXT() REPRESENTATION_CONTEXT('2D SPACE',''
  ) );
#9761 = ORIENTED_EDGE('',*,*,#9762,.T.);
#9762 = EDGE_CURVE('',#9735,#9763,#9765,.T.);
#9763 = VERTEX_POINT('',#9764);
#9764 = CARTESIAN_POINT('',(15.75,109.88082245892,19.060303038033));
#9765 = SURFACE_CURVE('',#9766,(#9770,#9777),.PCURVE_S1.);
#9766 = LINE('',#9767,#9768);
#9767 = CARTESIAN_POINT('',(15.75,92.910259710444,2.089740289556));
#9768 = VECTOR('',#9769,1.);
#9769 = DIRECTION('',(7.850462293419E-17,0.707106781187,0.707106781187)
  );
#9770 = PCURVE('',#8468,#9771);
#9771 = DEFINITIONAL_REPRESENTATION('',(#9772),#9776);
#9772 = LINE('',#9773,#9774);
#9773 = CARTESIAN_POINT('',(-6.476631392071E-16,-4.25));
#9774 = VECTOR('',#9775,1.);
#9775 = DIRECTION('',(1.,0.));
#9776 = ( GEOMETRIC_REPRESENTATION_CONTEXT(2) 
PARAMETRIC_REPRESENTATION_CONTEXT() REPRESENTATION_CONTEXT('2D SPACE',''
  ) );
#9777 = PCURVE('',#9192,#9778);
#9778 = DEFINITIONAL_REPRESENTATION('',(#9779),#9783);
#9779 = LINE('',#9780,#9781);
#9780 = CARTESIAN_POINT('',(-4.440892098501E-15,14.4));
#9781 = VECTOR('',#9782,1.);
#9782 = DIRECTION('',(1.,0.));
#9783 = ( GEOMETRIC_REPRESENTATION_CONTEXT(2) 
PARAMETRIC_REPRESENTATION_CONTEXT() REPRESENTATION_CONTEXT('2D SPACE',''
  ) );
#9784 = ORIENTED_EDGE('',*,*,#9785,.F.);
#9785 = EDGE_CURVE('',#9786,#9763,#9788,.T.);
#9786 = VERTEX_POINT('',#9787);
#9787 = CARTESIAN_POINT('',(12.25,109.88082245892,19.060303038033));
#9788 = SURFACE_CURVE('',#9789,(#9793,#9800),.PCURVE_S1.);
#9789 = LINE('',#9790,#9791);
#9790 = CARTESIAN_POINT('',(17.875,109.88082245892,19.060303038033));
#9791 = VECTOR('',#9792,1.);
#9792 = DIRECTION('',(1.,-1.110223024625E-16,0.));
#9793 = PCURVE('',#8468,#9794);
#9794 = DEFINITIONAL_REPRESENTATION('',(#9795),#9799);
#9795 = LINE('',#9796,#9797);
#9796 = CARTESIAN_POINT('',(24.,-2.125));
#9797 = VECTOR('',#9798,1.);
#9798 = DIRECTION('',(0.,1.));
#9799 = ( GEOMETRIC_REPRESENTATION_CONTEXT(2) 
PARAMETRIC_REPRESENTATION_CONTEXT() REPRESENTATION_CONTEXT('2D SPACE',''
  ) );
#9800 = PCURVE('',#9801,#9806);
#9801 = PLANE('',#9802);
#9802 = AXIS2_PLACEMENT_3D('',#9803,#9804,#9805);
#9803 = CARTESIAN_POINT('',(15.75,99.698484809835,29.242640687119));
#9804 = DIRECTION('',(7.850462293419E-17,0.707106781187,0.707106781187)
  );
#9805 = DIRECTION('',(7.850462293419E-17,0.707106781187,-0.707106781187)
  );
#9806 = DEFINITIONAL_REPRESENTATION('',(#9807),#9811);
#9807 = LINE('',#9808,#9809);
#9808 = CARTESIAN_POINT('',(14.4,-2.125));
#9809 = VECTOR('',#9810,1.);
#9810 = DIRECTION('',(0.,-1.));
#9811 = ( GEOMETRIC_REPRESENTATION_CONTEXT(2) 
PARAMETRIC_REPRESENTATION_CONTEXT() REPRESENTATION_CONTEXT('2D SPACE',''
  ) );
#9812 = ORIENTED_EDGE('',*,*,#9813,.F.);
#9813 = EDGE_CURVE('',#9591,#9786,#9814,.T.);
#9814 = SURFACE_CURVE('',#9815,(#9819,#9826),.PCURVE_S1.);
#9815 = LINE('',#9816,#9817);
#9816 = CARTESIAN_POINT('',(12.25,92.910259710444,2.089740289556));
#9817 = VECTOR('',#9818,1.);
#9818 = DIRECTION('',(7.850462293419E-17,0.707106781187,0.707106781187)
  );
#9819 = PCURVE('',#8468,#9820);
#9820 = DEFINITIONAL_REPRESENTATION('',(#9821),#9825);
#9821 = LINE('',#9822,#9823);
#9822 = CARTESIAN_POINT('',(-9.224293194767E-16,-7.75));
#9823 = VECTOR('',#9824,1.);
#9824 = DIRECTION('',(1.,0.));
#9825 = ( GEOMETRIC_REPRESENTATION_CONTEXT(2) 
PARAMETRIC_REPRESENTATION_CONTEXT() REPRESENTATION_CONTEXT('2D SPACE',''
  ) );
#9826 = PCURVE('',#9136,#9827);
#9827 = DEFINITIONAL_REPRESENTATION('',(#9828),#9832);
#9828 = LINE('',#9829,#9830);
#9829 = CARTESIAN_POINT('',(-4.440892098501E-15,14.4));
#9830 = VECTOR('',#9831,1.);
#9831 = DIRECTION('',(1.,0.));
#9832 = ( GEOMETRIC_REPRESENTATION_CONTEXT(2) 
PARAMETRIC_REPRESENTATION_CONTEXT() REPRESENTATION_CONTEXT('2D SPACE',''
  ) );
#9833 = ORIENTED_EDGE('',*,*,#9613,.F.);
#9834 = ORIENTED_EDGE('',*,*,#8452,.F.);
#9835 = ORIENTED_EDGE('',*,*,#9836,.T.);
#9836 = EDGE_CURVE('',#8425,#8801,#9837,.T.);
#9837 = SURFACE_CURVE('',#9838,(#9842,#9849),.PCURVE_S1.);
#9838 = LINE('',#9839,#9840);
#9839 = CARTESIAN_POINT('',(11.9,98.567113959937,7.746594539048));
#9840 = VECTOR('',#9841,1.);
#9841 = DIRECTION('',(-1.,1.110223024625E-16,0.));
#9842 = PCURVE('',#8468,#9843);
#9843 = DEFINITIONAL_REPRESENTATION('',(#9844),#9848);
#9844 = LINE('',#9845,#9846);
#9845 = CARTESIAN_POINT('',(8.,-8.1));
#9846 = VECTOR('',#9847,1.);
#9847 = DIRECTION('',(0.,-1.));
#9848 = ( GEOMETRIC_REPRESENTATION_CONTEXT(2) 
PARAMETRIC_REPRESENTATION_CONTEXT() REPRESENTATION_CONTEXT('2D SPACE',''
  ) );
#9849 = PCURVE('',#8440,#9850);
#9850 = DEFINITIONAL_REPRESENTATION('',(#9851),#9855);
#9851 = LINE('',#9852,#9853);
#9852 = CARTESIAN_POINT('',(36.4,-8.1));
#9853 = VECTOR('',#9854,1.);
#9854 = DIRECTION('',(0.,1.));
#9855 = ( GEOMETRIC_REPRESENTATION_CONTEXT(2) 
PARAMETRIC_REPRESENTATION_CONTEXT() REPRESENTATION_CONTEXT('2D SPACE',''
  ) );
#9856 = ORIENTED_EDGE('',*,*,#8823,.T.);
#9857 = ORIENTED_EDGE('',*,*,#9858,.F.);
#9858 = EDGE_CURVE('',#9859,#8824,#9861,.T.);
#9859 = VERTEX_POINT('',#9860);
#9860 = CARTESIAN_POINT('',(-12.25,97.152900397563,6.332380976675));
#9861 = SURFACE_CURVE('',#9862,(#9866,#9873),.PCURVE_S1.);
#9862 = LINE('',#9863,#9864);
#9863 = CARTESIAN_POINT('',(17.875,97.152900397563,6.332380976675));
#9864 = VECTOR('',#9865,1.);
#9865 = DIRECTION('',(1.,-1.110223024625E-16,0.));
#9866 = PCURVE('',#8468,#9867);
#9867 = DEFINITIONAL_REPRESENTATION('',(#9868),#9872);
#9868 = LINE('',#9869,#9870);
#9869 = CARTESIAN_POINT('',(6.,-2.125));
#9870 = VECTOR('',#9871,1.);
#9871 = DIRECTION('',(0.,1.));
#9872 = ( GEOMETRIC_REPRESENTATION_CONTEXT(2) 
PARAMETRIC_REPRESENTATION_CONTEXT() REPRESENTATION_CONTEXT('2D SPACE',''
  ) );
#9873 = PCURVE('',#8862,#9874);
#9874 = DEFINITIONAL_REPRESENTATION('',(#9875),#9879);
#9875 = LINE('',#9876,#9877);
#9876 = CARTESIAN_POINT('',(4.4,-2.125));
#9877 = VECTOR('',#9878,1.);
#9878 = DIRECTION('',(0.,-1.));
#9879 = ( GEOMETRIC_REPRESENTATION_CONTEXT(2) 
PARAMETRIC_REPRESENTATION_CONTEXT() REPRESENTATION_CONTEXT('2D SPACE',''
  ) );
#9880 = ORIENTED_EDGE('',*,*,#9881,.T.);
#9881 = EDGE_CURVE('',#9859,#9882,#9884,.T.);
#9882 = VERTEX_POINT('',#9883);
#9883 = CARTESIAN_POINT('',(-12.25,109.88082245892,19.060303038033));
#9884 = SURFACE_CURVE('',#9885,(#9889,#9896),.PCURVE_S1.);
#9885 = LINE('',#9886,#9887);
#9886 = CARTESIAN_POINT('',(-12.25,92.910259710444,2.089740289556));
#9887 = VECTOR('',#9888,1.);
#9888 = DIRECTION('',(7.850462293419E-17,0.707106781187,0.707106781187)
  );
#9889 = PCURVE('',#8468,#9890);
#9890 = DEFINITIONAL_REPRESENTATION('',(#9891),#9895);
#9891 = LINE('',#9892,#9893);
#9892 = CARTESIAN_POINT('',(-3.787848056575E-15,-32.25));
#9893 = VECTOR('',#9894,1.);
#9894 = DIRECTION('',(1.,0.));
#9895 = ( GEOMETRIC_REPRESENTATION_CONTEXT(2) 
PARAMETRIC_REPRESENTATION_CONTEXT() REPRESENTATION_CONTEXT('2D SPACE',''
  ) );
#9896 = PCURVE('',#9406,#9897);
#9897 = DEFINITIONAL_REPRESENTATION('',(#9898),#9902);
#9898 = LINE('',#9899,#9900);
#9899 = CARTESIAN_POINT('',(-4.440892098501E-15,14.4));
#9900 = VECTOR('',#9901,1.);
#9901 = DIRECTION('',(1.,0.));
#9902 = ( GEOMETRIC_REPRESENTATION_CONTEXT(2) 
PARAMETRIC_REPRESENTATION_CONTEXT() REPRESENTATION_CONTEXT('2D SPACE',''
  ) );
#9903 = ORIENTED_EDGE('',*,*,#9904,.F.);
#9904 = EDGE_CURVE('',#9905,#9882,#9907,.T.);
#9905 = VERTEX_POINT('',#9906);
#9906 = CARTESIAN_POINT('',(-15.75,109.88082245892,19.060303038033));
#9907 = SURFACE_CURVE('',#9908,(#9912,#9919),.PCURVE_S1.);
#9908 = LINE('',#9909,#9910);
#9909 = CARTESIAN_POINT('',(3.875,109.88082245892,19.060303038033));
#9910 = VECTOR('',#9911,1.);
#9911 = DIRECTION('',(1.,-1.110223024625E-16,0.));
#9912 = PCURVE('',#8468,#9913);
#9913 = DEFINITIONAL_REPRESENTATION('',(#9914),#9918);
#9914 = LINE('',#9915,#9916);
#9915 = CARTESIAN_POINT('',(24.,-16.125));
#9916 = VECTOR('',#9917,1.);
#9917 = DIRECTION('',(0.,1.));
#9918 = ( GEOMETRIC_REPRESENTATION_CONTEXT(2) 
PARAMETRIC_REPRESENTATION_CONTEXT() REPRESENTATION_CONTEXT('2D SPACE',''
  ) );
#9919 = PCURVE('',#9920,#9925);
#9920 = PLANE('',#9921);
#9921 = AXIS2_PLACEMENT_3D('',#9922,#9923,#9924);
#9922 = CARTESIAN_POINT('',(-12.25,99.698484809835,29.242640687119));
#9923 = DIRECTION('',(7.850462293419E-17,0.707106781187,0.707106781187)
  );
#9924 = DIRECTION('',(7.850462293419E-17,0.707106781187,-0.707106781187)
  );
#9925 = DEFINITIONAL_REPRESENTATION('',(#9926),#9930);
#9926 = LINE('',#9927,#9928);
#9927 = CARTESIAN_POINT('',(14.4,-16.125));
#9928 = VECTOR('',#9929,1.);
#9929 = DIRECTION('',(0.,-1.));
#9930 = ( GEOMETRIC_REPRESENTATION_CONTEXT(2) 
PARAMETRIC_REPRESENTATION_CONTEXT() REPRESENTATION_CONTEXT('2D SPACE',''
  ) );
#9931 = ORIENTED_EDGE('',*,*,#9932,.F.);
#9932 = EDGE_CURVE('',#9933,#9905,#9935,.T.);
#9933 = VERTEX_POINT('',#9934);
#9934 = CARTESIAN_POINT('',(-15.75,97.152900397563,6.332380976675));
#9935 = SURFACE_CURVE('',#9936,(#9940,#9947),.PCURVE_S1.);
#9936 = LINE('',#9937,#9938);
#9937 = CARTESIAN_POINT('',(-15.75,92.910259710444,2.089740289556));
#9938 = VECTOR('',#9939,1.);
#9939 = DIRECTION('',(7.850462293419E-17,0.707106781187,0.707106781187)
  );
#9940 = PCURVE('',#8468,#9941);
#9941 = DEFINITIONAL_REPRESENTATION('',(#9942),#9946);
#9942 = LINE('',#9943,#9944);
#9943 = CARTESIAN_POINT('',(-4.062614236844E-15,-35.75));
#9944 = VECTOR('',#9945,1.);
#9945 = DIRECTION('',(1.,0.));
#9946 = ( GEOMETRIC_REPRESENTATION_CONTEXT(2) 
PARAMETRIC_REPRESENTATION_CONTEXT() REPRESENTATION_CONTEXT('2D SPACE',''
  ) );
#9947 = PCURVE('',#9350,#9948);
#9948 = DEFINITIONAL_REPRESENTATION('',(#9949),#9953);
#9949 = LINE('',#9950,#9951);
#9950 = CARTESIAN_POINT('',(-4.440892098501E-15,14.4));
#9951 = VECTOR('',#9952,1.);
#9952 = DIRECTION('',(1.,0.));
#9953 = ( GEOMETRIC_REPRESENTATION_CONTEXT(2) 
PARAMETRIC_REPRESENTATION_CONTEXT() REPRESENTATION_CONTEXT('2D SPACE',''
  ) );
#9954 = ORIENTED_EDGE('',*,*,#9955,.F.);
#9955 = EDGE_CURVE('',#9956,#9933,#9958,.T.);
#9956 = VERTEX_POINT('',#9957);
#9957 = CARTESIAN_POINT('',(-15.75,94.324473272817,3.503953851929));
#9958 = SURFACE_CURVE('',#9959,(#9963,#9970),.PCURVE_S1.);
#9959 = LINE('',#9960,#9961);
#9960 = CARTESIAN_POINT('',(-15.75,92.910259710444,2.089740289556));
#9961 = VECTOR('',#9962,1.);
#9962 = DIRECTION('',(7.850462293419E-17,0.707106781187,0.707106781187)
  );
#9963 = PCURVE('',#8468,#9964);
#9964 = DEFINITIONAL_REPRESENTATION('',(#9965),#9969);
#9965 = LINE('',#9966,#9967);
#9966 = CARTESIAN_POINT('',(-4.062614236844E-15,-35.75));
#9967 = VECTOR('',#9968,1.);
#9968 = DIRECTION('',(1.,0.));
#9969 = ( GEOMETRIC_REPRESENTATION_CONTEXT(2) 
PARAMETRIC_REPRESENTATION_CONTEXT() REPRESENTATION_CONTEXT('2D SPACE',''
  ) );
#9970 = PCURVE('',#9971,#9976);
#9971 = PLANE('',#9972);
#9972 = AXIS2_PLACEMENT_3D('',#9973,#9974,#9975);
#9973 = CARTESIAN_POINT('',(-15.75,82.727922061358,12.272077938642));
#9974 = DIRECTION('',(-1.,1.110223024625E-16,0.));
#9975 = DIRECTION('',(7.850462293419E-17,0.707106781187,0.707106781187)
  );
#9976 = DEFINITIONAL_REPRESENTATION('',(#9977),#9981);
#9977 = LINE('',#9978,#9979);
#9978 = CARTESIAN_POINT('',(-4.440892098501E-15,14.4));
#9979 = VECTOR('',#9980,1.);
#9980 = DIRECTION('',(1.,0.));
#9981 = ( GEOMETRIC_REPRESENTATION_CONTEXT(2) 
PARAMETRIC_REPRESENTATION_CONTEXT() REPRESENTATION_CONTEXT('2D SPACE',''
  ) );
#9982 = ORIENTED_EDGE('',*,*,#9983,.F.);
#9983 = EDGE_CURVE('',#9312,#9956,#9984,.T.);
#9984 = SURFACE_CURVE('',#9985,(#9989,#9996),.PCURVE_S1.);
#9985 = LINE('',#9986,#9987);
#9986 = CARTESIAN_POINT('',(-15.75,92.910259710444,2.089740289556));
#9987 = VECTOR('',#9988,1.);
#9988 = DIRECTION('',(7.850462293419E-17,0.707106781187,0.707106781187)
  );
#9989 = PCURVE('',#8468,#9990);
#9990 = DEFINITIONAL_REPRESENTATION('',(#9991),#9995);
#9991 = LINE('',#9992,#9993);
#9992 = CARTESIAN_POINT('',(-4.062614236844E-15,-35.75));
#9993 = VECTOR('',#9994,1.);
#9994 = DIRECTION('',(1.,0.));
#9995 = ( GEOMETRIC_REPRESENTATION_CONTEXT(2) 
PARAMETRIC_REPRESENTATION_CONTEXT() REPRESENTATION_CONTEXT('2D SPACE',''
  ) );
#9996 = PCURVE('',#9350,#9997);
#9997 = DEFINITIONAL_REPRESENTATION('',(#9998),#10002);
#9998 = LINE('',#9999,#10000);
#9999 = CARTESIAN_POINT('',(-4.440892098501E-15,14.4));
#10000 = VECTOR('',#10001,1.);
#10001 = DIRECTION('',(1.,0.));
#10002 = ( GEOMETRIC_REPRESENTATION_CONTEXT(2) 
PARAMETRIC_REPRESENTATION_CONTEXT() REPRESENTATION_CONTEXT('2D SPACE',''
  ) );
#10003 = ORIENTED_EDGE('',*,*,#9311,.T.);
#10004 = FACE_BOUND('',#10005,.F.);
#10005 = EDGE_LOOP('',(#10006));
#10006 = ORIENTED_EDGE('',*,*,#10007,.F.);
#10007 = EDGE_CURVE('',#10008,#10008,#10010,.T.);
#10008 = VERTEX_POINT('',#10009);
#10009 = CARTESIAN_POINT('',(-9.4,107.05239533417,16.231875913287));
#10010 = SURFACE_CURVE('',#10011,(#10016,#10023),.PCURVE_S1.);
#10011 = CIRCLE('',#10012,9.4);
#10012 = AXIS2_PLACEMENT_3D('',#10013,#10014,#10015);
#10013 = CARTESIAN_POINT('',(8.399906038767E-15,107.05239533417,
    16.231875913287));
#10014 = DIRECTION('',(7.850462293419E-17,0.707106781187,-0.707106781187
    ));
#10015 = DIRECTION('',(-1.,1.110223024625E-16,0.));
#10016 = PCURVE('',#8468,#10017);
#10017 = DEFINITIONAL_REPRESENTATION('',(#10018),#10022);
#10018 = CIRCLE('',#10019,9.4);
#10019 = AXIS2_PLACEMENT_2D('',#10020,#10021);
#10020 = CARTESIAN_POINT('',(20.,-20.));
#10021 = DIRECTION('',(0.,-1.));
#10022 = ( GEOMETRIC_REPRESENTATION_CONTEXT(2) 
PARAMETRIC_REPRESENTATION_CONTEXT() REPRESENTATION_CONTEXT('2D SPACE',''
  ) );
#10023 = PCURVE('',#10024,#10029);
#10024 = CYLINDRICAL_SURFACE('',#10025,9.4);
#10025 = AXIS2_PLACEMENT_3D('',#10026,#10027,#10028);
#10026 = CARTESIAN_POINT('',(8.525513435462E-15,108.18376618407,
    15.100505063388));
#10027 = DIRECTION('',(7.850462293419E-17,0.707106781187,-0.707106781187
    ));
#10028 = DIRECTION('',(-1.,1.110223024625E-16,0.));
#10029 = DEFINITIONAL_REPRESENTATION('',(#10030),#10034);
#10030 = LINE('',#10031,#10032);
#10031 = CARTESIAN_POINT('',(0.,-1.6));
#10032 = VECTOR('',#10033,1.);
#10033 = DIRECTION('',(1.,0.));
#10034 = ( GEOMETRIC_REPRESENTATION_CONTEXT(2) 
PARAMETRIC_REPRESENTATION_CONTEXT() REPRESENTATION_CONTEXT('2D SPACE',''
  ) );
#10035 = ADVANCED_FACE('',(#10036),#8440,.T.);
#10036 = FACE_BOUND('',#10037,.T.);
#10037 = EDGE_LOOP('',(#10038,#10039,#10060,#10061));
#10038 = ORIENTED_EDGE('',*,*,#8800,.F.);
#10039 = ORIENTED_EDGE('',*,*,#10040,.T.);
#10040 = EDGE_CURVE('',#8778,#8397,#10041,.T.);
#10041 = SURFACE_CURVE('',#10042,(#10046,#10053),.PCURVE_S1.);
#10042 = LINE('',#10043,#10044);
#10043 = CARTESIAN_POINT('',(3.8,82.727922061358,23.585786437627));
#10044 = VECTOR('',#10045,1.);
#10045 = DIRECTION('',(1.,-1.110223024625E-16,0.));
#10046 = PCURVE('',#8440,#10047);
#10047 = DEFINITIONAL_REPRESENTATION('',(#10048),#10052);
#10048 = LINE('',#10049,#10050);
#10049 = CARTESIAN_POINT('',(14.,2.108863013785E-16));
#10050 = VECTOR('',#10051,1.);
#10051 = DIRECTION('',(0.,-1.));
#10052 = ( GEOMETRIC_REPRESENTATION_CONTEXT(2) 
PARAMETRIC_REPRESENTATION_CONTEXT() REPRESENTATION_CONTEXT('2D SPACE',''
  ) );
#10053 = PCURVE('',#8412,#10054);
#10054 = DEFINITIONAL_REPRESENTATION('',(#10055),#10059);
#10055 = LINE('',#10056,#10057);
#10056 = CARTESIAN_POINT('',(18.,-8.081558326521E-17));
#10057 = VECTOR('',#10058,1.);
#10058 = DIRECTION('',(0.,1.));
#10059 = ( GEOMETRIC_REPRESENTATION_CONTEXT(2) 
PARAMETRIC_REPRESENTATION_CONTEXT() REPRESENTATION_CONTEXT('2D SPACE',''
  ) );
#10060 = ORIENTED_EDGE('',*,*,#8424,.T.);
#10061 = ORIENTED_EDGE('',*,*,#9836,.T.);
#10062 = ADVANCED_FACE('',(#10063),#8412,.T.);
#10063 = FACE_BOUND('',#10064,.T.);
#10064 = EDGE_LOOP('',(#10065,#10066,#10067,#10068));
#10065 = ORIENTED_EDGE('',*,*,#8396,.F.);
#10066 = ORIENTED_EDGE('',*,*,#10040,.F.);
#10067 = ORIENTED_EDGE('',*,*,#8777,.T.);
#10068 = ORIENTED_EDGE('',*,*,#8682,.F.);
#10069 = ADVANCED_FACE('',(#10070),#8639,.F.);
#10070 = FACE_BOUND('',#10071,.T.);
#10071 = EDGE_LOOP('',(#10072,#10095,#10119,#10140));
#10072 = ORIENTED_EDGE('',*,*,#10073,.F.);
#10073 = EDGE_CURVE('',#10074,#8621,#10076,.T.);
#10074 = VERTEX_POINT('',#10075);
#10075 = CARTESIAN_POINT('',(4.458973967471E-15,71.55563491861,
    23.44436508139));
#10076 = SURFACE_CURVE('',#10077,(#10081,#10088),.PCURVE_S1.);
#10077 = LINE('',#10078,#10079);
#10078 = CARTESIAN_POINT('',(4.458973967471E-15,71.55563491861,
    23.44436508139));
#10079 = VECTOR('',#10080,1.);
#10080 = DIRECTION('',(1.,-1.110223024625E-16,0.));
#10081 = PCURVE('',#8639,#10082);
#10082 = DEFINITIONAL_REPRESENTATION('',(#10083),#10087);
#10083 = LINE('',#10084,#10085);
#10084 = CARTESIAN_POINT('',(-6.28318530718,0.));
#10085 = VECTOR('',#10086,1.);
#10086 = DIRECTION('',(-0.,-1.));
#10087 = ( GEOMETRIC_REPRESENTATION_CONTEXT(2) 
PARAMETRIC_REPRESENTATION_CONTEXT() REPRESENTATION_CONTEXT('2D SPACE',''
  ) );
#10088 = PCURVE('',#8665,#10089);
#10089 = DEFINITIONAL_REPRESENTATION('',(#10090),#10094);
#10090 = LINE('',#10091,#10092);
#10091 = CARTESIAN_POINT('',(6.2,3.8));
#10092 = VECTOR('',#10093,1.);
#10093 = DIRECTION('',(0.,-1.));
#10094 = ( GEOMETRIC_REPRESENTATION_CONTEXT(2) 
PARAMETRIC_REPRESENTATION_CONTEXT() REPRESENTATION_CONTEXT('2D SPACE',''
  ) );
#10095 = ORIENTED_EDGE('',*,*,#10096,.F.);
#10096 = EDGE_CURVE('',#10097,#10074,#10099,.T.);
#10097 = VERTEX_POINT('',#10098);
#10098 = CARTESIAN_POINT('',(4.113553626561E-15,68.44436508139,
    26.55563491861));
#10099 = SURFACE_CURVE('',#10100,(#10105,#10112),.PCURVE_S1.);
#10100 = CIRCLE('',#10101,2.2);
#10101 = AXIS2_PLACEMENT_3D('',#10102,#10103,#10104);
#10102 = CARTESIAN_POINT('',(4.286263797016E-15,70.,25.));
#10103 = DIRECTION('',(1.,-1.110223024625E-16,0.));
#10104 = DIRECTION('',(7.850462293419E-17,0.707106781187,-0.707106781187
    ));
#10105 = PCURVE('',#8639,#10106);
#10106 = DEFINITIONAL_REPRESENTATION('',(#10107),#10111);
#10107 = LINE('',#10108,#10109);
#10108 = CARTESIAN_POINT('',(-0.,0.));
#10109 = VECTOR('',#10110,1.);
#10110 = DIRECTION('',(-1.,0.));
#10111 = ( GEOMETRIC_REPRESENTATION_CONTEXT(2) 
PARAMETRIC_REPRESENTATION_CONTEXT() REPRESENTATION_CONTEXT('2D SPACE',''
  ) );
#10112 = PCURVE('',#9004,#10113);
#10113 = DEFINITIONAL_REPRESENTATION('',(#10114),#10118);
#10114 = LINE('',#10115,#10116);
#10115 = CARTESIAN_POINT('',(0.,0.));
#10116 = VECTOR('',#10117,1.);
#10117 = DIRECTION('',(1.,0.));
#10118 = ( GEOMETRIC_REPRESENTATION_CONTEXT(2) 
PARAMETRIC_REPRESENTATION_CONTEXT() REPRESENTATION_CONTEXT('2D SPACE',''
  ) );
#10119 = ORIENTED_EDGE('',*,*,#10120,.F.);
#10120 = EDGE_CURVE('',#8623,#10097,#10121,.T.);
#10121 = SURFACE_CURVE('',#10122,(#10126,#10133),.PCURVE_S1.);
#10122 = LINE('',#10123,#10124);
#10123 = CARTESIAN_POINT('',(4.113553626561E-15,68.44436508139,
    26.55563491861));
#10124 = VECTOR('',#10125,1.);
#10125 = DIRECTION('',(-1.,1.110223024625E-16,0.));
#10126 = PCURVE('',#8639,#10127);
#10127 = DEFINITIONAL_REPRESENTATION('',(#10128),#10132);
#10128 = LINE('',#10129,#10130);
#10129 = CARTESIAN_POINT('',(-3.14159265359,0.));
#10130 = VECTOR('',#10131,1.);
#10131 = DIRECTION('',(-0.,1.));
#10132 = ( GEOMETRIC_REPRESENTATION_CONTEXT(2) 
PARAMETRIC_REPRESENTATION_CONTEXT() REPRESENTATION_CONTEXT('2D SPACE',''
  ) );
#10133 = PCURVE('',#8665,#10134);
#10134 = DEFINITIONAL_REPRESENTATION('',(#10135),#10139);
#10135 = LINE('',#10136,#10137);
#10136 = CARTESIAN_POINT('',(1.8,3.8));
#10137 = VECTOR('',#10138,1.);
#10138 = DIRECTION('',(0.,1.));
#10139 = ( GEOMETRIC_REPRESENTATION_CONTEXT(2) 
PARAMETRIC_REPRESENTATION_CONTEXT() REPRESENTATION_CONTEXT('2D SPACE',''
  ) );
#10140 = ORIENTED_EDGE('',*,*,#8620,.F.);
#10141 = ADVANCED_FACE('',(#10142),#8665,.F.);
#10142 = FACE_BOUND('',#10143,.F.);
#10143 = EDGE_LOOP('',(#10144,#10145,#10166,#10167,#10168,#10169));
#10144 = ORIENTED_EDGE('',*,*,#9016,.F.);
#10145 = ORIENTED_EDGE('',*,*,#10146,.T.);
#10146 = EDGE_CURVE('',#8982,#10097,#10147,.T.);
#10147 = SURFACE_CURVE('',#10148,(#10152,#10159),.PCURVE_S1.);
#10148 = LINE('',#10149,#10150);
#10149 = CARTESIAN_POINT('',(4.113553626561E-15,68.44436508139,
    26.55563491861));
#10150 = VECTOR('',#10151,1.);
#10151 = DIRECTION('',(1.,-1.110223024625E-16,0.));
#10152 = PCURVE('',#8665,#10153);
#10153 = DEFINITIONAL_REPRESENTATION('',(#10154),#10158);
#10154 = LINE('',#10155,#10156);
#10155 = CARTESIAN_POINT('',(1.8,3.8));
#10156 = VECTOR('',#10157,1.);
#10157 = DIRECTION('',(0.,-1.));
#10158 = ( GEOMETRIC_REPRESENTATION_CONTEXT(2) 
PARAMETRIC_REPRESENTATION_CONTEXT() REPRESENTATION_CONTEXT('2D SPACE',''
  ) );
#10159 = PCURVE('',#9004,#10160);
#10160 = DEFINITIONAL_REPRESENTATION('',(#10161),#10165);
#10161 = LINE('',#10162,#10163);
#10162 = CARTESIAN_POINT('',(3.14159265359,0.));
#10163 = VECTOR('',#10164,1.);
#10164 = DIRECTION('',(0.,1.));
#10165 = ( GEOMETRIC_REPRESENTATION_CONTEXT(2) 
PARAMETRIC_REPRESENTATION_CONTEXT() REPRESENTATION_CONTEXT('2D SPACE',''
  ) );
#10166 = ORIENTED_EDGE('',*,*,#10120,.F.);
#10167 = ORIENTED_EDGE('',*,*,#8651,.T.);
#10168 = ORIENTED_EDGE('',*,*,#10073,.F.);
#10169 = ORIENTED_EDGE('',*,*,#10170,.T.);
#10170 = EDGE_CURVE('',#10074,#8984,#10171,.T.);
#10171 = SURFACE_CURVE('',#10172,(#10176,#10183),.PCURVE_S1.);
#10172 = LINE('',#10173,#10174);
#10173 = CARTESIAN_POINT('',(4.458973967471E-15,71.55563491861,
    23.44436508139));
#10174 = VECTOR('',#10175,1.);
#10175 = DIRECTION('',(-1.,1.110223024625E-16,0.));
#10176 = PCURVE('',#8665,#10177);
#10177 = DEFINITIONAL_REPRESENTATION('',(#10178),#10182);
#10178 = LINE('',#10179,#10180);
#10179 = CARTESIAN_POINT('',(6.2,3.8));
#10180 = VECTOR('',#10181,1.);
#10181 = DIRECTION('',(0.,1.));
#10182 = ( GEOMETRIC_REPRESENTATION_CONTEXT(2) 
PARAMETRIC_REPRESENTATION_CONTEXT() REPRESENTATION_CONTEXT('2D SPACE',''
  ) );
#10183 = PCURVE('',#9004,#10184);
#10184 = DEFINITIONAL_REPRESENTATION('',(#10185),#10189);
#10185 = LINE('',#10186,#10187);
#10186 = CARTESIAN_POINT('',(6.28318530718,0.));
#10187 = VECTOR('',#10188,1.);
#10188 = DIRECTION('',(0.,-1.));
#10189 = ( GEOMETRIC_REPRESENTATION_CONTEXT(2) 
PARAMETRIC_REPRESENTATION_CONTEXT() REPRESENTATION_CONTEXT('2D SPACE',''
  ) );
#10190 = ADVANCED_FACE('',(#10191),#8946,.F.);
#10191 = FACE_BOUND('',#10192,.F.);
#10192 = EDGE_LOOP('',(#10193,#10216,#10237,#10238));
#10193 = ORIENTED_EDGE('',*,*,#10194,.T.);
#10194 = EDGE_CURVE('',#9391,#10195,#10197,.T.);
#10195 = VERTEX_POINT('',#10196);
#10196 = CARTESIAN_POINT('',(-12.25,94.324473272817,3.503953851929));
#10197 = SURFACE_CURVE('',#10198,(#10202,#10209),.PCURVE_S1.);
#10198 = LINE('',#10199,#10200);
#10199 = CARTESIAN_POINT('',(-12.25,92.910259710444,2.089740289556));
#10200 = VECTOR('',#10201,1.);
#10201 = DIRECTION('',(7.850462293419E-17,0.707106781187,0.707106781187)
  );
#10202 = PCURVE('',#8946,#10203);
#10203 = DEFINITIONAL_REPRESENTATION('',(#10204),#10208);
#10204 = LINE('',#10205,#10206);
#10205 = CARTESIAN_POINT('',(-3.787848056575E-15,-32.25));
#10206 = VECTOR('',#10207,1.);
#10207 = DIRECTION('',(1.,0.));
#10208 = ( GEOMETRIC_REPRESENTATION_CONTEXT(2) 
PARAMETRIC_REPRESENTATION_CONTEXT() REPRESENTATION_CONTEXT('2D SPACE',''
  ) );
#10209 = PCURVE('',#9406,#10210);
#10210 = DEFINITIONAL_REPRESENTATION('',(#10211),#10215);
#10211 = LINE('',#10212,#10213);
#10212 = CARTESIAN_POINT('',(-4.440892098501E-15,14.4));
#10213 = VECTOR('',#10214,1.);
#10214 = DIRECTION('',(1.,0.));
#10215 = ( GEOMETRIC_REPRESENTATION_CONTEXT(2) 
PARAMETRIC_REPRESENTATION_CONTEXT() REPRESENTATION_CONTEXT('2D SPACE',''
  ) );
#10216 = ORIENTED_EDGE('',*,*,#10217,.T.);
#10217 = EDGE_CURVE('',#10195,#8903,#10218,.T.);
#10218 = SURFACE_CURVE('',#10219,(#10223,#10230),.PCURVE_S1.);
#10219 = LINE('',#10220,#10221);
#10220 = CARTESIAN_POINT('',(17.875,94.324473272817,3.503953851929));
#10221 = VECTOR('',#10222,1.);
#10222 = DIRECTION('',(1.,-1.110223024625E-16,0.));
#10223 = PCURVE('',#8946,#10224);
#10224 = DEFINITIONAL_REPRESENTATION('',(#10225),#10229);
#10225 = LINE('',#10226,#10227);
#10226 = CARTESIAN_POINT('',(2.,-2.125));
#10227 = VECTOR('',#10228,1.);
#10228 = DIRECTION('',(0.,1.));
#10229 = ( GEOMETRIC_REPRESENTATION_CONTEXT(2) 
PARAMETRIC_REPRESENTATION_CONTEXT() REPRESENTATION_CONTEXT('2D SPACE',''
  ) );
#10230 = PCURVE('',#8918,#10231);
#10231 = DEFINITIONAL_REPRESENTATION('',(#10232),#10236);
#10232 = LINE('',#10233,#10234);
#10233 = CARTESIAN_POINT('',(4.4,-2.125));
#10234 = VECTOR('',#10235,1.);
#10235 = DIRECTION('',(0.,-1.));
#10236 = ( GEOMETRIC_REPRESENTATION_CONTEXT(2) 
PARAMETRIC_REPRESENTATION_CONTEXT() REPRESENTATION_CONTEXT('2D SPACE',''
  ) );
#10237 = ORIENTED_EDGE('',*,*,#8930,.T.);
#10238 = ORIENTED_EDGE('',*,*,#9418,.T.);
#10239 = ADVANCED_FACE('',(#10240),#8918,.F.);
#10240 = FACE_BOUND('',#10241,.F.);
#10241 = EDGE_LOOP('',(#10242,#10265,#10266,#10267));
#10242 = ORIENTED_EDGE('',*,*,#10243,.F.);
#10243 = EDGE_CURVE('',#8875,#10244,#10246,.T.);
#10244 = VERTEX_POINT('',#10245);
#10245 = CARTESIAN_POINT('',(-12.25,91.213203435596,6.61522368915));
#10246 = SURFACE_CURVE('',#10247,(#10251,#10258),.PCURVE_S1.);
#10247 = LINE('',#10248,#10249);
#10248 = CARTESIAN_POINT('',(15.75,91.213203435596,6.61522368915));
#10249 = VECTOR('',#10250,1.);
#10250 = DIRECTION('',(-1.,1.110223024625E-16,0.));
#10251 = PCURVE('',#8918,#10252);
#10252 = DEFINITIONAL_REPRESENTATION('',(#10253),#10257);
#10253 = LINE('',#10254,#10255);
#10254 = CARTESIAN_POINT('',(0.,0.));
#10255 = VECTOR('',#10256,1.);
#10256 = DIRECTION('',(0.,1.));
#10257 = ( GEOMETRIC_REPRESENTATION_CONTEXT(2) 
PARAMETRIC_REPRESENTATION_CONTEXT() REPRESENTATION_CONTEXT('2D SPACE',''
  ) );
#10258 = PCURVE('',#8890,#10259);
#10259 = DEFINITIONAL_REPRESENTATION('',(#10260),#10264);
#10260 = LINE('',#10261,#10262);
#10261 = CARTESIAN_POINT('',(0.,0.));
#10262 = VECTOR('',#10263,1.);
#10263 = DIRECTION('',(0.,-1.));
#10264 = ( GEOMETRIC_REPRESENTATION_CONTEXT(2) 
PARAMETRIC_REPRESENTATION_CONTEXT() REPRESENTATION_CONTEXT('2D SPACE',''
  ) );
#10265 = ORIENTED_EDGE('',*,*,#8902,.T.);
#10266 = ORIENTED_EDGE('',*,*,#10217,.F.);
#10267 = ORIENTED_EDGE('',*,*,#10268,.F.);
#10268 = EDGE_CURVE('',#10244,#10195,#10269,.T.);
#10269 = SURFACE_CURVE('',#10270,(#10274,#10281),.PCURVE_S1.);
#10270 = LINE('',#10271,#10272);
#10271 = CARTESIAN_POINT('',(-12.25,87.677669529664,10.150757595083));
#10272 = VECTOR('',#10273,1.);
#10273 = DIRECTION('',(7.850462293419E-17,0.707106781187,-0.707106781187
    ));
#10274 = PCURVE('',#8918,#10275);
#10275 = DEFINITIONAL_REPRESENTATION('',(#10276),#10280);
#10276 = LINE('',#10277,#10278);
#10277 = CARTESIAN_POINT('',(-5.,28.));
#10278 = VECTOR('',#10279,1.);
#10279 = DIRECTION('',(1.,0.));
#10280 = ( GEOMETRIC_REPRESENTATION_CONTEXT(2) 
PARAMETRIC_REPRESENTATION_CONTEXT() REPRESENTATION_CONTEXT('2D SPACE',''
  ) );
#10281 = PCURVE('',#9406,#10282);
#10282 = DEFINITIONAL_REPRESENTATION('',(#10283),#10287);
#10283 = LINE('',#10284,#10285);
#10284 = CARTESIAN_POINT('',(2.,5.));
#10285 = VECTOR('',#10286,1.);
#10286 = DIRECTION('',(0.,1.));
#10287 = ( GEOMETRIC_REPRESENTATION_CONTEXT(2) 
PARAMETRIC_REPRESENTATION_CONTEXT() REPRESENTATION_CONTEXT('2D SPACE',''
  ) );
#10288 = ADVANCED_FACE('',(#10289),#8890,.F.);
#10289 = FACE_BOUND('',#10290,.F.);
#10290 = EDGE_LOOP('',(#10291,#10314,#10315,#10316));
#10291 = ORIENTED_EDGE('',*,*,#10292,.F.);
#10292 = EDGE_CURVE('',#8847,#10293,#10295,.T.);
#10293 = VERTEX_POINT('',#10294);
#10294 = CARTESIAN_POINT('',(-12.25,94.041630560343,9.443650813896));
#10295 = SURFACE_CURVE('',#10296,(#10300,#10307),.PCURVE_S1.);
#10296 = LINE('',#10297,#10298);
#10297 = CARTESIAN_POINT('',(15.75,94.041630560343,9.443650813896));
#10298 = VECTOR('',#10299,1.);
#10299 = DIRECTION('',(-1.,1.110223024625E-16,0.));
#10300 = PCURVE('',#8890,#10301);
#10301 = DEFINITIONAL_REPRESENTATION('',(#10302),#10306);
#10302 = LINE('',#10303,#10304);
#10303 = CARTESIAN_POINT('',(4.,1.462338347663E-15));
#10304 = VECTOR('',#10305,1.);
#10305 = DIRECTION('',(0.,-1.));
#10306 = ( GEOMETRIC_REPRESENTATION_CONTEXT(2) 
PARAMETRIC_REPRESENTATION_CONTEXT() REPRESENTATION_CONTEXT('2D SPACE',''
  ) );
#10307 = PCURVE('',#8862,#10308);
#10308 = DEFINITIONAL_REPRESENTATION('',(#10309),#10313);
#10309 = LINE('',#10310,#10311);
#10310 = CARTESIAN_POINT('',(0.,0.));
#10311 = VECTOR('',#10312,1.);
#10312 = DIRECTION('',(0.,1.));
#10313 = ( GEOMETRIC_REPRESENTATION_CONTEXT(2) 
PARAMETRIC_REPRESENTATION_CONTEXT() REPRESENTATION_CONTEXT('2D SPACE',''
  ) );
#10314 = ORIENTED_EDGE('',*,*,#8874,.T.);
#10315 = ORIENTED_EDGE('',*,*,#10243,.T.);
#10316 = ORIENTED_EDGE('',*,*,#10317,.F.);
#10317 = EDGE_CURVE('',#10293,#10244,#10318,.T.);
#10318 = SURFACE_CURVE('',#10319,(#10323,#10330),.PCURVE_S1.);
#10319 = LINE('',#10320,#10321);
#10320 = CARTESIAN_POINT('',(-12.25,90.50609665441,5.908116907963));
#10321 = VECTOR('',#10322,1.);
#10322 = DIRECTION('',(-7.850462293419E-17,-0.707106781187,
    -0.707106781187));
#10323 = PCURVE('',#8890,#10324);
#10324 = DEFINITIONAL_REPRESENTATION('',(#10325),#10329);
#10325 = LINE('',#10326,#10327);
#10326 = CARTESIAN_POINT('',(-1.,-28.));
#10327 = VECTOR('',#10328,1.);
#10328 = DIRECTION('',(-1.,0.));
#10329 = ( GEOMETRIC_REPRESENTATION_CONTEXT(2) 
PARAMETRIC_REPRESENTATION_CONTEXT() REPRESENTATION_CONTEXT('2D SPACE',''
  ) );
#10330 = PCURVE('',#9406,#10331);
#10331 = DEFINITIONAL_REPRESENTATION('',(#10332),#10336);
#10332 = LINE('',#10333,#10334);
#10333 = CARTESIAN_POINT('',(1.,10.));
#10334 = VECTOR('',#10335,1.);
#10335 = DIRECTION('',(-1.,0.));
#10336 = ( GEOMETRIC_REPRESENTATION_CONTEXT(2) 
PARAMETRIC_REPRESENTATION_CONTEXT() REPRESENTATION_CONTEXT('2D SPACE',''
  ) );
#10337 = ADVANCED_FACE('',(#10338),#8862,.T.);
#10338 = FACE_BOUND('',#10339,.T.);
#10339 = EDGE_LOOP('',(#10340,#10341,#10342,#10343));
#10340 = ORIENTED_EDGE('',*,*,#10292,.F.);
#10341 = ORIENTED_EDGE('',*,*,#8846,.T.);
#10342 = ORIENTED_EDGE('',*,*,#9858,.F.);
#10343 = ORIENTED_EDGE('',*,*,#10344,.F.);
#10344 = EDGE_CURVE('',#10293,#9859,#10345,.T.);
#10345 = SURFACE_CURVE('',#10346,(#10350,#10357),.PCURVE_S1.);
#10346 = LINE('',#10347,#10348);
#10347 = CARTESIAN_POINT('',(-12.25,90.50609665441,12.979184719829));
#10348 = VECTOR('',#10349,1.);
#10349 = DIRECTION('',(7.850462293419E-17,0.707106781187,-0.707106781187
    ));
#10350 = PCURVE('',#8862,#10351);
#10351 = DEFINITIONAL_REPRESENTATION('',(#10352),#10356);
#10352 = LINE('',#10353,#10354);
#10353 = CARTESIAN_POINT('',(-5.,28.));
#10354 = VECTOR('',#10355,1.);
#10355 = DIRECTION('',(1.,0.));
#10356 = ( GEOMETRIC_REPRESENTATION_CONTEXT(2) 
PARAMETRIC_REPRESENTATION_CONTEXT() REPRESENTATION_CONTEXT('2D SPACE',''
  ) );
#10357 = PCURVE('',#9406,#10358);
#10358 = DEFINITIONAL_REPRESENTATION('',(#10359),#10363);
#10359 = LINE('',#10360,#10361);
#10360 = CARTESIAN_POINT('',(6.,5.));
#10361 = VECTOR('',#10362,1.);
#10362 = DIRECTION('',(0.,1.));
#10363 = ( GEOMETRIC_REPRESENTATION_CONTEXT(2) 
PARAMETRIC_REPRESENTATION_CONTEXT() REPRESENTATION_CONTEXT('2D SPACE',''
  ) );
#10364 = ADVANCED_FACE('',(#10365),#9004,.F.);
#10365 = FACE_BOUND('',#10366,.F.);
#10366 = EDGE_LOOP('',(#10367,#10368,#10369,#10370));
#10367 = ORIENTED_EDGE('',*,*,#10170,.F.);
#10368 = ORIENTED_EDGE('',*,*,#10096,.F.);
#10369 = ORIENTED_EDGE('',*,*,#10146,.F.);
#10370 = ORIENTED_EDGE('',*,*,#8981,.T.);
#10371 = ADVANCED_FACE('',(#10372),#9136,.T.);
#10372 = FACE_BOUND('',#10373,.T.);
#10373 = EDGE_LOOP('',(#10374,#10375,#10398,#10419,#10420,#10421,#10422,
    #10423));
#10374 = ORIENTED_EDGE('',*,*,#9120,.F.);
#10375 = ORIENTED_EDGE('',*,*,#10376,.T.);
#10376 = EDGE_CURVE('',#9121,#10377,#10379,.T.);
#10377 = VERTEX_POINT('',#10378);
#10378 = CARTESIAN_POINT('',(12.25,99.698484809835,29.242640687119));
#10379 = SURFACE_CURVE('',#10380,(#10384,#10391),.PCURVE_S1.);
#10380 = LINE('',#10381,#10382);
#10381 = CARTESIAN_POINT('',(12.25,82.727922061358,12.272077938642));
#10382 = VECTOR('',#10383,1.);
#10383 = DIRECTION('',(7.850462293419E-17,0.707106781187,0.707106781187)
  );
#10384 = PCURVE('',#9136,#10385);
#10385 = DEFINITIONAL_REPRESENTATION('',(#10386),#10390);
#10386 = LINE('',#10387,#10388);
#10387 = CARTESIAN_POINT('',(0.,0.));
#10388 = VECTOR('',#10389,1.);
#10389 = DIRECTION('',(1.,0.));
#10390 = ( GEOMETRIC_REPRESENTATION_CONTEXT(2) 
PARAMETRIC_REPRESENTATION_CONTEXT() REPRESENTATION_CONTEXT('2D SPACE',''
  ) );
#10391 = PCURVE('',#9164,#10392);
#10392 = DEFINITIONAL_REPRESENTATION('',(#10393),#10397);
#10393 = LINE('',#10394,#10395);
#10394 = CARTESIAN_POINT('',(-2.747661802697E-16,-3.5));
#10395 = VECTOR('',#10396,1.);
#10396 = DIRECTION('',(1.,0.));
#10397 = ( GEOMETRIC_REPRESENTATION_CONTEXT(2) 
PARAMETRIC_REPRESENTATION_CONTEXT() REPRESENTATION_CONTEXT('2D SPACE',''
  ) );
#10398 = ORIENTED_EDGE('',*,*,#10399,.T.);
#10399 = EDGE_CURVE('',#10377,#9786,#10400,.T.);
#10400 = SURFACE_CURVE('',#10401,(#10405,#10412),.PCURVE_S1.);
#10401 = LINE('',#10402,#10403);
#10402 = CARTESIAN_POINT('',(12.25,99.698484809835,29.242640687119));
#10403 = VECTOR('',#10404,1.);
#10404 = DIRECTION('',(7.850462293419E-17,0.707106781187,-0.707106781187
    ));
#10405 = PCURVE('',#9136,#10406);
#10406 = DEFINITIONAL_REPRESENTATION('',(#10407),#10411);
#10407 = LINE('',#10408,#10409);
#10408 = CARTESIAN_POINT('',(24.,-3.552713678801E-15));
#10409 = VECTOR('',#10410,1.);
#10410 = DIRECTION('',(0.,1.));
#10411 = ( GEOMETRIC_REPRESENTATION_CONTEXT(2) 
PARAMETRIC_REPRESENTATION_CONTEXT() REPRESENTATION_CONTEXT('2D SPACE',''
  ) );
#10412 = PCURVE('',#9801,#10413);
#10413 = DEFINITIONAL_REPRESENTATION('',(#10414),#10418);
#10414 = LINE('',#10415,#10416);
#10415 = CARTESIAN_POINT('',(-2.747661802697E-16,3.5));
#10416 = VECTOR('',#10417,1.);
#10417 = DIRECTION('',(1.,0.));
#10418 = ( GEOMETRIC_REPRESENTATION_CONTEXT(2) 
PARAMETRIC_REPRESENTATION_CONTEXT() REPRESENTATION_CONTEXT('2D SPACE',''
  ) );
#10419 = ORIENTED_EDGE('',*,*,#9813,.F.);
#10420 = ORIENTED_EDGE('',*,*,#9590,.F.);
#10421 = ORIENTED_EDGE('',*,*,#9563,.T.);
#10422 = ORIENTED_EDGE('',*,*,#9514,.T.);
#10423 = ORIENTED_EDGE('',*,*,#9465,.F.);
#10424 = ADVANCED_FACE('',(#10425),#9164,.F.);
#10425 = FACE_BOUND('',#10426,.F.);
#10426 = EDGE_LOOP('',(#10427,#10450,#10451,#10452));
#10427 = ORIENTED_EDGE('',*,*,#10428,.F.);
#10428 = EDGE_CURVE('',#9149,#10429,#10431,.T.);
#10429 = VERTEX_POINT('',#10430);
#10430 = CARTESIAN_POINT('',(15.75,99.698484809835,29.242640687119));
#10431 = SURFACE_CURVE('',#10432,(#10436,#10443),.PCURVE_S1.);
#10432 = LINE('',#10433,#10434);
#10433 = CARTESIAN_POINT('',(15.75,82.727922061358,12.272077938642));
#10434 = VECTOR('',#10435,1.);
#10435 = DIRECTION('',(7.850462293419E-17,0.707106781187,0.707106781187)
  );
#10436 = PCURVE('',#9164,#10437);
#10437 = DEFINITIONAL_REPRESENTATION('',(#10438),#10442);
#10438 = LINE('',#10439,#10440);
#10439 = CARTESIAN_POINT('',(0.,0.));
#10440 = VECTOR('',#10441,1.);
#10441 = DIRECTION('',(1.,0.));
#10442 = ( GEOMETRIC_REPRESENTATION_CONTEXT(2) 
PARAMETRIC_REPRESENTATION_CONTEXT() REPRESENTATION_CONTEXT('2D SPACE',''
  ) );
#10443 = PCURVE('',#9192,#10444);
#10444 = DEFINITIONAL_REPRESENTATION('',(#10445),#10449);
#10445 = LINE('',#10446,#10447);
#10446 = CARTESIAN_POINT('',(0.,0.));
#10447 = VECTOR('',#10448,1.);
#10448 = DIRECTION('',(1.,0.));
#10449 = ( GEOMETRIC_REPRESENTATION_CONTEXT(2) 
PARAMETRIC_REPRESENTATION_CONTEXT() REPRESENTATION_CONTEXT('2D SPACE',''
  ) );
#10450 = ORIENTED_EDGE('',*,*,#9148,.T.);
#10451 = ORIENTED_EDGE('',*,*,#10376,.T.);
#10452 = ORIENTED_EDGE('',*,*,#10453,.F.);
#10453 = EDGE_CURVE('',#10429,#10377,#10454,.T.);
#10454 = SURFACE_CURVE('',#10455,(#10459,#10466),.PCURVE_S1.);
#10455 = LINE('',#10456,#10457);
#10456 = CARTESIAN_POINT('',(15.75,99.698484809835,29.242640687119));
#10457 = VECTOR('',#10458,1.);
#10458 = DIRECTION('',(-1.,1.110223024625E-16,0.));
#10459 = PCURVE('',#9164,#10460);
#10460 = DEFINITIONAL_REPRESENTATION('',(#10461),#10465);
#10461 = LINE('',#10462,#10463);
#10462 = CARTESIAN_POINT('',(24.,-1.077541110203E-16));
#10463 = VECTOR('',#10464,1.);
#10464 = DIRECTION('',(0.,-1.));
#10465 = ( GEOMETRIC_REPRESENTATION_CONTEXT(2) 
PARAMETRIC_REPRESENTATION_CONTEXT() REPRESENTATION_CONTEXT('2D SPACE',''
  ) );
#10466 = PCURVE('',#9801,#10467);
#10467 = DEFINITIONAL_REPRESENTATION('',(#10468),#10472);
#10468 = LINE('',#10469,#10470);
#10469 = CARTESIAN_POINT('',(0.,0.));
#10470 = VECTOR('',#10471,1.);
#10471 = DIRECTION('',(0.,1.));
#10472 = ( GEOMETRIC_REPRESENTATION_CONTEXT(2) 
PARAMETRIC_REPRESENTATION_CONTEXT() REPRESENTATION_CONTEXT('2D SPACE',''
  ) );
#10473 = ADVANCED_FACE('',(#10474),#9192,.F.);
#10474 = FACE_BOUND('',#10475,.F.);
#10475 = EDGE_LOOP('',(#10476,#10477,#10478,#10499,#10500,#10523,#10546,
    #10567));
#10476 = ORIENTED_EDGE('',*,*,#9176,.F.);
#10477 = ORIENTED_EDGE('',*,*,#10428,.T.);
#10478 = ORIENTED_EDGE('',*,*,#10479,.T.);
#10479 = EDGE_CURVE('',#10429,#9763,#10480,.T.);
#10480 = SURFACE_CURVE('',#10481,(#10485,#10492),.PCURVE_S1.);
#10481 = LINE('',#10482,#10483);
#10482 = CARTESIAN_POINT('',(15.75,99.698484809835,29.242640687119));
#10483 = VECTOR('',#10484,1.);
#10484 = DIRECTION('',(7.850462293419E-17,0.707106781187,-0.707106781187
    ));
#10485 = PCURVE('',#9192,#10486);
#10486 = DEFINITIONAL_REPRESENTATION('',(#10487),#10491);
#10487 = LINE('',#10488,#10489);
#10488 = CARTESIAN_POINT('',(24.,-3.552713678801E-15));
#10489 = VECTOR('',#10490,1.);
#10490 = DIRECTION('',(0.,1.));
#10491 = ( GEOMETRIC_REPRESENTATION_CONTEXT(2) 
PARAMETRIC_REPRESENTATION_CONTEXT() REPRESENTATION_CONTEXT('2D SPACE',''
  ) );
#10492 = PCURVE('',#9801,#10493);
#10493 = DEFINITIONAL_REPRESENTATION('',(#10494),#10498);
#10494 = LINE('',#10495,#10496);
#10495 = CARTESIAN_POINT('',(0.,0.));
#10496 = VECTOR('',#10497,1.);
#10497 = DIRECTION('',(1.,0.));
#10498 = ( GEOMETRIC_REPRESENTATION_CONTEXT(2) 
PARAMETRIC_REPRESENTATION_CONTEXT() REPRESENTATION_CONTEXT('2D SPACE',''
  ) );
#10499 = ORIENTED_EDGE('',*,*,#9762,.F.);
#10500 = ORIENTED_EDGE('',*,*,#10501,.F.);
#10501 = EDGE_CURVE('',#10502,#9735,#10504,.T.);
#10502 = VERTEX_POINT('',#10503);
#10503 = CARTESIAN_POINT('',(15.75,94.041630560343,9.443650813896));
#10504 = SURFACE_CURVE('',#10505,(#10509,#10516),.PCURVE_S1.);
#10505 = LINE('',#10506,#10507);
#10506 = CARTESIAN_POINT('',(15.75,94.041630560343,9.443650813896));
#10507 = VECTOR('',#10508,1.);
#10508 = DIRECTION('',(7.850462293419E-17,0.707106781187,-0.707106781187
    ));
#10509 = PCURVE('',#9192,#10510);
#10510 = DEFINITIONAL_REPRESENTATION('',(#10511),#10515);
#10511 = LINE('',#10512,#10513);
#10512 = CARTESIAN_POINT('',(6.,10.));
#10513 = VECTOR('',#10514,1.);
#10514 = DIRECTION('',(0.,1.));
#10515 = ( GEOMETRIC_REPRESENTATION_CONTEXT(2) 
PARAMETRIC_REPRESENTATION_CONTEXT() REPRESENTATION_CONTEXT('2D SPACE',''
  ) );
#10516 = PCURVE('',#9750,#10517);
#10517 = DEFINITIONAL_REPRESENTATION('',(#10518),#10522);
#10518 = LINE('',#10519,#10520);
#10519 = CARTESIAN_POINT('',(6.,10.));
#10520 = VECTOR('',#10521,1.);
#10521 = DIRECTION('',(0.,1.));
#10522 = ( GEOMETRIC_REPRESENTATION_CONTEXT(2) 
PARAMETRIC_REPRESENTATION_CONTEXT() REPRESENTATION_CONTEXT('2D SPACE',''
  ) );
#10523 = ORIENTED_EDGE('',*,*,#10524,.F.);
#10524 = EDGE_CURVE('',#10525,#10502,#10527,.T.);
#10525 = VERTEX_POINT('',#10526);
#10526 = CARTESIAN_POINT('',(15.75,91.213203435596,6.61522368915));
#10527 = SURFACE_CURVE('',#10528,(#10532,#10539),.PCURVE_S1.);
#10528 = LINE('',#10529,#10530);
#10529 = CARTESIAN_POINT('',(15.75,91.213203435596,6.61522368915));
#10530 = VECTOR('',#10531,1.);
#10531 = DIRECTION('',(7.850462293419E-17,0.707106781187,0.707106781187)
  );
#10532 = PCURVE('',#9192,#10533);
#10533 = DEFINITIONAL_REPRESENTATION('',(#10534),#10538);
#10534 = LINE('',#10535,#10536);
#10535 = CARTESIAN_POINT('',(2.,10.));
#10536 = VECTOR('',#10537,1.);
#10537 = DIRECTION('',(1.,0.));
#10538 = ( GEOMETRIC_REPRESENTATION_CONTEXT(2) 
PARAMETRIC_REPRESENTATION_CONTEXT() REPRESENTATION_CONTEXT('2D SPACE',''
  ) );
#10539 = PCURVE('',#9750,#10540);
#10540 = DEFINITIONAL_REPRESENTATION('',(#10541),#10545);
#10541 = LINE('',#10542,#10543);
#10542 = CARTESIAN_POINT('',(2.,10.));
#10543 = VECTOR('',#10544,1.);
#10544 = DIRECTION('',(1.,0.));
#10545 = ( GEOMETRIC_REPRESENTATION_CONTEXT(2) 
PARAMETRIC_REPRESENTATION_CONTEXT() REPRESENTATION_CONTEXT('2D SPACE',''
  ) );
#10546 = ORIENTED_EDGE('',*,*,#10547,.T.);
#10547 = EDGE_CURVE('',#10525,#9712,#10548,.T.);
#10548 = SURFACE_CURVE('',#10549,(#10553,#10560),.PCURVE_S1.);
#10549 = LINE('',#10550,#10551);
#10550 = CARTESIAN_POINT('',(15.75,91.213203435596,6.61522368915));
#10551 = VECTOR('',#10552,1.);
#10552 = DIRECTION('',(7.850462293419E-17,0.707106781187,-0.707106781187
    ));
#10553 = PCURVE('',#9192,#10554);
#10554 = DEFINITIONAL_REPRESENTATION('',(#10555),#10559);
#10555 = LINE('',#10556,#10557);
#10556 = CARTESIAN_POINT('',(2.,10.));
#10557 = VECTOR('',#10558,1.);
#10558 = DIRECTION('',(0.,1.));
#10559 = ( GEOMETRIC_REPRESENTATION_CONTEXT(2) 
PARAMETRIC_REPRESENTATION_CONTEXT() REPRESENTATION_CONTEXT('2D SPACE',''
  ) );
#10560 = PCURVE('',#9750,#10561);
#10561 = DEFINITIONAL_REPRESENTATION('',(#10562),#10566);
#10562 = LINE('',#10563,#10564);
#10563 = CARTESIAN_POINT('',(2.,10.));
#10564 = VECTOR('',#10565,1.);
#10565 = DIRECTION('',(0.,1.));
#10566 = ( GEOMETRIC_REPRESENTATION_CONTEXT(2) 
PARAMETRIC_REPRESENTATION_CONTEXT() REPRESENTATION_CONTEXT('2D SPACE',''
  ) );
#10567 = ORIENTED_EDGE('',*,*,#9711,.F.);
#10568 = ADVANCED_FACE('',(#10569),#9243,.F.);
#10569 = FACE_BOUND('',#10570,.F.);
#10570 = EDGE_LOOP('',(#10571,#10572,#10573,#10596));
#10571 = ORIENTED_EDGE('',*,*,#9227,.F.);
#10572 = ORIENTED_EDGE('',*,*,#9689,.T.);
#10573 = ORIENTED_EDGE('',*,*,#10574,.T.);
#10574 = EDGE_CURVE('',#9662,#10575,#10577,.T.);
#10575 = VERTEX_POINT('',#10576);
#10576 = CARTESIAN_POINT('',(20.,123.4572726577,28.111269837221));
#10577 = SURFACE_CURVE('',#10578,(#10582,#10589),.PCURVE_S1.);
#10578 = LINE('',#10579,#10580);
#10579 = CARTESIAN_POINT('',(20.,121.1945309579,30.374011537018));
#10580 = VECTOR('',#10581,1.);
#10581 = DIRECTION('',(7.850462293419E-17,0.707106781187,-0.707106781187
    ));
#10582 = PCURVE('',#9243,#10583);
#10583 = DEFINITIONAL_REPRESENTATION('',(#10584),#10588);
#10584 = LINE('',#10585,#10586);
#10585 = CARTESIAN_POINT('',(40.,3.552713678801E-15));
#10586 = VECTOR('',#10587,1.);
#10587 = DIRECTION('',(0.,1.));
#10588 = ( GEOMETRIC_REPRESENTATION_CONTEXT(2) 
PARAMETRIC_REPRESENTATION_CONTEXT() REPRESENTATION_CONTEXT('2D SPACE',''
  ) );
#10589 = PCURVE('',#9677,#10590);
#10590 = DEFINITIONAL_REPRESENTATION('',(#10591),#10595);
#10591 = LINE('',#10592,#10593);
#10592 = CARTESIAN_POINT('',(0.,0.));
#10593 = VECTOR('',#10594,1.);
#10594 = DIRECTION('',(1.,0.));
#10595 = ( GEOMETRIC_REPRESENTATION_CONTEXT(2) 
PARAMETRIC_REPRESENTATION_CONTEXT() REPRESENTATION_CONTEXT('2D SPACE',''
  ) );
#10596 = ORIENTED_EDGE('',*,*,#10597,.F.);
#10597 = EDGE_CURVE('',#9228,#10575,#10598,.T.);
#10598 = SURFACE_CURVE('',#10599,(#10603,#10610),.PCURVE_S1.);
#10599 = LINE('',#10600,#10601);
#10600 = CARTESIAN_POINT('',(20.,95.173001410241,-0.173001410241));
#10601 = VECTOR('',#10602,1.);
#10602 = DIRECTION('',(7.850462293419E-17,0.707106781187,0.707106781187)
  );
#10603 = PCURVE('',#9243,#10604);
#10604 = DEFINITIONAL_REPRESENTATION('',(#10605),#10609);
#10605 = LINE('',#10606,#10607);
#10606 = CARTESIAN_POINT('',(-5.329070518201E-15,3.2));
#10607 = VECTOR('',#10608,1.);
#10608 = DIRECTION('',(1.,0.));
#10609 = ( GEOMETRIC_REPRESENTATION_CONTEXT(2) 
PARAMETRIC_REPRESENTATION_CONTEXT() REPRESENTATION_CONTEXT('2D SPACE',''
  ) );
#10610 = PCURVE('',#9271,#10611);
#10611 = DEFINITIONAL_REPRESENTATION('',(#10612),#10616);
#10612 = LINE('',#10613,#10614);
#10613 = CARTESIAN_POINT('',(0.,0.));
#10614 = VECTOR('',#10615,1.);
#10615 = DIRECTION('',(1.,0.));
#10616 = ( GEOMETRIC_REPRESENTATION_CONTEXT(2) 
PARAMETRIC_REPRESENTATION_CONTEXT() REPRESENTATION_CONTEXT('2D SPACE',''
  ) );
#10617 = ADVANCED_FACE('',(#10618,#10666),#9271,.T.);
#10618 = FACE_BOUND('',#10619,.T.);
#10619 = EDGE_LOOP('',(#10620,#10621,#10622,#10645));
#10620 = ORIENTED_EDGE('',*,*,#10597,.F.);
#10621 = ORIENTED_EDGE('',*,*,#9255,.T.);
#10622 = ORIENTED_EDGE('',*,*,#10623,.T.);
#10623 = EDGE_CURVE('',#9256,#10624,#10626,.T.);
#10624 = VERTEX_POINT('',#10625);
#10625 = CARTESIAN_POINT('',(-20.,123.4572726577,28.111269837221));
#10626 = SURFACE_CURVE('',#10627,(#10631,#10638),.PCURVE_S1.);
#10627 = LINE('',#10628,#10629);
#10628 = CARTESIAN_POINT('',(-20.,95.173001410241,-0.173001410241));
#10629 = VECTOR('',#10630,1.);
#10630 = DIRECTION('',(7.850462293419E-17,0.707106781187,0.707106781187)
  );
#10631 = PCURVE('',#9271,#10632);
#10632 = DEFINITIONAL_REPRESENTATION('',(#10633),#10637);
#10633 = LINE('',#10634,#10635);
#10634 = CARTESIAN_POINT('',(1.036261022731E-14,-40.));
#10635 = VECTOR('',#10636,1.);
#10636 = DIRECTION('',(1.,0.));
#10637 = ( GEOMETRIC_REPRESENTATION_CONTEXT(2) 
PARAMETRIC_REPRESENTATION_CONTEXT() REPRESENTATION_CONTEXT('2D SPACE',''
  ) );
#10638 = PCURVE('',#9299,#10639);
#10639 = DEFINITIONAL_REPRESENTATION('',(#10640),#10644);
#10640 = LINE('',#10641,#10642);
#10641 = CARTESIAN_POINT('',(4.662936703426E-15,3.2));
#10642 = VECTOR('',#10643,1.);
#10643 = DIRECTION('',(1.,0.));
#10644 = ( GEOMETRIC_REPRESENTATION_CONTEXT(2) 
PARAMETRIC_REPRESENTATION_CONTEXT() REPRESENTATION_CONTEXT('2D SPACE',''
  ) );
#10645 = ORIENTED_EDGE('',*,*,#10646,.F.);
#10646 = EDGE_CURVE('',#10575,#10624,#10647,.T.);
#10647 = SURFACE_CURVE('',#10648,(#10652,#10659),.PCURVE_S1.);
#10648 = LINE('',#10649,#10650);
#10649 = CARTESIAN_POINT('',(20.,123.4572726577,28.111269837221));
#10650 = VECTOR('',#10651,1.);
#10651 = DIRECTION('',(-1.,1.110223024625E-16,0.));
#10652 = PCURVE('',#9271,#10653);
#10653 = DEFINITIONAL_REPRESENTATION('',(#10654),#10658);
#10654 = LINE('',#10655,#10656);
#10655 = CARTESIAN_POINT('',(40.,4.12528761433E-16));
#10656 = VECTOR('',#10657,1.);
#10657 = DIRECTION('',(0.,-1.));
#10658 = ( GEOMETRIC_REPRESENTATION_CONTEXT(2) 
PARAMETRIC_REPRESENTATION_CONTEXT() REPRESENTATION_CONTEXT('2D SPACE',''
  ) );
#10659 = PCURVE('',#9677,#10660);
#10660 = DEFINITIONAL_REPRESENTATION('',(#10661),#10665);
#10661 = LINE('',#10662,#10663);
#10662 = CARTESIAN_POINT('',(3.2,2.512147933894E-16));
#10663 = VECTOR('',#10664,1.);
#10664 = DIRECTION('',(0.,1.));
#10665 = ( GEOMETRIC_REPRESENTATION_CONTEXT(2) 
PARAMETRIC_REPRESENTATION_CONTEXT() REPRESENTATION_CONTEXT('2D SPACE',''
  ) );
#10666 = FACE_BOUND('',#10667,.T.);
#10667 = EDGE_LOOP('',(#10668));
#10668 = ORIENTED_EDGE('',*,*,#10669,.T.);
#10669 = EDGE_CURVE('',#10670,#10670,#10672,.T.);
#10670 = VERTEX_POINT('',#10671);
#10671 = CARTESIAN_POINT('',(-9.4,109.31513703397,13.96913421349));
#10672 = SURFACE_CURVE('',#10673,(#10678,#10689),.PCURVE_S1.);
#10673 = CIRCLE('',#10674,9.4);
#10674 = AXIS2_PLACEMENT_3D('',#10675,#10676,#10677);
#10675 = CARTESIAN_POINT('',(8.651120832157E-15,109.31513703397,
    13.96913421349));
#10676 = DIRECTION('',(-7.850462293419E-17,-0.707106781187,
    0.707106781187));
#10677 = DIRECTION('',(-1.,1.110223024625E-16,0.));
#10678 = PCURVE('',#9271,#10679);
#10679 = DEFINITIONAL_REPRESENTATION('',(#10680),#10688);
#10680 = ( BOUNDED_CURVE() B_SPLINE_CURVE(2,(#10681,#10682,#10683,#10684
    ,#10685,#10686,#10687),.UNSPECIFIED.,.T.,.F.) 
B_SPLINE_CURVE_WITH_KNOTS((1,2,2,2,2,1),(-2.094395102393,0.,
    2.094395102393,4.188790204786,6.28318530718,8.377580409573),
.UNSPECIFIED.) CURVE() GEOMETRIC_REPRESENTATION_ITEM() 
RATIONAL_B_SPLINE_CURVE((1.,0.5,1.,0.5,1.,0.5,1.)) REPRESENTATION_ITEM(
  '') );
#10681 = CARTESIAN_POINT('',(20.,-29.4));
#10682 = CARTESIAN_POINT('',(3.718722408853,-29.4));
#10683 = CARTESIAN_POINT('',(11.859361204426,-15.3));
#10684 = CARTESIAN_POINT('',(20.,-1.2));
#10685 = CARTESIAN_POINT('',(28.140638795574,-15.3));
#10686 = CARTESIAN_POINT('',(36.281277591147,-29.4));
#10687 = CARTESIAN_POINT('',(20.,-29.4));
#10688 = ( GEOMETRIC_REPRESENTATION_CONTEXT(2) 
PARAMETRIC_REPRESENTATION_CONTEXT() REPRESENTATION_CONTEXT('2D SPACE',''
  ) );
#10689 = PCURVE('',#10024,#10690);
#10690 = DEFINITIONAL_REPRESENTATION('',(#10691),#10695);
#10691 = LINE('',#10692,#10693);
#10692 = CARTESIAN_POINT('',(6.28318530718,1.6));
#10693 = VECTOR('',#10694,1.);
#10694 = DIRECTION('',(-1.,-0.));
#10695 = ( GEOMETRIC_REPRESENTATION_CONTEXT(2) 
PARAMETRIC_REPRESENTATION_CONTEXT() REPRESENTATION_CONTEXT('2D SPACE',''
  ) );
#10696 = ADVANCED_FACE('',(#10697),#9299,.T.);
#10697 = FACE_BOUND('',#10698,.T.);
#10698 = EDGE_LOOP('',(#10699,#10700,#10701,#10722));
#10699 = ORIENTED_EDGE('',*,*,#9283,.F.);
#10700 = ORIENTED_EDGE('',*,*,#9638,.T.);
#10701 = ORIENTED_EDGE('',*,*,#10702,.T.);
#10702 = EDGE_CURVE('',#9639,#10624,#10703,.T.);
#10703 = SURFACE_CURVE('',#10704,(#10708,#10715),.PCURVE_S1.);
#10704 = LINE('',#10705,#10706);
#10705 = CARTESIAN_POINT('',(-20.,121.1945309579,30.374011537018));
#10706 = VECTOR('',#10707,1.);
#10707 = DIRECTION('',(7.850462293419E-17,0.707106781187,-0.707106781187
    ));
#10708 = PCURVE('',#9299,#10709);
#10709 = DEFINITIONAL_REPRESENTATION('',(#10710),#10714);
#10710 = LINE('',#10711,#10712);
#10711 = CARTESIAN_POINT('',(40.,3.552713678801E-15));
#10712 = VECTOR('',#10713,1.);
#10713 = DIRECTION('',(0.,1.));
#10714 = ( GEOMETRIC_REPRESENTATION_CONTEXT(2) 
PARAMETRIC_REPRESENTATION_CONTEXT() REPRESENTATION_CONTEXT('2D SPACE',''
  ) );
#10715 = PCURVE('',#9677,#10716);
#10716 = DEFINITIONAL_REPRESENTATION('',(#10717),#10721);
#10717 = LINE('',#10718,#10719);
#10718 = CARTESIAN_POINT('',(-5.652332851262E-15,40.));
#10719 = VECTOR('',#10720,1.);
#10720 = DIRECTION('',(1.,0.));
#10721 = ( GEOMETRIC_REPRESENTATION_CONTEXT(2) 
PARAMETRIC_REPRESENTATION_CONTEXT() REPRESENTATION_CONTEXT('2D SPACE',''
  ) );
#10722 = ORIENTED_EDGE('',*,*,#10623,.F.);
#10723 = ADVANCED_FACE('',(#10724),#9350,.T.);
#10724 = FACE_BOUND('',#10725,.T.);
#10725 = EDGE_LOOP('',(#10726,#10727,#10750,#10771,#10772,#10795,#10818,
    #10839));
#10726 = ORIENTED_EDGE('',*,*,#9334,.F.);
#10727 = ORIENTED_EDGE('',*,*,#10728,.T.);
#10728 = EDGE_CURVE('',#9335,#10729,#10731,.T.);
#10729 = VERTEX_POINT('',#10730);
#10730 = CARTESIAN_POINT('',(-15.75,99.698484809835,29.242640687119));
#10731 = SURFACE_CURVE('',#10732,(#10736,#10743),.PCURVE_S1.);
#10732 = LINE('',#10733,#10734);
#10733 = CARTESIAN_POINT('',(-15.75,82.727922061358,12.272077938642));
#10734 = VECTOR('',#10735,1.);
#10735 = DIRECTION('',(7.850462293419E-17,0.707106781187,0.707106781187)
  );
#10736 = PCURVE('',#9350,#10737);
#10737 = DEFINITIONAL_REPRESENTATION('',(#10738),#10742);
#10738 = LINE('',#10739,#10740);
#10739 = CARTESIAN_POINT('',(0.,0.));
#10740 = VECTOR('',#10741,1.);
#10741 = DIRECTION('',(1.,0.));
#10742 = ( GEOMETRIC_REPRESENTATION_CONTEXT(2) 
PARAMETRIC_REPRESENTATION_CONTEXT() REPRESENTATION_CONTEXT('2D SPACE',''
  ) );
#10743 = PCURVE('',#9378,#10744);
#10744 = DEFINITIONAL_REPRESENTATION('',(#10745),#10749);
#10745 = LINE('',#10746,#10747);
#10746 = CARTESIAN_POINT('',(-2.747661802697E-16,-3.5));
#10747 = VECTOR('',#10748,1.);
#10748 = DIRECTION('',(1.,0.));
#10749 = ( GEOMETRIC_REPRESENTATION_CONTEXT(2) 
PARAMETRIC_REPRESENTATION_CONTEXT() REPRESENTATION_CONTEXT('2D SPACE',''
  ) );
#10750 = ORIENTED_EDGE('',*,*,#10751,.T.);
#10751 = EDGE_CURVE('',#10729,#9905,#10752,.T.);
#10752 = SURFACE_CURVE('',#10753,(#10757,#10764),.PCURVE_S1.);
#10753 = LINE('',#10754,#10755);
#10754 = CARTESIAN_POINT('',(-15.75,99.698484809835,29.242640687119));
#10755 = VECTOR('',#10756,1.);
#10756 = DIRECTION('',(7.850462293419E-17,0.707106781187,-0.707106781187
    ));
#10757 = PCURVE('',#9350,#10758);
#10758 = DEFINITIONAL_REPRESENTATION('',(#10759),#10763);
#10759 = LINE('',#10760,#10761);
#10760 = CARTESIAN_POINT('',(24.,-3.552713678801E-15));
#10761 = VECTOR('',#10762,1.);
#10762 = DIRECTION('',(0.,1.));
#10763 = ( GEOMETRIC_REPRESENTATION_CONTEXT(2) 
PARAMETRIC_REPRESENTATION_CONTEXT() REPRESENTATION_CONTEXT('2D SPACE',''
  ) );
#10764 = PCURVE('',#9920,#10765);
#10765 = DEFINITIONAL_REPRESENTATION('',(#10766),#10770);
#10766 = LINE('',#10767,#10768);
#10767 = CARTESIAN_POINT('',(-2.747661802697E-16,3.5));
#10768 = VECTOR('',#10769,1.);
#10769 = DIRECTION('',(1.,0.));
#10770 = ( GEOMETRIC_REPRESENTATION_CONTEXT(2) 
PARAMETRIC_REPRESENTATION_CONTEXT() REPRESENTATION_CONTEXT('2D SPACE',''
  ) );
#10771 = ORIENTED_EDGE('',*,*,#9932,.F.);
#10772 = ORIENTED_EDGE('',*,*,#10773,.F.);
#10773 = EDGE_CURVE('',#10774,#9933,#10776,.T.);
#10774 = VERTEX_POINT('',#10775);
#10775 = CARTESIAN_POINT('',(-15.75,94.041630560343,9.443650813896));
#10776 = SURFACE_CURVE('',#10777,(#10781,#10788),.PCURVE_S1.);
#10777 = LINE('',#10778,#10779);
#10778 = CARTESIAN_POINT('',(-15.75,94.041630560343,9.443650813896));
#10779 = VECTOR('',#10780,1.);
#10780 = DIRECTION('',(7.850462293419E-17,0.707106781187,-0.707106781187
    ));
#10781 = PCURVE('',#9350,#10782);
#10782 = DEFINITIONAL_REPRESENTATION('',(#10783),#10787);
#10783 = LINE('',#10784,#10785);
#10784 = CARTESIAN_POINT('',(6.,10.));
#10785 = VECTOR('',#10786,1.);
#10786 = DIRECTION('',(0.,1.));
#10787 = ( GEOMETRIC_REPRESENTATION_CONTEXT(2) 
PARAMETRIC_REPRESENTATION_CONTEXT() REPRESENTATION_CONTEXT('2D SPACE',''
  ) );
#10788 = PCURVE('',#9971,#10789);
#10789 = DEFINITIONAL_REPRESENTATION('',(#10790),#10794);
#10790 = LINE('',#10791,#10792);
#10791 = CARTESIAN_POINT('',(6.,10.));
#10792 = VECTOR('',#10793,1.);
#10793 = DIRECTION('',(0.,1.));
#10794 = ( GEOMETRIC_REPRESENTATION_CONTEXT(2) 
PARAMETRIC_REPRESENTATION_CONTEXT() REPRESENTATION_CONTEXT('2D SPACE',''
  ) );
#10795 = ORIENTED_EDGE('',*,*,#10796,.F.);
#10796 = EDGE_CURVE('',#10797,#10774,#10799,.T.);
#10797 = VERTEX_POINT('',#10798);
#10798 = CARTESIAN_POINT('',(-15.75,91.213203435596,6.61522368915));
#10799 = SURFACE_CURVE('',#10800,(#10804,#10811),.PCURVE_S1.);
#10800 = LINE('',#10801,#10802);
#10801 = CARTESIAN_POINT('',(-15.75,91.213203435596,6.61522368915));
#10802 = VECTOR('',#10803,1.);
#10803 = DIRECTION('',(7.850462293419E-17,0.707106781187,0.707106781187)
  );
#10804 = PCURVE('',#9350,#10805);
#10805 = DEFINITIONAL_REPRESENTATION('',(#10806),#10810);
#10806 = LINE('',#10807,#10808);
#10807 = CARTESIAN_POINT('',(2.,10.));
#10808 = VECTOR('',#10809,1.);
#10809 = DIRECTION('',(1.,0.));
#10810 = ( GEOMETRIC_REPRESENTATION_CONTEXT(2) 
PARAMETRIC_REPRESENTATION_CONTEXT() REPRESENTATION_CONTEXT('2D SPACE',''
  ) );
#10811 = PCURVE('',#9971,#10812);
#10812 = DEFINITIONAL_REPRESENTATION('',(#10813),#10817);
#10813 = LINE('',#10814,#10815);
#10814 = CARTESIAN_POINT('',(2.,10.));
#10815 = VECTOR('',#10816,1.);
#10816 = DIRECTION('',(1.,0.));
#10817 = ( GEOMETRIC_REPRESENTATION_CONTEXT(2) 
PARAMETRIC_REPRESENTATION_CONTEXT() REPRESENTATION_CONTEXT('2D SPACE',''
  ) );
#10818 = ORIENTED_EDGE('',*,*,#10819,.T.);
#10819 = EDGE_CURVE('',#10797,#9956,#10820,.T.);
#10820 = SURFACE_CURVE('',#10821,(#10825,#10832),.PCURVE_S1.);
#10821 = LINE('',#10822,#10823);
#10822 = CARTESIAN_POINT('',(-15.75,91.213203435596,6.61522368915));
#10823 = VECTOR('',#10824,1.);
#10824 = DIRECTION('',(7.850462293419E-17,0.707106781187,-0.707106781187
    ));
#10825 = PCURVE('',#9350,#10826);
#10826 = DEFINITIONAL_REPRESENTATION('',(#10827),#10831);
#10827 = LINE('',#10828,#10829);
#10828 = CARTESIAN_POINT('',(2.,10.));
#10829 = VECTOR('',#10830,1.);
#10830 = DIRECTION('',(0.,1.));
#10831 = ( GEOMETRIC_REPRESENTATION_CONTEXT(2) 
PARAMETRIC_REPRESENTATION_CONTEXT() REPRESENTATION_CONTEXT('2D SPACE',''
  ) );
#10832 = PCURVE('',#9971,#10833);
#10833 = DEFINITIONAL_REPRESENTATION('',(#10834),#10838);
#10834 = LINE('',#10835,#10836);
#10835 = CARTESIAN_POINT('',(2.,10.));
#10836 = VECTOR('',#10837,1.);
#10837 = DIRECTION('',(0.,1.));
#10838 = ( GEOMETRIC_REPRESENTATION_CONTEXT(2) 
PARAMETRIC_REPRESENTATION_CONTEXT() REPRESENTATION_CONTEXT('2D SPACE',''
  ) );
#10839 = ORIENTED_EDGE('',*,*,#9983,.F.);
#10840 = ADVANCED_FACE('',(#10841),#9378,.F.);
#10841 = FACE_BOUND('',#10842,.F.);
#10842 = EDGE_LOOP('',(#10843,#10866,#10867,#10868));
#10843 = ORIENTED_EDGE('',*,*,#10844,.F.);
#10844 = EDGE_CURVE('',#9363,#10845,#10847,.T.);
#10845 = VERTEX_POINT('',#10846);
#10846 = CARTESIAN_POINT('',(-12.25,99.698484809835,29.242640687119));
#10847 = SURFACE_CURVE('',#10848,(#10852,#10859),.PCURVE_S1.);
#10848 = LINE('',#10849,#10850);
#10849 = CARTESIAN_POINT('',(-12.25,82.727922061358,12.272077938642));
#10850 = VECTOR('',#10851,1.);
#10851 = DIRECTION('',(7.850462293419E-17,0.707106781187,0.707106781187)
  );
#10852 = PCURVE('',#9378,#10853);
#10853 = DEFINITIONAL_REPRESENTATION('',(#10854),#10858);
#10854 = LINE('',#10855,#10856);
#10855 = CARTESIAN_POINT('',(0.,0.));
#10856 = VECTOR('',#10857,1.);
#10857 = DIRECTION('',(1.,0.));
#10858 = ( GEOMETRIC_REPRESENTATION_CONTEXT(2) 
PARAMETRIC_REPRESENTATION_CONTEXT() REPRESENTATION_CONTEXT('2D SPACE',''
  ) );
#10859 = PCURVE('',#9406,#10860);
#10860 = DEFINITIONAL_REPRESENTATION('',(#10861),#10865);
#10861 = LINE('',#10862,#10863);
#10862 = CARTESIAN_POINT('',(0.,0.));
#10863 = VECTOR('',#10864,1.);
#10864 = DIRECTION('',(1.,0.));
#10865 = ( GEOMETRIC_REPRESENTATION_CONTEXT(2) 
PARAMETRIC_REPRESENTATION_CONTEXT() REPRESENTATION_CONTEXT('2D SPACE',''
  ) );
#10866 = ORIENTED_EDGE('',*,*,#9362,.T.);
#10867 = ORIENTED_EDGE('',*,*,#10728,.T.);
#10868 = ORIENTED_EDGE('',*,*,#10869,.F.);
#10869 = EDGE_CURVE('',#10845,#10729,#10870,.T.);
#10870 = SURFACE_CURVE('',#10871,(#10875,#10882),.PCURVE_S1.);
#10871 = LINE('',#10872,#10873);
#10872 = CARTESIAN_POINT('',(-12.25,99.698484809835,29.242640687119));
#10873 = VECTOR('',#10874,1.);
#10874 = DIRECTION('',(-1.,1.110223024625E-16,0.));
#10875 = PCURVE('',#9378,#10876);
#10876 = DEFINITIONAL_REPRESENTATION('',(#10877),#10881);
#10877 = LINE('',#10878,#10879);
#10878 = CARTESIAN_POINT('',(24.,-1.077541110203E-16));
#10879 = VECTOR('',#10880,1.);
#10880 = DIRECTION('',(0.,-1.));
#10881 = ( GEOMETRIC_REPRESENTATION_CONTEXT(2) 
PARAMETRIC_REPRESENTATION_CONTEXT() REPRESENTATION_CONTEXT('2D SPACE',''
  ) );
#10882 = PCURVE('',#9920,#10883);
#10883 = DEFINITIONAL_REPRESENTATION('',(#10884),#10888);
#10884 = LINE('',#10885,#10886);
#10885 = CARTESIAN_POINT('',(0.,0.));
#10886 = VECTOR('',#10887,1.);
#10887 = DIRECTION('',(0.,1.));
#10888 = ( GEOMETRIC_REPRESENTATION_CONTEXT(2) 
PARAMETRIC_REPRESENTATION_CONTEXT() REPRESENTATION_CONTEXT('2D SPACE',''
  ) );
#10889 = ADVANCED_FACE('',(#10890),#9406,.F.);
#10890 = FACE_BOUND('',#10891,.F.);
#10891 = EDGE_LOOP('',(#10892,#10893,#10894,#10915,#10916,#10917,#10918,
    #10919));
#10892 = ORIENTED_EDGE('',*,*,#9390,.F.);
#10893 = ORIENTED_EDGE('',*,*,#10844,.T.);
#10894 = ORIENTED_EDGE('',*,*,#10895,.T.);
#10895 = EDGE_CURVE('',#10845,#9882,#10896,.T.);
#10896 = SURFACE_CURVE('',#10897,(#10901,#10908),.PCURVE_S1.);
#10897 = LINE('',#10898,#10899);
#10898 = CARTESIAN_POINT('',(-12.25,99.698484809835,29.242640687119));
#10899 = VECTOR('',#10900,1.);
#10900 = DIRECTION('',(7.850462293419E-17,0.707106781187,-0.707106781187
    ));
#10901 = PCURVE('',#9406,#10902);
#10902 = DEFINITIONAL_REPRESENTATION('',(#10903),#10907);
#10903 = LINE('',#10904,#10905);
#10904 = CARTESIAN_POINT('',(24.,-3.552713678801E-15));
#10905 = VECTOR('',#10906,1.);
#10906 = DIRECTION('',(0.,1.));
#10907 = ( GEOMETRIC_REPRESENTATION_CONTEXT(2) 
PARAMETRIC_REPRESENTATION_CONTEXT() REPRESENTATION_CONTEXT('2D SPACE',''
  ) );
#10908 = PCURVE('',#9920,#10909);
#10909 = DEFINITIONAL_REPRESENTATION('',(#10910),#10914);
#10910 = LINE('',#10911,#10912);
#10911 = CARTESIAN_POINT('',(0.,0.));
#10912 = VECTOR('',#10913,1.);
#10913 = DIRECTION('',(1.,0.));
#10914 = ( GEOMETRIC_REPRESENTATION_CONTEXT(2) 
PARAMETRIC_REPRESENTATION_CONTEXT() REPRESENTATION_CONTEXT('2D SPACE',''
  ) );
#10915 = ORIENTED_EDGE('',*,*,#9881,.F.);
#10916 = ORIENTED_EDGE('',*,*,#10344,.F.);
#10917 = ORIENTED_EDGE('',*,*,#10317,.T.);
#10918 = ORIENTED_EDGE('',*,*,#10268,.T.);
#10919 = ORIENTED_EDGE('',*,*,#10194,.F.);
#10920 = ADVANCED_FACE('',(#10921),#9971,.T.);
#10921 = FACE_BOUND('',#10922,.T.);
#10922 = EDGE_LOOP('',(#10923,#10924,#10925,#10926));
#10923 = ORIENTED_EDGE('',*,*,#9955,.F.);
#10924 = ORIENTED_EDGE('',*,*,#10819,.F.);
#10925 = ORIENTED_EDGE('',*,*,#10796,.T.);
#10926 = ORIENTED_EDGE('',*,*,#10773,.T.);
#10927 = ADVANCED_FACE('',(#10928),#9920,.T.);
#10928 = FACE_BOUND('',#10929,.T.);
#10929 = EDGE_LOOP('',(#10930,#10931,#10932,#10933));
#10930 = ORIENTED_EDGE('',*,*,#10751,.F.);
#10931 = ORIENTED_EDGE('',*,*,#10869,.F.);
#10932 = ORIENTED_EDGE('',*,*,#10895,.T.);
#10933 = ORIENTED_EDGE('',*,*,#9904,.F.);
#10934 = ADVANCED_FACE('',(#10935),#9801,.T.);
#10935 = FACE_BOUND('',#10936,.T.);
#10936 = EDGE_LOOP('',(#10937,#10938,#10939,#10940));
#10937 = ORIENTED_EDGE('',*,*,#10399,.F.);
#10938 = ORIENTED_EDGE('',*,*,#10453,.F.);
#10939 = ORIENTED_EDGE('',*,*,#10479,.T.);
#10940 = ORIENTED_EDGE('',*,*,#9785,.F.);
#10941 = ADVANCED_FACE('',(#10942),#9750,.F.);
#10942 = FACE_BOUND('',#10943,.F.);
#10943 = EDGE_LOOP('',(#10944,#10945,#10946,#10947));
#10944 = ORIENTED_EDGE('',*,*,#9734,.F.);
#10945 = ORIENTED_EDGE('',*,*,#10547,.F.);
#10946 = ORIENTED_EDGE('',*,*,#10524,.T.);
#10947 = ORIENTED_EDGE('',*,*,#10501,.T.);
#10948 = ADVANCED_FACE('',(#10949),#9677,.T.);
#10949 = FACE_BOUND('',#10950,.T.);
#10950 = EDGE_LOOP('',(#10951,#10952,#10953,#10954));
#10951 = ORIENTED_EDGE('',*,*,#9661,.F.);
#10952 = ORIENTED_EDGE('',*,*,#10574,.T.);
#10953 = ORIENTED_EDGE('',*,*,#10646,.T.);
#10954 = ORIENTED_EDGE('',*,*,#10702,.F.);
#10955 = ADVANCED_FACE('',(#10956),#10024,.F.);
#10956 = FACE_BOUND('',#10957,.F.);
#10957 = EDGE_LOOP('',(#10958,#10959,#10980,#10981));
#10958 = ORIENTED_EDGE('',*,*,#10007,.T.);
#10959 = ORIENTED_EDGE('',*,*,#10960,.F.);
#10960 = EDGE_CURVE('',#10670,#10008,#10961,.T.);
#10961 = SEAM_CURVE('',#10962,(#10966,#10973),.PCURVE_S1.);
#10962 = LINE('',#10963,#10964);
#10963 = CARTESIAN_POINT('',(-9.4,109.31513703397,13.96913421349));
#10964 = VECTOR('',#10965,1.);
#10965 = DIRECTION('',(-7.850462293419E-17,-0.707106781187,
    0.707106781187));
#10966 = PCURVE('',#10024,#10967);
#10967 = DEFINITIONAL_REPRESENTATION('',(#10968),#10972);
#10968 = LINE('',#10969,#10970);
#10969 = CARTESIAN_POINT('',(6.28318530718,1.6));
#10970 = VECTOR('',#10971,1.);
#10971 = DIRECTION('',(0.,-1.));
#10972 = ( GEOMETRIC_REPRESENTATION_CONTEXT(2) 
PARAMETRIC_REPRESENTATION_CONTEXT() REPRESENTATION_CONTEXT('2D SPACE',''
  ) );
#10973 = PCURVE('',#10024,#10974);
#10974 = DEFINITIONAL_REPRESENTATION('',(#10975),#10979);
#10975 = LINE('',#10976,#10977);
#10976 = CARTESIAN_POINT('',(0.,1.6));
#10977 = VECTOR('',#10978,1.);
#10978 = DIRECTION('',(0.,-1.));
#10979 = ( GEOMETRIC_REPRESENTATION_CONTEXT(2) 
PARAMETRIC_REPRESENTATION_CONTEXT() REPRESENTATION_CONTEXT('2D SPACE',''
  ) );
#10980 = ORIENTED_EDGE('',*,*,#10669,.T.);
#10981 = ORIENTED_EDGE('',*,*,#10960,.T.);
#10982 = ( GEOMETRIC_REPRESENTATION_CONTEXT(3) 
GLOBAL_UNCERTAINTY_ASSIGNED_CONTEXT((#10986)) 
GLOBAL_UNIT_ASSIGNED_CONTEXT((#10983,#10984,#10985)) 
REPRESENTATION_CONTEXT('Context #1',
  '3D Context with UNIT and UNCERTAINTY') );
#10983 = ( LENGTH_UNIT() NAMED_UNIT(*) SI_UNIT(.MILLI.,.METRE.) );
#10984 = ( NAMED_UNIT(*) PLANE_ANGLE_UNIT() SI_UNIT($,.RADIAN.) );
#10985 = ( NAMED_UNIT(*) SI_UNIT($,.STERADIAN.) SOLID_ANGLE_UNIT() );
#10986 = UNCERTAINTY_MEASURE_WITH_UNIT(LENGTH_MEASURE(1.E-07),#10983,
  'distance_accuracy_value','confusion accuracy');
#10987 = CONTEXT_DEPENDENT_SHAPE_REPRESENTATION(#10988,#10990);
#10988 = ( REPRESENTATION_RELATIONSHIP('','',#8194,#10) 
REPRESENTATION_RELATIONSHIP_WITH_TRANSFORMATION(#10989) 
SHAPE_REPRESENTATION_RELATIONSHIP() );
#10989 = ITEM_DEFINED_TRANSFORMATION('','',#11,#27);
#10990 = PRODUCT_DEFINITION_SHAPE('Placement','Placement of an item',
  #10991);
#10991 = NEXT_ASSEMBLY_USAGE_OCCURRENCE('4','right_analog_carrier','',#5
  ,#8189,$);
#10992 = PRODUCT_RELATED_PRODUCT_CATEGORY('part',$,(#8191));
#10993 = SHAPE_DEFINITION_REPRESENTATION(#10994,#11000);
#10994 = PRODUCT_DEFINITION_SHAPE('','',#10995);
#10995 = PRODUCT_DEFINITION('design','',#10996,#10999);
#10996 = PRODUCT_DEFINITION_FORMATION('','',#10997);
#10997 = PRODUCT('right_analog_camera_reference',
  'right_analog_camera_reference','',(#10998));
#10998 = PRODUCT_CONTEXT('',#2,'mechanical');
#10999 = PRODUCT_DEFINITION_CONTEXT('part definition',#2,'design');
#11000 = ADVANCED_BREP_SHAPE_REPRESENTATION('',(#11,#11001),#11189);
#11001 = MANIFOLD_SOLID_BREP('',#11002);
#11002 = CLOSED_SHELL('',(#11003,#11091,#11126,#11130,#11185));
#11003 = ADVANCED_FACE('',(#11004),#11018,.T.);
#11004 = FACE_BOUND('',#11005,.F.);
#11005 = EDGE_LOOP('',(#11006,#11036,#11063,#11064));
#11006 = ORIENTED_EDGE('',*,*,#11007,.T.);
#11007 = EDGE_CURVE('',#11008,#11010,#11012,.T.);
#11008 = VERTEX_POINT('',#11009);
#11009 = CARTESIAN_POINT('',(-11.5,109.31513703397,13.96913421349));
#11010 = VERTEX_POINT('',#11011);
#11011 = CARTESIAN_POINT('',(-11.5,111.43645737753,11.84781386993));
#11012 = SEAM_CURVE('',#11013,(#11017,#11029),.PCURVE_S1.);
#11013 = LINE('',#11014,#11015);
#11014 = CARTESIAN_POINT('',(-11.5,109.31513703397,13.96913421349));
#11015 = VECTOR('',#11016,1.);
#11016 = DIRECTION('',(7.850462293419E-17,0.707106781187,-0.707106781187
    ));
#11017 = PCURVE('',#11018,#11023);
#11018 = CYLINDRICAL_SURFACE('',#11019,11.5);
#11019 = AXIS2_PLACEMENT_3D('',#11020,#11021,#11022);
#11020 = CARTESIAN_POINT('',(8.651120832157E-15,109.31513703397,
    13.96913421349));
#11021 = DIRECTION('',(-7.850462293419E-17,-0.707106781187,
    0.707106781187));
#11022 = DIRECTION('',(-1.,1.110223024625E-16,0.));
#11023 = DEFINITIONAL_REPRESENTATION('',(#11024),#11028);
#11024 = LINE('',#11025,#11026);
#11025 = CARTESIAN_POINT('',(-0.,0.));
#11026 = VECTOR('',#11027,1.);
#11027 = DIRECTION('',(-0.,-1.));
#11028 = ( GEOMETRIC_REPRESENTATION_CONTEXT(2) 
PARAMETRIC_REPRESENTATION_CONTEXT() REPRESENTATION_CONTEXT('2D SPACE',''
  ) );
#11029 = PCURVE('',#11018,#11030);
#11030 = DEFINITIONAL_REPRESENTATION('',(#11031),#11035);
#11031 = LINE('',#11032,#11033);
#11032 = CARTESIAN_POINT('',(-6.28318530718,0.));
#11033 = VECTOR('',#11034,1.);
#11034 = DIRECTION('',(-0.,-1.));
#11035 = ( GEOMETRIC_REPRESENTATION_CONTEXT(2) 
PARAMETRIC_REPRESENTATION_CONTEXT() REPRESENTATION_CONTEXT('2D SPACE',''
  ) );
#11036 = ORIENTED_EDGE('',*,*,#11037,.T.);
#11037 = EDGE_CURVE('',#11010,#11010,#11038,.T.);
#11038 = SURFACE_CURVE('',#11039,(#11044,#11051),.PCURVE_S1.);
#11039 = CIRCLE('',#11040,11.5);
#11040 = AXIS2_PLACEMENT_3D('',#11041,#11042,#11043);
#11041 = CARTESIAN_POINT('',(8.886634700959E-15,111.43645737753,
    11.84781386993));
#11042 = DIRECTION('',(7.850462293419E-17,0.707106781187,-0.707106781187
    ));
#11043 = DIRECTION('',(-1.,1.110223024625E-16,0.));
#11044 = PCURVE('',#11018,#11045);
#11045 = DEFINITIONAL_REPRESENTATION('',(#11046),#11050);
#11046 = LINE('',#11047,#11048);
#11047 = CARTESIAN_POINT('',(-0.,-3.));
#11048 = VECTOR('',#11049,1.);
#11049 = DIRECTION('',(-1.,0.));
#11050 = ( GEOMETRIC_REPRESENTATION_CONTEXT(2) 
PARAMETRIC_REPRESENTATION_CONTEXT() REPRESENTATION_CONTEXT('2D SPACE',''
  ) );
#11051 = PCURVE('',#11052,#11057);
#11052 = PLANE('',#11053);
#11053 = AXIS2_PLACEMENT_3D('',#11054,#11055,#11056);
#11054 = CARTESIAN_POINT('',(9.600081726632E-15,111.43645737753,
    11.84781386993));
#11055 = DIRECTION('',(7.850462293419E-17,0.707106781187,-0.707106781187
    ));
#11056 = DIRECTION('',(7.850462293419E-17,0.707106781187,0.707106781187)
  );
#11057 = DEFINITIONAL_REPRESENTATION('',(#11058),#11062);
#11058 = CIRCLE('',#11059,11.5);
#11059 = AXIS2_PLACEMENT_2D('',#11060,#11061);
#11060 = CARTESIAN_POINT('',(-1.256073966947E-15,-7.134470256727E-16));
#11061 = DIRECTION('',(0.,-1.));
#11062 = ( GEOMETRIC_REPRESENTATION_CONTEXT(2) 
PARAMETRIC_REPRESENTATION_CONTEXT() REPRESENTATION_CONTEXT('2D SPACE',''
  ) );
#11063 = ORIENTED_EDGE('',*,*,#11007,.F.);
#11064 = ORIENTED_EDGE('',*,*,#11065,.F.);
#11065 = EDGE_CURVE('',#11008,#11008,#11066,.T.);
#11066 = SURFACE_CURVE('',#11067,(#11072,#11079),.PCURVE_S1.);
#11067 = CIRCLE('',#11068,11.5);
#11068 = AXIS2_PLACEMENT_3D('',#11069,#11070,#11071);
#11069 = CARTESIAN_POINT('',(8.651120832157E-15,109.31513703397,
    13.96913421349));
#11070 = DIRECTION('',(7.850462293419E-17,0.707106781187,-0.707106781187
    ));
#11071 = DIRECTION('',(-1.,1.110223024625E-16,0.));
#11072 = PCURVE('',#11018,#11073);
#11073 = DEFINITIONAL_REPRESENTATION('',(#11074),#11078);
#11074 = LINE('',#11075,#11076);
#11075 = CARTESIAN_POINT('',(-0.,0.));
#11076 = VECTOR('',#11077,1.);
#11077 = DIRECTION('',(-1.,0.));
#11078 = ( GEOMETRIC_REPRESENTATION_CONTEXT(2) 
PARAMETRIC_REPRESENTATION_CONTEXT() REPRESENTATION_CONTEXT('2D SPACE',''
  ) );
#11079 = PCURVE('',#11080,#11085);
#11080 = PLANE('',#11081);
#11081 = AXIS2_PLACEMENT_3D('',#11082,#11083,#11084);
#11082 = CARTESIAN_POINT('',(9.364567857829E-15,109.31513703397,
    13.96913421349));
#11083 = DIRECTION('',(7.850462293419E-17,0.707106781187,-0.707106781187
    ));
#11084 = DIRECTION('',(7.850462293419E-17,0.707106781187,0.707106781187)
  );
#11085 = DEFINITIONAL_REPRESENTATION('',(#11086),#11090);
#11086 = CIRCLE('',#11087,11.5);
#11087 = AXIS2_PLACEMENT_2D('',#11088,#11089);
#11088 = CARTESIAN_POINT('',(-1.632896157031E-14,-7.134470256727E-16));
#11089 = DIRECTION('',(0.,-1.));
#11090 = ( GEOMETRIC_REPRESENTATION_CONTEXT(2) 
PARAMETRIC_REPRESENTATION_CONTEXT() REPRESENTATION_CONTEXT('2D SPACE',''
  ) );
#11091 = ADVANCED_FACE('',(#11092,#11095),#11080,.F.);
#11092 = FACE_BOUND('',#11093,.F.);
#11093 = EDGE_LOOP('',(#11094));
#11094 = ORIENTED_EDGE('',*,*,#11065,.T.);
#11095 = FACE_BOUND('',#11096,.F.);
#11096 = EDGE_LOOP('',(#11097));
#11097 = ORIENTED_EDGE('',*,*,#11098,.F.);
#11098 = EDGE_CURVE('',#11099,#11099,#11101,.T.);
#11099 = VERTEX_POINT('',#11100);
#11100 = CARTESIAN_POINT('',(-9.25,109.31513703397,13.96913421349));
#11101 = SURFACE_CURVE('',#11102,(#11107,#11114),.PCURVE_S1.);
#11102 = CIRCLE('',#11103,9.25);
#11103 = AXIS2_PLACEMENT_3D('',#11104,#11105,#11106);
#11104 = CARTESIAN_POINT('',(8.651120832157E-15,109.31513703397,
    13.96913421349));
#11105 = DIRECTION('',(7.850462293419E-17,0.707106781187,-0.707106781187
    ));
#11106 = DIRECTION('',(-1.,1.110223024625E-16,0.));
#11107 = PCURVE('',#11080,#11108);
#11108 = DEFINITIONAL_REPRESENTATION('',(#11109),#11113);
#11109 = CIRCLE('',#11110,9.25);
#11110 = AXIS2_PLACEMENT_2D('',#11111,#11112);
#11111 = CARTESIAN_POINT('',(-1.632896157031E-14,-7.134470256727E-16));
#11112 = DIRECTION('',(0.,-1.));
#11113 = ( GEOMETRIC_REPRESENTATION_CONTEXT(2) 
PARAMETRIC_REPRESENTATION_CONTEXT() REPRESENTATION_CONTEXT('2D SPACE',''
  ) );
#11114 = PCURVE('',#11115,#11120);
#11115 = CYLINDRICAL_SURFACE('',#11116,9.25);
#11116 = AXIS2_PLACEMENT_3D('',#11117,#11118,#11119);
#11117 = CARTESIAN_POINT('',(8.651120832157E-15,109.31513703397,
    13.96913421349));
#11118 = DIRECTION('',(7.850462293419E-17,0.707106781187,-0.707106781187
    ));
#11119 = DIRECTION('',(-1.,1.110223024625E-16,0.));
#11120 = DEFINITIONAL_REPRESENTATION('',(#11121),#11125);
#11121 = LINE('',#11122,#11123);
#11122 = CARTESIAN_POINT('',(0.,0.));
#11123 = VECTOR('',#11124,1.);
#11124 = DIRECTION('',(1.,0.));
#11125 = ( GEOMETRIC_REPRESENTATION_CONTEXT(2) 
PARAMETRIC_REPRESENTATION_CONTEXT() REPRESENTATION_CONTEXT('2D SPACE',''
  ) );
#11126 = ADVANCED_FACE('',(#11127),#11052,.T.);
#11127 = FACE_BOUND('',#11128,.T.);
#11128 = EDGE_LOOP('',(#11129));
#11129 = ORIENTED_EDGE('',*,*,#11037,.T.);
#11130 = ADVANCED_FACE('',(#11131),#11115,.T.);
#11131 = FACE_BOUND('',#11132,.T.);
#11132 = EDGE_LOOP('',(#11133,#11156,#11183,#11184));
#11133 = ORIENTED_EDGE('',*,*,#11134,.T.);
#11134 = EDGE_CURVE('',#11099,#11135,#11137,.T.);
#11135 = VERTEX_POINT('',#11136);
#11136 = CARTESIAN_POINT('',(-9.25,93.051681066681,30.23259018078));
#11137 = SEAM_CURVE('',#11138,(#11142,#11149),.PCURVE_S1.);
#11138 = LINE('',#11139,#11140);
#11139 = CARTESIAN_POINT('',(-9.25,109.31513703397,13.96913421349));
#11140 = VECTOR('',#11141,1.);
#11141 = DIRECTION('',(-7.850462293419E-17,-0.707106781187,
    0.707106781187));
#11142 = PCURVE('',#11115,#11143);
#11143 = DEFINITIONAL_REPRESENTATION('',(#11144),#11148);
#11144 = LINE('',#11145,#11146);
#11145 = CARTESIAN_POINT('',(0.,0.));
#11146 = VECTOR('',#11147,1.);
#11147 = DIRECTION('',(0.,-1.));
#11148 = ( GEOMETRIC_REPRESENTATION_CONTEXT(2) 
PARAMETRIC_REPRESENTATION_CONTEXT() REPRESENTATION_CONTEXT('2D SPACE',''
  ) );
#11149 = PCURVE('',#11115,#11150);
#11150 = DEFINITIONAL_REPRESENTATION('',(#11151),#11155);
#11151 = LINE('',#11152,#11153);
#11152 = CARTESIAN_POINT('',(6.28318530718,0.));
#11153 = VECTOR('',#11154,1.);
#11154 = DIRECTION('',(0.,-1.));
#11155 = ( GEOMETRIC_REPRESENTATION_CONTEXT(2) 
PARAMETRIC_REPRESENTATION_CONTEXT() REPRESENTATION_CONTEXT('2D SPACE',''
  ) );
#11156 = ORIENTED_EDGE('',*,*,#11157,.T.);
#11157 = EDGE_CURVE('',#11135,#11135,#11158,.T.);
#11158 = SURFACE_CURVE('',#11159,(#11164,#11171),.PCURVE_S1.);
#11159 = CIRCLE('',#11160,9.25);
#11160 = AXIS2_PLACEMENT_3D('',#11161,#11162,#11163);
#11161 = CARTESIAN_POINT('',(6.84551450467E-15,93.051681066681,
    30.23259018078));
#11162 = DIRECTION('',(7.850462293419E-17,0.707106781187,-0.707106781187
    ));
#11163 = DIRECTION('',(-1.,1.110223024625E-16,0.));
#11164 = PCURVE('',#11115,#11165);
#11165 = DEFINITIONAL_REPRESENTATION('',(#11166),#11170);
#11166 = LINE('',#11167,#11168);
#11167 = CARTESIAN_POINT('',(0.,-23.));
#11168 = VECTOR('',#11169,1.);
#11169 = DIRECTION('',(1.,0.));
#11170 = ( GEOMETRIC_REPRESENTATION_CONTEXT(2) 
PARAMETRIC_REPRESENTATION_CONTEXT() REPRESENTATION_CONTEXT('2D SPACE',''
  ) );
#11171 = PCURVE('',#11172,#11177);
#11172 = PLANE('',#11173);
#11173 = AXIS2_PLACEMENT_3D('',#11174,#11175,#11176);
#11174 = CARTESIAN_POINT('',(7.14117723603E-15,93.051681066681,
    30.23259018078));
#11175 = DIRECTION('',(7.850462293419E-17,0.707106781187,-0.707106781187
    ));
#11176 = DIRECTION('',(7.850462293419E-17,0.707106781187,0.707106781187)
  );
#11177 = DEFINITIONAL_REPRESENTATION('',(#11178),#11182);
#11178 = CIRCLE('',#11179,9.25);
#11179 = AXIS2_PLACEMENT_2D('',#11180,#11181);
#11180 = CARTESIAN_POINT('',(-2.512147933894E-15,-2.956627313599E-16));
#11181 = DIRECTION('',(0.,-1.));
#11182 = ( GEOMETRIC_REPRESENTATION_CONTEXT(2) 
PARAMETRIC_REPRESENTATION_CONTEXT() REPRESENTATION_CONTEXT('2D SPACE',''
  ) );
#11183 = ORIENTED_EDGE('',*,*,#11134,.F.);
#11184 = ORIENTED_EDGE('',*,*,#11098,.F.);
#11185 = ADVANCED_FACE('',(#11186),#11172,.F.);
#11186 = FACE_BOUND('',#11187,.F.);
#11187 = EDGE_LOOP('',(#11188));
#11188 = ORIENTED_EDGE('',*,*,#11157,.T.);
#11189 = ( GEOMETRIC_REPRESENTATION_CONTEXT(3) 
GLOBAL_UNCERTAINTY_ASSIGNED_CONTEXT((#11193)) 
GLOBAL_UNIT_ASSIGNED_CONTEXT((#11190,#11191,#11192)) 
REPRESENTATION_CONTEXT('Context #1',
  '3D Context with UNIT and UNCERTAINTY') );
#11190 = ( LENGTH_UNIT() NAMED_UNIT(*) SI_UNIT(.MILLI.,.METRE.) );
#11191 = ( NAMED_UNIT(*) PLANE_ANGLE_UNIT() SI_UNIT($,.RADIAN.) );
#11192 = ( NAMED_UNIT(*) SI_UNIT($,.STERADIAN.) SOLID_ANGLE_UNIT() );
#11193 = UNCERTAINTY_MEASURE_WITH_UNIT(LENGTH_MEASURE(1.E-07),#11190,
  'distance_accuracy_value','confusion accuracy');
#11194 = CONTEXT_DEPENDENT_SHAPE_REPRESENTATION(#11195,#11197);
#11195 = ( REPRESENTATION_RELATIONSHIP('','',#11000,#10) 
REPRESENTATION_RELATIONSHIP_WITH_TRANSFORMATION(#11196) 
SHAPE_REPRESENTATION_RELATIONSHIP() );
#11196 = ITEM_DEFINED_TRANSFORMATION('','',#11,#31);
#11197 = PRODUCT_DEFINITION_SHAPE('Placement','Placement of an item',
  #11198);
#11198 = NEXT_ASSEMBLY_USAGE_OCCURRENCE('5',
  'right_analog_camera_reference','',#5,#10995,$);
#11199 = PRODUCT_RELATED_PRODUCT_CATEGORY('part',$,(#10997));
#11200 = SHAPE_DEFINITION_REPRESENTATION(#11201,#11207);
#11201 = PRODUCT_DEFINITION_SHAPE('','',#11202);
#11202 = PRODUCT_DEFINITION('design','',#11203,#11206);
#11203 = PRODUCT_DEFINITION_FORMATION('','',#11204);
#11204 = PRODUCT('back_technexion_carrier','back_technexion_carrier','',
  (#11205));
#11205 = PRODUCT_CONTEXT('',#2,'mechanical');
#11206 = PRODUCT_DEFINITION_CONTEXT('part definition',#2,'design');
#11207 = ADVANCED_BREP_SHAPE_REPRESENTATION('',(#11,#11208),#12645);
#11208 = MANIFOLD_SOLID_BREP('',#11209);
#11209 = CLOSED_SHELL('',(#11210,#11330,#11605,#11654,#11876,#11903,
    #11930,#11957,#11984,#12188,#12288,#12315,#12322,#12372,#12399,
    #12448,#12497,#12524,#12578,#12632));
#11210 = ADVANCED_FACE('',(#11211),#11225,.F.);
#11211 = FACE_BOUND('',#11212,.F.);
#11212 = EDGE_LOOP('',(#11213,#11248,#11276,#11304));
#11213 = ORIENTED_EDGE('',*,*,#11214,.F.);
#11214 = EDGE_CURVE('',#11215,#11217,#11219,.T.);
#11215 = VERTEX_POINT('',#11216);
#11216 = CARTESIAN_POINT('',(-55.85786437626,3.8,25.));
#11217 = VERTEX_POINT('',#11218);
#11218 = CARTESIAN_POINT('',(-70.,3.8,39.142135623731));
#11219 = SURFACE_CURVE('',#11220,(#11224,#11236),.PCURVE_S1.);
#11220 = LINE('',#11221,#11222);
#11221 = CARTESIAN_POINT('',(-55.85786437626,3.8,25.));
#11222 = VECTOR('',#11223,1.);
#11223 = DIRECTION('',(-0.707106781187,8.659560562355E-17,0.707106781187
    ));
#11224 = PCURVE('',#11225,#11230);
#11225 = PLANE('',#11226);
#11226 = AXIS2_PLACEMENT_3D('',#11227,#11228,#11229);
#11227 = CARTESIAN_POINT('',(-55.85786437626,3.8,25.));
#11228 = DIRECTION('',(-0.707106781187,8.659560562355E-17,
    -0.707106781187));
#11229 = DIRECTION('',(-0.707106781187,8.659560562355E-17,0.707106781187
    ));
#11230 = DEFINITIONAL_REPRESENTATION('',(#11231),#11235);
#11231 = LINE('',#11232,#11233);
#11232 = CARTESIAN_POINT('',(0.,0.));
#11233 = VECTOR('',#11234,1.);
#11234 = DIRECTION('',(1.,0.));
#11235 = ( GEOMETRIC_REPRESENTATION_CONTEXT(2) 
PARAMETRIC_REPRESENTATION_CONTEXT() REPRESENTATION_CONTEXT('2D SPACE',''
  ) );
#11236 = PCURVE('',#11237,#11242);
#11237 = PLANE('',#11238);
#11238 = AXIS2_PLACEMENT_3D('',#11239,#11240,#11241);
#11239 = CARTESIAN_POINT('',(-55.85786437626,3.8,25.));
#11240 = DIRECTION('',(-1.224646799147E-16,-1.,0.));
#11241 = DIRECTION('',(-0.707106781187,8.659560562355E-17,0.707106781187
    ));
#11242 = DEFINITIONAL_REPRESENTATION('',(#11243),#11247);
#11243 = LINE('',#11244,#11245);
#11244 = CARTESIAN_POINT('',(0.,0.));
#11245 = VECTOR('',#11246,1.);
#11246 = DIRECTION('',(1.,0.));
#11247 = ( GEOMETRIC_REPRESENTATION_CONTEXT(2) 
PARAMETRIC_REPRESENTATION_CONTEXT() REPRESENTATION_CONTEXT('2D SPACE',''
  ) );
#11248 = ORIENTED_EDGE('',*,*,#11249,.T.);
#11249 = EDGE_CURVE('',#11215,#11250,#11252,.T.);
#11250 = VERTEX_POINT('',#11251);
#11251 = CARTESIAN_POINT('',(-55.85786437626,-3.8,25.));
#11252 = SURFACE_CURVE('',#11253,(#11257,#11264),.PCURVE_S1.);
#11253 = LINE('',#11254,#11255);
#11254 = CARTESIAN_POINT('',(-55.85786437626,3.8,25.));
#11255 = VECTOR('',#11256,1.);
#11256 = DIRECTION('',(-1.224646799147E-16,-1.,0.));
#11257 = PCURVE('',#11225,#11258);
#11258 = DEFINITIONAL_REPRESENTATION('',(#11259),#11263);
#11259 = LINE('',#11260,#11261);
#11260 = CARTESIAN_POINT('',(0.,0.));
#11261 = VECTOR('',#11262,1.);
#11262 = DIRECTION('',(0.,-1.));
#11263 = ( GEOMETRIC_REPRESENTATION_CONTEXT(2) 
PARAMETRIC_REPRESENTATION_CONTEXT() REPRESENTATION_CONTEXT('2D SPACE',''
  ) );
#11264 = PCURVE('',#11265,#11270);
#11265 = PLANE('',#11266);
#11266 = AXIS2_PLACEMENT_3D('',#11267,#11268,#11269);
#11267 = CARTESIAN_POINT('',(-55.85786437626,3.8,25.));
#11268 = DIRECTION('',(-0.707106781187,8.659560562355E-17,0.707106781187
    ));
#11269 = DIRECTION('',(-0.707106781187,8.659560562355E-17,
    -0.707106781187));
#11270 = DEFINITIONAL_REPRESENTATION('',(#11271),#11275);
#11271 = LINE('',#11272,#11273);
#11272 = CARTESIAN_POINT('',(0.,0.));
#11273 = VECTOR('',#11274,1.);
#11274 = DIRECTION('',(0.,1.));
#11275 = ( GEOMETRIC_REPRESENTATION_CONTEXT(2) 
PARAMETRIC_REPRESENTATION_CONTEXT() REPRESENTATION_CONTEXT('2D SPACE',''
  ) );
#11276 = ORIENTED_EDGE('',*,*,#11277,.T.);
#11277 = EDGE_CURVE('',#11250,#11278,#11280,.T.);
#11278 = VERTEX_POINT('',#11279);
#11279 = CARTESIAN_POINT('',(-70.,-3.8,39.142135623731));
#11280 = SURFACE_CURVE('',#11281,(#11285,#11292),.PCURVE_S1.);
#11281 = LINE('',#11282,#11283);
#11282 = CARTESIAN_POINT('',(-55.85786437626,-3.8,25.));
#11283 = VECTOR('',#11284,1.);
#11284 = DIRECTION('',(-0.707106781187,8.659560562355E-17,0.707106781187
    ));
#11285 = PCURVE('',#11225,#11286);
#11286 = DEFINITIONAL_REPRESENTATION('',(#11287),#11291);
#11287 = LINE('',#11288,#11289);
#11288 = CARTESIAN_POINT('',(-6.58126602739E-16,-7.6));
#11289 = VECTOR('',#11290,1.);
#11290 = DIRECTION('',(1.,0.));
#11291 = ( GEOMETRIC_REPRESENTATION_CONTEXT(2) 
PARAMETRIC_REPRESENTATION_CONTEXT() REPRESENTATION_CONTEXT('2D SPACE',''
  ) );
#11292 = PCURVE('',#11293,#11298);
#11293 = PLANE('',#11294);
#11294 = AXIS2_PLACEMENT_3D('',#11295,#11296,#11297);
#11295 = CARTESIAN_POINT('',(-55.85786437626,-3.8,25.));
#11296 = DIRECTION('',(-1.224646799147E-16,-1.,0.));
#11297 = DIRECTION('',(-0.707106781187,8.659560562355E-17,0.707106781187
    ));
#11298 = DEFINITIONAL_REPRESENTATION('',(#11299),#11303);
#11299 = LINE('',#11300,#11301);
#11300 = CARTESIAN_POINT('',(0.,0.));
#11301 = VECTOR('',#11302,1.);
#11302 = DIRECTION('',(1.,0.));
#11303 = ( GEOMETRIC_REPRESENTATION_CONTEXT(2) 
PARAMETRIC_REPRESENTATION_CONTEXT() REPRESENTATION_CONTEXT('2D SPACE',''
  ) );
#11304 = ORIENTED_EDGE('',*,*,#11305,.F.);
#11305 = EDGE_CURVE('',#11217,#11278,#11306,.T.);
#11306 = SURFACE_CURVE('',#11307,(#11311,#11318),.PCURVE_S1.);
#11307 = LINE('',#11308,#11309);
#11308 = CARTESIAN_POINT('',(-70.,3.8,39.142135623731));
#11309 = VECTOR('',#11310,1.);
#11310 = DIRECTION('',(-1.224646799147E-16,-1.,0.));
#11311 = PCURVE('',#11225,#11312);
#11312 = DEFINITIONAL_REPRESENTATION('',(#11313),#11317);
#11313 = LINE('',#11314,#11315);
#11314 = CARTESIAN_POINT('',(20.,4.444472692926E-17));
#11315 = VECTOR('',#11316,1.);
#11316 = DIRECTION('',(0.,-1.));
#11317 = ( GEOMETRIC_REPRESENTATION_CONTEXT(2) 
PARAMETRIC_REPRESENTATION_CONTEXT() REPRESENTATION_CONTEXT('2D SPACE',''
  ) );
#11318 = PCURVE('',#11319,#11324);
#11319 = PLANE('',#11320);
#11320 = AXIS2_PLACEMENT_3D('',#11321,#11322,#11323);
#11321 = CARTESIAN_POINT('',(-70.,3.8,39.142135623731));
#11322 = DIRECTION('',(-0.707106781187,8.659560562355E-17,0.707106781187
    ));
#11323 = DIRECTION('',(-0.707106781187,8.659560562355E-17,
    -0.707106781187));
#11324 = DEFINITIONAL_REPRESENTATION('',(#11325),#11329);
#11325 = LINE('',#11326,#11327);
#11326 = CARTESIAN_POINT('',(0.,0.));
#11327 = VECTOR('',#11328,1.);
#11328 = DIRECTION('',(0.,1.));
#11329 = ( GEOMETRIC_REPRESENTATION_CONTEXT(2) 
PARAMETRIC_REPRESENTATION_CONTEXT() REPRESENTATION_CONTEXT('2D SPACE',''
  ) );
#11330 = ADVANCED_FACE('',(#11331,#11574),#11237,.F.);
#11331 = FACE_BOUND('',#11332,.F.);
#11332 = EDGE_LOOP('',(#11333,#11363,#11384,#11385,#11408,#11436,#11464,
    #11492,#11520,#11548));
#11333 = ORIENTED_EDGE('',*,*,#11334,.F.);
#11334 = EDGE_CURVE('',#11335,#11337,#11339,.T.);
#11335 = VERTEX_POINT('',#11336);
#11336 = CARTESIAN_POINT('',(-70.,3.8,10.857864376269));
#11337 = VERTEX_POINT('',#11338);
#11338 = CARTESIAN_POINT('',(-82.02081528017,3.8,22.87867965644));
#11339 = SURFACE_CURVE('',#11340,(#11344,#11351),.PCURVE_S1.);
#11340 = LINE('',#11341,#11342);
#11341 = CARTESIAN_POINT('',(-70.,3.8,10.857864376269));
#11342 = VECTOR('',#11343,1.);
#11343 = DIRECTION('',(-0.707106781187,8.659560562355E-17,0.707106781187
    ));
#11344 = PCURVE('',#11237,#11345);
#11345 = DEFINITIONAL_REPRESENTATION('',(#11346),#11350);
#11346 = LINE('',#11347,#11348);
#11347 = CARTESIAN_POINT('',(-1.7763568394E-15,20.));
#11348 = VECTOR('',#11349,1.);
#11349 = DIRECTION('',(1.,0.));
#11350 = ( GEOMETRIC_REPRESENTATION_CONTEXT(2) 
PARAMETRIC_REPRESENTATION_CONTEXT() REPRESENTATION_CONTEXT('2D SPACE',''
  ) );
#11351 = PCURVE('',#11352,#11357);
#11352 = PLANE('',#11353);
#11353 = AXIS2_PLACEMENT_3D('',#11354,#11355,#11356);
#11354 = CARTESIAN_POINT('',(-70.,3.8,10.857864376269));
#11355 = DIRECTION('',(-0.707106781187,8.659560562355E-17,
    -0.707106781187));
#11356 = DIRECTION('',(-0.707106781187,8.659560562355E-17,0.707106781187
    ));
#11357 = DEFINITIONAL_REPRESENTATION('',(#11358),#11362);
#11358 = LINE('',#11359,#11360);
#11359 = CARTESIAN_POINT('',(0.,0.));
#11360 = VECTOR('',#11361,1.);
#11361 = DIRECTION('',(1.,0.));
#11362 = ( GEOMETRIC_REPRESENTATION_CONTEXT(2) 
PARAMETRIC_REPRESENTATION_CONTEXT() REPRESENTATION_CONTEXT('2D SPACE',''
  ) );
#11363 = ORIENTED_EDGE('',*,*,#11364,.F.);
#11364 = EDGE_CURVE('',#11215,#11335,#11365,.T.);
#11365 = SURFACE_CURVE('',#11366,(#11370,#11377),.PCURVE_S1.);
#11366 = LINE('',#11367,#11368);
#11367 = CARTESIAN_POINT('',(-55.85786437626,3.8,25.));
#11368 = VECTOR('',#11369,1.);
#11369 = DIRECTION('',(-0.707106781187,8.659560562355E-17,
    -0.707106781187));
#11370 = PCURVE('',#11237,#11371);
#11371 = DEFINITIONAL_REPRESENTATION('',(#11372),#11376);
#11372 = LINE('',#11373,#11374);
#11373 = CARTESIAN_POINT('',(0.,0.));
#11374 = VECTOR('',#11375,1.);
#11375 = DIRECTION('',(0.,1.));
#11376 = ( GEOMETRIC_REPRESENTATION_CONTEXT(2) 
PARAMETRIC_REPRESENTATION_CONTEXT() REPRESENTATION_CONTEXT('2D SPACE',''
  ) );
#11377 = PCURVE('',#11265,#11378);
#11378 = DEFINITIONAL_REPRESENTATION('',(#11379),#11383);
#11379 = LINE('',#11380,#11381);
#11380 = CARTESIAN_POINT('',(0.,0.));
#11381 = VECTOR('',#11382,1.);
#11382 = DIRECTION('',(1.,0.));
#11383 = ( GEOMETRIC_REPRESENTATION_CONTEXT(2) 
PARAMETRIC_REPRESENTATION_CONTEXT() REPRESENTATION_CONTEXT('2D SPACE',''
  ) );
#11384 = ORIENTED_EDGE('',*,*,#11214,.T.);
#11385 = ORIENTED_EDGE('',*,*,#11386,.T.);
#11386 = EDGE_CURVE('',#11217,#11387,#11389,.T.);
#11387 = VERTEX_POINT('',#11388);
#11388 = CARTESIAN_POINT('',(-82.02081528017,3.8,27.12132034356));
#11389 = SURFACE_CURVE('',#11390,(#11394,#11401),.PCURVE_S1.);
#11390 = LINE('',#11391,#11392);
#11391 = CARTESIAN_POINT('',(-70.,3.8,39.142135623731));
#11392 = VECTOR('',#11393,1.);
#11393 = DIRECTION('',(-0.707106781187,8.659560562355E-17,
    -0.707106781187));
#11394 = PCURVE('',#11237,#11395);
#11395 = DEFINITIONAL_REPRESENTATION('',(#11396),#11400);
#11396 = LINE('',#11397,#11398);
#11397 = CARTESIAN_POINT('',(20.,1.7763568394E-15));
#11398 = VECTOR('',#11399,1.);
#11399 = DIRECTION('',(0.,1.));
#11400 = ( GEOMETRIC_REPRESENTATION_CONTEXT(2) 
PARAMETRIC_REPRESENTATION_CONTEXT() REPRESENTATION_CONTEXT('2D SPACE',''
  ) );
#11401 = PCURVE('',#11319,#11402);
#11402 = DEFINITIONAL_REPRESENTATION('',(#11403),#11407);
#11403 = LINE('',#11404,#11405);
#11404 = CARTESIAN_POINT('',(0.,0.));
#11405 = VECTOR('',#11406,1.);
#11406 = DIRECTION('',(1.,0.));
#11407 = ( GEOMETRIC_REPRESENTATION_CONTEXT(2) 
PARAMETRIC_REPRESENTATION_CONTEXT() REPRESENTATION_CONTEXT('2D SPACE',''
  ) );
#11408 = ORIENTED_EDGE('',*,*,#11409,.T.);
#11409 = EDGE_CURVE('',#11387,#11410,#11412,.T.);
#11410 = VERTEX_POINT('',#11411);
#11411 = CARTESIAN_POINT('',(-82.72792206135,3.8,27.828427124746));
#11412 = SURFACE_CURVE('',#11413,(#11417,#11424),.PCURVE_S1.);
#11413 = LINE('',#11414,#11415);
#11414 = CARTESIAN_POINT('',(-79.89949493661,3.8,25.));
#11415 = VECTOR('',#11416,1.);
#11416 = DIRECTION('',(-0.707106781187,8.659560562355E-17,0.707106781187
    ));
#11417 = PCURVE('',#11237,#11418);
#11418 = DEFINITIONAL_REPRESENTATION('',(#11419),#11423);
#11419 = LINE('',#11420,#11421);
#11420 = CARTESIAN_POINT('',(17.,17.));
#11421 = VECTOR('',#11422,1.);
#11422 = DIRECTION('',(1.,0.));
#11423 = ( GEOMETRIC_REPRESENTATION_CONTEXT(2) 
PARAMETRIC_REPRESENTATION_CONTEXT() REPRESENTATION_CONTEXT('2D SPACE',''
  ) );
#11424 = PCURVE('',#11425,#11430);
#11425 = PLANE('',#11426);
#11426 = AXIS2_PLACEMENT_3D('',#11427,#11428,#11429);
#11427 = CARTESIAN_POINT('',(-79.89949493661,3.8,25.));
#11428 = DIRECTION('',(-0.707106781187,8.659560562355E-17,
    -0.707106781187));
#11429 = DIRECTION('',(-0.707106781187,8.659560562355E-17,0.707106781187
    ));
#11430 = DEFINITIONAL_REPRESENTATION('',(#11431),#11435);
#11431 = LINE('',#11432,#11433);
#11432 = CARTESIAN_POINT('',(0.,0.));
#11433 = VECTOR('',#11434,1.);
#11434 = DIRECTION('',(1.,0.));
#11435 = ( GEOMETRIC_REPRESENTATION_CONTEXT(2) 
PARAMETRIC_REPRESENTATION_CONTEXT() REPRESENTATION_CONTEXT('2D SPACE',''
  ) );
#11436 = ORIENTED_EDGE('',*,*,#11437,.T.);
#11437 = EDGE_CURVE('',#11410,#11438,#11440,.T.);
#11438 = VERTEX_POINT('',#11439);
#11439 = CARTESIAN_POINT('',(-86.26345596729,3.8,24.292893218813));
#11440 = SURFACE_CURVE('',#11441,(#11445,#11452),.PCURVE_S1.);
#11441 = LINE('',#11442,#11443);
#11442 = CARTESIAN_POINT('',(-82.72792206135,3.8,27.828427124746));
#11443 = VECTOR('',#11444,1.);
#11444 = DIRECTION('',(-0.707106781187,8.659560562355E-17,
    -0.707106781187));
#11445 = PCURVE('',#11237,#11446);
#11446 = DEFINITIONAL_REPRESENTATION('',(#11447),#11451);
#11447 = LINE('',#11448,#11449);
#11448 = CARTESIAN_POINT('',(21.,17.));
#11449 = VECTOR('',#11450,1.);
#11450 = DIRECTION('',(0.,1.));
#11451 = ( GEOMETRIC_REPRESENTATION_CONTEXT(2) 
PARAMETRIC_REPRESENTATION_CONTEXT() REPRESENTATION_CONTEXT('2D SPACE',''
  ) );
#11452 = PCURVE('',#11453,#11458);
#11453 = PLANE('',#11454);
#11454 = AXIS2_PLACEMENT_3D('',#11455,#11456,#11457);
#11455 = CARTESIAN_POINT('',(-82.72792206135,3.8,27.828427124746));
#11456 = DIRECTION('',(-0.707106781187,8.659560562355E-17,0.707106781187
    ));
#11457 = DIRECTION('',(-0.707106781187,8.659560562355E-17,
    -0.707106781187));
#11458 = DEFINITIONAL_REPRESENTATION('',(#11459),#11463);
#11459 = LINE('',#11460,#11461);
#11460 = CARTESIAN_POINT('',(0.,0.));
#11461 = VECTOR('',#11462,1.);
#11462 = DIRECTION('',(1.,0.));
#11463 = ( GEOMETRIC_REPRESENTATION_CONTEXT(2) 
PARAMETRIC_REPRESENTATION_CONTEXT() REPRESENTATION_CONTEXT('2D SPACE',''
  ) );
#11464 = ORIENTED_EDGE('',*,*,#11465,.T.);
#11465 = EDGE_CURVE('',#11438,#11466,#11468,.T.);
#11466 = VERTEX_POINT('',#11467);
#11467 = CARTESIAN_POINT('',(-84.14213562373,3.8,22.171572875254));
#11468 = SURFACE_CURVE('',#11469,(#11473,#11480),.PCURVE_S1.);
#11469 = LINE('',#11470,#11471);
#11470 = CARTESIAN_POINT('',(-77.77817459305,3.8,15.807611844575));
#11471 = VECTOR('',#11472,1.);
#11472 = DIRECTION('',(0.707106781187,-8.659560562355E-17,
    -0.707106781187));
#11473 = PCURVE('',#11237,#11474);
#11474 = DEFINITIONAL_REPRESENTATION('',(#11475),#11479);
#11475 = LINE('',#11476,#11477);
#11476 = CARTESIAN_POINT('',(9.,22.));
#11477 = VECTOR('',#11478,1.);
#11478 = DIRECTION('',(-1.,0.));
#11479 = ( GEOMETRIC_REPRESENTATION_CONTEXT(2) 
PARAMETRIC_REPRESENTATION_CONTEXT() REPRESENTATION_CONTEXT('2D SPACE',''
  ) );
#11480 = PCURVE('',#11481,#11486);
#11481 = PLANE('',#11482);
#11482 = AXIS2_PLACEMENT_3D('',#11483,#11484,#11485);
#11483 = CARTESIAN_POINT('',(-84.14213562373,18.,22.171572875254));
#11484 = DIRECTION('',(-0.707106781187,8.659560562355E-17,
    -0.707106781187));
#11485 = DIRECTION('',(-0.707106781187,8.659560562355E-17,0.707106781187
    ));
#11486 = DEFINITIONAL_REPRESENTATION('',(#11487),#11491);
#11487 = LINE('',#11488,#11489);
#11488 = CARTESIAN_POINT('',(-9.,-14.2));
#11489 = VECTOR('',#11490,1.);
#11490 = DIRECTION('',(-1.,0.));
#11491 = ( GEOMETRIC_REPRESENTATION_CONTEXT(2) 
PARAMETRIC_REPRESENTATION_CONTEXT() REPRESENTATION_CONTEXT('2D SPACE',''
  ) );
#11492 = ORIENTED_EDGE('',*,*,#11493,.T.);
#11493 = EDGE_CURVE('',#11466,#11494,#11496,.T.);
#11494 = VERTEX_POINT('',#11495);
#11495 = CARTESIAN_POINT('',(-86.26345596729,3.8,20.050252531694));
#11496 = SURFACE_CURVE('',#11497,(#11501,#11508),.PCURVE_S1.);
#11497 = LINE('',#11498,#11499);
#11498 = CARTESIAN_POINT('',(-76.36396103067,3.8,29.949747468306));
#11499 = VECTOR('',#11500,1.);
#11500 = DIRECTION('',(-0.707106781187,8.659560562355E-17,
    -0.707106781187));
#11501 = PCURVE('',#11237,#11502);
#11502 = DEFINITIONAL_REPRESENTATION('',(#11503),#11507);
#11503 = LINE('',#11504,#11505);
#11504 = CARTESIAN_POINT('',(18.,11.));
#11505 = VECTOR('',#11506,1.);
#11506 = DIRECTION('',(0.,1.));
#11507 = ( GEOMETRIC_REPRESENTATION_CONTEXT(2) 
PARAMETRIC_REPRESENTATION_CONTEXT() REPRESENTATION_CONTEXT('2D SPACE',''
  ) );
#11508 = PCURVE('',#11509,#11514);
#11509 = PLANE('',#11510);
#11510 = AXIS2_PLACEMENT_3D('',#11511,#11512,#11513);
#11511 = CARTESIAN_POINT('',(-84.14213562373,18.,22.171572875254));
#11512 = DIRECTION('',(-0.707106781187,8.659560562355E-17,0.707106781187
    ));
#11513 = DIRECTION('',(-0.707106781187,8.659560562355E-17,
    -0.707106781187));
#11514 = DEFINITIONAL_REPRESENTATION('',(#11515),#11519);
#11515 = LINE('',#11516,#11517);
#11516 = CARTESIAN_POINT('',(-11.,14.2));
#11517 = VECTOR('',#11518,1.);
#11518 = DIRECTION('',(1.,0.));
#11519 = ( GEOMETRIC_REPRESENTATION_CONTEXT(2) 
PARAMETRIC_REPRESENTATION_CONTEXT() REPRESENTATION_CONTEXT('2D SPACE',''
  ) );
#11520 = ORIENTED_EDGE('',*,*,#11521,.F.);
#11521 = EDGE_CURVE('',#11522,#11494,#11524,.T.);
#11522 = VERTEX_POINT('',#11523);
#11523 = CARTESIAN_POINT('',(-85.5563491861,3.8,19.343145750508));
#11524 = SURFACE_CURVE('',#11525,(#11529,#11536),.PCURVE_S1.);
#11525 = LINE('',#11526,#11527);
#11526 = CARTESIAN_POINT('',(-85.5563491861,3.8,19.343145750508));
#11527 = VECTOR('',#11528,1.);
#11528 = DIRECTION('',(-0.707106781187,8.659560562355E-17,0.707106781187
    ));
#11529 = PCURVE('',#11237,#11530);
#11530 = DEFINITIONAL_REPRESENTATION('',(#11531),#11535);
#11531 = LINE('',#11532,#11533);
#11532 = CARTESIAN_POINT('',(17.,25.));
#11533 = VECTOR('',#11534,1.);
#11534 = DIRECTION('',(1.,0.));
#11535 = ( GEOMETRIC_REPRESENTATION_CONTEXT(2) 
PARAMETRIC_REPRESENTATION_CONTEXT() REPRESENTATION_CONTEXT('2D SPACE',''
  ) );
#11536 = PCURVE('',#11537,#11542);
#11537 = PLANE('',#11538);
#11538 = AXIS2_PLACEMENT_3D('',#11539,#11540,#11541);
#11539 = CARTESIAN_POINT('',(-85.5563491861,3.8,19.343145750508));
#11540 = DIRECTION('',(-0.707106781187,8.659560562355E-17,
    -0.707106781187));
#11541 = DIRECTION('',(-0.707106781187,8.659560562355E-17,0.707106781187
    ));
#11542 = DEFINITIONAL_REPRESENTATION('',(#11543),#11547);
#11543 = LINE('',#11544,#11545);
#11544 = CARTESIAN_POINT('',(0.,0.));
#11545 = VECTOR('',#11546,1.);
#11546 = DIRECTION('',(1.,0.));
#11547 = ( GEOMETRIC_REPRESENTATION_CONTEXT(2) 
PARAMETRIC_REPRESENTATION_CONTEXT() REPRESENTATION_CONTEXT('2D SPACE',''
  ) );
#11548 = ORIENTED_EDGE('',*,*,#11549,.F.);
#11549 = EDGE_CURVE('',#11337,#11522,#11550,.T.);
#11550 = SURFACE_CURVE('',#11551,(#11555,#11562),.PCURVE_S1.);
#11551 = LINE('',#11552,#11553);
#11552 = CARTESIAN_POINT('',(-79.89949493661,3.8,25.));
#11553 = VECTOR('',#11554,1.);
#11554 = DIRECTION('',(-0.707106781187,8.659560562355E-17,
    -0.707106781187));
#11555 = PCURVE('',#11237,#11556);
#11556 = DEFINITIONAL_REPRESENTATION('',(#11557),#11561);
#11557 = LINE('',#11558,#11559);
#11558 = CARTESIAN_POINT('',(17.,17.));
#11559 = VECTOR('',#11560,1.);
#11560 = DIRECTION('',(0.,1.));
#11561 = ( GEOMETRIC_REPRESENTATION_CONTEXT(2) 
PARAMETRIC_REPRESENTATION_CONTEXT() REPRESENTATION_CONTEXT('2D SPACE',''
  ) );
#11562 = PCURVE('',#11563,#11568);
#11563 = PLANE('',#11564);
#11564 = AXIS2_PLACEMENT_3D('',#11565,#11566,#11567);
#11565 = CARTESIAN_POINT('',(-79.89949493661,3.8,25.));
#11566 = DIRECTION('',(-0.707106781187,8.659560562355E-17,0.707106781187
    ));
#11567 = DIRECTION('',(-0.707106781187,8.659560562355E-17,
    -0.707106781187));
#11568 = DEFINITIONAL_REPRESENTATION('',(#11569),#11573);
#11569 = LINE('',#11570,#11571);
#11570 = CARTESIAN_POINT('',(0.,0.));
#11571 = VECTOR('',#11572,1.);
#11572 = DIRECTION('',(1.,0.));
#11573 = ( GEOMETRIC_REPRESENTATION_CONTEXT(2) 
PARAMETRIC_REPRESENTATION_CONTEXT() REPRESENTATION_CONTEXT('2D SPACE',''
  ) );
#11574 = FACE_BOUND('',#11575,.F.);
#11575 = EDGE_LOOP('',(#11576));
#11576 = ORIENTED_EDGE('',*,*,#11577,.F.);
#11577 = EDGE_CURVE('',#11578,#11578,#11580,.T.);
#11578 = VERTEX_POINT('',#11579);
#11579 = CARTESIAN_POINT('',(-71.55563491861,3.8,23.44436508139));
#11580 = SURFACE_CURVE('',#11581,(#11586,#11593),.PCURVE_S1.);
#11581 = CIRCLE('',#11582,2.2);
#11582 = AXIS2_PLACEMENT_3D('',#11583,#11584,#11585);
#11583 = CARTESIAN_POINT('',(-70.,3.8,25.));
#11584 = DIRECTION('',(-1.224646799147E-16,-1.,0.));
#11585 = DIRECTION('',(-0.707106781187,8.659560562355E-17,
    -0.707106781187));
#11586 = PCURVE('',#11237,#11587);
#11587 = DEFINITIONAL_REPRESENTATION('',(#11588),#11592);
#11588 = CIRCLE('',#11589,2.2);
#11589 = AXIS2_PLACEMENT_2D('',#11590,#11591);
#11590 = CARTESIAN_POINT('',(10.,10.));
#11591 = DIRECTION('',(0.,1.));
#11592 = ( GEOMETRIC_REPRESENTATION_CONTEXT(2) 
PARAMETRIC_REPRESENTATION_CONTEXT() REPRESENTATION_CONTEXT('2D SPACE',''
  ) );
#11593 = PCURVE('',#11594,#11599);
#11594 = CYLINDRICAL_SURFACE('',#11595,2.2);
#11595 = AXIS2_PLACEMENT_3D('',#11596,#11597,#11598);
#11596 = CARTESIAN_POINT('',(-70.,8.572527594031E-15,25.));
#11597 = DIRECTION('',(-1.224646799147E-16,-1.,0.));
#11598 = DIRECTION('',(-0.707106781187,8.659560562355E-17,
    -0.707106781187));
#11599 = DEFINITIONAL_REPRESENTATION('',(#11600),#11604);
#11600 = LINE('',#11601,#11602);
#11601 = CARTESIAN_POINT('',(-6.28318530718,-3.8));
#11602 = VECTOR('',#11603,1.);
#11603 = DIRECTION('',(1.,-0.));
#11604 = ( GEOMETRIC_REPRESENTATION_CONTEXT(2) 
PARAMETRIC_REPRESENTATION_CONTEXT() REPRESENTATION_CONTEXT('2D SPACE',''
  ) );
#11605 = ADVANCED_FACE('',(#11606),#11319,.T.);
#11606 = FACE_BOUND('',#11607,.T.);
#11607 = EDGE_LOOP('',(#11608,#11631,#11632,#11633));
#11608 = ORIENTED_EDGE('',*,*,#11609,.F.);
#11609 = EDGE_CURVE('',#11278,#11610,#11612,.T.);
#11610 = VERTEX_POINT('',#11611);
#11611 = CARTESIAN_POINT('',(-82.02081528017,-3.8,27.12132034356));
#11612 = SURFACE_CURVE('',#11613,(#11617,#11624),.PCURVE_S1.);
#11613 = LINE('',#11614,#11615);
#11614 = CARTESIAN_POINT('',(-70.,-3.8,39.142135623731));
#11615 = VECTOR('',#11616,1.);
#11616 = DIRECTION('',(-0.707106781187,8.659560562355E-17,
    -0.707106781187));
#11617 = PCURVE('',#11319,#11618);
#11618 = DEFINITIONAL_REPRESENTATION('',(#11619),#11623);
#11619 = LINE('',#11620,#11621);
#11620 = CARTESIAN_POINT('',(-6.58126602739E-16,7.6));
#11621 = VECTOR('',#11622,1.);
#11622 = DIRECTION('',(1.,0.));
#11623 = ( GEOMETRIC_REPRESENTATION_CONTEXT(2) 
PARAMETRIC_REPRESENTATION_CONTEXT() REPRESENTATION_CONTEXT('2D SPACE',''
  ) );
#11624 = PCURVE('',#11293,#11625);
#11625 = DEFINITIONAL_REPRESENTATION('',(#11626),#11630);
#11626 = LINE('',#11627,#11628);
#11627 = CARTESIAN_POINT('',(20.,1.7763568394E-15));
#11628 = VECTOR('',#11629,1.);
#11629 = DIRECTION('',(0.,1.));
#11630 = ( GEOMETRIC_REPRESENTATION_CONTEXT(2) 
PARAMETRIC_REPRESENTATION_CONTEXT() REPRESENTATION_CONTEXT('2D SPACE',''
  ) );
#11631 = ORIENTED_EDGE('',*,*,#11305,.F.);
#11632 = ORIENTED_EDGE('',*,*,#11386,.T.);
#11633 = ORIENTED_EDGE('',*,*,#11634,.T.);
#11634 = EDGE_CURVE('',#11387,#11610,#11635,.T.);
#11635 = SURFACE_CURVE('',#11636,(#11640,#11647),.PCURVE_S1.);
#11636 = LINE('',#11637,#11638);
#11637 = CARTESIAN_POINT('',(-82.02081528017,3.8,27.12132034356));
#11638 = VECTOR('',#11639,1.);
#11639 = DIRECTION('',(-1.224646799147E-16,-1.,0.));
#11640 = PCURVE('',#11319,#11641);
#11641 = DEFINITIONAL_REPRESENTATION('',(#11642),#11646);
#11642 = LINE('',#11643,#11644);
#11643 = CARTESIAN_POINT('',(17.,1.398576660502E-16));
#11644 = VECTOR('',#11645,1.);
#11645 = DIRECTION('',(0.,1.));
#11646 = ( GEOMETRIC_REPRESENTATION_CONTEXT(2) 
PARAMETRIC_REPRESENTATION_CONTEXT() REPRESENTATION_CONTEXT('2D SPACE',''
  ) );
#11647 = PCURVE('',#11425,#11648);
#11648 = DEFINITIONAL_REPRESENTATION('',(#11649),#11653);
#11649 = LINE('',#11650,#11651);
#11650 = CARTESIAN_POINT('',(3.,-2.597868168706E-16));
#11651 = VECTOR('',#11652,1.);
#11652 = DIRECTION('',(0.,-1.));
#11653 = ( GEOMETRIC_REPRESENTATION_CONTEXT(2) 
PARAMETRIC_REPRESENTATION_CONTEXT() REPRESENTATION_CONTEXT('2D SPACE',''
  ) );
#11654 = ADVANCED_FACE('',(#11655,#11841),#11293,.T.);
#11655 = FACE_BOUND('',#11656,.T.);
#11656 = EDGE_LOOP('',(#11657,#11682,#11703,#11704,#11705,#11728,#11751,
    #11774,#11797,#11820));
#11657 = ORIENTED_EDGE('',*,*,#11658,.F.);
#11658 = EDGE_CURVE('',#11659,#11661,#11663,.T.);
#11659 = VERTEX_POINT('',#11660);
#11660 = CARTESIAN_POINT('',(-70.,-3.8,10.857864376269));
#11661 = VERTEX_POINT('',#11662);
#11662 = CARTESIAN_POINT('',(-82.02081528017,-3.8,22.87867965644));
#11663 = SURFACE_CURVE('',#11664,(#11668,#11675),.PCURVE_S1.);
#11664 = LINE('',#11665,#11666);
#11665 = CARTESIAN_POINT('',(-70.,-3.8,10.857864376269));
#11666 = VECTOR('',#11667,1.);
#11667 = DIRECTION('',(-0.707106781187,8.659560562355E-17,0.707106781187
    ));
#11668 = PCURVE('',#11293,#11669);
#11669 = DEFINITIONAL_REPRESENTATION('',(#11670),#11674);
#11670 = LINE('',#11671,#11672);
#11671 = CARTESIAN_POINT('',(-1.7763568394E-15,20.));
#11672 = VECTOR('',#11673,1.);
#11673 = DIRECTION('',(1.,0.));
#11674 = ( GEOMETRIC_REPRESENTATION_CONTEXT(2) 
PARAMETRIC_REPRESENTATION_CONTEXT() REPRESENTATION_CONTEXT('2D SPACE',''
  ) );
#11675 = PCURVE('',#11352,#11676);
#11676 = DEFINITIONAL_REPRESENTATION('',(#11677),#11681);
#11677 = LINE('',#11678,#11679);
#11678 = CARTESIAN_POINT('',(-6.58126602739E-16,-7.6));
#11679 = VECTOR('',#11680,1.);
#11680 = DIRECTION('',(1.,0.));
#11681 = ( GEOMETRIC_REPRESENTATION_CONTEXT(2) 
PARAMETRIC_REPRESENTATION_CONTEXT() REPRESENTATION_CONTEXT('2D SPACE',''
  ) );
#11682 = ORIENTED_EDGE('',*,*,#11683,.F.);
#11683 = EDGE_CURVE('',#11250,#11659,#11684,.T.);
#11684 = SURFACE_CURVE('',#11685,(#11689,#11696),.PCURVE_S1.);
#11685 = LINE('',#11686,#11687);
#11686 = CARTESIAN_POINT('',(-55.85786437626,-3.8,25.));
#11687 = VECTOR('',#11688,1.);
#11688 = DIRECTION('',(-0.707106781187,8.659560562355E-17,
    -0.707106781187));
#11689 = PCURVE('',#11293,#11690);
#11690 = DEFINITIONAL_REPRESENTATION('',(#11691),#11695);
#11691 = LINE('',#11692,#11693);
#11692 = CARTESIAN_POINT('',(0.,0.));
#11693 = VECTOR('',#11694,1.);
#11694 = DIRECTION('',(0.,1.));
#11695 = ( GEOMETRIC_REPRESENTATION_CONTEXT(2) 
PARAMETRIC_REPRESENTATION_CONTEXT() REPRESENTATION_CONTEXT('2D SPACE',''
  ) );
#11696 = PCURVE('',#11265,#11697);
#11697 = DEFINITIONAL_REPRESENTATION('',(#11698),#11702);
#11698 = LINE('',#11699,#11700);
#11699 = CARTESIAN_POINT('',(-6.58126602739E-16,7.6));
#11700 = VECTOR('',#11701,1.);
#11701 = DIRECTION('',(1.,0.));
#11702 = ( GEOMETRIC_REPRESENTATION_CONTEXT(2) 
PARAMETRIC_REPRESENTATION_CONTEXT() REPRESENTATION_CONTEXT('2D SPACE',''
  ) );
#11703 = ORIENTED_EDGE('',*,*,#11277,.T.);
#11704 = ORIENTED_EDGE('',*,*,#11609,.T.);
#11705 = ORIENTED_EDGE('',*,*,#11706,.T.);
#11706 = EDGE_CURVE('',#11610,#11707,#11709,.T.);
#11707 = VERTEX_POINT('',#11708);
#11708 = CARTESIAN_POINT('',(-82.72792206135,-3.8,27.828427124746));
#11709 = SURFACE_CURVE('',#11710,(#11714,#11721),.PCURVE_S1.);
#11710 = LINE('',#11711,#11712);
#11711 = CARTESIAN_POINT('',(-79.89949493661,-3.8,25.));
#11712 = VECTOR('',#11713,1.);
#11713 = DIRECTION('',(-0.707106781187,8.659560562355E-17,0.707106781187
    ));
#11714 = PCURVE('',#11293,#11715);
#11715 = DEFINITIONAL_REPRESENTATION('',(#11716),#11720);
#11716 = LINE('',#11717,#11718);
#11717 = CARTESIAN_POINT('',(17.,17.));
#11718 = VECTOR('',#11719,1.);
#11719 = DIRECTION('',(1.,0.));
#11720 = ( GEOMETRIC_REPRESENTATION_CONTEXT(2) 
PARAMETRIC_REPRESENTATION_CONTEXT() REPRESENTATION_CONTEXT('2D SPACE',''
  ) );
#11721 = PCURVE('',#11425,#11722);
#11722 = DEFINITIONAL_REPRESENTATION('',(#11723),#11727);
#11723 = LINE('',#11724,#11725);
#11724 = CARTESIAN_POINT('',(-6.58126602739E-16,-7.6));
#11725 = VECTOR('',#11726,1.);
#11726 = DIRECTION('',(1.,0.));
#11727 = ( GEOMETRIC_REPRESENTATION_CONTEXT(2) 
PARAMETRIC_REPRESENTATION_CONTEXT() REPRESENTATION_CONTEXT('2D SPACE',''
  ) );
#11728 = ORIENTED_EDGE('',*,*,#11729,.T.);
#11729 = EDGE_CURVE('',#11707,#11730,#11732,.T.);
#11730 = VERTEX_POINT('',#11731);
#11731 = CARTESIAN_POINT('',(-86.26345596729,-3.8,24.292893218813));
#11732 = SURFACE_CURVE('',#11733,(#11737,#11744),.PCURVE_S1.);
#11733 = LINE('',#11734,#11735);
#11734 = CARTESIAN_POINT('',(-82.72792206135,-3.8,27.828427124746));
#11735 = VECTOR('',#11736,1.);
#11736 = DIRECTION('',(-0.707106781187,8.659560562355E-17,
    -0.707106781187));
#11737 = PCURVE('',#11293,#11738);
#11738 = DEFINITIONAL_REPRESENTATION('',(#11739),#11743);
#11739 = LINE('',#11740,#11741);
#11740 = CARTESIAN_POINT('',(21.,17.));
#11741 = VECTOR('',#11742,1.);
#11742 = DIRECTION('',(0.,1.));
#11743 = ( GEOMETRIC_REPRESENTATION_CONTEXT(2) 
PARAMETRIC_REPRESENTATION_CONTEXT() REPRESENTATION_CONTEXT('2D SPACE',''
  ) );
#11744 = PCURVE('',#11453,#11745);
#11745 = DEFINITIONAL_REPRESENTATION('',(#11746),#11750);
#11746 = LINE('',#11747,#11748);
#11747 = CARTESIAN_POINT('',(-6.58126602739E-16,7.6));
#11748 = VECTOR('',#11749,1.);
#11749 = DIRECTION('',(1.,0.));
#11750 = ( GEOMETRIC_REPRESENTATION_CONTEXT(2) 
PARAMETRIC_REPRESENTATION_CONTEXT() REPRESENTATION_CONTEXT('2D SPACE',''
  ) );
#11751 = ORIENTED_EDGE('',*,*,#11752,.T.);
#11752 = EDGE_CURVE('',#11730,#11753,#11755,.T.);
#11753 = VERTEX_POINT('',#11754);
#11754 = CARTESIAN_POINT('',(-84.14213562373,-3.8,22.171572875254));
#11755 = SURFACE_CURVE('',#11756,(#11760,#11767),.PCURVE_S1.);
#11756 = LINE('',#11757,#11758);
#11757 = CARTESIAN_POINT('',(-77.77817459305,-3.8,15.807611844575));
#11758 = VECTOR('',#11759,1.);
#11759 = DIRECTION('',(0.707106781187,-8.659560562355E-17,
    -0.707106781187));
#11760 = PCURVE('',#11293,#11761);
#11761 = DEFINITIONAL_REPRESENTATION('',(#11762),#11766);
#11762 = LINE('',#11763,#11764);
#11763 = CARTESIAN_POINT('',(9.,22.));
#11764 = VECTOR('',#11765,1.);
#11765 = DIRECTION('',(-1.,0.));
#11766 = ( GEOMETRIC_REPRESENTATION_CONTEXT(2) 
PARAMETRIC_REPRESENTATION_CONTEXT() REPRESENTATION_CONTEXT('2D SPACE',''
  ) );
#11767 = PCURVE('',#11481,#11768);
#11768 = DEFINITIONAL_REPRESENTATION('',(#11769),#11773);
#11769 = LINE('',#11770,#11771);
#11770 = CARTESIAN_POINT('',(-9.,-21.8));
#11771 = VECTOR('',#11772,1.);
#11772 = DIRECTION('',(-1.,0.));
#11773 = ( GEOMETRIC_REPRESENTATION_CONTEXT(2) 
PARAMETRIC_REPRESENTATION_CONTEXT() REPRESENTATION_CONTEXT('2D SPACE',''
  ) );
#11774 = ORIENTED_EDGE('',*,*,#11775,.T.);
#11775 = EDGE_CURVE('',#11753,#11776,#11778,.T.);
#11776 = VERTEX_POINT('',#11777);
#11777 = CARTESIAN_POINT('',(-86.26345596729,-3.8,20.050252531694));
#11778 = SURFACE_CURVE('',#11779,(#11783,#11790),.PCURVE_S1.);
#11779 = LINE('',#11780,#11781);
#11780 = CARTESIAN_POINT('',(-76.36396103067,-3.8,29.949747468306));
#11781 = VECTOR('',#11782,1.);
#11782 = DIRECTION('',(-0.707106781187,8.659560562355E-17,
    -0.707106781187));
#11783 = PCURVE('',#11293,#11784);
#11784 = DEFINITIONAL_REPRESENTATION('',(#11785),#11789);
#11785 = LINE('',#11786,#11787);
#11786 = CARTESIAN_POINT('',(18.,11.));
#11787 = VECTOR('',#11788,1.);
#11788 = DIRECTION('',(0.,1.));
#11789 = ( GEOMETRIC_REPRESENTATION_CONTEXT(2) 
PARAMETRIC_REPRESENTATION_CONTEXT() REPRESENTATION_CONTEXT('2D SPACE',''
  ) );
#11790 = PCURVE('',#11509,#11791);
#11791 = DEFINITIONAL_REPRESENTATION('',(#11792),#11796);
#11792 = LINE('',#11793,#11794);
#11793 = CARTESIAN_POINT('',(-11.,21.8));
#11794 = VECTOR('',#11795,1.);
#11795 = DIRECTION('',(1.,0.));
#11796 = ( GEOMETRIC_REPRESENTATION_CONTEXT(2) 
PARAMETRIC_REPRESENTATION_CONTEXT() REPRESENTATION_CONTEXT('2D SPACE',''
  ) );
#11797 = ORIENTED_EDGE('',*,*,#11798,.F.);
#11798 = EDGE_CURVE('',#11799,#11776,#11801,.T.);
#11799 = VERTEX_POINT('',#11800);
#11800 = CARTESIAN_POINT('',(-85.5563491861,-3.8,19.343145750508));
#11801 = SURFACE_CURVE('',#11802,(#11806,#11813),.PCURVE_S1.);
#11802 = LINE('',#11803,#11804);
#11803 = CARTESIAN_POINT('',(-85.5563491861,-3.8,19.343145750508));
#11804 = VECTOR('',#11805,1.);
#11805 = DIRECTION('',(-0.707106781187,8.659560562355E-17,0.707106781187
    ));
#11806 = PCURVE('',#11293,#11807);
#11807 = DEFINITIONAL_REPRESENTATION('',(#11808),#11812);
#11808 = LINE('',#11809,#11810);
#11809 = CARTESIAN_POINT('',(17.,25.));
#11810 = VECTOR('',#11811,1.);
#11811 = DIRECTION('',(1.,0.));
#11812 = ( GEOMETRIC_REPRESENTATION_CONTEXT(2) 
PARAMETRIC_REPRESENTATION_CONTEXT() REPRESENTATION_CONTEXT('2D SPACE',''
  ) );
#11813 = PCURVE('',#11537,#11814);
#11814 = DEFINITIONAL_REPRESENTATION('',(#11815),#11819);
#11815 = LINE('',#11816,#11817);
#11816 = CARTESIAN_POINT('',(-6.58126602739E-16,-7.6));
#11817 = VECTOR('',#11818,1.);
#11818 = DIRECTION('',(1.,0.));
#11819 = ( GEOMETRIC_REPRESENTATION_CONTEXT(2) 
PARAMETRIC_REPRESENTATION_CONTEXT() REPRESENTATION_CONTEXT('2D SPACE',''
  ) );
#11820 = ORIENTED_EDGE('',*,*,#11821,.F.);
#11821 = EDGE_CURVE('',#11661,#11799,#11822,.T.);
#11822 = SURFACE_CURVE('',#11823,(#11827,#11834),.PCURVE_S1.);
#11823 = LINE('',#11824,#11825);
#11824 = CARTESIAN_POINT('',(-79.89949493661,-3.8,25.));
#11825 = VECTOR('',#11826,1.);
#11826 = DIRECTION('',(-0.707106781187,8.659560562355E-17,
    -0.707106781187));
#11827 = PCURVE('',#11293,#11828);
#11828 = DEFINITIONAL_REPRESENTATION('',(#11829),#11833);
#11829 = LINE('',#11830,#11831);
#11830 = CARTESIAN_POINT('',(17.,17.));
#11831 = VECTOR('',#11832,1.);
#11832 = DIRECTION('',(0.,1.));
#11833 = ( GEOMETRIC_REPRESENTATION_CONTEXT(2) 
PARAMETRIC_REPRESENTATION_CONTEXT() REPRESENTATION_CONTEXT('2D SPACE',''
  ) );
#11834 = PCURVE('',#11563,#11835);
#11835 = DEFINITIONAL_REPRESENTATION('',(#11836),#11840);
#11836 = LINE('',#11837,#11838);
#11837 = CARTESIAN_POINT('',(-6.58126602739E-16,7.6));
#11838 = VECTOR('',#11839,1.);
#11839 = DIRECTION('',(1.,0.));
#11840 = ( GEOMETRIC_REPRESENTATION_CONTEXT(2) 
PARAMETRIC_REPRESENTATION_CONTEXT() REPRESENTATION_CONTEXT('2D SPACE',''
  ) );
#11841 = FACE_BOUND('',#11842,.T.);
#11842 = EDGE_LOOP('',(#11843));
#11843 = ORIENTED_EDGE('',*,*,#11844,.T.);
#11844 = EDGE_CURVE('',#11845,#11845,#11847,.T.);
#11845 = VERTEX_POINT('',#11846);
#11846 = CARTESIAN_POINT('',(-71.55563491861,-3.8,23.44436508139));
#11847 = SURFACE_CURVE('',#11848,(#11853,#11864),.PCURVE_S1.);
#11848 = CIRCLE('',#11849,2.2);
#11849 = AXIS2_PLACEMENT_3D('',#11850,#11851,#11852);
#11850 = CARTESIAN_POINT('',(-70.,-3.8,25.));
#11851 = DIRECTION('',(1.224646799147E-16,1.,0.));
#11852 = DIRECTION('',(-0.707106781187,8.659560562355E-17,
    -0.707106781187));
#11853 = PCURVE('',#11293,#11854);
#11854 = DEFINITIONAL_REPRESENTATION('',(#11855),#11863);
#11855 = ( BOUNDED_CURVE() B_SPLINE_CURVE(2,(#11856,#11857,#11858,#11859
    ,#11860,#11861,#11862),.UNSPECIFIED.,.T.,.F.) 
B_SPLINE_CURVE_WITH_KNOTS((1,2,2,2,2,1),(-2.094395102393,0.,
    2.094395102393,4.188790204786,6.28318530718,8.377580409573),
.UNSPECIFIED.) CURVE() GEOMETRIC_REPRESENTATION_ITEM() 
RATIONAL_B_SPLINE_CURVE((1.,0.5,1.,0.5,1.,0.5,1.)) REPRESENTATION_ITEM(
  '') );
#11856 = CARTESIAN_POINT('',(10.,12.2));
#11857 = CARTESIAN_POINT('',(13.810511776652,12.2));
#11858 = CARTESIAN_POINT('',(11.905255888326,8.9));
#11859 = CARTESIAN_POINT('',(10.,5.6));
#11860 = CARTESIAN_POINT('',(8.094744111674,8.9));
#11861 = CARTESIAN_POINT('',(6.189488223348,12.2));
#11862 = CARTESIAN_POINT('',(10.,12.2));
#11863 = ( GEOMETRIC_REPRESENTATION_CONTEXT(2) 
PARAMETRIC_REPRESENTATION_CONTEXT() REPRESENTATION_CONTEXT('2D SPACE',''
  ) );
#11864 = PCURVE('',#11865,#11870);
#11865 = CYLINDRICAL_SURFACE('',#11866,2.2);
#11866 = AXIS2_PLACEMENT_3D('',#11867,#11868,#11869);
#11867 = CARTESIAN_POINT('',(-70.,8.572527594031E-15,25.));
#11868 = DIRECTION('',(1.224646799147E-16,1.,0.));
#11869 = DIRECTION('',(-0.707106781187,8.659560562355E-17,
    -0.707106781187));
#11870 = DEFINITIONAL_REPRESENTATION('',(#11871),#11875);
#11871 = LINE('',#11872,#11873);
#11872 = CARTESIAN_POINT('',(0.,-3.8));
#11873 = VECTOR('',#11874,1.);
#11874 = DIRECTION('',(1.,0.));
#11875 = ( GEOMETRIC_REPRESENTATION_CONTEXT(2) 
PARAMETRIC_REPRESENTATION_CONTEXT() REPRESENTATION_CONTEXT('2D SPACE',''
  ) );
#11876 = ADVANCED_FACE('',(#11877),#11265,.F.);
#11877 = FACE_BOUND('',#11878,.F.);
#11878 = EDGE_LOOP('',(#11879,#11880,#11881,#11902));
#11879 = ORIENTED_EDGE('',*,*,#11249,.F.);
#11880 = ORIENTED_EDGE('',*,*,#11364,.T.);
#11881 = ORIENTED_EDGE('',*,*,#11882,.T.);
#11882 = EDGE_CURVE('',#11335,#11659,#11883,.T.);
#11883 = SURFACE_CURVE('',#11884,(#11888,#11895),.PCURVE_S1.);
#11884 = LINE('',#11885,#11886);
#11885 = CARTESIAN_POINT('',(-70.,3.8,10.857864376269));
#11886 = VECTOR('',#11887,1.);
#11887 = DIRECTION('',(-1.224646799147E-16,-1.,0.));
#11888 = PCURVE('',#11265,#11889);
#11889 = DEFINITIONAL_REPRESENTATION('',(#11890),#11894);
#11890 = LINE('',#11891,#11892);
#11891 = CARTESIAN_POINT('',(20.,-4.444472692926E-17));
#11892 = VECTOR('',#11893,1.);
#11893 = DIRECTION('',(0.,1.));
#11894 = ( GEOMETRIC_REPRESENTATION_CONTEXT(2) 
PARAMETRIC_REPRESENTATION_CONTEXT() REPRESENTATION_CONTEXT('2D SPACE',''
  ) );
#11895 = PCURVE('',#11352,#11896);
#11896 = DEFINITIONAL_REPRESENTATION('',(#11897),#11901);
#11897 = LINE('',#11898,#11899);
#11898 = CARTESIAN_POINT('',(0.,0.));
#11899 = VECTOR('',#11900,1.);
#11900 = DIRECTION('',(0.,-1.));
#11901 = ( GEOMETRIC_REPRESENTATION_CONTEXT(2) 
PARAMETRIC_REPRESENTATION_CONTEXT() REPRESENTATION_CONTEXT('2D SPACE',''
  ) );
#11902 = ORIENTED_EDGE('',*,*,#11683,.F.);
#11903 = ADVANCED_FACE('',(#11904),#11352,.T.);
#11904 = FACE_BOUND('',#11905,.T.);
#11905 = EDGE_LOOP('',(#11906,#11907,#11908,#11909));
#11906 = ORIENTED_EDGE('',*,*,#11334,.F.);
#11907 = ORIENTED_EDGE('',*,*,#11882,.T.);
#11908 = ORIENTED_EDGE('',*,*,#11658,.T.);
#11909 = ORIENTED_EDGE('',*,*,#11910,.T.);
#11910 = EDGE_CURVE('',#11661,#11337,#11911,.T.);
#11911 = SURFACE_CURVE('',#11912,(#11916,#11923),.PCURVE_S1.);
#11912 = LINE('',#11913,#11914);
#11913 = CARTESIAN_POINT('',(-82.02081528017,3.8,22.87867965644));
#11914 = VECTOR('',#11915,1.);
#11915 = DIRECTION('',(1.224646799147E-16,1.,0.));
#11916 = PCURVE('',#11352,#11917);
#11917 = DEFINITIONAL_REPRESENTATION('',(#11918),#11922);
#11918 = LINE('',#11919,#11920);
#11919 = CARTESIAN_POINT('',(17.,-1.398576660502E-16));
#11920 = VECTOR('',#11921,1.);
#11921 = DIRECTION('',(0.,1.));
#11922 = ( GEOMETRIC_REPRESENTATION_CONTEXT(2) 
PARAMETRIC_REPRESENTATION_CONTEXT() REPRESENTATION_CONTEXT('2D SPACE',''
  ) );
#11923 = PCURVE('',#11563,#11924);
#11924 = DEFINITIONAL_REPRESENTATION('',(#11925),#11929);
#11925 = LINE('',#11926,#11927);
#11926 = CARTESIAN_POINT('',(3.,2.597868168706E-16));
#11927 = VECTOR('',#11928,1.);
#11928 = DIRECTION('',(0.,-1.));
#11929 = ( GEOMETRIC_REPRESENTATION_CONTEXT(2) 
PARAMETRIC_REPRESENTATION_CONTEXT() REPRESENTATION_CONTEXT('2D SPACE',''
  ) );
#11930 = ADVANCED_FACE('',(#11931),#11563,.F.);
#11931 = FACE_BOUND('',#11932,.F.);
#11932 = EDGE_LOOP('',(#11933,#11934,#11935,#11936));
#11933 = ORIENTED_EDGE('',*,*,#11821,.F.);
#11934 = ORIENTED_EDGE('',*,*,#11910,.T.);
#11935 = ORIENTED_EDGE('',*,*,#11549,.T.);
#11936 = ORIENTED_EDGE('',*,*,#11937,.T.);
#11937 = EDGE_CURVE('',#11522,#11799,#11938,.T.);
#11938 = SURFACE_CURVE('',#11939,(#11943,#11950),.PCURVE_S1.);
#11939 = LINE('',#11940,#11941);
#11940 = CARTESIAN_POINT('',(-85.5563491861,3.8,19.343145750508));
#11941 = VECTOR('',#11942,1.);
#11942 = DIRECTION('',(-1.224646799147E-16,-1.,0.));
#11943 = PCURVE('',#11563,#11944);
#11944 = DEFINITIONAL_REPRESENTATION('',(#11945),#11949);
#11945 = LINE('',#11946,#11947);
#11946 = CARTESIAN_POINT('',(8.,2.486756351383E-16));
#11947 = VECTOR('',#11948,1.);
#11948 = DIRECTION('',(0.,1.));
#11949 = ( GEOMETRIC_REPRESENTATION_CONTEXT(2) 
PARAMETRIC_REPRESENTATION_CONTEXT() REPRESENTATION_CONTEXT('2D SPACE',''
  ) );
#11950 = PCURVE('',#11537,#11951);
#11951 = DEFINITIONAL_REPRESENTATION('',(#11952),#11956);
#11952 = LINE('',#11953,#11954);
#11953 = CARTESIAN_POINT('',(0.,0.));
#11954 = VECTOR('',#11955,1.);
#11955 = DIRECTION('',(0.,-1.));
#11956 = ( GEOMETRIC_REPRESENTATION_CONTEXT(2) 
PARAMETRIC_REPRESENTATION_CONTEXT() REPRESENTATION_CONTEXT('2D SPACE',''
  ) );
#11957 = ADVANCED_FACE('',(#11958),#11537,.T.);
#11958 = FACE_BOUND('',#11959,.T.);
#11959 = EDGE_LOOP('',(#11960,#11961,#11962,#11963));
#11960 = ORIENTED_EDGE('',*,*,#11521,.F.);
#11961 = ORIENTED_EDGE('',*,*,#11937,.T.);
#11962 = ORIENTED_EDGE('',*,*,#11798,.T.);
#11963 = ORIENTED_EDGE('',*,*,#11964,.T.);
#11964 = EDGE_CURVE('',#11776,#11494,#11965,.T.);
#11965 = SURFACE_CURVE('',#11966,(#11970,#11977),.PCURVE_S1.);
#11966 = LINE('',#11967,#11968);
#11967 = CARTESIAN_POINT('',(-86.26345596729,10.9,20.050252531694));
#11968 = VECTOR('',#11969,1.);
#11969 = DIRECTION('',(1.224646799147E-16,1.,0.));
#11970 = PCURVE('',#11537,#11971);
#11971 = DEFINITIONAL_REPRESENTATION('',(#11972),#11976);
#11972 = LINE('',#11973,#11974);
#11973 = CARTESIAN_POINT('',(1.,7.1));
#11974 = VECTOR('',#11975,1.);
#11975 = DIRECTION('',(0.,1.));
#11976 = ( GEOMETRIC_REPRESENTATION_CONTEXT(2) 
PARAMETRIC_REPRESENTATION_CONTEXT() REPRESENTATION_CONTEXT('2D SPACE',''
  ) );
#11977 = PCURVE('',#11509,#11978);
#11978 = DEFINITIONAL_REPRESENTATION('',(#11979),#11983);
#11979 = LINE('',#11980,#11981);
#11980 = CARTESIAN_POINT('',(3.,7.1));
#11981 = VECTOR('',#11982,1.);
#11982 = DIRECTION('',(0.,-1.));
#11983 = ( GEOMETRIC_REPRESENTATION_CONTEXT(2) 
PARAMETRIC_REPRESENTATION_CONTEXT() REPRESENTATION_CONTEXT('2D SPACE',''
  ) );
#11984 = ADVANCED_FACE('',(#11985,#12118,#12153),#11509,.F.);
#11985 = FACE_BOUND('',#11986,.F.);
#11986 = EDGE_LOOP('',(#11987,#12010,#12038,#12066,#12094,#12115,#12116,
    #12117));
#11987 = ORIENTED_EDGE('',*,*,#11988,.F.);
#11988 = EDGE_CURVE('',#11989,#11466,#11991,.T.);
#11989 = VERTEX_POINT('',#11990);
#11990 = CARTESIAN_POINT('',(-84.14213562373,18.,22.171572875254));
#11991 = SURFACE_CURVE('',#11992,(#11996,#12003),.PCURVE_S1.);
#11992 = LINE('',#11993,#11994);
#11993 = CARTESIAN_POINT('',(-84.14213562373,18.,22.171572875254));
#11994 = VECTOR('',#11995,1.);
#11995 = DIRECTION('',(-1.224646799147E-16,-1.,0.));
#11996 = PCURVE('',#11509,#11997);
#11997 = DEFINITIONAL_REPRESENTATION('',(#11998),#12002);
#11998 = LINE('',#11999,#12000);
#11999 = CARTESIAN_POINT('',(0.,0.));
#12000 = VECTOR('',#12001,1.);
#12001 = DIRECTION('',(0.,1.));
#12002 = ( GEOMETRIC_REPRESENTATION_CONTEXT(2) 
PARAMETRIC_REPRESENTATION_CONTEXT() REPRESENTATION_CONTEXT('2D SPACE',''
  ) );
#12003 = PCURVE('',#11481,#12004);
#12004 = DEFINITIONAL_REPRESENTATION('',(#12005),#12009);
#12005 = LINE('',#12006,#12007);
#12006 = CARTESIAN_POINT('',(0.,0.));
#12007 = VECTOR('',#12008,1.);
#12008 = DIRECTION('',(0.,-1.));
#12009 = ( GEOMETRIC_REPRESENTATION_CONTEXT(2) 
PARAMETRIC_REPRESENTATION_CONTEXT() REPRESENTATION_CONTEXT('2D SPACE',''
  ) );
#12010 = ORIENTED_EDGE('',*,*,#12011,.T.);
#12011 = EDGE_CURVE('',#11989,#12012,#12014,.T.);
#12012 = VERTEX_POINT('',#12013);
#12013 = CARTESIAN_POINT('',(-111.0121933088,18.,-4.698484809835));
#12014 = SURFACE_CURVE('',#12015,(#12019,#12026),.PCURVE_S1.);
#12015 = LINE('',#12016,#12017);
#12016 = CARTESIAN_POINT('',(-84.14213562373,18.,22.171572875254));
#12017 = VECTOR('',#12018,1.);
#12018 = DIRECTION('',(-0.707106781187,8.659560562355E-17,
    -0.707106781187));
#12019 = PCURVE('',#11509,#12020);
#12020 = DEFINITIONAL_REPRESENTATION('',(#12021),#12025);
#12021 = LINE('',#12022,#12023);
#12022 = CARTESIAN_POINT('',(0.,0.));
#12023 = VECTOR('',#12024,1.);
#12024 = DIRECTION('',(1.,0.));
#12025 = ( GEOMETRIC_REPRESENTATION_CONTEXT(2) 
PARAMETRIC_REPRESENTATION_CONTEXT() REPRESENTATION_CONTEXT('2D SPACE',''
  ) );
#12026 = PCURVE('',#12027,#12032);
#12027 = PLANE('',#12028);
#12028 = AXIS2_PLACEMENT_3D('',#12029,#12030,#12031);
#12029 = CARTESIAN_POINT('',(-84.14213562373,18.,22.171572875254));
#12030 = DIRECTION('',(-1.224646799147E-16,-1.,0.));
#12031 = DIRECTION('',(-0.707106781187,8.659560562355E-17,0.707106781187
    ));
#12032 = DEFINITIONAL_REPRESENTATION('',(#12033),#12037);
#12033 = LINE('',#12034,#12035);
#12034 = CARTESIAN_POINT('',(0.,0.));
#12035 = VECTOR('',#12036,1.);
#12036 = DIRECTION('',(0.,1.));
#12037 = ( GEOMETRIC_REPRESENTATION_CONTEXT(2) 
PARAMETRIC_REPRESENTATION_CONTEXT() REPRESENTATION_CONTEXT('2D SPACE',''
  ) );
#12038 = ORIENTED_EDGE('',*,*,#12039,.T.);
#12039 = EDGE_CURVE('',#12012,#12040,#12042,.T.);
#12040 = VERTEX_POINT('',#12041);
#12041 = CARTESIAN_POINT('',(-111.0121933088,-18.,-4.698484809835));
#12042 = SURFACE_CURVE('',#12043,(#12047,#12054),.PCURVE_S1.);
#12043 = LINE('',#12044,#12045);
#12044 = CARTESIAN_POINT('',(-111.0121933088,18.,-4.698484809835));
#12045 = VECTOR('',#12046,1.);
#12046 = DIRECTION('',(-1.224646799147E-16,-1.,0.));
#12047 = PCURVE('',#11509,#12048);
#12048 = DEFINITIONAL_REPRESENTATION('',(#12049),#12053);
#12049 = LINE('',#12050,#12051);
#12050 = CARTESIAN_POINT('',(38.,-2.620806651056E-16));
#12051 = VECTOR('',#12052,1.);
#12052 = DIRECTION('',(0.,1.));
#12053 = ( GEOMETRIC_REPRESENTATION_CONTEXT(2) 
PARAMETRIC_REPRESENTATION_CONTEXT() REPRESENTATION_CONTEXT('2D SPACE',''
  ) );
#12054 = PCURVE('',#12055,#12060);
#12055 = PLANE('',#12056);
#12056 = AXIS2_PLACEMENT_3D('',#12057,#12058,#12059);
#12057 = CARTESIAN_POINT('',(-111.0121933088,18.,-4.698484809835));
#12058 = DIRECTION('',(-0.707106781187,8.659560562355E-17,
    -0.707106781187));
#12059 = DIRECTION('',(-0.707106781187,8.659560562355E-17,0.707106781187
    ));
#12060 = DEFINITIONAL_REPRESENTATION('',(#12061),#12065);
#12061 = LINE('',#12062,#12063);
#12062 = CARTESIAN_POINT('',(0.,0.));
#12063 = VECTOR('',#12064,1.);
#12064 = DIRECTION('',(0.,-1.));
#12065 = ( GEOMETRIC_REPRESENTATION_CONTEXT(2) 
PARAMETRIC_REPRESENTATION_CONTEXT() REPRESENTATION_CONTEXT('2D SPACE',''
  ) );
#12066 = ORIENTED_EDGE('',*,*,#12067,.F.);
#12067 = EDGE_CURVE('',#12068,#12040,#12070,.T.);
#12068 = VERTEX_POINT('',#12069);
#12069 = CARTESIAN_POINT('',(-84.14213562373,-18.,22.171572875254));
#12070 = SURFACE_CURVE('',#12071,(#12075,#12082),.PCURVE_S1.);
#12071 = LINE('',#12072,#12073);
#12072 = CARTESIAN_POINT('',(-84.14213562373,-18.,22.171572875254));
#12073 = VECTOR('',#12074,1.);
#12074 = DIRECTION('',(-0.707106781187,8.659560562355E-17,
    -0.707106781187));
#12075 = PCURVE('',#11509,#12076);
#12076 = DEFINITIONAL_REPRESENTATION('',(#12077),#12081);
#12077 = LINE('',#12078,#12079);
#12078 = CARTESIAN_POINT('',(-5.629589736342E-15,36.));
#12079 = VECTOR('',#12080,1.);
#12080 = DIRECTION('',(1.,0.));
#12081 = ( GEOMETRIC_REPRESENTATION_CONTEXT(2) 
PARAMETRIC_REPRESENTATION_CONTEXT() REPRESENTATION_CONTEXT('2D SPACE',''
  ) );
#12082 = PCURVE('',#12083,#12088);
#12083 = PLANE('',#12084);
#12084 = AXIS2_PLACEMENT_3D('',#12085,#12086,#12087);
#12085 = CARTESIAN_POINT('',(-84.14213562373,-18.,22.171572875254));
#12086 = DIRECTION('',(-1.224646799147E-16,-1.,0.));
#12087 = DIRECTION('',(-0.707106781187,8.659560562355E-17,0.707106781187
    ));
#12088 = DEFINITIONAL_REPRESENTATION('',(#12089),#12093);
#12089 = LINE('',#12090,#12091);
#12090 = CARTESIAN_POINT('',(0.,0.));
#12091 = VECTOR('',#12092,1.);
#12092 = DIRECTION('',(0.,1.));
#12093 = ( GEOMETRIC_REPRESENTATION_CONTEXT(2) 
PARAMETRIC_REPRESENTATION_CONTEXT() REPRESENTATION_CONTEXT('2D SPACE',''
  ) );
#12094 = ORIENTED_EDGE('',*,*,#12095,.F.);
#12095 = EDGE_CURVE('',#11753,#12068,#12096,.T.);
#12096 = SURFACE_CURVE('',#12097,(#12101,#12108),.PCURVE_S1.);
#12097 = LINE('',#12098,#12099);
#12098 = CARTESIAN_POINT('',(-84.14213562373,18.,22.171572875254));
#12099 = VECTOR('',#12100,1.);
#12100 = DIRECTION('',(-1.224646799147E-16,-1.,0.));
#12101 = PCURVE('',#11509,#12102);
#12102 = DEFINITIONAL_REPRESENTATION('',(#12103),#12107);
#12103 = LINE('',#12104,#12105);
#12104 = CARTESIAN_POINT('',(0.,0.));
#12105 = VECTOR('',#12106,1.);
#12106 = DIRECTION('',(0.,1.));
#12107 = ( GEOMETRIC_REPRESENTATION_CONTEXT(2) 
PARAMETRIC_REPRESENTATION_CONTEXT() REPRESENTATION_CONTEXT('2D SPACE',''
  ) );
#12108 = PCURVE('',#11481,#12109);
#12109 = DEFINITIONAL_REPRESENTATION('',(#12110),#12114);
#12110 = LINE('',#12111,#12112);
#12111 = CARTESIAN_POINT('',(0.,0.));
#12112 = VECTOR('',#12113,1.);
#12113 = DIRECTION('',(0.,-1.));
#12114 = ( GEOMETRIC_REPRESENTATION_CONTEXT(2) 
PARAMETRIC_REPRESENTATION_CONTEXT() REPRESENTATION_CONTEXT('2D SPACE',''
  ) );
#12115 = ORIENTED_EDGE('',*,*,#11775,.T.);
#12116 = ORIENTED_EDGE('',*,*,#11964,.T.);
#12117 = ORIENTED_EDGE('',*,*,#11493,.F.);
#12118 = FACE_BOUND('',#12119,.F.);
#12119 = EDGE_LOOP('',(#12120));
#12120 = ORIENTED_EDGE('',*,*,#12121,.T.);
#12121 = EDGE_CURVE('',#12122,#12122,#12124,.T.);
#12122 = VERTEX_POINT('',#12123);
#12123 = CARTESIAN_POINT('',(-105.9917351623,7.5,0.321973336589));
#12124 = SURFACE_CURVE('',#12125,(#12130,#12141),.PCURVE_S1.);
#12125 = CIRCLE('',#12126,1.7);
#12126 = AXIS2_PLACEMENT_3D('',#12127,#12128,#12129);
#12127 = CARTESIAN_POINT('',(-104.7896536343,7.5,1.524054864607));
#12128 = DIRECTION('',(0.707106781187,-8.659560562355E-17,
    -0.707106781187));
#12129 = DIRECTION('',(-0.707106781187,8.659560562355E-17,
    -0.707106781187));
#12130 = PCURVE('',#11509,#12131);
#12131 = DEFINITIONAL_REPRESENTATION('',(#12132),#12140);
#12132 = ( BOUNDED_CURVE() B_SPLINE_CURVE(2,(#12133,#12134,#12135,#12136
    ,#12137,#12138,#12139),.UNSPECIFIED.,.T.,.F.) 
B_SPLINE_CURVE_WITH_KNOTS((1,2,2,2,2,1),(-2.094395102393,0.,
    2.094395102393,4.188790204786,6.28318530718,8.377580409573),
.UNSPECIFIED.) CURVE() GEOMETRIC_REPRESENTATION_ITEM() 
RATIONAL_B_SPLINE_CURVE((1.,0.5,1.,0.5,1.,0.5,1.)) REPRESENTATION_ITEM(
  '') );
#12133 = CARTESIAN_POINT('',(30.9,10.5));
#12134 = CARTESIAN_POINT('',(30.9,7.555513627133));
#12135 = CARTESIAN_POINT('',(28.35,9.027756813566));
#12136 = CARTESIAN_POINT('',(25.8,10.5));
#12137 = CARTESIAN_POINT('',(28.35,11.972243186434));
#12138 = CARTESIAN_POINT('',(30.9,13.444486372867));
#12139 = CARTESIAN_POINT('',(30.9,10.5));
#12140 = ( GEOMETRIC_REPRESENTATION_CONTEXT(2) 
PARAMETRIC_REPRESENTATION_CONTEXT() REPRESENTATION_CONTEXT('2D SPACE',''
  ) );
#12141 = PCURVE('',#12142,#12147);
#12142 = CYLINDRICAL_SURFACE('',#12143,1.7);
#12143 = AXIS2_PLACEMENT_3D('',#12144,#12145,#12146);
#12144 = CARTESIAN_POINT('',(-102.6683332908,7.5,-0.597265478953));
#12145 = DIRECTION('',(0.707106781187,-8.659560562355E-17,
    -0.707106781187));
#12146 = DIRECTION('',(-0.707106781187,8.659560562355E-17,
    -0.707106781187));
#12147 = DEFINITIONAL_REPRESENTATION('',(#12148),#12152);
#12148 = LINE('',#12149,#12150);
#12149 = CARTESIAN_POINT('',(-6.28318530718,-3.));
#12150 = VECTOR('',#12151,1.);
#12151 = DIRECTION('',(1.,-0.));
#12152 = ( GEOMETRIC_REPRESENTATION_CONTEXT(2) 
PARAMETRIC_REPRESENTATION_CONTEXT() REPRESENTATION_CONTEXT('2D SPACE',''
  ) );
#12153 = FACE_BOUND('',#12154,.F.);
#12154 = EDGE_LOOP('',(#12155));
#12155 = ORIENTED_EDGE('',*,*,#12156,.T.);
#12156 = EDGE_CURVE('',#12157,#12157,#12159,.T.);
#12157 = VERTEX_POINT('',#12158);
#12158 = CARTESIAN_POINT('',(-105.9917351623,-7.5,0.321973336589));
#12159 = SURFACE_CURVE('',#12160,(#12165,#12176),.PCURVE_S1.);
#12160 = CIRCLE('',#12161,1.7);
#12161 = AXIS2_PLACEMENT_3D('',#12162,#12163,#12164);
#12162 = CARTESIAN_POINT('',(-104.7896536343,-7.5,1.524054864607));
#12163 = DIRECTION('',(0.707106781187,-8.659560562355E-17,
    -0.707106781187));
#12164 = DIRECTION('',(-0.707106781187,8.659560562355E-17,
    -0.707106781187));
#12165 = PCURVE('',#11509,#12166);
#12166 = DEFINITIONAL_REPRESENTATION('',(#12167),#12175);
#12167 = ( BOUNDED_CURVE() B_SPLINE_CURVE(2,(#12168,#12169,#12170,#12171
    ,#12172,#12173,#12174),.UNSPECIFIED.,.T.,.F.) 
B_SPLINE_CURVE_WITH_KNOTS((1,2,2,2,2,1),(-2.094395102393,0.,
    2.094395102393,4.188790204786,6.28318530718,8.377580409573),
.UNSPECIFIED.) CURVE() GEOMETRIC_REPRESENTATION_ITEM() 
RATIONAL_B_SPLINE_CURVE((1.,0.5,1.,0.5,1.,0.5,1.)) REPRESENTATION_ITEM(
  '') );
#12168 = CARTESIAN_POINT('',(30.9,25.5));
#12169 = CARTESIAN_POINT('',(30.9,22.555513627133));
#12170 = CARTESIAN_POINT('',(28.35,24.027756813566));
#12171 = CARTESIAN_POINT('',(25.8,25.5));
#12172 = CARTESIAN_POINT('',(28.35,26.972243186434));
#12173 = CARTESIAN_POINT('',(30.9,28.444486372867));
#12174 = CARTESIAN_POINT('',(30.9,25.5));
#12175 = ( GEOMETRIC_REPRESENTATION_CONTEXT(2) 
PARAMETRIC_REPRESENTATION_CONTEXT() REPRESENTATION_CONTEXT('2D SPACE',''
  ) );
#12176 = PCURVE('',#12177,#12182);
#12177 = CYLINDRICAL_SURFACE('',#12178,1.7);
#12178 = AXIS2_PLACEMENT_3D('',#12179,#12180,#12181);
#12179 = CARTESIAN_POINT('',(-102.6683332908,-7.5,-0.597265478953));
#12180 = DIRECTION('',(0.707106781187,-8.659560562355E-17,
    -0.707106781187));
#12181 = DIRECTION('',(-0.707106781187,8.659560562355E-17,
    -0.707106781187));
#12182 = DEFINITIONAL_REPRESENTATION('',(#12183),#12187);
#12183 = LINE('',#12184,#12185);
#12184 = CARTESIAN_POINT('',(-6.28318530718,-3.));
#12185 = VECTOR('',#12186,1.);
#12186 = DIRECTION('',(1.,-0.));
#12187 = ( GEOMETRIC_REPRESENTATION_CONTEXT(2) 
PARAMETRIC_REPRESENTATION_CONTEXT() REPRESENTATION_CONTEXT('2D SPACE',''
  ) );
#12188 = ADVANCED_FACE('',(#12189),#11481,.F.);
#12189 = FACE_BOUND('',#12190,.F.);
#12190 = EDGE_LOOP('',(#12191,#12221,#12242,#12243,#12244,#12265,#12266,
    #12267));
#12191 = ORIENTED_EDGE('',*,*,#12192,.F.);
#12192 = EDGE_CURVE('',#12193,#12195,#12197,.T.);
#12193 = VERTEX_POINT('',#12194);
#12194 = CARTESIAN_POINT('',(-86.97056274847,18.,25.));
#12195 = VERTEX_POINT('',#12196);
#12196 = CARTESIAN_POINT('',(-86.97056274847,-18.,25.));
#12197 = SURFACE_CURVE('',#12198,(#12202,#12209),.PCURVE_S1.);
#12198 = LINE('',#12199,#12200);
#12199 = CARTESIAN_POINT('',(-86.97056274847,18.,25.));
#12200 = VECTOR('',#12201,1.);
#12201 = DIRECTION('',(-1.224646799147E-16,-1.,0.));
#12202 = PCURVE('',#11481,#12203);
#12203 = DEFINITIONAL_REPRESENTATION('',(#12204),#12208);
#12204 = LINE('',#12205,#12206);
#12205 = CARTESIAN_POINT('',(4.,3.206331256306E-15));
#12206 = VECTOR('',#12207,1.);
#12207 = DIRECTION('',(0.,-1.));
#12208 = ( GEOMETRIC_REPRESENTATION_CONTEXT(2) 
PARAMETRIC_REPRESENTATION_CONTEXT() REPRESENTATION_CONTEXT('2D SPACE',''
  ) );
#12209 = PCURVE('',#12210,#12215);
#12210 = PLANE('',#12211);
#12211 = AXIS2_PLACEMENT_3D('',#12212,#12213,#12214);
#12212 = CARTESIAN_POINT('',(-86.97056274847,18.,25.));
#12213 = DIRECTION('',(-0.707106781187,8.659560562355E-17,0.707106781187
    ));
#12214 = DIRECTION('',(-0.707106781187,8.659560562355E-17,
    -0.707106781187));
#12215 = DEFINITIONAL_REPRESENTATION('',(#12216),#12220);
#12216 = LINE('',#12217,#12218);
#12217 = CARTESIAN_POINT('',(0.,0.));
#12218 = VECTOR('',#12219,1.);
#12219 = DIRECTION('',(0.,1.));
#12220 = ( GEOMETRIC_REPRESENTATION_CONTEXT(2) 
PARAMETRIC_REPRESENTATION_CONTEXT() REPRESENTATION_CONTEXT('2D SPACE',''
  ) );
#12221 = ORIENTED_EDGE('',*,*,#12222,.F.);
#12222 = EDGE_CURVE('',#11989,#12193,#12223,.T.);
#12223 = SURFACE_CURVE('',#12224,(#12228,#12235),.PCURVE_S1.);
#12224 = LINE('',#12225,#12226);
#12225 = CARTESIAN_POINT('',(-84.14213562373,18.,22.171572875254));
#12226 = VECTOR('',#12227,1.);
#12227 = DIRECTION('',(-0.707106781187,8.659560562355E-17,0.707106781187
    ));
#12228 = PCURVE('',#11481,#12229);
#12229 = DEFINITIONAL_REPRESENTATION('',(#12230),#12234);
#12230 = LINE('',#12231,#12232);
#12231 = CARTESIAN_POINT('',(0.,0.));
#12232 = VECTOR('',#12233,1.);
#12233 = DIRECTION('',(1.,0.));
#12234 = ( GEOMETRIC_REPRESENTATION_CONTEXT(2) 
PARAMETRIC_REPRESENTATION_CONTEXT() REPRESENTATION_CONTEXT('2D SPACE',''
  ) );
#12235 = PCURVE('',#12027,#12236);
#12236 = DEFINITIONAL_REPRESENTATION('',(#12237),#12241);
#12237 = LINE('',#12238,#12239);
#12238 = CARTESIAN_POINT('',(0.,0.));
#12239 = VECTOR('',#12240,1.);
#12240 = DIRECTION('',(1.,0.));
#12241 = ( GEOMETRIC_REPRESENTATION_CONTEXT(2) 
PARAMETRIC_REPRESENTATION_CONTEXT() REPRESENTATION_CONTEXT('2D SPACE',''
  ) );
#12242 = ORIENTED_EDGE('',*,*,#11988,.T.);
#12243 = ORIENTED_EDGE('',*,*,#11465,.F.);
#12244 = ORIENTED_EDGE('',*,*,#12245,.T.);
#12245 = EDGE_CURVE('',#11438,#11730,#12246,.T.);
#12246 = SURFACE_CURVE('',#12247,(#12251,#12258),.PCURVE_S1.);
#12247 = LINE('',#12248,#12249);
#12248 = CARTESIAN_POINT('',(-86.26345596729,10.9,24.292893218813));
#12249 = VECTOR('',#12250,1.);
#12250 = DIRECTION('',(-1.224646799147E-16,-1.,0.));
#12251 = PCURVE('',#11481,#12252);
#12252 = DEFINITIONAL_REPRESENTATION('',(#12253),#12257);
#12253 = LINE('',#12254,#12255);
#12254 = CARTESIAN_POINT('',(3.,-7.1));
#12255 = VECTOR('',#12256,1.);
#12256 = DIRECTION('',(0.,-1.));
#12257 = ( GEOMETRIC_REPRESENTATION_CONTEXT(2) 
PARAMETRIC_REPRESENTATION_CONTEXT() REPRESENTATION_CONTEXT('2D SPACE',''
  ) );
#12258 = PCURVE('',#11453,#12259);
#12259 = DEFINITIONAL_REPRESENTATION('',(#12260),#12264);
#12260 = LINE('',#12261,#12262);
#12261 = CARTESIAN_POINT('',(5.,-7.1));
#12262 = VECTOR('',#12263,1.);
#12263 = DIRECTION('',(0.,1.));
#12264 = ( GEOMETRIC_REPRESENTATION_CONTEXT(2) 
PARAMETRIC_REPRESENTATION_CONTEXT() REPRESENTATION_CONTEXT('2D SPACE',''
  ) );
#12265 = ORIENTED_EDGE('',*,*,#11752,.T.);
#12266 = ORIENTED_EDGE('',*,*,#12095,.T.);
#12267 = ORIENTED_EDGE('',*,*,#12268,.T.);
#12268 = EDGE_CURVE('',#12068,#12195,#12269,.T.);
#12269 = SURFACE_CURVE('',#12270,(#12274,#12281),.PCURVE_S1.);
#12270 = LINE('',#12271,#12272);
#12271 = CARTESIAN_POINT('',(-84.14213562373,-18.,22.171572875254));
#12272 = VECTOR('',#12273,1.);
#12273 = DIRECTION('',(-0.707106781187,8.659560562355E-17,0.707106781187
    ));
#12274 = PCURVE('',#11481,#12275);
#12275 = DEFINITIONAL_REPRESENTATION('',(#12276),#12280);
#12276 = LINE('',#12277,#12278);
#12277 = CARTESIAN_POINT('',(-5.629589736342E-15,-36.));
#12278 = VECTOR('',#12279,1.);
#12279 = DIRECTION('',(1.,0.));
#12280 = ( GEOMETRIC_REPRESENTATION_CONTEXT(2) 
PARAMETRIC_REPRESENTATION_CONTEXT() REPRESENTATION_CONTEXT('2D SPACE',''
  ) );
#12281 = PCURVE('',#12083,#12282);
#12282 = DEFINITIONAL_REPRESENTATION('',(#12283),#12287);
#12283 = LINE('',#12284,#12285);
#12284 = CARTESIAN_POINT('',(0.,0.));
#12285 = VECTOR('',#12286,1.);
#12286 = DIRECTION('',(1.,0.));
#12287 = ( GEOMETRIC_REPRESENTATION_CONTEXT(2) 
PARAMETRIC_REPRESENTATION_CONTEXT() REPRESENTATION_CONTEXT('2D SPACE',''
  ) );
#12288 = ADVANCED_FACE('',(#12289),#11453,.T.);
#12289 = FACE_BOUND('',#12290,.T.);
#12290 = EDGE_LOOP('',(#12291,#12292,#12313,#12314));
#12291 = ORIENTED_EDGE('',*,*,#11729,.F.);
#12292 = ORIENTED_EDGE('',*,*,#12293,.F.);
#12293 = EDGE_CURVE('',#11410,#11707,#12294,.T.);
#12294 = SURFACE_CURVE('',#12295,(#12299,#12306),.PCURVE_S1.);
#12295 = LINE('',#12296,#12297);
#12296 = CARTESIAN_POINT('',(-82.72792206135,3.8,27.828427124746));
#12297 = VECTOR('',#12298,1.);
#12298 = DIRECTION('',(-1.224646799147E-16,-1.,0.));
#12299 = PCURVE('',#11453,#12300);
#12300 = DEFINITIONAL_REPRESENTATION('',(#12301),#12305);
#12301 = LINE('',#12302,#12303);
#12302 = CARTESIAN_POINT('',(0.,0.));
#12303 = VECTOR('',#12304,1.);
#12304 = DIRECTION('',(0.,1.));
#12305 = ( GEOMETRIC_REPRESENTATION_CONTEXT(2) 
PARAMETRIC_REPRESENTATION_CONTEXT() REPRESENTATION_CONTEXT('2D SPACE',''
  ) );
#12306 = PCURVE('',#11425,#12307);
#12307 = DEFINITIONAL_REPRESENTATION('',(#12308),#12312);
#12308 = LINE('',#12309,#12310);
#12309 = CARTESIAN_POINT('',(4.,9.770678735586E-17));
#12310 = VECTOR('',#12311,1.);
#12311 = DIRECTION('',(0.,-1.));
#12312 = ( GEOMETRIC_REPRESENTATION_CONTEXT(2) 
PARAMETRIC_REPRESENTATION_CONTEXT() REPRESENTATION_CONTEXT('2D SPACE',''
  ) );
#12313 = ORIENTED_EDGE('',*,*,#11437,.T.);
#12314 = ORIENTED_EDGE('',*,*,#12245,.T.);
#12315 = ADVANCED_FACE('',(#12316),#11425,.F.);
#12316 = FACE_BOUND('',#12317,.F.);
#12317 = EDGE_LOOP('',(#12318,#12319,#12320,#12321));
#12318 = ORIENTED_EDGE('',*,*,#11409,.F.);
#12319 = ORIENTED_EDGE('',*,*,#11634,.T.);
#12320 = ORIENTED_EDGE('',*,*,#11706,.T.);
#12321 = ORIENTED_EDGE('',*,*,#12293,.F.);
#12322 = ADVANCED_FACE('',(#12323),#11594,.F.);
#12323 = FACE_BOUND('',#12324,.T.);
#12324 = EDGE_LOOP('',(#12325,#12349,#12370,#12371));
#12325 = ORIENTED_EDGE('',*,*,#12326,.F.);
#12326 = EDGE_CURVE('',#12327,#12327,#12329,.T.);
#12327 = VERTEX_POINT('',#12328);
#12328 = CARTESIAN_POINT('',(-71.55563491861,8.763037926403E-15,
    23.44436508139));
#12329 = SURFACE_CURVE('',#12330,(#12335,#12342),.PCURVE_S1.);
#12330 = CIRCLE('',#12331,2.2);
#12331 = AXIS2_PLACEMENT_3D('',#12332,#12333,#12334);
#12332 = CARTESIAN_POINT('',(-70.,8.572527594031E-15,25.));
#12333 = DIRECTION('',(1.224646799147E-16,1.,0.));
#12334 = DIRECTION('',(-0.707106781187,8.659560562355E-17,
    -0.707106781187));
#12335 = PCURVE('',#11594,#12336);
#12336 = DEFINITIONAL_REPRESENTATION('',(#12337),#12341);
#12337 = LINE('',#12338,#12339);
#12338 = CARTESIAN_POINT('',(-0.,0.));
#12339 = VECTOR('',#12340,1.);
#12340 = DIRECTION('',(-1.,0.));
#12341 = ( GEOMETRIC_REPRESENTATION_CONTEXT(2) 
PARAMETRIC_REPRESENTATION_CONTEXT() REPRESENTATION_CONTEXT('2D SPACE',''
  ) );
#12342 = PCURVE('',#11865,#12343);
#12343 = DEFINITIONAL_REPRESENTATION('',(#12344),#12348);
#12344 = LINE('',#12345,#12346);
#12345 = CARTESIAN_POINT('',(0.,0.));
#12346 = VECTOR('',#12347,1.);
#12347 = DIRECTION('',(1.,0.));
#12348 = ( GEOMETRIC_REPRESENTATION_CONTEXT(2) 
PARAMETRIC_REPRESENTATION_CONTEXT() REPRESENTATION_CONTEXT('2D SPACE',''
  ) );
#12349 = ORIENTED_EDGE('',*,*,#12350,.T.);
#12350 = EDGE_CURVE('',#12327,#11578,#12351,.T.);
#12351 = SEAM_CURVE('',#12352,(#12356,#12363),.PCURVE_S1.);
#12352 = LINE('',#12353,#12354);
#12353 = CARTESIAN_POINT('',(-71.55563491861,8.763037926403E-15,
    23.44436508139));
#12354 = VECTOR('',#12355,1.);
#12355 = DIRECTION('',(1.224646799147E-16,1.,0.));
#12356 = PCURVE('',#11594,#12357);
#12357 = DEFINITIONAL_REPRESENTATION('',(#12358),#12362);
#12358 = LINE('',#12359,#12360);
#12359 = CARTESIAN_POINT('',(-6.28318530718,0.));
#12360 = VECTOR('',#12361,1.);
#12361 = DIRECTION('',(-0.,-1.));
#12362 = ( GEOMETRIC_REPRESENTATION_CONTEXT(2) 
PARAMETRIC_REPRESENTATION_CONTEXT() REPRESENTATION_CONTEXT('2D SPACE',''
  ) );
#12363 = PCURVE('',#11594,#12364);
#12364 = DEFINITIONAL_REPRESENTATION('',(#12365),#12369);
#12365 = LINE('',#12366,#12367);
#12366 = CARTESIAN_POINT('',(-0.,0.));
#12367 = VECTOR('',#12368,1.);
#12368 = DIRECTION('',(-0.,-1.));
#12369 = ( GEOMETRIC_REPRESENTATION_CONTEXT(2) 
PARAMETRIC_REPRESENTATION_CONTEXT() REPRESENTATION_CONTEXT('2D SPACE',''
  ) );
#12370 = ORIENTED_EDGE('',*,*,#11577,.F.);
#12371 = ORIENTED_EDGE('',*,*,#12350,.F.);
#12372 = ADVANCED_FACE('',(#12373),#11865,.F.);
#12373 = FACE_BOUND('',#12374,.F.);
#12374 = EDGE_LOOP('',(#12375,#12376,#12397,#12398));
#12375 = ORIENTED_EDGE('',*,*,#12326,.F.);
#12376 = ORIENTED_EDGE('',*,*,#12377,.T.);
#12377 = EDGE_CURVE('',#12327,#11845,#12378,.T.);
#12378 = SEAM_CURVE('',#12379,(#12383,#12390),.PCURVE_S1.);
#12379 = LINE('',#12380,#12381);
#12380 = CARTESIAN_POINT('',(-71.55563491861,8.763037926403E-15,
    23.44436508139));
#12381 = VECTOR('',#12382,1.);
#12382 = DIRECTION('',(-1.224646799147E-16,-1.,0.));
#12383 = PCURVE('',#11865,#12384);
#12384 = DEFINITIONAL_REPRESENTATION('',(#12385),#12389);
#12385 = LINE('',#12386,#12387);
#12386 = CARTESIAN_POINT('',(6.28318530718,0.));
#12387 = VECTOR('',#12388,1.);
#12388 = DIRECTION('',(0.,-1.));
#12389 = ( GEOMETRIC_REPRESENTATION_CONTEXT(2) 
PARAMETRIC_REPRESENTATION_CONTEXT() REPRESENTATION_CONTEXT('2D SPACE',''
  ) );
#12390 = PCURVE('',#11865,#12391);
#12391 = DEFINITIONAL_REPRESENTATION('',(#12392),#12396);
#12392 = LINE('',#12393,#12394);
#12393 = CARTESIAN_POINT('',(0.,0.));
#12394 = VECTOR('',#12395,1.);
#12395 = DIRECTION('',(0.,-1.));
#12396 = ( GEOMETRIC_REPRESENTATION_CONTEXT(2) 
PARAMETRIC_REPRESENTATION_CONTEXT() REPRESENTATION_CONTEXT('2D SPACE',''
  ) );
#12397 = ORIENTED_EDGE('',*,*,#11844,.T.);
#12398 = ORIENTED_EDGE('',*,*,#12377,.F.);
#12399 = ADVANCED_FACE('',(#12400),#12027,.F.);
#12400 = FACE_BOUND('',#12401,.F.);
#12401 = EDGE_LOOP('',(#12402,#12403,#12404,#12427));
#12402 = ORIENTED_EDGE('',*,*,#12011,.F.);
#12403 = ORIENTED_EDGE('',*,*,#12222,.T.);
#12404 = ORIENTED_EDGE('',*,*,#12405,.T.);
#12405 = EDGE_CURVE('',#12193,#12406,#12408,.T.);
#12406 = VERTEX_POINT('',#12407);
#12407 = CARTESIAN_POINT('',(-113.8406204335,18.,-1.870057685089));
#12408 = SURFACE_CURVE('',#12409,(#12413,#12420),.PCURVE_S1.);
#12409 = LINE('',#12410,#12411);
#12410 = CARTESIAN_POINT('',(-86.97056274847,18.,25.));
#12411 = VECTOR('',#12412,1.);
#12412 = DIRECTION('',(-0.707106781187,8.659560562355E-17,
    -0.707106781187));
#12413 = PCURVE('',#12027,#12414);
#12414 = DEFINITIONAL_REPRESENTATION('',(#12415),#12419);
#12415 = LINE('',#12416,#12417);
#12416 = CARTESIAN_POINT('',(4.,-2.22044604925E-15));
#12417 = VECTOR('',#12418,1.);
#12418 = DIRECTION('',(0.,1.));
#12419 = ( GEOMETRIC_REPRESENTATION_CONTEXT(2) 
PARAMETRIC_REPRESENTATION_CONTEXT() REPRESENTATION_CONTEXT('2D SPACE',''
  ) );
#12420 = PCURVE('',#12210,#12421);
#12421 = DEFINITIONAL_REPRESENTATION('',(#12422),#12426);
#12422 = LINE('',#12423,#12424);
#12423 = CARTESIAN_POINT('',(0.,0.));
#12424 = VECTOR('',#12425,1.);
#12425 = DIRECTION('',(1.,0.));
#12426 = ( GEOMETRIC_REPRESENTATION_CONTEXT(2) 
PARAMETRIC_REPRESENTATION_CONTEXT() REPRESENTATION_CONTEXT('2D SPACE',''
  ) );
#12427 = ORIENTED_EDGE('',*,*,#12428,.F.);
#12428 = EDGE_CURVE('',#12012,#12406,#12429,.T.);
#12429 = SURFACE_CURVE('',#12430,(#12434,#12441),.PCURVE_S1.);
#12430 = LINE('',#12431,#12432);
#12431 = CARTESIAN_POINT('',(-111.0121933088,18.,-4.698484809835));
#12432 = VECTOR('',#12433,1.);
#12433 = DIRECTION('',(-0.707106781187,8.659560562355E-17,0.707106781187
    ));
#12434 = PCURVE('',#12027,#12435);
#12435 = DEFINITIONAL_REPRESENTATION('',(#12436),#12440);
#12436 = LINE('',#12437,#12438);
#12437 = CARTESIAN_POINT('',(0.,38.));
#12438 = VECTOR('',#12439,1.);
#12439 = DIRECTION('',(1.,0.));
#12440 = ( GEOMETRIC_REPRESENTATION_CONTEXT(2) 
PARAMETRIC_REPRESENTATION_CONTEXT() REPRESENTATION_CONTEXT('2D SPACE',''
  ) );
#12441 = PCURVE('',#12055,#12442);
#12442 = DEFINITIONAL_REPRESENTATION('',(#12443),#12447);
#12443 = LINE('',#12444,#12445);
#12444 = CARTESIAN_POINT('',(0.,0.));
#12445 = VECTOR('',#12446,1.);
#12446 = DIRECTION('',(1.,0.));
#12447 = ( GEOMETRIC_REPRESENTATION_CONTEXT(2) 
PARAMETRIC_REPRESENTATION_CONTEXT() REPRESENTATION_CONTEXT('2D SPACE',''
  ) );
#12448 = ADVANCED_FACE('',(#12449),#12055,.T.);
#12449 = FACE_BOUND('',#12450,.T.);
#12450 = EDGE_LOOP('',(#12451,#12452,#12453,#12476));
#12451 = ORIENTED_EDGE('',*,*,#12428,.F.);
#12452 = ORIENTED_EDGE('',*,*,#12039,.T.);
#12453 = ORIENTED_EDGE('',*,*,#12454,.T.);
#12454 = EDGE_CURVE('',#12040,#12455,#12457,.T.);
#12455 = VERTEX_POINT('',#12456);
#12456 = CARTESIAN_POINT('',(-113.8406204335,-18.,-1.870057685089));
#12457 = SURFACE_CURVE('',#12458,(#12462,#12469),.PCURVE_S1.);
#12458 = LINE('',#12459,#12460);
#12459 = CARTESIAN_POINT('',(-111.0121933088,-18.,-4.698484809835));
#12460 = VECTOR('',#12461,1.);
#12461 = DIRECTION('',(-0.707106781187,8.659560562355E-17,0.707106781187
    ));
#12462 = PCURVE('',#12055,#12463);
#12463 = DEFINITIONAL_REPRESENTATION('',(#12464),#12468);
#12464 = LINE('',#12465,#12466);
#12465 = CARTESIAN_POINT('',(-4.373515769395E-15,-36.));
#12466 = VECTOR('',#12467,1.);
#12467 = DIRECTION('',(1.,0.));
#12468 = ( GEOMETRIC_REPRESENTATION_CONTEXT(2) 
PARAMETRIC_REPRESENTATION_CONTEXT() REPRESENTATION_CONTEXT('2D SPACE',''
  ) );
#12469 = PCURVE('',#12083,#12470);
#12470 = DEFINITIONAL_REPRESENTATION('',(#12471),#12475);
#12471 = LINE('',#12472,#12473);
#12472 = CARTESIAN_POINT('',(0.,38.));
#12473 = VECTOR('',#12474,1.);
#12474 = DIRECTION('',(1.,0.));
#12475 = ( GEOMETRIC_REPRESENTATION_CONTEXT(2) 
PARAMETRIC_REPRESENTATION_CONTEXT() REPRESENTATION_CONTEXT('2D SPACE',''
  ) );
#12476 = ORIENTED_EDGE('',*,*,#12477,.F.);
#12477 = EDGE_CURVE('',#12406,#12455,#12478,.T.);
#12478 = SURFACE_CURVE('',#12479,(#12483,#12490),.PCURVE_S1.);
#12479 = LINE('',#12480,#12481);
#12480 = CARTESIAN_POINT('',(-113.8406204335,18.,-1.870057685089));
#12481 = VECTOR('',#12482,1.);
#12482 = DIRECTION('',(-1.224646799147E-16,-1.,0.));
#12483 = PCURVE('',#12055,#12484);
#12484 = DEFINITIONAL_REPRESENTATION('',(#12485),#12489);
#12485 = LINE('',#12486,#12487);
#12486 = CARTESIAN_POINT('',(4.,3.206331256306E-15));
#12487 = VECTOR('',#12488,1.);
#12488 = DIRECTION('',(0.,-1.));
#12489 = ( GEOMETRIC_REPRESENTATION_CONTEXT(2) 
PARAMETRIC_REPRESENTATION_CONTEXT() REPRESENTATION_CONTEXT('2D SPACE',''
  ) );
#12490 = PCURVE('',#12210,#12491);
#12491 = DEFINITIONAL_REPRESENTATION('',(#12492),#12496);
#12492 = LINE('',#12493,#12494);
#12493 = CARTESIAN_POINT('',(38.,-2.620806651056E-16));
#12494 = VECTOR('',#12495,1.);
#12495 = DIRECTION('',(0.,1.));
#12496 = ( GEOMETRIC_REPRESENTATION_CONTEXT(2) 
PARAMETRIC_REPRESENTATION_CONTEXT() REPRESENTATION_CONTEXT('2D SPACE',''
  ) );
#12497 = ADVANCED_FACE('',(#12498),#12083,.T.);
#12498 = FACE_BOUND('',#12499,.T.);
#12499 = EDGE_LOOP('',(#12500,#12501,#12502,#12523));
#12500 = ORIENTED_EDGE('',*,*,#12067,.F.);
#12501 = ORIENTED_EDGE('',*,*,#12268,.T.);
#12502 = ORIENTED_EDGE('',*,*,#12503,.T.);
#12503 = EDGE_CURVE('',#12195,#12455,#12504,.T.);
#12504 = SURFACE_CURVE('',#12505,(#12509,#12516),.PCURVE_S1.);
#12505 = LINE('',#12506,#12507);
#12506 = CARTESIAN_POINT('',(-86.97056274847,-18.,25.));
#12507 = VECTOR('',#12508,1.);
#12508 = DIRECTION('',(-0.707106781187,8.659560562355E-17,
    -0.707106781187));
#12509 = PCURVE('',#12083,#12510);
#12510 = DEFINITIONAL_REPRESENTATION('',(#12511),#12515);
#12511 = LINE('',#12512,#12513);
#12512 = CARTESIAN_POINT('',(4.,7.771561172376E-15));
#12513 = VECTOR('',#12514,1.);
#12514 = DIRECTION('',(0.,1.));
#12515 = ( GEOMETRIC_REPRESENTATION_CONTEXT(2) 
PARAMETRIC_REPRESENTATION_CONTEXT() REPRESENTATION_CONTEXT('2D SPACE',''
  ) );
#12516 = PCURVE('',#12210,#12517);
#12517 = DEFINITIONAL_REPRESENTATION('',(#12518),#12522);
#12518 = LINE('',#12519,#12520);
#12519 = CARTESIAN_POINT('',(9.443297867022E-15,36.));
#12520 = VECTOR('',#12521,1.);
#12521 = DIRECTION('',(1.,0.));
#12522 = ( GEOMETRIC_REPRESENTATION_CONTEXT(2) 
PARAMETRIC_REPRESENTATION_CONTEXT() REPRESENTATION_CONTEXT('2D SPACE',''
  ) );
#12523 = ORIENTED_EDGE('',*,*,#12454,.F.);
#12524 = ADVANCED_FACE('',(#12525),#12142,.F.);
#12525 = FACE_BOUND('',#12526,.T.);
#12526 = EDGE_LOOP('',(#12527,#12528,#12551,#12577));
#12527 = ORIENTED_EDGE('',*,*,#12121,.T.);
#12528 = ORIENTED_EDGE('',*,*,#12529,.T.);
#12529 = EDGE_CURVE('',#12122,#12530,#12532,.T.);
#12530 = VERTEX_POINT('',#12531);
#12531 = CARTESIAN_POINT('',(-108.8201622871,7.5,3.150400461336));
#12532 = SEAM_CURVE('',#12533,(#12537,#12544),.PCURVE_S1.);
#12533 = LINE('',#12534,#12535);
#12534 = CARTESIAN_POINT('',(-103.8704148188,7.5,-1.79934700697));
#12535 = VECTOR('',#12536,1.);
#12536 = DIRECTION('',(-0.707106781187,8.659560562355E-17,0.707106781187
    ));
#12537 = PCURVE('',#12142,#12538);
#12538 = DEFINITIONAL_REPRESENTATION('',(#12539),#12543);
#12539 = LINE('',#12540,#12541);
#12540 = CARTESIAN_POINT('',(-6.28318530718,0.));
#12541 = VECTOR('',#12542,1.);
#12542 = DIRECTION('',(-0.,-1.));
#12543 = ( GEOMETRIC_REPRESENTATION_CONTEXT(2) 
PARAMETRIC_REPRESENTATION_CONTEXT() REPRESENTATION_CONTEXT('2D SPACE',''
  ) );
#12544 = PCURVE('',#12142,#12545);
#12545 = DEFINITIONAL_REPRESENTATION('',(#12546),#12550);
#12546 = LINE('',#12547,#12548);
#12547 = CARTESIAN_POINT('',(-0.,0.));
#12548 = VECTOR('',#12549,1.);
#12549 = DIRECTION('',(-0.,-1.));
#12550 = ( GEOMETRIC_REPRESENTATION_CONTEXT(2) 
PARAMETRIC_REPRESENTATION_CONTEXT() REPRESENTATION_CONTEXT('2D SPACE',''
  ) );
#12551 = ORIENTED_EDGE('',*,*,#12552,.F.);
#12552 = EDGE_CURVE('',#12530,#12530,#12553,.T.);
#12553 = SURFACE_CURVE('',#12554,(#12559,#12566),.PCURVE_S1.);
#12554 = CIRCLE('',#12555,1.7);
#12555 = AXIS2_PLACEMENT_3D('',#12556,#12557,#12558);
#12556 = CARTESIAN_POINT('',(-107.6180807591,7.5,4.352481989353));
#12557 = DIRECTION('',(0.707106781187,-8.659560562355E-17,
    -0.707106781187));
#12558 = DIRECTION('',(-0.707106781187,8.659560562355E-17,
    -0.707106781187));
#12559 = PCURVE('',#12142,#12560);
#12560 = DEFINITIONAL_REPRESENTATION('',(#12561),#12565);
#12561 = LINE('',#12562,#12563);
#12562 = CARTESIAN_POINT('',(-6.28318530718,-7.));
#12563 = VECTOR('',#12564,1.);
#12564 = DIRECTION('',(1.,-0.));
#12565 = ( GEOMETRIC_REPRESENTATION_CONTEXT(2) 
PARAMETRIC_REPRESENTATION_CONTEXT() REPRESENTATION_CONTEXT('2D SPACE',''
  ) );
#12566 = PCURVE('',#12210,#12567);
#12567 = DEFINITIONAL_REPRESENTATION('',(#12568),#12576);
#12568 = ( BOUNDED_CURVE() B_SPLINE_CURVE(2,(#12569,#12570,#12571,#12572
    ,#12573,#12574,#12575),.UNSPECIFIED.,.T.,.F.) 
B_SPLINE_CURVE_WITH_KNOTS((1,2,2,2,2,1),(-2.094395102393,0.,
    2.094395102393,4.188790204786,6.28318530718,8.377580409573),
.UNSPECIFIED.) CURVE() GEOMETRIC_REPRESENTATION_ITEM() 
RATIONAL_B_SPLINE_CURVE((1.,0.5,1.,0.5,1.,0.5,1.)) REPRESENTATION_ITEM(
  '') );
#12569 = CARTESIAN_POINT('',(30.9,10.5));
#12570 = CARTESIAN_POINT('',(30.9,7.555513627133));
#12571 = CARTESIAN_POINT('',(28.35,9.027756813566));
#12572 = CARTESIAN_POINT('',(25.8,10.5));
#12573 = CARTESIAN_POINT('',(28.35,11.972243186434));
#12574 = CARTESIAN_POINT('',(30.9,13.444486372867));
#12575 = CARTESIAN_POINT('',(30.9,10.5));
#12576 = ( GEOMETRIC_REPRESENTATION_CONTEXT(2) 
PARAMETRIC_REPRESENTATION_CONTEXT() REPRESENTATION_CONTEXT('2D SPACE',''
  ) );
#12577 = ORIENTED_EDGE('',*,*,#12529,.F.);
#12578 = ADVANCED_FACE('',(#12579),#12177,.F.);
#12579 = FACE_BOUND('',#12580,.T.);
#12580 = EDGE_LOOP('',(#12581,#12582,#12605,#12631));
#12581 = ORIENTED_EDGE('',*,*,#12156,.T.);
#12582 = ORIENTED_EDGE('',*,*,#12583,.T.);
#12583 = EDGE_CURVE('',#12157,#12584,#12586,.T.);
#12584 = VERTEX_POINT('',#12585);
#12585 = CARTESIAN_POINT('',(-108.8201622871,-7.5,3.150400461336));
#12586 = SEAM_CURVE('',#12587,(#12591,#12598),.PCURVE_S1.);
#12587 = LINE('',#12588,#12589);
#12588 = CARTESIAN_POINT('',(-103.8704148188,-7.5,-1.79934700697));
#12589 = VECTOR('',#12590,1.);
#12590 = DIRECTION('',(-0.707106781187,8.659560562355E-17,0.707106781187
    ));
#12591 = PCURVE('',#12177,#12592);
#12592 = DEFINITIONAL_REPRESENTATION('',(#12593),#12597);
#12593 = LINE('',#12594,#12595);
#12594 = CARTESIAN_POINT('',(-6.28318530718,0.));
#12595 = VECTOR('',#12596,1.);
#12596 = DIRECTION('',(-0.,-1.));
#12597 = ( GEOMETRIC_REPRESENTATION_CONTEXT(2) 
PARAMETRIC_REPRESENTATION_CONTEXT() REPRESENTATION_CONTEXT('2D SPACE',''
  ) );
#12598 = PCURVE('',#12177,#12599);
#12599 = DEFINITIONAL_REPRESENTATION('',(#12600),#12604);
#12600 = LINE('',#12601,#12602);
#12601 = CARTESIAN_POINT('',(-0.,0.));
#12602 = VECTOR('',#12603,1.);
#12603 = DIRECTION('',(-0.,-1.));
#12604 = ( GEOMETRIC_REPRESENTATION_CONTEXT(2) 
PARAMETRIC_REPRESENTATION_CONTEXT() REPRESENTATION_CONTEXT('2D SPACE',''
  ) );
#12605 = ORIENTED_EDGE('',*,*,#12606,.F.);
#12606 = EDGE_CURVE('',#12584,#12584,#12607,.T.);
#12607 = SURFACE_CURVE('',#12608,(#12613,#12620),.PCURVE_S1.);
#12608 = CIRCLE('',#12609,1.7);
#12609 = AXIS2_PLACEMENT_3D('',#12610,#12611,#12612);
#12610 = CARTESIAN_POINT('',(-107.6180807591,-7.5,4.352481989353));
#12611 = DIRECTION('',(0.707106781187,-8.659560562355E-17,
    -0.707106781187));
#12612 = DIRECTION('',(-0.707106781187,8.659560562355E-17,
    -0.707106781187));
#12613 = PCURVE('',#12177,#12614);
#12614 = DEFINITIONAL_REPRESENTATION('',(#12615),#12619);
#12615 = LINE('',#12616,#12617);
#12616 = CARTESIAN_POINT('',(-6.28318530718,-7.));
#12617 = VECTOR('',#12618,1.);
#12618 = DIRECTION('',(1.,-0.));
#12619 = ( GEOMETRIC_REPRESENTATION_CONTEXT(2) 
PARAMETRIC_REPRESENTATION_CONTEXT() REPRESENTATION_CONTEXT('2D SPACE',''
  ) );
#12620 = PCURVE('',#12210,#12621);
#12621 = DEFINITIONAL_REPRESENTATION('',(#12622),#12630);
#12622 = ( BOUNDED_CURVE() B_SPLINE_CURVE(2,(#12623,#12624,#12625,#12626
    ,#12627,#12628,#12629),.UNSPECIFIED.,.T.,.F.) 
B_SPLINE_CURVE_WITH_KNOTS((1,2,2,2,2,1),(-2.094395102393,0.,
    2.094395102393,4.188790204786,6.28318530718,8.377580409573),
.UNSPECIFIED.) CURVE() GEOMETRIC_REPRESENTATION_ITEM() 
RATIONAL_B_SPLINE_CURVE((1.,0.5,1.,0.5,1.,0.5,1.)) REPRESENTATION_ITEM(
  '') );
#12623 = CARTESIAN_POINT('',(30.9,25.5));
#12624 = CARTESIAN_POINT('',(30.9,22.555513627133));
#12625 = CARTESIAN_POINT('',(28.35,24.027756813566));
#12626 = CARTESIAN_POINT('',(25.8,25.5));
#12627 = CARTESIAN_POINT('',(28.35,26.972243186434));
#12628 = CARTESIAN_POINT('',(30.9,28.444486372867));
#12629 = CARTESIAN_POINT('',(30.9,25.5));
#12630 = ( GEOMETRIC_REPRESENTATION_CONTEXT(2) 
PARAMETRIC_REPRESENTATION_CONTEXT() REPRESENTATION_CONTEXT('2D SPACE',''
  ) );
#12631 = ORIENTED_EDGE('',*,*,#12583,.F.);
#12632 = ADVANCED_FACE('',(#12633,#12639,#12642),#12210,.T.);
#12633 = FACE_BOUND('',#12634,.T.);
#12634 = EDGE_LOOP('',(#12635,#12636,#12637,#12638));
#12635 = ORIENTED_EDGE('',*,*,#12192,.F.);
#12636 = ORIENTED_EDGE('',*,*,#12405,.T.);
#12637 = ORIENTED_EDGE('',*,*,#12477,.T.);
#12638 = ORIENTED_EDGE('',*,*,#12503,.F.);
#12639 = FACE_BOUND('',#12640,.T.);
#12640 = EDGE_LOOP('',(#12641));
#12641 = ORIENTED_EDGE('',*,*,#12552,.T.);
#12642 = FACE_BOUND('',#12643,.T.);
#12643 = EDGE_LOOP('',(#12644));
#12644 = ORIENTED_EDGE('',*,*,#12606,.T.);
#12645 = ( GEOMETRIC_REPRESENTATION_CONTEXT(3) 
GLOBAL_UNCERTAINTY_ASSIGNED_CONTEXT((#12649)) 
GLOBAL_UNIT_ASSIGNED_CONTEXT((#12646,#12647,#12648)) 
REPRESENTATION_CONTEXT('Context #1',
  '3D Context with UNIT and UNCERTAINTY') );
#12646 = ( LENGTH_UNIT() NAMED_UNIT(*) SI_UNIT(.MILLI.,.METRE.) );
#12647 = ( NAMED_UNIT(*) PLANE_ANGLE_UNIT() SI_UNIT($,.RADIAN.) );
#12648 = ( NAMED_UNIT(*) SI_UNIT($,.STERADIAN.) SOLID_ANGLE_UNIT() );
#12649 = UNCERTAINTY_MEASURE_WITH_UNIT(LENGTH_MEASURE(1.E-07),#12646,
  'distance_accuracy_value','confusion accuracy');
#12650 = CONTEXT_DEPENDENT_SHAPE_REPRESENTATION(#12651,#12653);
#12651 = ( REPRESENTATION_RELATIONSHIP('','',#11207,#10) 
REPRESENTATION_RELATIONSHIP_WITH_TRANSFORMATION(#12652) 
SHAPE_REPRESENTATION_RELATIONSHIP() );
#12652 = ITEM_DEFINED_TRANSFORMATION('','',#11,#35);
#12653 = PRODUCT_DEFINITION_SHAPE('Placement','Placement of an item',
  #12654);
#12654 = NEXT_ASSEMBLY_USAGE_OCCURRENCE('6','back_technexion_carrier',''
  ,#5,#11202,$);
#12655 = PRODUCT_RELATED_PRODUCT_CATEGORY('part',$,(#11204));
#12656 = SHAPE_DEFINITION_REPRESENTATION(#12657,#12663);
#12657 = PRODUCT_DEFINITION_SHAPE('','',#12658);
#12658 = PRODUCT_DEFINITION('design','',#12659,#12662);
#12659 = PRODUCT_DEFINITION_FORMATION('','',#12660);
#12660 = PRODUCT('back_technexion_camera_reference',
  'back_technexion_camera_reference','',(#12661));
#12661 = PRODUCT_CONTEXT('',#2,'mechanical');
#12662 = PRODUCT_DEFINITION_CONTEXT('part definition',#2,'design');
#12663 = ADVANCED_BREP_SHAPE_REPRESENTATION('',(#11,#12664),#13084);
#12664 = MANIFOLD_SOLID_BREP('',#12665);
#12665 = CLOSED_SHELL('',(#12666,#12786,#12862,#12911,#12960,#12987,
    #13025,#13080));
#12666 = ADVANCED_FACE('',(#12667),#12681,.F.);
#12667 = FACE_BOUND('',#12668,.F.);
#12668 = EDGE_LOOP('',(#12669,#12704,#12732,#12760));
#12669 = ORIENTED_EDGE('',*,*,#12670,.F.);
#12670 = EDGE_CURVE('',#12671,#12673,#12675,.T.);
#12671 = VERTEX_POINT('',#12672);
#12672 = CARTESIAN_POINT('',(-90.50609665441,14.75,21.464466094067));
#12673 = VERTEX_POINT('',#12674);
#12674 = CARTESIAN_POINT('',(-111.3657466994,14.75,42.32411613907));
#12675 = SURFACE_CURVE('',#12676,(#12680,#12692),.PCURVE_S1.);
#12676 = LINE('',#12677,#12678);
#12677 = CARTESIAN_POINT('',(-90.50609665441,14.75,21.464466094067));
#12678 = VECTOR('',#12679,1.);
#12679 = DIRECTION('',(-0.707106781187,8.659560562355E-17,0.707106781187
    ));
#12680 = PCURVE('',#12681,#12686);
#12681 = PLANE('',#12682);
#12682 = AXIS2_PLACEMENT_3D('',#12683,#12684,#12685);
#12683 = CARTESIAN_POINT('',(-90.50609665441,14.75,21.464466094067));
#12684 = DIRECTION('',(-0.707106781187,8.659560562355E-17,
    -0.707106781187));
#12685 = DIRECTION('',(-0.707106781187,8.659560562355E-17,0.707106781187
    ));
#12686 = DEFINITIONAL_REPRESENTATION('',(#12687),#12691);
#12687 = LINE('',#12688,#12689);
#12688 = CARTESIAN_POINT('',(0.,0.));
#12689 = VECTOR('',#12690,1.);
#12690 = DIRECTION('',(1.,0.));
#12691 = ( GEOMETRIC_REPRESENTATION_CONTEXT(2) 
PARAMETRIC_REPRESENTATION_CONTEXT() REPRESENTATION_CONTEXT('2D SPACE',''
  ) );
#12692 = PCURVE('',#12693,#12698);
#12693 = PLANE('',#12694);
#12694 = AXIS2_PLACEMENT_3D('',#12695,#12696,#12697);
#12695 = CARTESIAN_POINT('',(-90.50609665441,14.75,21.464466094067));
#12696 = DIRECTION('',(-1.224646799147E-16,-1.,0.));
#12697 = DIRECTION('',(-0.707106781187,8.659560562355E-17,0.707106781187
    ));
#12698 = DEFINITIONAL_REPRESENTATION('',(#12699),#12703);
#12699 = LINE('',#12700,#12701);
#12700 = CARTESIAN_POINT('',(0.,0.));
#12701 = VECTOR('',#12702,1.);
#12702 = DIRECTION('',(1.,0.));
#12703 = ( GEOMETRIC_REPRESENTATION_CONTEXT(2) 
PARAMETRIC_REPRESENTATION_CONTEXT() REPRESENTATION_CONTEXT('2D SPACE',''
  ) );
#12704 = ORIENTED_EDGE('',*,*,#12705,.T.);
#12705 = EDGE_CURVE('',#12671,#12706,#12708,.T.);
#12706 = VERTEX_POINT('',#12707);
#12707 = CARTESIAN_POINT('',(-90.50609665441,-14.75,21.464466094067));
#12708 = SURFACE_CURVE('',#12709,(#12713,#12720),.PCURVE_S1.);
#12709 = LINE('',#12710,#12711);
#12710 = CARTESIAN_POINT('',(-90.50609665441,14.75,21.464466094067));
#12711 = VECTOR('',#12712,1.);
#12712 = DIRECTION('',(-1.224646799147E-16,-1.,0.));
#12713 = PCURVE('',#12681,#12714);
#12714 = DEFINITIONAL_REPRESENTATION('',(#12715),#12719);
#12715 = LINE('',#12716,#12717);
#12716 = CARTESIAN_POINT('',(0.,0.));
#12717 = VECTOR('',#12718,1.);
#12718 = DIRECTION('',(0.,-1.));
#12719 = ( GEOMETRIC_REPRESENTATION_CONTEXT(2) 
PARAMETRIC_REPRESENTATION_CONTEXT() REPRESENTATION_CONTEXT('2D SPACE',''
  ) );
#12720 = PCURVE('',#12721,#12726);
#12721 = PLANE('',#12722);
#12722 = AXIS2_PLACEMENT_3D('',#12723,#12724,#12725);
#12723 = CARTESIAN_POINT('',(-90.50609665441,14.75,21.464466094067));
#12724 = DIRECTION('',(-0.707106781187,8.659560562355E-17,0.707106781187
    ));
#12725 = DIRECTION('',(-0.707106781187,8.659560562355E-17,
    -0.707106781187));
#12726 = DEFINITIONAL_REPRESENTATION('',(#12727),#12731);
#12727 = LINE('',#12728,#12729);
#12728 = CARTESIAN_POINT('',(0.,0.));
#12729 = VECTOR('',#12730,1.);
#12730 = DIRECTION('',(0.,1.));
#12731 = ( GEOMETRIC_REPRESENTATION_CONTEXT(2) 
PARAMETRIC_REPRESENTATION_CONTEXT() REPRESENTATION_CONTEXT('2D SPACE',''
  ) );
#12732 = ORIENTED_EDGE('',*,*,#12733,.T.);
#12733 = EDGE_CURVE('',#12706,#12734,#12736,.T.);
#12734 = VERTEX_POINT('',#12735);
#12735 = CARTESIAN_POINT('',(-111.3657466994,-14.75,42.32411613907));
#12736 = SURFACE_CURVE('',#12737,(#12741,#12748),.PCURVE_S1.);
#12737 = LINE('',#12738,#12739);
#12738 = CARTESIAN_POINT('',(-90.50609665441,-14.75,21.464466094067));
#12739 = VECTOR('',#12740,1.);
#12740 = DIRECTION('',(-0.707106781187,8.659560562355E-17,0.707106781187
    ));
#12741 = PCURVE('',#12681,#12742);
#12742 = DEFINITIONAL_REPRESENTATION('',(#12743),#12747);
#12743 = LINE('',#12744,#12745);
#12744 = CARTESIAN_POINT('',(1.000616930358E-14,-29.5));
#12745 = VECTOR('',#12746,1.);
#12746 = DIRECTION('',(1.,0.));
#12747 = ( GEOMETRIC_REPRESENTATION_CONTEXT(2) 
PARAMETRIC_REPRESENTATION_CONTEXT() REPRESENTATION_CONTEXT('2D SPACE',''
  ) );
#12748 = PCURVE('',#12749,#12754);
#12749 = PLANE('',#12750);
#12750 = AXIS2_PLACEMENT_3D('',#12751,#12752,#12753);
#12751 = CARTESIAN_POINT('',(-90.50609665441,-14.75,21.464466094067));
#12752 = DIRECTION('',(-1.224646799147E-16,-1.,0.));
#12753 = DIRECTION('',(-0.707106781187,8.659560562355E-17,0.707106781187
    ));
#12754 = DEFINITIONAL_REPRESENTATION('',(#12755),#12759);
#12755 = LINE('',#12756,#12757);
#12756 = CARTESIAN_POINT('',(0.,0.));
#12757 = VECTOR('',#12758,1.);
#12758 = DIRECTION('',(1.,0.));
#12759 = ( GEOMETRIC_REPRESENTATION_CONTEXT(2) 
PARAMETRIC_REPRESENTATION_CONTEXT() REPRESENTATION_CONTEXT('2D SPACE',''
  ) );
#12760 = ORIENTED_EDGE('',*,*,#12761,.F.);
#12761 = EDGE_CURVE('',#12673,#12734,#12762,.T.);
#12762 = SURFACE_CURVE('',#12763,(#12767,#12774),.PCURVE_S1.);
#12763 = LINE('',#12764,#12765);
#12764 = CARTESIAN_POINT('',(-111.3657466994,14.75,42.32411613907));
#12765 = VECTOR('',#12766,1.);
#12766 = DIRECTION('',(-1.224646799147E-16,-1.,0.));
#12767 = PCURVE('',#12681,#12768);
#12768 = DEFINITIONAL_REPRESENTATION('',(#12769),#12773);
#12769 = LINE('',#12770,#12771);
#12770 = CARTESIAN_POINT('',(29.5,9.981433129058E-16));
#12771 = VECTOR('',#12772,1.);
#12772 = DIRECTION('',(0.,-1.));
#12773 = ( GEOMETRIC_REPRESENTATION_CONTEXT(2) 
PARAMETRIC_REPRESENTATION_CONTEXT() REPRESENTATION_CONTEXT('2D SPACE',''
  ) );
#12774 = PCURVE('',#12775,#12780);
#12775 = PLANE('',#12776);
#12776 = AXIS2_PLACEMENT_3D('',#12777,#12778,#12779);
#12777 = CARTESIAN_POINT('',(-111.3657466994,14.75,42.32411613907));
#12778 = DIRECTION('',(-0.707106781187,8.659560562355E-17,0.707106781187
    ));
#12779 = DIRECTION('',(-0.707106781187,8.659560562355E-17,
    -0.707106781187));
#12780 = DEFINITIONAL_REPRESENTATION('',(#12781),#12785);
#12781 = LINE('',#12782,#12783);
#12782 = CARTESIAN_POINT('',(0.,0.));
#12783 = VECTOR('',#12784,1.);
#12784 = DIRECTION('',(0.,1.));
#12785 = ( GEOMETRIC_REPRESENTATION_CONTEXT(2) 
PARAMETRIC_REPRESENTATION_CONTEXT() REPRESENTATION_CONTEXT('2D SPACE',''
  ) );
#12786 = ADVANCED_FACE('',(#12787),#12693,.F.);
#12787 = FACE_BOUND('',#12788,.F.);
#12788 = EDGE_LOOP('',(#12789,#12812,#12813,#12836));
#12789 = ORIENTED_EDGE('',*,*,#12790,.F.);
#12790 = EDGE_CURVE('',#12671,#12791,#12793,.T.);
#12791 = VERTEX_POINT('',#12792);
#12792 = CARTESIAN_POINT('',(-110.3050865276,14.75,1.665476220844));
#12793 = SURFACE_CURVE('',#12794,(#12798,#12805),.PCURVE_S1.);
#12794 = LINE('',#12795,#12796);
#12795 = CARTESIAN_POINT('',(-90.50609665441,14.75,21.464466094067));
#12796 = VECTOR('',#12797,1.);
#12797 = DIRECTION('',(-0.707106781187,8.659560562355E-17,
    -0.707106781187));
#12798 = PCURVE('',#12693,#12799);
#12799 = DEFINITIONAL_REPRESENTATION('',(#12800),#12804);
#12800 = LINE('',#12801,#12802);
#12801 = CARTESIAN_POINT('',(0.,0.));
#12802 = VECTOR('',#12803,1.);
#12803 = DIRECTION('',(0.,1.));
#12804 = ( GEOMETRIC_REPRESENTATION_CONTEXT(2) 
PARAMETRIC_REPRESENTATION_CONTEXT() REPRESENTATION_CONTEXT('2D SPACE',''
  ) );
#12805 = PCURVE('',#12721,#12806);
#12806 = DEFINITIONAL_REPRESENTATION('',(#12807),#12811);
#12807 = LINE('',#12808,#12809);
#12808 = CARTESIAN_POINT('',(0.,0.));
#12809 = VECTOR('',#12810,1.);
#12810 = DIRECTION('',(1.,0.));
#12811 = ( GEOMETRIC_REPRESENTATION_CONTEXT(2) 
PARAMETRIC_REPRESENTATION_CONTEXT() REPRESENTATION_CONTEXT('2D SPACE',''
  ) );
#12812 = ORIENTED_EDGE('',*,*,#12670,.T.);
#12813 = ORIENTED_EDGE('',*,*,#12814,.T.);
#12814 = EDGE_CURVE('',#12673,#12815,#12817,.T.);
#12815 = VERTEX_POINT('',#12816);
#12816 = CARTESIAN_POINT('',(-131.1647365726,14.75,22.525126265847));
#12817 = SURFACE_CURVE('',#12818,(#12822,#12829),.PCURVE_S1.);
#12818 = LINE('',#12819,#12820);
#12819 = CARTESIAN_POINT('',(-111.3657466994,14.75,42.32411613907));
#12820 = VECTOR('',#12821,1.);
#12821 = DIRECTION('',(-0.707106781187,8.659560562355E-17,
    -0.707106781187));
#12822 = PCURVE('',#12693,#12823);
#12823 = DEFINITIONAL_REPRESENTATION('',(#12824),#12828);
#12824 = LINE('',#12825,#12826);
#12825 = CARTESIAN_POINT('',(29.5,-1.7763568394E-15));
#12826 = VECTOR('',#12827,1.);
#12827 = DIRECTION('',(0.,1.));
#12828 = ( GEOMETRIC_REPRESENTATION_CONTEXT(2) 
PARAMETRIC_REPRESENTATION_CONTEXT() REPRESENTATION_CONTEXT('2D SPACE',''
  ) );
#12829 = PCURVE('',#12775,#12830);
#12830 = DEFINITIONAL_REPRESENTATION('',(#12831),#12835);
#12831 = LINE('',#12832,#12833);
#12832 = CARTESIAN_POINT('',(0.,0.));
#12833 = VECTOR('',#12834,1.);
#12834 = DIRECTION('',(1.,0.));
#12835 = ( GEOMETRIC_REPRESENTATION_CONTEXT(2) 
PARAMETRIC_REPRESENTATION_CONTEXT() REPRESENTATION_CONTEXT('2D SPACE',''
  ) );
#12836 = ORIENTED_EDGE('',*,*,#12837,.F.);
#12837 = EDGE_CURVE('',#12791,#12815,#12838,.T.);
#12838 = SURFACE_CURVE('',#12839,(#12843,#12850),.PCURVE_S1.);
#12839 = LINE('',#12840,#12841);
#12840 = CARTESIAN_POINT('',(-110.3050865276,14.75,1.665476220844));
#12841 = VECTOR('',#12842,1.);
#12842 = DIRECTION('',(-0.707106781187,8.659560562355E-17,0.707106781187
    ));
#12843 = PCURVE('',#12693,#12844);
#12844 = DEFINITIONAL_REPRESENTATION('',(#12845),#12849);
#12845 = LINE('',#12846,#12847);
#12846 = CARTESIAN_POINT('',(3.552713678801E-15,28.));
#12847 = VECTOR('',#12848,1.);
#12848 = DIRECTION('',(1.,0.));
#12849 = ( GEOMETRIC_REPRESENTATION_CONTEXT(2) 
PARAMETRIC_REPRESENTATION_CONTEXT() REPRESENTATION_CONTEXT('2D SPACE',''
  ) );
#12850 = PCURVE('',#12851,#12856);
#12851 = PLANE('',#12852);
#12852 = AXIS2_PLACEMENT_3D('',#12853,#12854,#12855);
#12853 = CARTESIAN_POINT('',(-110.3050865276,14.75,1.665476220844));
#12854 = DIRECTION('',(-0.707106781187,8.659560562355E-17,
    -0.707106781187));
#12855 = DIRECTION('',(-0.707106781187,8.659560562355E-17,0.707106781187
    ));
#12856 = DEFINITIONAL_REPRESENTATION('',(#12857),#12861);
#12857 = LINE('',#12858,#12859);
#12858 = CARTESIAN_POINT('',(0.,0.));
#12859 = VECTOR('',#12860,1.);
#12860 = DIRECTION('',(1.,0.));
#12861 = ( GEOMETRIC_REPRESENTATION_CONTEXT(2) 
PARAMETRIC_REPRESENTATION_CONTEXT() REPRESENTATION_CONTEXT('2D SPACE',''
  ) );
#12862 = ADVANCED_FACE('',(#12863),#12775,.T.);
#12863 = FACE_BOUND('',#12864,.T.);
#12864 = EDGE_LOOP('',(#12865,#12866,#12867,#12890));
#12865 = ORIENTED_EDGE('',*,*,#12761,.F.);
#12866 = ORIENTED_EDGE('',*,*,#12814,.T.);
#12867 = ORIENTED_EDGE('',*,*,#12868,.T.);
#12868 = EDGE_CURVE('',#12815,#12869,#12871,.T.);
#12869 = VERTEX_POINT('',#12870);
#12870 = CARTESIAN_POINT('',(-131.1647365726,-14.75,22.525126265847));
#12871 = SURFACE_CURVE('',#12872,(#12876,#12883),.PCURVE_S1.);
#12872 = LINE('',#12873,#12874);
#12873 = CARTESIAN_POINT('',(-131.1647365726,14.75,22.525126265847));
#12874 = VECTOR('',#12875,1.);
#12875 = DIRECTION('',(-1.224646799147E-16,-1.,0.));
#12876 = PCURVE('',#12775,#12877);
#12877 = DEFINITIONAL_REPRESENTATION('',(#12878),#12882);
#12878 = LINE('',#12879,#12880);
#12879 = CARTESIAN_POINT('',(28.,6.483201180591E-16));
#12880 = VECTOR('',#12881,1.);
#12881 = DIRECTION('',(0.,1.));
#12882 = ( GEOMETRIC_REPRESENTATION_CONTEXT(2) 
PARAMETRIC_REPRESENTATION_CONTEXT() REPRESENTATION_CONTEXT('2D SPACE',''
  ) );
#12883 = PCURVE('',#12851,#12884);
#12884 = DEFINITIONAL_REPRESENTATION('',(#12885),#12889);
#12885 = LINE('',#12886,#12887);
#12886 = CARTESIAN_POINT('',(29.5,-7.782135264945E-16));
#12887 = VECTOR('',#12888,1.);
#12888 = DIRECTION('',(0.,-1.));
#12889 = ( GEOMETRIC_REPRESENTATION_CONTEXT(2) 
PARAMETRIC_REPRESENTATION_CONTEXT() REPRESENTATION_CONTEXT('2D SPACE',''
  ) );
#12890 = ORIENTED_EDGE('',*,*,#12891,.F.);
#12891 = EDGE_CURVE('',#12734,#12869,#12892,.T.);
#12892 = SURFACE_CURVE('',#12893,(#12897,#12904),.PCURVE_S1.);
#12893 = LINE('',#12894,#12895);
#12894 = CARTESIAN_POINT('',(-111.3657466994,-14.75,42.32411613907));
#12895 = VECTOR('',#12896,1.);
#12896 = DIRECTION('',(-0.707106781187,8.659560562355E-17,
    -0.707106781187));
#12897 = PCURVE('',#12775,#12898);
#12898 = DEFINITIONAL_REPRESENTATION('',(#12899),#12903);
#12899 = LINE('',#12900,#12901);
#12900 = CARTESIAN_POINT('',(-2.554570365895E-15,29.5));
#12901 = VECTOR('',#12902,1.);
#12902 = DIRECTION('',(1.,0.));
#12903 = ( GEOMETRIC_REPRESENTATION_CONTEXT(2) 
PARAMETRIC_REPRESENTATION_CONTEXT() REPRESENTATION_CONTEXT('2D SPACE',''
  ) );
#12904 = PCURVE('',#12749,#12905);
#12905 = DEFINITIONAL_REPRESENTATION('',(#12906),#12910);
#12906 = LINE('',#12907,#12908);
#12907 = CARTESIAN_POINT('',(29.5,-1.24344978758E-14));
#12908 = VECTOR('',#12909,1.);
#12909 = DIRECTION('',(0.,1.));
#12910 = ( GEOMETRIC_REPRESENTATION_CONTEXT(2) 
PARAMETRIC_REPRESENTATION_CONTEXT() REPRESENTATION_CONTEXT('2D SPACE',''
  ) );
#12911 = ADVANCED_FACE('',(#12912),#12749,.T.);
#12912 = FACE_BOUND('',#12913,.T.);
#12913 = EDGE_LOOP('',(#12914,#12937,#12938,#12939));
#12914 = ORIENTED_EDGE('',*,*,#12915,.F.);
#12915 = EDGE_CURVE('',#12706,#12916,#12918,.T.);
#12916 = VERTEX_POINT('',#12917);
#12917 = CARTESIAN_POINT('',(-110.3050865276,-14.75,1.665476220844));
#12918 = SURFACE_CURVE('',#12919,(#12923,#12930),.PCURVE_S1.);
#12919 = LINE('',#12920,#12921);
#12920 = CARTESIAN_POINT('',(-90.50609665441,-14.75,21.464466094067));
#12921 = VECTOR('',#12922,1.);
#12922 = DIRECTION('',(-0.707106781187,8.659560562355E-17,
    -0.707106781187));
#12923 = PCURVE('',#12749,#12924);
#12924 = DEFINITIONAL_REPRESENTATION('',(#12925),#12929);
#12925 = LINE('',#12926,#12927);
#12926 = CARTESIAN_POINT('',(0.,0.));
#12927 = VECTOR('',#12928,1.);
#12928 = DIRECTION('',(0.,1.));
#12929 = ( GEOMETRIC_REPRESENTATION_CONTEXT(2) 
PARAMETRIC_REPRESENTATION_CONTEXT() REPRESENTATION_CONTEXT('2D SPACE',''
  ) );
#12930 = PCURVE('',#12721,#12931);
#12931 = DEFINITIONAL_REPRESENTATION('',(#12932),#12936);
#12932 = LINE('',#12933,#12934);
#12933 = CARTESIAN_POINT('',(1.000616930358E-14,29.5));
#12934 = VECTOR('',#12935,1.);
#12935 = DIRECTION('',(1.,0.));
#12936 = ( GEOMETRIC_REPRESENTATION_CONTEXT(2) 
PARAMETRIC_REPRESENTATION_CONTEXT() REPRESENTATION_CONTEXT('2D SPACE',''
  ) );
#12937 = ORIENTED_EDGE('',*,*,#12733,.T.);
#12938 = ORIENTED_EDGE('',*,*,#12891,.T.);
#12939 = ORIENTED_EDGE('',*,*,#12940,.F.);
#12940 = EDGE_CURVE('',#12916,#12869,#12941,.T.);
#12941 = SURFACE_CURVE('',#12942,(#12946,#12953),.PCURVE_S1.);
#12942 = LINE('',#12943,#12944);
#12943 = CARTESIAN_POINT('',(-110.3050865276,-14.75,1.665476220844));
#12944 = VECTOR('',#12945,1.);
#12945 = DIRECTION('',(-0.707106781187,8.659560562355E-17,0.707106781187
    ));
#12946 = PCURVE('',#12749,#12947);
#12947 = DEFINITIONAL_REPRESENTATION('',(#12948),#12952);
#12948 = LINE('',#12949,#12950);
#12949 = CARTESIAN_POINT('',(-7.105427357601E-15,28.));
#12950 = VECTOR('',#12951,1.);
#12951 = DIRECTION('',(1.,0.));
#12952 = ( GEOMETRIC_REPRESENTATION_CONTEXT(2) 
PARAMETRIC_REPRESENTATION_CONTEXT() REPRESENTATION_CONTEXT('2D SPACE',''
  ) );
#12953 = PCURVE('',#12851,#12954);
#12954 = DEFINITIONAL_REPRESENTATION('',(#12955),#12959);
#12955 = LINE('',#12956,#12957);
#12956 = CARTESIAN_POINT('',(-3.810644332842E-15,-29.5));
#12957 = VECTOR('',#12958,1.);
#12958 = DIRECTION('',(1.,0.));
#12959 = ( GEOMETRIC_REPRESENTATION_CONTEXT(2) 
PARAMETRIC_REPRESENTATION_CONTEXT() REPRESENTATION_CONTEXT('2D SPACE',''
  ) );
#12960 = ADVANCED_FACE('',(#12961),#12721,.F.);
#12961 = FACE_BOUND('',#12962,.F.);
#12962 = EDGE_LOOP('',(#12963,#12964,#12965,#12986));
#12963 = ORIENTED_EDGE('',*,*,#12705,.F.);
#12964 = ORIENTED_EDGE('',*,*,#12790,.T.);
#12965 = ORIENTED_EDGE('',*,*,#12966,.T.);
#12966 = EDGE_CURVE('',#12791,#12916,#12967,.T.);
#12967 = SURFACE_CURVE('',#12968,(#12972,#12979),.PCURVE_S1.);
#12968 = LINE('',#12969,#12970);
#12969 = CARTESIAN_POINT('',(-110.3050865276,14.75,1.665476220844));
#12970 = VECTOR('',#12971,1.);
#12971 = DIRECTION('',(-1.224646799147E-16,-1.,0.));
#12972 = PCURVE('',#12721,#12973);
#12973 = DEFINITIONAL_REPRESENTATION('',(#12974),#12978);
#12974 = LINE('',#12975,#12976);
#12975 = CARTESIAN_POINT('',(28.,-1.128036721341E-15));
#12976 = VECTOR('',#12977,1.);
#12977 = DIRECTION('',(0.,1.));
#12978 = ( GEOMETRIC_REPRESENTATION_CONTEXT(2) 
PARAMETRIC_REPRESENTATION_CONTEXT() REPRESENTATION_CONTEXT('2D SPACE',''
  ) );
#12979 = PCURVE('',#12851,#12980);
#12980 = DEFINITIONAL_REPRESENTATION('',(#12981),#12985);
#12981 = LINE('',#12982,#12983);
#12982 = CARTESIAN_POINT('',(0.,0.));
#12983 = VECTOR('',#12984,1.);
#12984 = DIRECTION('',(0.,-1.));
#12985 = ( GEOMETRIC_REPRESENTATION_CONTEXT(2) 
PARAMETRIC_REPRESENTATION_CONTEXT() REPRESENTATION_CONTEXT('2D SPACE',''
  ) );
#12986 = ORIENTED_EDGE('',*,*,#12915,.F.);
#12987 = ADVANCED_FACE('',(#12988,#12994),#12851,.T.);
#12988 = FACE_BOUND('',#12989,.T.);
#12989 = EDGE_LOOP('',(#12990,#12991,#12992,#12993));
#12990 = ORIENTED_EDGE('',*,*,#12837,.F.);
#12991 = ORIENTED_EDGE('',*,*,#12966,.T.);
#12992 = ORIENTED_EDGE('',*,*,#12940,.T.);
#12993 = ORIENTED_EDGE('',*,*,#12868,.F.);
#12994 = FACE_BOUND('',#12995,.T.);
#12995 = EDGE_LOOP('',(#12996));
#12996 = ORIENTED_EDGE('',*,*,#12997,.F.);
#12997 = EDGE_CURVE('',#12998,#12998,#13000,.T.);
#12998 = VERTEX_POINT('',#12999);
#12999 = CARTESIAN_POINT('',(-120.7349115501,-7.,12.095301243346));
#13000 = SURFACE_CURVE('',#13001,(#13006,#13013),.PCURVE_S1.);
#13001 = CIRCLE('',#13002,7.);
#13002 = AXIS2_PLACEMENT_3D('',#13003,#13004,#13005);
#13003 = CARTESIAN_POINT('',(-120.7349115501,1.478576229752E-14,
    12.095301243346));
#13004 = DIRECTION('',(-0.707106781187,8.659560562355E-17,
    -0.707106781187));
#13005 = DIRECTION('',(-1.224646799147E-16,-1.,0.));
#13006 = PCURVE('',#12851,#13007);
#13007 = DEFINITIONAL_REPRESENTATION('',(#13008),#13012);
#13008 = CIRCLE('',#13009,7.);
#13009 = AXIS2_PLACEMENT_2D('',#13010,#13011);
#13010 = CARTESIAN_POINT('',(14.75,-14.75));
#13011 = DIRECTION('',(0.,-1.));
#13012 = ( GEOMETRIC_REPRESENTATION_CONTEXT(2) 
PARAMETRIC_REPRESENTATION_CONTEXT() REPRESENTATION_CONTEXT('2D SPACE',''
  ) );
#13013 = PCURVE('',#13014,#13019);
#13014 = CYLINDRICAL_SURFACE('',#13015,7.);
#13015 = AXIS2_PLACEMENT_3D('',#13016,#13017,#13018);
#13016 = CARTESIAN_POINT('',(-120.7349115501,1.478576229752E-14,
    12.095301243346));
#13017 = DIRECTION('',(0.707106781187,-8.659560562355E-17,0.707106781187
    ));
#13018 = DIRECTION('',(-1.224646799147E-16,-1.,0.));
#13019 = DEFINITIONAL_REPRESENTATION('',(#13020),#13024);
#13020 = LINE('',#13021,#13022);
#13021 = CARTESIAN_POINT('',(-0.,0.));
#13022 = VECTOR('',#13023,1.);
#13023 = DIRECTION('',(-1.,0.));
#13024 = ( GEOMETRIC_REPRESENTATION_CONTEXT(2) 
PARAMETRIC_REPRESENTATION_CONTEXT() REPRESENTATION_CONTEXT('2D SPACE',''
  ) );
#13025 = ADVANCED_FACE('',(#13026),#13014,.T.);
#13026 = FACE_BOUND('',#13027,.F.);
#13027 = EDGE_LOOP('',(#13028,#13051,#13078,#13079));
#13028 = ORIENTED_EDGE('',*,*,#13029,.T.);
#13029 = EDGE_CURVE('',#12998,#13030,#13032,.T.);
#13030 = VERTEX_POINT('',#13031);
#13031 = CARTESIAN_POINT('',(-126.3917657996,-7.,6.438446993853));
#13032 = SEAM_CURVE('',#13033,(#13037,#13044),.PCURVE_S1.);
#13033 = LINE('',#13034,#13035);
#13034 = CARTESIAN_POINT('',(-120.7349115501,-7.,12.095301243346));
#13035 = VECTOR('',#13036,1.);
#13036 = DIRECTION('',(-0.707106781187,8.659560562355E-17,
    -0.707106781187));
#13037 = PCURVE('',#13014,#13038);
#13038 = DEFINITIONAL_REPRESENTATION('',(#13039),#13043);
#13039 = LINE('',#13040,#13041);
#13040 = CARTESIAN_POINT('',(-0.,0.));
#13041 = VECTOR('',#13042,1.);
#13042 = DIRECTION('',(-0.,-1.));
#13043 = ( GEOMETRIC_REPRESENTATION_CONTEXT(2) 
PARAMETRIC_REPRESENTATION_CONTEXT() REPRESENTATION_CONTEXT('2D SPACE',''
  ) );
#13044 = PCURVE('',#13014,#13045);
#13045 = DEFINITIONAL_REPRESENTATION('',(#13046),#13050);
#13046 = LINE('',#13047,#13048);
#13047 = CARTESIAN_POINT('',(-6.28318530718,0.));
#13048 = VECTOR('',#13049,1.);
#13049 = DIRECTION('',(-0.,-1.));
#13050 = ( GEOMETRIC_REPRESENTATION_CONTEXT(2) 
PARAMETRIC_REPRESENTATION_CONTEXT() REPRESENTATION_CONTEXT('2D SPACE',''
  ) );
#13051 = ORIENTED_EDGE('',*,*,#13052,.T.);
#13052 = EDGE_CURVE('',#13030,#13030,#13053,.T.);
#13053 = SURFACE_CURVE('',#13054,(#13059,#13066),.PCURVE_S1.);
#13054 = CIRCLE('',#13055,7.);
#13055 = AXIS2_PLACEMENT_3D('',#13056,#13057,#13058);
#13056 = CARTESIAN_POINT('',(-126.3917657996,1.547852714251E-14,
    6.438446993853));
#13057 = DIRECTION('',(-0.707106781187,8.659560562355E-17,
    -0.707106781187));
#13058 = DIRECTION('',(-1.224646799147E-16,-1.,0.));
#13059 = PCURVE('',#13014,#13060);
#13060 = DEFINITIONAL_REPRESENTATION('',(#13061),#13065);
#13061 = LINE('',#13062,#13063);
#13062 = CARTESIAN_POINT('',(-0.,-8.));
#13063 = VECTOR('',#13064,1.);
#13064 = DIRECTION('',(-1.,0.));
#13065 = ( GEOMETRIC_REPRESENTATION_CONTEXT(2) 
PARAMETRIC_REPRESENTATION_CONTEXT() REPRESENTATION_CONTEXT('2D SPACE',''
  ) );
#13066 = PCURVE('',#13067,#13072);
#13067 = PLANE('',#13068);
#13068 = AXIS2_PLACEMENT_3D('',#13069,#13070,#13071);
#13069 = CARTESIAN_POINT('',(-126.3917657996,1.625992150396E-14,
    6.438446993853));
#13070 = DIRECTION('',(-0.707106781187,8.659560562355E-17,
    -0.707106781187));
#13071 = DIRECTION('',(-0.707106781187,8.659560562355E-17,0.707106781187
    ));
#13072 = DEFINITIONAL_REPRESENTATION('',(#13073),#13077);
#13073 = CIRCLE('',#13074,7.);
#13074 = AXIS2_PLACEMENT_2D('',#13075,#13076);
#13075 = CARTESIAN_POINT('',(-1.256073966947E-15,-7.813943614511E-16));
#13076 = DIRECTION('',(0.,-1.));
#13077 = ( GEOMETRIC_REPRESENTATION_CONTEXT(2) 
PARAMETRIC_REPRESENTATION_CONTEXT() REPRESENTATION_CONTEXT('2D SPACE',''
  ) );
#13078 = ORIENTED_EDGE('',*,*,#13029,.F.);
#13079 = ORIENTED_EDGE('',*,*,#12997,.F.);
#13080 = ADVANCED_FACE('',(#13081),#13067,.T.);
#13081 = FACE_BOUND('',#13082,.T.);
#13082 = EDGE_LOOP('',(#13083));
#13083 = ORIENTED_EDGE('',*,*,#13052,.T.);
#13084 = ( GEOMETRIC_REPRESENTATION_CONTEXT(3) 
GLOBAL_UNCERTAINTY_ASSIGNED_CONTEXT((#13088)) 
GLOBAL_UNIT_ASSIGNED_CONTEXT((#13085,#13086,#13087)) 
REPRESENTATION_CONTEXT('Context #1',
  '3D Context with UNIT and UNCERTAINTY') );
#13085 = ( LENGTH_UNIT() NAMED_UNIT(*) SI_UNIT(.MILLI.,.METRE.) );
#13086 = ( NAMED_UNIT(*) PLANE_ANGLE_UNIT() SI_UNIT($,.RADIAN.) );
#13087 = ( NAMED_UNIT(*) SI_UNIT($,.STERADIAN.) SOLID_ANGLE_UNIT() );
#13088 = UNCERTAINTY_MEASURE_WITH_UNIT(LENGTH_MEASURE(1.E-07),#13085,
  'distance_accuracy_value','confusion accuracy');
#13089 = CONTEXT_DEPENDENT_SHAPE_REPRESENTATION(#13090,#13092);
#13090 = ( REPRESENTATION_RELATIONSHIP('','',#12663,#10) 
REPRESENTATION_RELATIONSHIP_WITH_TRANSFORMATION(#13091) 
SHAPE_REPRESENTATION_RELATIONSHIP() );
#13091 = ITEM_DEFINED_TRANSFORMATION('','',#11,#39);
#13092 = PRODUCT_DEFINITION_SHAPE('Placement','Placement of an item',
  #13093);
#13093 = NEXT_ASSEMBLY_USAGE_OCCURRENCE('7',
  'back_technexion_camera_reference','',#5,#12658,$);
#13094 = PRODUCT_RELATED_PRODUCT_CATEGORY('part',$,(#12660));
#13095 = SHAPE_DEFINITION_REPRESENTATION(#13096,#13102);
#13096 = PRODUCT_DEFINITION_SHAPE('','',#13097);
#13097 = PRODUCT_DEFINITION('design','',#13098,#13101);
#13098 = PRODUCT_DEFINITION_FORMATION('','',#13099);
#13099 = PRODUCT('left_analog_carrier','left_analog_carrier','',(#13100)
  );
#13100 = PRODUCT_CONTEXT('',#2,'mechanical');
#13101 = PRODUCT_DEFINITION_CONTEXT('part definition',#2,'design');
#13102 = ADVANCED_BREP_SHAPE_REPRESENTATION('',(#11,#13103),#15890);
#13103 = MANIFOLD_SOLID_BREP('',#13104);
#13104 = CLOSED_SHELL('',(#13105,#13225,#13584,#13633,#13944,#13971,
    #13998,#14346,#14395,#14444,#14493,#14542,#14943,#14970,#14977,
    #15049,#15098,#15147,#15196,#15245,#15272,#15279,#15332,#15381,
    #15476,#15525,#15604,#15631,#15748,#15797,#15828,#15835,#15842,
    #15849,#15856,#15863));
#13105 = ADVANCED_FACE('',(#13106),#13120,.F.);
#13106 = FACE_BOUND('',#13107,.F.);
#13107 = EDGE_LOOP('',(#13108,#13143,#13171,#13199));
#13108 = ORIENTED_EDGE('',*,*,#13109,.F.);
#13109 = EDGE_CURVE('',#13110,#13112,#13114,.T.);
#13110 = VERTEX_POINT('',#13111);
#13111 = CARTESIAN_POINT('',(-3.8,-55.85786437626,25.));
#13112 = VERTEX_POINT('',#13113);
#13113 = CARTESIAN_POINT('',(-3.8,-70.,39.142135623731));
#13114 = SURFACE_CURVE('',#13115,(#13119,#13131),.PCURVE_S1.);
#13115 = LINE('',#13116,#13117);
#13116 = CARTESIAN_POINT('',(-3.8,-55.85786437626,25.));
#13117 = VECTOR('',#13118,1.);
#13118 = DIRECTION('',(-1.570092458684E-16,-0.707106781187,
    0.707106781187));
#13119 = PCURVE('',#13120,#13125);
#13120 = PLANE('',#13121);
#13121 = AXIS2_PLACEMENT_3D('',#13122,#13123,#13124);
#13122 = CARTESIAN_POINT('',(-3.8,-55.85786437626,25.));
#13123 = DIRECTION('',(-1.570092458684E-16,-0.707106781187,
    -0.707106781187));
#13124 = DIRECTION('',(-1.570092458684E-16,-0.707106781187,
    0.707106781187));
#13125 = DEFINITIONAL_REPRESENTATION('',(#13126),#13130);
#13126 = LINE('',#13127,#13128);
#13127 = CARTESIAN_POINT('',(0.,0.));
#13128 = VECTOR('',#13129,1.);
#13129 = DIRECTION('',(1.,0.));
#13130 = ( GEOMETRIC_REPRESENTATION_CONTEXT(2) 
PARAMETRIC_REPRESENTATION_CONTEXT() REPRESENTATION_CONTEXT('2D SPACE',''
  ) );
#13131 = PCURVE('',#13132,#13137);
#13132 = PLANE('',#13133);
#13133 = AXIS2_PLACEMENT_3D('',#13134,#13135,#13136);
#13134 = CARTESIAN_POINT('',(-3.8,-55.85786437626,25.));
#13135 = DIRECTION('',(1.,-2.22044604925E-16,0.));
#13136 = DIRECTION('',(-1.570092458684E-16,-0.707106781187,
    0.707106781187));
#13137 = DEFINITIONAL_REPRESENTATION('',(#13138),#13142);
#13138 = LINE('',#13139,#13140);
#13139 = CARTESIAN_POINT('',(0.,-0.));
#13140 = VECTOR('',#13141,1.);
#13141 = DIRECTION('',(1.,0.));
#13142 = ( GEOMETRIC_REPRESENTATION_CONTEXT(2) 
PARAMETRIC_REPRESENTATION_CONTEXT() REPRESENTATION_CONTEXT('2D SPACE',''
  ) );
#13143 = ORIENTED_EDGE('',*,*,#13144,.T.);
#13144 = EDGE_CURVE('',#13110,#13145,#13147,.T.);
#13145 = VERTEX_POINT('',#13146);
#13146 = CARTESIAN_POINT('',(3.8,-55.85786437626,25.));
#13147 = SURFACE_CURVE('',#13148,(#13152,#13159),.PCURVE_S1.);
#13148 = LINE('',#13149,#13150);
#13149 = CARTESIAN_POINT('',(-3.8,-55.85786437626,25.));
#13150 = VECTOR('',#13151,1.);
#13151 = DIRECTION('',(1.,-2.22044604925E-16,0.));
#13152 = PCURVE('',#13120,#13153);
#13153 = DEFINITIONAL_REPRESENTATION('',(#13154),#13158);
#13154 = LINE('',#13155,#13156);
#13155 = CARTESIAN_POINT('',(0.,0.));
#13156 = VECTOR('',#13157,1.);
#13157 = DIRECTION('',(0.,-1.));
#13158 = ( GEOMETRIC_REPRESENTATION_CONTEXT(2) 
PARAMETRIC_REPRESENTATION_CONTEXT() REPRESENTATION_CONTEXT('2D SPACE',''
  ) );
#13159 = PCURVE('',#13160,#13165);
#13160 = PLANE('',#13161);
#13161 = AXIS2_PLACEMENT_3D('',#13162,#13163,#13164);
#13162 = CARTESIAN_POINT('',(-3.8,-55.85786437626,25.));
#13163 = DIRECTION('',(-1.570092458684E-16,-0.707106781187,
    0.707106781187));
#13164 = DIRECTION('',(-1.570092458684E-16,-0.707106781187,
    -0.707106781187));
#13165 = DEFINITIONAL_REPRESENTATION('',(#13166),#13170);
#13166 = LINE('',#13167,#13168);
#13167 = CARTESIAN_POINT('',(-0.,0.));
#13168 = VECTOR('',#13169,1.);
#13169 = DIRECTION('',(0.,1.));
#13170 = ( GEOMETRIC_REPRESENTATION_CONTEXT(2) 
PARAMETRIC_REPRESENTATION_CONTEXT() REPRESENTATION_CONTEXT('2D SPACE',''
  ) );
#13171 = ORIENTED_EDGE('',*,*,#13172,.T.);
#13172 = EDGE_CURVE('',#13145,#13173,#13175,.T.);
#13173 = VERTEX_POINT('',#13174);
#13174 = CARTESIAN_POINT('',(3.8,-70.,39.142135623731));
#13175 = SURFACE_CURVE('',#13176,(#13180,#13187),.PCURVE_S1.);
#13176 = LINE('',#13177,#13178);
#13177 = CARTESIAN_POINT('',(3.8,-55.85786437626,25.));
#13178 = VECTOR('',#13179,1.);
#13179 = DIRECTION('',(-1.570092458684E-16,-0.707106781187,
    0.707106781187));
#13180 = PCURVE('',#13120,#13181);
#13181 = DEFINITIONAL_REPRESENTATION('',(#13182),#13186);
#13182 = LINE('',#13183,#13184);
#13183 = CARTESIAN_POINT('',(-1.1932702686E-15,-7.6));
#13184 = VECTOR('',#13185,1.);
#13185 = DIRECTION('',(1.,0.));
#13186 = ( GEOMETRIC_REPRESENTATION_CONTEXT(2) 
PARAMETRIC_REPRESENTATION_CONTEXT() REPRESENTATION_CONTEXT('2D SPACE',''
  ) );
#13187 = PCURVE('',#13188,#13193);
#13188 = PLANE('',#13189);
#13189 = AXIS2_PLACEMENT_3D('',#13190,#13191,#13192);
#13190 = CARTESIAN_POINT('',(3.8,-55.85786437626,25.));
#13191 = DIRECTION('',(1.,-2.22044604925E-16,0.));
#13192 = DIRECTION('',(-1.570092458684E-16,-0.707106781187,
    0.707106781187));
#13193 = DEFINITIONAL_REPRESENTATION('',(#13194),#13198);
#13194 = LINE('',#13195,#13196);
#13195 = CARTESIAN_POINT('',(0.,-0.));
#13196 = VECTOR('',#13197,1.);
#13197 = DIRECTION('',(1.,0.));
#13198 = ( GEOMETRIC_REPRESENTATION_CONTEXT(2) 
PARAMETRIC_REPRESENTATION_CONTEXT() REPRESENTATION_CONTEXT('2D SPACE',''
  ) );
#13199 = ORIENTED_EDGE('',*,*,#13200,.F.);
#13200 = EDGE_CURVE('',#13112,#13173,#13201,.T.);
#13201 = SURFACE_CURVE('',#13202,(#13206,#13213),.PCURVE_S1.);
#13202 = LINE('',#13203,#13204);
#13203 = CARTESIAN_POINT('',(-3.8,-70.,39.142135623731));
#13204 = VECTOR('',#13205,1.);
#13205 = DIRECTION('',(1.,-2.22044604925E-16,0.));
#13206 = PCURVE('',#13120,#13207);
#13207 = DEFINITIONAL_REPRESENTATION('',(#13208),#13212);
#13208 = LINE('',#13209,#13210);
#13209 = CARTESIAN_POINT('',(20.,-3.156044841711E-17));
#13210 = VECTOR('',#13211,1.);
#13211 = DIRECTION('',(0.,-1.));
#13212 = ( GEOMETRIC_REPRESENTATION_CONTEXT(2) 
PARAMETRIC_REPRESENTATION_CONTEXT() REPRESENTATION_CONTEXT('2D SPACE',''
  ) );
#13213 = PCURVE('',#13214,#13219);
#13214 = PLANE('',#13215);
#13215 = AXIS2_PLACEMENT_3D('',#13216,#13217,#13218);
#13216 = CARTESIAN_POINT('',(-3.8,-70.,39.142135623731));
#13217 = DIRECTION('',(-1.570092458684E-16,-0.707106781187,
    0.707106781187));
#13218 = DIRECTION('',(-1.570092458684E-16,-0.707106781187,
    -0.707106781187));
#13219 = DEFINITIONAL_REPRESENTATION('',(#13220),#13224);
#13220 = LINE('',#13221,#13222);
#13221 = CARTESIAN_POINT('',(-0.,0.));
#13222 = VECTOR('',#13223,1.);
#13223 = DIRECTION('',(0.,1.));
#13224 = ( GEOMETRIC_REPRESENTATION_CONTEXT(2) 
PARAMETRIC_REPRESENTATION_CONTEXT() REPRESENTATION_CONTEXT('2D SPACE',''
  ) );
#13225 = ADVANCED_FACE('',(#13226,#13525),#13132,.F.);
#13226 = FACE_BOUND('',#13227,.F.);
#13227 = EDGE_LOOP('',(#13228,#13258,#13279,#13280,#13303,#13331,#13359,
    #13387,#13415,#13443,#13471,#13499));
#13228 = ORIENTED_EDGE('',*,*,#13229,.F.);
#13229 = EDGE_CURVE('',#13230,#13232,#13234,.T.);
#13230 = VERTEX_POINT('',#13231);
#13231 = CARTESIAN_POINT('',(-3.8,-70.,10.857864376269));
#13232 = VERTEX_POINT('',#13233);
#13233 = CARTESIAN_POINT('',(-3.8,-77.07106781186,17.928932188135));
#13234 = SURFACE_CURVE('',#13235,(#13239,#13246),.PCURVE_S1.);
#13235 = LINE('',#13236,#13237);
#13236 = CARTESIAN_POINT('',(-3.8,-70.,10.857864376269));
#13237 = VECTOR('',#13238,1.);
#13238 = DIRECTION('',(-1.570092458684E-16,-0.707106781187,
    0.707106781187));
#13239 = PCURVE('',#13132,#13240);
#13240 = DEFINITIONAL_REPRESENTATION('',(#13241),#13245);
#13241 = LINE('',#13242,#13243);
#13242 = CARTESIAN_POINT('',(-1.7763568394E-15,20.));
#13243 = VECTOR('',#13244,1.);
#13244 = DIRECTION('',(1.,0.));
#13245 = ( GEOMETRIC_REPRESENTATION_CONTEXT(2) 
PARAMETRIC_REPRESENTATION_CONTEXT() REPRESENTATION_CONTEXT('2D SPACE',''
  ) );
#13246 = PCURVE('',#13247,#13252);
#13247 = PLANE('',#13248);
#13248 = AXIS2_PLACEMENT_3D('',#13249,#13250,#13251);
#13249 = CARTESIAN_POINT('',(-3.8,-70.,10.857864376269));
#13250 = DIRECTION('',(-1.570092458684E-16,-0.707106781187,
    -0.707106781187));
#13251 = DIRECTION('',(-1.570092458684E-16,-0.707106781187,
    0.707106781187));
#13252 = DEFINITIONAL_REPRESENTATION('',(#13253),#13257);
#13253 = LINE('',#13254,#13255);
#13254 = CARTESIAN_POINT('',(0.,0.));
#13255 = VECTOR('',#13256,1.);
#13256 = DIRECTION('',(1.,0.));
#13257 = ( GEOMETRIC_REPRESENTATION_CONTEXT(2) 
PARAMETRIC_REPRESENTATION_CONTEXT() REPRESENTATION_CONTEXT('2D SPACE',''
  ) );
#13258 = ORIENTED_EDGE('',*,*,#13259,.F.);
#13259 = EDGE_CURVE('',#13110,#13230,#13260,.T.);
#13260 = SURFACE_CURVE('',#13261,(#13265,#13272),.PCURVE_S1.);
#13261 = LINE('',#13262,#13263);
#13262 = CARTESIAN_POINT('',(-3.8,-55.85786437626,25.));
#13263 = VECTOR('',#13264,1.);
#13264 = DIRECTION('',(-1.570092458684E-16,-0.707106781187,
    -0.707106781187));
#13265 = PCURVE('',#13132,#13266);
#13266 = DEFINITIONAL_REPRESENTATION('',(#13267),#13271);
#13267 = LINE('',#13268,#13269);
#13268 = CARTESIAN_POINT('',(0.,-0.));
#13269 = VECTOR('',#13270,1.);
#13270 = DIRECTION('',(0.,1.));
#13271 = ( GEOMETRIC_REPRESENTATION_CONTEXT(2) 
PARAMETRIC_REPRESENTATION_CONTEXT() REPRESENTATION_CONTEXT('2D SPACE',''
  ) );
#13272 = PCURVE('',#13160,#13273);
#13273 = DEFINITIONAL_REPRESENTATION('',(#13274),#13278);
#13274 = LINE('',#13275,#13276);
#13275 = CARTESIAN_POINT('',(-0.,0.));
#13276 = VECTOR('',#13277,1.);
#13277 = DIRECTION('',(1.,0.));
#13278 = ( GEOMETRIC_REPRESENTATION_CONTEXT(2) 
PARAMETRIC_REPRESENTATION_CONTEXT() REPRESENTATION_CONTEXT('2D SPACE',''
  ) );
#13279 = ORIENTED_EDGE('',*,*,#13109,.T.);
#13280 = ORIENTED_EDGE('',*,*,#13281,.T.);
#13281 = EDGE_CURVE('',#13112,#13282,#13284,.T.);
#13282 = VERTEX_POINT('',#13283);
#13283 = CARTESIAN_POINT('',(-3.8,-84.14213562373,25.));
#13284 = SURFACE_CURVE('',#13285,(#13289,#13296),.PCURVE_S1.);
#13285 = LINE('',#13286,#13287);
#13286 = CARTESIAN_POINT('',(-3.8,-70.,39.142135623731));
#13287 = VECTOR('',#13288,1.);
#13288 = DIRECTION('',(-1.570092458684E-16,-0.707106781187,
    -0.707106781187));
#13289 = PCURVE('',#13132,#13290);
#13290 = DEFINITIONAL_REPRESENTATION('',(#13291),#13295);
#13291 = LINE('',#13292,#13293);
#13292 = CARTESIAN_POINT('',(20.,1.7763568394E-15));
#13293 = VECTOR('',#13294,1.);
#13294 = DIRECTION('',(0.,1.));
#13295 = ( GEOMETRIC_REPRESENTATION_CONTEXT(2) 
PARAMETRIC_REPRESENTATION_CONTEXT() REPRESENTATION_CONTEXT('2D SPACE',''
  ) );
#13296 = PCURVE('',#13214,#13297);
#13297 = DEFINITIONAL_REPRESENTATION('',(#13298),#13302);
#13298 = LINE('',#13299,#13300);
#13299 = CARTESIAN_POINT('',(-0.,0.));
#13300 = VECTOR('',#13301,1.);
#13301 = DIRECTION('',(1.,0.));
#13302 = ( GEOMETRIC_REPRESENTATION_CONTEXT(2) 
PARAMETRIC_REPRESENTATION_CONTEXT() REPRESENTATION_CONTEXT('2D SPACE',''
  ) );
#13303 = ORIENTED_EDGE('',*,*,#13304,.F.);
#13304 = EDGE_CURVE('',#13305,#13282,#13307,.T.);
#13305 = VERTEX_POINT('',#13306);
#13306 = CARTESIAN_POINT('',(-3.8,-82.72792206135,23.585786437627));
#13307 = SURFACE_CURVE('',#13308,(#13312,#13319),.PCURVE_S1.);
#13308 = LINE('',#13309,#13310);
#13309 = CARTESIAN_POINT('',(-3.8,-70.,10.857864376269));
#13310 = VECTOR('',#13311,1.);
#13311 = DIRECTION('',(-1.570092458684E-16,-0.707106781187,
    0.707106781187));
#13312 = PCURVE('',#13132,#13313);
#13313 = DEFINITIONAL_REPRESENTATION('',(#13314),#13318);
#13314 = LINE('',#13315,#13316);
#13315 = CARTESIAN_POINT('',(-1.7763568394E-15,20.));
#13316 = VECTOR('',#13317,1.);
#13317 = DIRECTION('',(1.,0.));
#13318 = ( GEOMETRIC_REPRESENTATION_CONTEXT(2) 
PARAMETRIC_REPRESENTATION_CONTEXT() REPRESENTATION_CONTEXT('2D SPACE',''
  ) );
#13319 = PCURVE('',#13320,#13325);
#13320 = PLANE('',#13321);
#13321 = AXIS2_PLACEMENT_3D('',#13322,#13323,#13324);
#13322 = CARTESIAN_POINT('',(-3.8,-70.,10.857864376269));
#13323 = DIRECTION('',(-1.570092458684E-16,-0.707106781187,
    -0.707106781187));
#13324 = DIRECTION('',(-1.570092458684E-16,-0.707106781187,
    0.707106781187));
#13325 = DEFINITIONAL_REPRESENTATION('',(#13326),#13330);
#13326 = LINE('',#13327,#13328);
#13327 = CARTESIAN_POINT('',(0.,0.));
#13328 = VECTOR('',#13329,1.);
#13329 = DIRECTION('',(1.,0.));
#13330 = ( GEOMETRIC_REPRESENTATION_CONTEXT(2) 
PARAMETRIC_REPRESENTATION_CONTEXT() REPRESENTATION_CONTEXT('2D SPACE',''
  ) );
#13331 = ORIENTED_EDGE('',*,*,#13332,.T.);
#13332 = EDGE_CURVE('',#13305,#13333,#13335,.T.);
#13333 = VERTEX_POINT('',#13334);
#13334 = CARTESIAN_POINT('',(-3.8,-98.56711395993,7.746594539048));
#13335 = SURFACE_CURVE('',#13336,(#13340,#13347),.PCURVE_S1.);
#13336 = LINE('',#13337,#13338);
#13337 = CARTESIAN_POINT('',(-3.8,-72.82842712474,33.485281374239));
#13338 = VECTOR('',#13339,1.);
#13339 = DIRECTION('',(-1.570092458684E-16,-0.707106781187,
    -0.707106781187));
#13340 = PCURVE('',#13132,#13341);
#13341 = DEFINITIONAL_REPRESENTATION('',(#13342),#13346);
#13342 = LINE('',#13343,#13344);
#13343 = CARTESIAN_POINT('',(18.,6.));
#13344 = VECTOR('',#13345,1.);
#13345 = DIRECTION('',(0.,1.));
#13346 = ( GEOMETRIC_REPRESENTATION_CONTEXT(2) 
PARAMETRIC_REPRESENTATION_CONTEXT() REPRESENTATION_CONTEXT('2D SPACE',''
  ) );
#13347 = PCURVE('',#13348,#13353);
#13348 = PLANE('',#13349);
#13349 = AXIS2_PLACEMENT_3D('',#13350,#13351,#13352);
#13350 = CARTESIAN_POINT('',(-3.8,-72.82842712474,33.485281374239));
#13351 = DIRECTION('',(-1.570092458684E-16,-0.707106781187,
    0.707106781187));
#13352 = DIRECTION('',(-1.570092458684E-16,-0.707106781187,
    -0.707106781187));
#13353 = DEFINITIONAL_REPRESENTATION('',(#13354),#13358);
#13354 = LINE('',#13355,#13356);
#13355 = CARTESIAN_POINT('',(-0.,0.));
#13356 = VECTOR('',#13357,1.);
#13357 = DIRECTION('',(1.,0.));
#13358 = ( GEOMETRIC_REPRESENTATION_CONTEXT(2) 
PARAMETRIC_REPRESENTATION_CONTEXT() REPRESENTATION_CONTEXT('2D SPACE',''
  ) );
#13359 = ORIENTED_EDGE('',*,*,#13360,.T.);
#13360 = EDGE_CURVE('',#13333,#13361,#13363,.T.);
#13361 = VERTEX_POINT('',#13362);
#13362 = CARTESIAN_POINT('',(-3.8,-97.15290039756,6.332380976675));
#13363 = SURFACE_CURVE('',#13364,(#13368,#13375),.PCURVE_S1.);
#13364 = LINE('',#13365,#13366);
#13365 = CARTESIAN_POINT('',(-3.8,-89.37472580451,-1.445793616377));
#13366 = VECTOR('',#13367,1.);
#13367 = DIRECTION('',(1.570092458684E-16,0.707106781187,-0.707106781187
    ));
#13368 = PCURVE('',#13132,#13369);
#13369 = DEFINITIONAL_REPRESENTATION('',(#13370),#13374);
#13370 = LINE('',#13371,#13372);
#13371 = CARTESIAN_POINT('',(5.,42.4));
#13372 = VECTOR('',#13373,1.);
#13373 = DIRECTION('',(-1.,0.));
#13374 = ( GEOMETRIC_REPRESENTATION_CONTEXT(2) 
PARAMETRIC_REPRESENTATION_CONTEXT() REPRESENTATION_CONTEXT('2D SPACE',''
  ) );
#13375 = PCURVE('',#13376,#13381);
#13376 = PLANE('',#13377);
#13377 = AXIS2_PLACEMENT_3D('',#13378,#13379,#13380);
#13378 = CARTESIAN_POINT('',(-20.,-92.91025971044,2.089740289556));
#13379 = DIRECTION('',(-1.570092458684E-16,-0.707106781187,
    -0.707106781187));
#13380 = DIRECTION('',(-1.570092458684E-16,-0.707106781187,
    0.707106781187));
#13381 = DEFINITIONAL_REPRESENTATION('',(#13382),#13386);
#13382 = LINE('',#13383,#13384);
#13383 = CARTESIAN_POINT('',(-5.,-16.2));
#13384 = VECTOR('',#13385,1.);
#13385 = DIRECTION('',(-1.,0.));
#13386 = ( GEOMETRIC_REPRESENTATION_CONTEXT(2) 
PARAMETRIC_REPRESENTATION_CONTEXT() REPRESENTATION_CONTEXT('2D SPACE',''
  ) );
#13387 = ORIENTED_EDGE('',*,*,#13388,.F.);
#13388 = EDGE_CURVE('',#13389,#13361,#13391,.T.);
#13389 = VERTEX_POINT('',#13390);
#13390 = CARTESIAN_POINT('',(-3.8,-94.04163056034,9.443650813896));
#13391 = SURFACE_CURVE('',#13392,(#13396,#13403),.PCURVE_S1.);
#13392 = LINE('',#13393,#13394);
#13393 = CARTESIAN_POINT('',(-3.8,-80.60660171779,22.87867965644));
#13394 = VECTOR('',#13395,1.);
#13395 = DIRECTION('',(-1.570092458684E-16,-0.707106781187,
    -0.707106781187));
#13396 = PCURVE('',#13132,#13397);
#13397 = DEFINITIONAL_REPRESENTATION('',(#13398),#13402);
#13398 = LINE('',#13399,#13400);
#13399 = CARTESIAN_POINT('',(16.,19.));
#13400 = VECTOR('',#13401,1.);
#13401 = DIRECTION('',(0.,1.));
#13402 = ( GEOMETRIC_REPRESENTATION_CONTEXT(2) 
PARAMETRIC_REPRESENTATION_CONTEXT() REPRESENTATION_CONTEXT('2D SPACE',''
  ) );
#13403 = PCURVE('',#13404,#13409);
#13404 = PLANE('',#13405);
#13405 = AXIS2_PLACEMENT_3D('',#13406,#13407,#13408);
#13406 = CARTESIAN_POINT('',(-15.75,-94.04163056034,9.443650813896));
#13407 = DIRECTION('',(-1.570092458684E-16,-0.707106781187,
    0.707106781187));
#13408 = DIRECTION('',(-1.570092458684E-16,-0.707106781187,
    -0.707106781187));
#13409 = DEFINITIONAL_REPRESENTATION('',(#13410),#13414);
#13410 = LINE('',#13411,#13412);
#13411 = CARTESIAN_POINT('',(-19.,11.95));
#13412 = VECTOR('',#13413,1.);
#13413 = DIRECTION('',(1.,0.));
#13414 = ( GEOMETRIC_REPRESENTATION_CONTEXT(2) 
PARAMETRIC_REPRESENTATION_CONTEXT() REPRESENTATION_CONTEXT('2D SPACE',''
  ) );
#13415 = ORIENTED_EDGE('',*,*,#13416,.T.);
#13416 = EDGE_CURVE('',#13389,#13417,#13419,.T.);
#13417 = VERTEX_POINT('',#13418);
#13418 = CARTESIAN_POINT('',(-3.8,-91.21320343559,6.61522368915));
#13419 = SURFACE_CURVE('',#13420,(#13424,#13431),.PCURVE_S1.);
#13420 = LINE('',#13421,#13422);
#13421 = CARTESIAN_POINT('',(-3.8,-86.97056274847,2.37258300203));
#13422 = VECTOR('',#13423,1.);
#13423 = DIRECTION('',(1.570092458684E-16,0.707106781187,-0.707106781187
    ));
#13424 = PCURVE('',#13132,#13425);
#13425 = DEFINITIONAL_REPRESENTATION('',(#13426),#13430);
#13426 = LINE('',#13427,#13428);
#13427 = CARTESIAN_POINT('',(6.,38.));
#13428 = VECTOR('',#13429,1.);
#13429 = DIRECTION('',(-1.,0.));
#13430 = ( GEOMETRIC_REPRESENTATION_CONTEXT(2) 
PARAMETRIC_REPRESENTATION_CONTEXT() REPRESENTATION_CONTEXT('2D SPACE',''
  ) );
#13431 = PCURVE('',#13432,#13437);
#13432 = PLANE('',#13433);
#13433 = AXIS2_PLACEMENT_3D('',#13434,#13435,#13436);
#13434 = CARTESIAN_POINT('',(-15.75,-91.21320343559,6.61522368915));
#13435 = DIRECTION('',(-1.570092458684E-16,-0.707106781187,
    -0.707106781187));
#13436 = DIRECTION('',(-1.570092458684E-16,-0.707106781187,
    0.707106781187));
#13437 = DEFINITIONAL_REPRESENTATION('',(#13438),#13442);
#13438 = LINE('',#13439,#13440);
#13439 = CARTESIAN_POINT('',(-6.,-11.95));
#13440 = VECTOR('',#13441,1.);
#13441 = DIRECTION('',(-1.,0.));
#13442 = ( GEOMETRIC_REPRESENTATION_CONTEXT(2) 
PARAMETRIC_REPRESENTATION_CONTEXT() REPRESENTATION_CONTEXT('2D SPACE',''
  ) );
#13443 = ORIENTED_EDGE('',*,*,#13444,.T.);
#13444 = EDGE_CURVE('',#13417,#13445,#13447,.T.);
#13445 = VERTEX_POINT('',#13446);
#13446 = CARTESIAN_POINT('',(-3.8,-94.32447327281,3.503953851929));
#13447 = SURFACE_CURVE('',#13448,(#13452,#13459),.PCURVE_S1.);
#13448 = LINE('',#13449,#13450);
#13449 = CARTESIAN_POINT('',(-3.8,-77.77817459305,20.050252531694));
#13450 = VECTOR('',#13451,1.);
#13451 = DIRECTION('',(-1.570092458684E-16,-0.707106781187,
    -0.707106781187));
#13452 = PCURVE('',#13132,#13453);
#13453 = DEFINITIONAL_REPRESENTATION('',(#13454),#13458);
#13454 = LINE('',#13455,#13456);
#13455 = CARTESIAN_POINT('',(12.,19.));
#13456 = VECTOR('',#13457,1.);
#13457 = DIRECTION('',(0.,1.));
#13458 = ( GEOMETRIC_REPRESENTATION_CONTEXT(2) 
PARAMETRIC_REPRESENTATION_CONTEXT() REPRESENTATION_CONTEXT('2D SPACE',''
  ) );
#13459 = PCURVE('',#13460,#13465);
#13460 = PLANE('',#13461);
#13461 = AXIS2_PLACEMENT_3D('',#13462,#13463,#13464);
#13462 = CARTESIAN_POINT('',(-15.75,-91.21320343559,6.61522368915));
#13463 = DIRECTION('',(-1.570092458684E-16,-0.707106781187,
    0.707106781187));
#13464 = DIRECTION('',(-1.570092458684E-16,-0.707106781187,
    -0.707106781187));
#13465 = DEFINITIONAL_REPRESENTATION('',(#13466),#13470);
#13466 = LINE('',#13467,#13468);
#13467 = CARTESIAN_POINT('',(-19.,11.95));
#13468 = VECTOR('',#13469,1.);
#13469 = DIRECTION('',(1.,0.));
#13470 = ( GEOMETRIC_REPRESENTATION_CONTEXT(2) 
PARAMETRIC_REPRESENTATION_CONTEXT() REPRESENTATION_CONTEXT('2D SPACE',''
  ) );
#13471 = ORIENTED_EDGE('',*,*,#13472,.T.);
#13472 = EDGE_CURVE('',#13445,#13473,#13475,.T.);
#13473 = VERTEX_POINT('',#13474);
#13474 = CARTESIAN_POINT('',(-3.8,-92.91025971044,2.089740289556));
#13475 = SURFACE_CURVE('',#13476,(#13480,#13487),.PCURVE_S1.);
#13476 = LINE('',#13477,#13478);
#13477 = CARTESIAN_POINT('',(-3.8,-89.37472580451,-1.445793616377));
#13478 = VECTOR('',#13479,1.);
#13479 = DIRECTION('',(1.570092458684E-16,0.707106781187,-0.707106781187
    ));
#13480 = PCURVE('',#13132,#13481);
#13481 = DEFINITIONAL_REPRESENTATION('',(#13482),#13486);
#13482 = LINE('',#13483,#13484);
#13483 = CARTESIAN_POINT('',(5.,42.4));
#13484 = VECTOR('',#13485,1.);
#13485 = DIRECTION('',(-1.,0.));
#13486 = ( GEOMETRIC_REPRESENTATION_CONTEXT(2) 
PARAMETRIC_REPRESENTATION_CONTEXT() REPRESENTATION_CONTEXT('2D SPACE',''
  ) );
#13487 = PCURVE('',#13488,#13493);
#13488 = PLANE('',#13489);
#13489 = AXIS2_PLACEMENT_3D('',#13490,#13491,#13492);
#13490 = CARTESIAN_POINT('',(-20.,-92.91025971044,2.089740289556));
#13491 = DIRECTION('',(-1.570092458684E-16,-0.707106781187,
    -0.707106781187));
#13492 = DIRECTION('',(-1.570092458684E-16,-0.707106781187,
    0.707106781187));
#13493 = DEFINITIONAL_REPRESENTATION('',(#13494),#13498);
#13494 = LINE('',#13495,#13496);
#13495 = CARTESIAN_POINT('',(-5.,-16.2));
#13496 = VECTOR('',#13497,1.);
#13497 = DIRECTION('',(-1.,0.));
#13498 = ( GEOMETRIC_REPRESENTATION_CONTEXT(2) 
PARAMETRIC_REPRESENTATION_CONTEXT() REPRESENTATION_CONTEXT('2D SPACE',''
  ) );
#13499 = ORIENTED_EDGE('',*,*,#13500,.F.);
#13500 = EDGE_CURVE('',#13232,#13473,#13501,.T.);
#13501 = SURFACE_CURVE('',#13502,(#13506,#13513),.PCURVE_S1.);
#13502 = LINE('',#13503,#13504);
#13503 = CARTESIAN_POINT('',(-3.8,-67.17157287525,27.828427124746));
#13504 = VECTOR('',#13505,1.);
#13505 = DIRECTION('',(-1.570092458684E-16,-0.707106781187,
    -0.707106781187));
#13506 = PCURVE('',#13132,#13507);
#13507 = DEFINITIONAL_REPRESENTATION('',(#13508),#13512);
#13508 = LINE('',#13509,#13510);
#13509 = CARTESIAN_POINT('',(10.,6.));
#13510 = VECTOR('',#13511,1.);
#13511 = DIRECTION('',(0.,1.));
#13512 = ( GEOMETRIC_REPRESENTATION_CONTEXT(2) 
PARAMETRIC_REPRESENTATION_CONTEXT() REPRESENTATION_CONTEXT('2D SPACE',''
  ) );
#13513 = PCURVE('',#13514,#13519);
#13514 = PLANE('',#13515);
#13515 = AXIS2_PLACEMENT_3D('',#13516,#13517,#13518);
#13516 = CARTESIAN_POINT('',(-3.8,-67.17157287525,27.828427124746));
#13517 = DIRECTION('',(-1.570092458684E-16,-0.707106781187,
    0.707106781187));
#13518 = DIRECTION('',(-1.570092458684E-16,-0.707106781187,
    -0.707106781187));
#13519 = DEFINITIONAL_REPRESENTATION('',(#13520),#13524);
#13520 = LINE('',#13521,#13522);
#13521 = CARTESIAN_POINT('',(-0.,0.));
#13522 = VECTOR('',#13523,1.);
#13523 = DIRECTION('',(1.,0.));
#13524 = ( GEOMETRIC_REPRESENTATION_CONTEXT(2) 
PARAMETRIC_REPRESENTATION_CONTEXT() REPRESENTATION_CONTEXT('2D SPACE',''
  ) );
#13525 = FACE_BOUND('',#13526,.F.);
#13526 = EDGE_LOOP('',(#13527,#13558));
#13527 = ORIENTED_EDGE('',*,*,#13528,.F.);
#13528 = EDGE_CURVE('',#13529,#13531,#13533,.T.);
#13529 = VERTEX_POINT('',#13530);
#13530 = CARTESIAN_POINT('',(-3.8,-71.55563491861,23.44436508139));
#13531 = VERTEX_POINT('',#13532);
#13532 = CARTESIAN_POINT('',(-3.8,-68.44436508139,26.55563491861));
#13533 = SURFACE_CURVE('',#13534,(#13539,#13546),.PCURVE_S1.);
#13534 = CIRCLE('',#13535,2.2);
#13535 = AXIS2_PLACEMENT_3D('',#13536,#13537,#13538);
#13536 = CARTESIAN_POINT('',(-3.8,-70.,25.));
#13537 = DIRECTION('',(1.,-2.22044604925E-16,0.));
#13538 = DIRECTION('',(-1.570092458684E-16,-0.707106781187,
    -0.707106781187));
#13539 = PCURVE('',#13132,#13540);
#13540 = DEFINITIONAL_REPRESENTATION('',(#13541),#13545);
#13541 = CIRCLE('',#13542,2.2);
#13542 = AXIS2_PLACEMENT_2D('',#13543,#13544);
#13543 = CARTESIAN_POINT('',(10.,10.));
#13544 = DIRECTION('',(0.,1.));
#13545 = ( GEOMETRIC_REPRESENTATION_CONTEXT(2) 
PARAMETRIC_REPRESENTATION_CONTEXT() REPRESENTATION_CONTEXT('2D SPACE',''
  ) );
#13546 = PCURVE('',#13547,#13552);
#13547 = CYLINDRICAL_SURFACE('',#13548,2.2);
#13548 = AXIS2_PLACEMENT_3D('',#13549,#13550,#13551);
#13549 = CARTESIAN_POINT('',(-1.285879139105E-14,-70.,25.));
#13550 = DIRECTION('',(1.,-2.22044604925E-16,0.));
#13551 = DIRECTION('',(-1.570092458684E-16,-0.707106781187,
    -0.707106781187));
#13552 = DEFINITIONAL_REPRESENTATION('',(#13553),#13557);
#13553 = LINE('',#13554,#13555);
#13554 = CARTESIAN_POINT('',(-6.28318530718,-3.8));
#13555 = VECTOR('',#13556,1.);
#13556 = DIRECTION('',(1.,-0.));
#13557 = ( GEOMETRIC_REPRESENTATION_CONTEXT(2) 
PARAMETRIC_REPRESENTATION_CONTEXT() REPRESENTATION_CONTEXT('2D SPACE',''
  ) );
#13558 = ORIENTED_EDGE('',*,*,#13559,.F.);
#13559 = EDGE_CURVE('',#13531,#13529,#13560,.T.);
#13560 = SURFACE_CURVE('',#13561,(#13565,#13572),.PCURVE_S1.);
#13561 = LINE('',#13562,#13563);
#13562 = CARTESIAN_POINT('',(-3.8,-67.17157287525,27.828427124746));
#13563 = VECTOR('',#13564,1.);
#13564 = DIRECTION('',(-1.570092458684E-16,-0.707106781187,
    -0.707106781187));
#13565 = PCURVE('',#13132,#13566);
#13566 = DEFINITIONAL_REPRESENTATION('',(#13567),#13571);
#13567 = LINE('',#13568,#13569);
#13568 = CARTESIAN_POINT('',(10.,6.));
#13569 = VECTOR('',#13570,1.);
#13570 = DIRECTION('',(0.,1.));
#13571 = ( GEOMETRIC_REPRESENTATION_CONTEXT(2) 
PARAMETRIC_REPRESENTATION_CONTEXT() REPRESENTATION_CONTEXT('2D SPACE',''
  ) );
#13572 = PCURVE('',#13573,#13578);
#13573 = PLANE('',#13574);
#13574 = AXIS2_PLACEMENT_3D('',#13575,#13576,#13577);
#13575 = CARTESIAN_POINT('',(-3.8,-67.17157287525,27.828427124746));
#13576 = DIRECTION('',(-1.570092458684E-16,-0.707106781187,
    0.707106781187));
#13577 = DIRECTION('',(-1.570092458684E-16,-0.707106781187,
    -0.707106781187));
#13578 = DEFINITIONAL_REPRESENTATION('',(#13579),#13583);
#13579 = LINE('',#13580,#13581);
#13580 = CARTESIAN_POINT('',(-0.,0.));
#13581 = VECTOR('',#13582,1.);
#13582 = DIRECTION('',(1.,0.));
#13583 = ( GEOMETRIC_REPRESENTATION_CONTEXT(2) 
PARAMETRIC_REPRESENTATION_CONTEXT() REPRESENTATION_CONTEXT('2D SPACE',''
  ) );
#13584 = ADVANCED_FACE('',(#13585),#13214,.T.);
#13585 = FACE_BOUND('',#13586,.T.);
#13586 = EDGE_LOOP('',(#13587,#13588,#13589,#13612));
#13587 = ORIENTED_EDGE('',*,*,#13200,.F.);
#13588 = ORIENTED_EDGE('',*,*,#13281,.T.);
#13589 = ORIENTED_EDGE('',*,*,#13590,.T.);
#13590 = EDGE_CURVE('',#13282,#13591,#13593,.T.);
#13591 = VERTEX_POINT('',#13592);
#13592 = CARTESIAN_POINT('',(3.8,-84.14213562373,25.));
#13593 = SURFACE_CURVE('',#13594,(#13598,#13605),.PCURVE_S1.);
#13594 = LINE('',#13595,#13596);
#13595 = CARTESIAN_POINT('',(-3.8,-84.14213562373,25.));
#13596 = VECTOR('',#13597,1.);
#13597 = DIRECTION('',(1.,-2.22044604925E-16,0.));
#13598 = PCURVE('',#13214,#13599);
#13599 = DEFINITIONAL_REPRESENTATION('',(#13600),#13604);
#13600 = LINE('',#13601,#13602);
#13601 = CARTESIAN_POINT('',(20.,3.156044841711E-17));
#13602 = VECTOR('',#13603,1.);
#13603 = DIRECTION('',(0.,1.));
#13604 = ( GEOMETRIC_REPRESENTATION_CONTEXT(2) 
PARAMETRIC_REPRESENTATION_CONTEXT() REPRESENTATION_CONTEXT('2D SPACE',''
  ) );
#13605 = PCURVE('',#13320,#13606);
#13606 = DEFINITIONAL_REPRESENTATION('',(#13607),#13611);
#13607 = LINE('',#13608,#13609);
#13608 = CARTESIAN_POINT('',(20.,-3.156044841711E-17));
#13609 = VECTOR('',#13610,1.);
#13610 = DIRECTION('',(0.,-1.));
#13611 = ( GEOMETRIC_REPRESENTATION_CONTEXT(2) 
PARAMETRIC_REPRESENTATION_CONTEXT() REPRESENTATION_CONTEXT('2D SPACE',''
  ) );
#13612 = ORIENTED_EDGE('',*,*,#13613,.F.);
#13613 = EDGE_CURVE('',#13173,#13591,#13614,.T.);
#13614 = SURFACE_CURVE('',#13615,(#13619,#13626),.PCURVE_S1.);
#13615 = LINE('',#13616,#13617);
#13616 = CARTESIAN_POINT('',(3.8,-70.,39.142135623731));
#13617 = VECTOR('',#13618,1.);
#13618 = DIRECTION('',(-1.570092458684E-16,-0.707106781187,
    -0.707106781187));
#13619 = PCURVE('',#13214,#13620);
#13620 = DEFINITIONAL_REPRESENTATION('',(#13621),#13625);
#13621 = LINE('',#13622,#13623);
#13622 = CARTESIAN_POINT('',(-1.1932702686E-15,7.6));
#13623 = VECTOR('',#13624,1.);
#13624 = DIRECTION('',(1.,0.));
#13625 = ( GEOMETRIC_REPRESENTATION_CONTEXT(2) 
PARAMETRIC_REPRESENTATION_CONTEXT() REPRESENTATION_CONTEXT('2D SPACE',''
  ) );
#13626 = PCURVE('',#13188,#13627);
#13627 = DEFINITIONAL_REPRESENTATION('',(#13628),#13632);
#13628 = LINE('',#13629,#13630);
#13629 = CARTESIAN_POINT('',(20.,1.7763568394E-15));
#13630 = VECTOR('',#13631,1.);
#13631 = DIRECTION('',(0.,1.));
#13632 = ( GEOMETRIC_REPRESENTATION_CONTEXT(2) 
PARAMETRIC_REPRESENTATION_CONTEXT() REPRESENTATION_CONTEXT('2D SPACE',''
  ) );
#13633 = ADVANCED_FACE('',(#13634,#13886),#13188,.T.);
#13634 = FACE_BOUND('',#13635,.T.);
#13635 = EDGE_LOOP('',(#13636,#13661,#13682,#13683,#13684,#13707,#13730,
    #13753,#13781,#13809,#13837,#13865));
#13636 = ORIENTED_EDGE('',*,*,#13637,.F.);
#13637 = EDGE_CURVE('',#13638,#13640,#13642,.T.);
#13638 = VERTEX_POINT('',#13639);
#13639 = CARTESIAN_POINT('',(3.8,-70.,10.857864376269));
#13640 = VERTEX_POINT('',#13641);
#13641 = CARTESIAN_POINT('',(3.8,-77.07106781186,17.928932188135));
#13642 = SURFACE_CURVE('',#13643,(#13647,#13654),.PCURVE_S1.);
#13643 = LINE('',#13644,#13645);
#13644 = CARTESIAN_POINT('',(3.8,-70.,10.857864376269));
#13645 = VECTOR('',#13646,1.);
#13646 = DIRECTION('',(-1.570092458684E-16,-0.707106781187,
    0.707106781187));
#13647 = PCURVE('',#13188,#13648);
#13648 = DEFINITIONAL_REPRESENTATION('',(#13649),#13653);
#13649 = LINE('',#13650,#13651);
#13650 = CARTESIAN_POINT('',(-1.7763568394E-15,20.));
#13651 = VECTOR('',#13652,1.);
#13652 = DIRECTION('',(1.,0.));
#13653 = ( GEOMETRIC_REPRESENTATION_CONTEXT(2) 
PARAMETRIC_REPRESENTATION_CONTEXT() REPRESENTATION_CONTEXT('2D SPACE',''
  ) );
#13654 = PCURVE('',#13247,#13655);
#13655 = DEFINITIONAL_REPRESENTATION('',(#13656),#13660);
#13656 = LINE('',#13657,#13658);
#13657 = CARTESIAN_POINT('',(-1.1932702686E-15,-7.6));
#13658 = VECTOR('',#13659,1.);
#13659 = DIRECTION('',(1.,0.));
#13660 = ( GEOMETRIC_REPRESENTATION_CONTEXT(2) 
PARAMETRIC_REPRESENTATION_CONTEXT() REPRESENTATION_CONTEXT('2D SPACE',''
  ) );
#13661 = ORIENTED_EDGE('',*,*,#13662,.F.);
#13662 = EDGE_CURVE('',#13145,#13638,#13663,.T.);
#13663 = SURFACE_CURVE('',#13664,(#13668,#13675),.PCURVE_S1.);
#13664 = LINE('',#13665,#13666);
#13665 = CARTESIAN_POINT('',(3.8,-55.85786437626,25.));
#13666 = VECTOR('',#13667,1.);
#13667 = DIRECTION('',(-1.570092458684E-16,-0.707106781187,
    -0.707106781187));
#13668 = PCURVE('',#13188,#13669);
#13669 = DEFINITIONAL_REPRESENTATION('',(#13670),#13674);
#13670 = LINE('',#13671,#13672);
#13671 = CARTESIAN_POINT('',(0.,-0.));
#13672 = VECTOR('',#13673,1.);
#13673 = DIRECTION('',(0.,1.));
#13674 = ( GEOMETRIC_REPRESENTATION_CONTEXT(2) 
PARAMETRIC_REPRESENTATION_CONTEXT() REPRESENTATION_CONTEXT('2D SPACE',''
  ) );
#13675 = PCURVE('',#13160,#13676);
#13676 = DEFINITIONAL_REPRESENTATION('',(#13677),#13681);
#13677 = LINE('',#13678,#13679);
#13678 = CARTESIAN_POINT('',(-1.1932702686E-15,7.6));
#13679 = VECTOR('',#13680,1.);
#13680 = DIRECTION('',(1.,0.));
#13681 = ( GEOMETRIC_REPRESENTATION_CONTEXT(2) 
PARAMETRIC_REPRESENTATION_CONTEXT() REPRESENTATION_CONTEXT('2D SPACE',''
  ) );
#13682 = ORIENTED_EDGE('',*,*,#13172,.T.);
#13683 = ORIENTED_EDGE('',*,*,#13613,.T.);
#13684 = ORIENTED_EDGE('',*,*,#13685,.F.);
#13685 = EDGE_CURVE('',#13686,#13591,#13688,.T.);
#13686 = VERTEX_POINT('',#13687);
#13687 = CARTESIAN_POINT('',(3.8,-82.72792206135,23.585786437627));
#13688 = SURFACE_CURVE('',#13689,(#13693,#13700),.PCURVE_S1.);
#13689 = LINE('',#13690,#13691);
#13690 = CARTESIAN_POINT('',(3.8,-70.,10.857864376269));
#13691 = VECTOR('',#13692,1.);
#13692 = DIRECTION('',(-1.570092458684E-16,-0.707106781187,
    0.707106781187));
#13693 = PCURVE('',#13188,#13694);
#13694 = DEFINITIONAL_REPRESENTATION('',(#13695),#13699);
#13695 = LINE('',#13696,#13697);
#13696 = CARTESIAN_POINT('',(-1.7763568394E-15,20.));
#13697 = VECTOR('',#13698,1.);
#13698 = DIRECTION('',(1.,0.));
#13699 = ( GEOMETRIC_REPRESENTATION_CONTEXT(2) 
PARAMETRIC_REPRESENTATION_CONTEXT() REPRESENTATION_CONTEXT('2D SPACE',''
  ) );
#13700 = PCURVE('',#13320,#13701);
#13701 = DEFINITIONAL_REPRESENTATION('',(#13702),#13706);
#13702 = LINE('',#13703,#13704);
#13703 = CARTESIAN_POINT('',(-1.1932702686E-15,-7.6));
#13704 = VECTOR('',#13705,1.);
#13705 = DIRECTION('',(1.,0.));
#13706 = ( GEOMETRIC_REPRESENTATION_CONTEXT(2) 
PARAMETRIC_REPRESENTATION_CONTEXT() REPRESENTATION_CONTEXT('2D SPACE',''
  ) );
#13707 = ORIENTED_EDGE('',*,*,#13708,.T.);
#13708 = EDGE_CURVE('',#13686,#13709,#13711,.T.);
#13709 = VERTEX_POINT('',#13710);
#13710 = CARTESIAN_POINT('',(3.8,-98.56711395993,7.746594539048));
#13711 = SURFACE_CURVE('',#13712,(#13716,#13723),.PCURVE_S1.);
#13712 = LINE('',#13713,#13714);
#13713 = CARTESIAN_POINT('',(3.8,-72.82842712474,33.485281374239));
#13714 = VECTOR('',#13715,1.);
#13715 = DIRECTION('',(-1.570092458684E-16,-0.707106781187,
    -0.707106781187));
#13716 = PCURVE('',#13188,#13717);
#13717 = DEFINITIONAL_REPRESENTATION('',(#13718),#13722);
#13718 = LINE('',#13719,#13720);
#13719 = CARTESIAN_POINT('',(18.,6.));
#13720 = VECTOR('',#13721,1.);
#13721 = DIRECTION('',(0.,1.));
#13722 = ( GEOMETRIC_REPRESENTATION_CONTEXT(2) 
PARAMETRIC_REPRESENTATION_CONTEXT() REPRESENTATION_CONTEXT('2D SPACE',''
  ) );
#13723 = PCURVE('',#13348,#13724);
#13724 = DEFINITIONAL_REPRESENTATION('',(#13725),#13729);
#13725 = LINE('',#13726,#13727);
#13726 = CARTESIAN_POINT('',(-1.1932702686E-15,7.6));
#13727 = VECTOR('',#13728,1.);
#13728 = DIRECTION('',(1.,0.));
#13729 = ( GEOMETRIC_REPRESENTATION_CONTEXT(2) 
PARAMETRIC_REPRESENTATION_CONTEXT() REPRESENTATION_CONTEXT('2D SPACE',''
  ) );
#13730 = ORIENTED_EDGE('',*,*,#13731,.T.);
#13731 = EDGE_CURVE('',#13709,#13732,#13734,.T.);
#13732 = VERTEX_POINT('',#13733);
#13733 = CARTESIAN_POINT('',(3.8,-97.15290039756,6.332380976675));
#13734 = SURFACE_CURVE('',#13735,(#13739,#13746),.PCURVE_S1.);
#13735 = LINE('',#13736,#13737);
#13736 = CARTESIAN_POINT('',(3.8,-89.37472580451,-1.445793616377));
#13737 = VECTOR('',#13738,1.);
#13738 = DIRECTION('',(1.570092458684E-16,0.707106781187,-0.707106781187
    ));
#13739 = PCURVE('',#13188,#13740);
#13740 = DEFINITIONAL_REPRESENTATION('',(#13741),#13745);
#13741 = LINE('',#13742,#13743);
#13742 = CARTESIAN_POINT('',(5.,42.4));
#13743 = VECTOR('',#13744,1.);
#13744 = DIRECTION('',(-1.,0.));
#13745 = ( GEOMETRIC_REPRESENTATION_CONTEXT(2) 
PARAMETRIC_REPRESENTATION_CONTEXT() REPRESENTATION_CONTEXT('2D SPACE',''
  ) );
#13746 = PCURVE('',#13376,#13747);
#13747 = DEFINITIONAL_REPRESENTATION('',(#13748),#13752);
#13748 = LINE('',#13749,#13750);
#13749 = CARTESIAN_POINT('',(-5.,-23.8));
#13750 = VECTOR('',#13751,1.);
#13751 = DIRECTION('',(-1.,0.));
#13752 = ( GEOMETRIC_REPRESENTATION_CONTEXT(2) 
PARAMETRIC_REPRESENTATION_CONTEXT() REPRESENTATION_CONTEXT('2D SPACE',''
  ) );
#13753 = ORIENTED_EDGE('',*,*,#13754,.F.);
#13754 = EDGE_CURVE('',#13755,#13732,#13757,.T.);
#13755 = VERTEX_POINT('',#13756);
#13756 = CARTESIAN_POINT('',(3.8,-94.04163056034,9.443650813896));
#13757 = SURFACE_CURVE('',#13758,(#13762,#13769),.PCURVE_S1.);
#13758 = LINE('',#13759,#13760);
#13759 = CARTESIAN_POINT('',(3.8,-80.60660171779,22.87867965644));
#13760 = VECTOR('',#13761,1.);
#13761 = DIRECTION('',(-1.570092458684E-16,-0.707106781187,
    -0.707106781187));
#13762 = PCURVE('',#13188,#13763);
#13763 = DEFINITIONAL_REPRESENTATION('',(#13764),#13768);
#13764 = LINE('',#13765,#13766);
#13765 = CARTESIAN_POINT('',(16.,19.));
#13766 = VECTOR('',#13767,1.);
#13767 = DIRECTION('',(0.,1.));
#13768 = ( GEOMETRIC_REPRESENTATION_CONTEXT(2) 
PARAMETRIC_REPRESENTATION_CONTEXT() REPRESENTATION_CONTEXT('2D SPACE',''
  ) );
#13769 = PCURVE('',#13770,#13775);
#13770 = PLANE('',#13771);
#13771 = AXIS2_PLACEMENT_3D('',#13772,#13773,#13774);
#13772 = CARTESIAN_POINT('',(-15.75,-94.04163056034,9.443650813896));
#13773 = DIRECTION('',(-1.570092458684E-16,-0.707106781187,
    0.707106781187));
#13774 = DIRECTION('',(-1.570092458684E-16,-0.707106781187,
    -0.707106781187));
#13775 = DEFINITIONAL_REPRESENTATION('',(#13776),#13780);
#13776 = LINE('',#13777,#13778);
#13777 = CARTESIAN_POINT('',(-19.,19.55));
#13778 = VECTOR('',#13779,1.);
#13779 = DIRECTION('',(1.,0.));
#13780 = ( GEOMETRIC_REPRESENTATION_CONTEXT(2) 
PARAMETRIC_REPRESENTATION_CONTEXT() REPRESENTATION_CONTEXT('2D SPACE',''
  ) );
#13781 = ORIENTED_EDGE('',*,*,#13782,.T.);
#13782 = EDGE_CURVE('',#13755,#13783,#13785,.T.);
#13783 = VERTEX_POINT('',#13784);
#13784 = CARTESIAN_POINT('',(3.8,-91.21320343559,6.61522368915));
#13785 = SURFACE_CURVE('',#13786,(#13790,#13797),.PCURVE_S1.);
#13786 = LINE('',#13787,#13788);
#13787 = CARTESIAN_POINT('',(3.8,-86.97056274847,2.37258300203));
#13788 = VECTOR('',#13789,1.);
#13789 = DIRECTION('',(1.570092458684E-16,0.707106781187,-0.707106781187
    ));
#13790 = PCURVE('',#13188,#13791);
#13791 = DEFINITIONAL_REPRESENTATION('',(#13792),#13796);
#13792 = LINE('',#13793,#13794);
#13793 = CARTESIAN_POINT('',(6.,38.));
#13794 = VECTOR('',#13795,1.);
#13795 = DIRECTION('',(-1.,0.));
#13796 = ( GEOMETRIC_REPRESENTATION_CONTEXT(2) 
PARAMETRIC_REPRESENTATION_CONTEXT() REPRESENTATION_CONTEXT('2D SPACE',''
  ) );
#13797 = PCURVE('',#13798,#13803);
#13798 = PLANE('',#13799);
#13799 = AXIS2_PLACEMENT_3D('',#13800,#13801,#13802);
#13800 = CARTESIAN_POINT('',(-15.75,-91.21320343559,6.61522368915));
#13801 = DIRECTION('',(-1.570092458684E-16,-0.707106781187,
    -0.707106781187));
#13802 = DIRECTION('',(-1.570092458684E-16,-0.707106781187,
    0.707106781187));
#13803 = DEFINITIONAL_REPRESENTATION('',(#13804),#13808);
#13804 = LINE('',#13805,#13806);
#13805 = CARTESIAN_POINT('',(-6.,-19.55));
#13806 = VECTOR('',#13807,1.);
#13807 = DIRECTION('',(-1.,0.));
#13808 = ( GEOMETRIC_REPRESENTATION_CONTEXT(2) 
PARAMETRIC_REPRESENTATION_CONTEXT() REPRESENTATION_CONTEXT('2D SPACE',''
  ) );
#13809 = ORIENTED_EDGE('',*,*,#13810,.T.);
#13810 = EDGE_CURVE('',#13783,#13811,#13813,.T.);
#13811 = VERTEX_POINT('',#13812);
#13812 = CARTESIAN_POINT('',(3.8,-94.32447327281,3.503953851929));
#13813 = SURFACE_CURVE('',#13814,(#13818,#13825),.PCURVE_S1.);
#13814 = LINE('',#13815,#13816);
#13815 = CARTESIAN_POINT('',(3.8,-77.77817459305,20.050252531694));
#13816 = VECTOR('',#13817,1.);
#13817 = DIRECTION('',(-1.570092458684E-16,-0.707106781187,
    -0.707106781187));
#13818 = PCURVE('',#13188,#13819);
#13819 = DEFINITIONAL_REPRESENTATION('',(#13820),#13824);
#13820 = LINE('',#13821,#13822);
#13821 = CARTESIAN_POINT('',(12.,19.));
#13822 = VECTOR('',#13823,1.);
#13823 = DIRECTION('',(0.,1.));
#13824 = ( GEOMETRIC_REPRESENTATION_CONTEXT(2) 
PARAMETRIC_REPRESENTATION_CONTEXT() REPRESENTATION_CONTEXT('2D SPACE',''
  ) );
#13825 = PCURVE('',#13826,#13831);
#13826 = PLANE('',#13827);
#13827 = AXIS2_PLACEMENT_3D('',#13828,#13829,#13830);
#13828 = CARTESIAN_POINT('',(-15.75,-91.21320343559,6.61522368915));
#13829 = DIRECTION('',(-1.570092458684E-16,-0.707106781187,
    0.707106781187));
#13830 = DIRECTION('',(-1.570092458684E-16,-0.707106781187,
    -0.707106781187));
#13831 = DEFINITIONAL_REPRESENTATION('',(#13832),#13836);
#13832 = LINE('',#13833,#13834);
#13833 = CARTESIAN_POINT('',(-19.,19.55));
#13834 = VECTOR('',#13835,1.);
#13835 = DIRECTION('',(1.,0.));
#13836 = ( GEOMETRIC_REPRESENTATION_CONTEXT(2) 
PARAMETRIC_REPRESENTATION_CONTEXT() REPRESENTATION_CONTEXT('2D SPACE',''
  ) );
#13837 = ORIENTED_EDGE('',*,*,#13838,.T.);
#13838 = EDGE_CURVE('',#13811,#13839,#13841,.T.);
#13839 = VERTEX_POINT('',#13840);
#13840 = CARTESIAN_POINT('',(3.8,-92.91025971044,2.089740289556));
#13841 = SURFACE_CURVE('',#13842,(#13846,#13853),.PCURVE_S1.);
#13842 = LINE('',#13843,#13844);
#13843 = CARTESIAN_POINT('',(3.8,-89.37472580451,-1.445793616377));
#13844 = VECTOR('',#13845,1.);
#13845 = DIRECTION('',(1.570092458684E-16,0.707106781187,-0.707106781187
    ));
#13846 = PCURVE('',#13188,#13847);
#13847 = DEFINITIONAL_REPRESENTATION('',(#13848),#13852);
#13848 = LINE('',#13849,#13850);
#13849 = CARTESIAN_POINT('',(5.,42.4));
#13850 = VECTOR('',#13851,1.);
#13851 = DIRECTION('',(-1.,0.));
#13852 = ( GEOMETRIC_REPRESENTATION_CONTEXT(2) 
PARAMETRIC_REPRESENTATION_CONTEXT() REPRESENTATION_CONTEXT('2D SPACE',''
  ) );
#13853 = PCURVE('',#13854,#13859);
#13854 = PLANE('',#13855);
#13855 = AXIS2_PLACEMENT_3D('',#13856,#13857,#13858);
#13856 = CARTESIAN_POINT('',(-20.,-92.91025971044,2.089740289556));
#13857 = DIRECTION('',(-1.570092458684E-16,-0.707106781187,
    -0.707106781187));
#13858 = DIRECTION('',(-1.570092458684E-16,-0.707106781187,
    0.707106781187));
#13859 = DEFINITIONAL_REPRESENTATION('',(#13860),#13864);
#13860 = LINE('',#13861,#13862);
#13861 = CARTESIAN_POINT('',(-5.,-23.8));
#13862 = VECTOR('',#13863,1.);
#13863 = DIRECTION('',(-1.,0.));
#13864 = ( GEOMETRIC_REPRESENTATION_CONTEXT(2) 
PARAMETRIC_REPRESENTATION_CONTEXT() REPRESENTATION_CONTEXT('2D SPACE',''
  ) );
#13865 = ORIENTED_EDGE('',*,*,#13866,.F.);
#13866 = EDGE_CURVE('',#13640,#13839,#13867,.T.);
#13867 = SURFACE_CURVE('',#13868,(#13872,#13879),.PCURVE_S1.);
#13868 = LINE('',#13869,#13870);
#13869 = CARTESIAN_POINT('',(3.8,-67.17157287525,27.828427124746));
#13870 = VECTOR('',#13871,1.);
#13871 = DIRECTION('',(-1.570092458684E-16,-0.707106781187,
    -0.707106781187));
#13872 = PCURVE('',#13188,#13873);
#13873 = DEFINITIONAL_REPRESENTATION('',(#13874),#13878);
#13874 = LINE('',#13875,#13876);
#13875 = CARTESIAN_POINT('',(10.,6.));
#13876 = VECTOR('',#13877,1.);
#13877 = DIRECTION('',(0.,1.));
#13878 = ( GEOMETRIC_REPRESENTATION_CONTEXT(2) 
PARAMETRIC_REPRESENTATION_CONTEXT() REPRESENTATION_CONTEXT('2D SPACE',''
  ) );
#13879 = PCURVE('',#13514,#13880);
#13880 = DEFINITIONAL_REPRESENTATION('',(#13881),#13885);
#13881 = LINE('',#13882,#13883);
#13882 = CARTESIAN_POINT('',(-1.1932702686E-15,7.6));
#13883 = VECTOR('',#13884,1.);
#13884 = DIRECTION('',(1.,0.));
#13885 = ( GEOMETRIC_REPRESENTATION_CONTEXT(2) 
PARAMETRIC_REPRESENTATION_CONTEXT() REPRESENTATION_CONTEXT('2D SPACE',''
  ) );
#13886 = FACE_BOUND('',#13887,.T.);
#13887 = EDGE_LOOP('',(#13888,#13923));
#13888 = ORIENTED_EDGE('',*,*,#13889,.T.);
#13889 = EDGE_CURVE('',#13890,#13892,#13894,.T.);
#13890 = VERTEX_POINT('',#13891);
#13891 = CARTESIAN_POINT('',(3.8,-68.44436508139,26.55563491861));
#13892 = VERTEX_POINT('',#13893);
#13893 = CARTESIAN_POINT('',(3.8,-71.55563491861,23.44436508139));
#13894 = SURFACE_CURVE('',#13895,(#13900,#13911),.PCURVE_S1.);
#13895 = CIRCLE('',#13896,2.2);
#13896 = AXIS2_PLACEMENT_3D('',#13897,#13898,#13899);
#13897 = CARTESIAN_POINT('',(3.8,-70.,25.));
#13898 = DIRECTION('',(-1.,2.22044604925E-16,0.));
#13899 = DIRECTION('',(-1.570092458684E-16,-0.707106781187,
    -0.707106781187));
#13900 = PCURVE('',#13188,#13901);
#13901 = DEFINITIONAL_REPRESENTATION('',(#13902),#13910);
#13902 = ( BOUNDED_CURVE() B_SPLINE_CURVE(2,(#13903,#13904,#13905,#13906
    ,#13907,#13908,#13909),.UNSPECIFIED.,.T.,.F.) 
B_SPLINE_CURVE_WITH_KNOTS((1,2,2,2,2,1),(-2.094395102393,0.,
    2.094395102393,4.188790204786,6.28318530718,8.377580409573),
.UNSPECIFIED.) CURVE() GEOMETRIC_REPRESENTATION_ITEM() 
RATIONAL_B_SPLINE_CURVE((1.,0.5,1.,0.5,1.,0.5,1.)) REPRESENTATION_ITEM(
  '') );
#13903 = CARTESIAN_POINT('',(10.,12.2));
#13904 = CARTESIAN_POINT('',(13.810511776652,12.2));
#13905 = CARTESIAN_POINT('',(11.905255888326,8.9));
#13906 = CARTESIAN_POINT('',(10.,5.6));
#13907 = CARTESIAN_POINT('',(8.094744111674,8.9));
#13908 = CARTESIAN_POINT('',(6.189488223348,12.2));
#13909 = CARTESIAN_POINT('',(10.,12.2));
#13910 = ( GEOMETRIC_REPRESENTATION_CONTEXT(2) 
PARAMETRIC_REPRESENTATION_CONTEXT() REPRESENTATION_CONTEXT('2D SPACE',''
  ) );
#13911 = PCURVE('',#13912,#13917);
#13912 = CYLINDRICAL_SURFACE('',#13913,2.2);
#13913 = AXIS2_PLACEMENT_3D('',#13914,#13915,#13916);
#13914 = CARTESIAN_POINT('',(-1.285879139105E-14,-70.,25.));
#13915 = DIRECTION('',(-1.,2.22044604925E-16,0.));
#13916 = DIRECTION('',(-1.570092458684E-16,-0.707106781187,
    -0.707106781187));
#13917 = DEFINITIONAL_REPRESENTATION('',(#13918),#13922);
#13918 = LINE('',#13919,#13920);
#13919 = CARTESIAN_POINT('',(0.,-3.8));
#13920 = VECTOR('',#13921,1.);
#13921 = DIRECTION('',(1.,0.));
#13922 = ( GEOMETRIC_REPRESENTATION_CONTEXT(2) 
PARAMETRIC_REPRESENTATION_CONTEXT() REPRESENTATION_CONTEXT('2D SPACE',''
  ) );
#13923 = ORIENTED_EDGE('',*,*,#13924,.F.);
#13924 = EDGE_CURVE('',#13890,#13892,#13925,.T.);
#13925 = SURFACE_CURVE('',#13926,(#13930,#13937),.PCURVE_S1.);
#13926 = LINE('',#13927,#13928);
#13927 = CARTESIAN_POINT('',(3.8,-67.17157287525,27.828427124746));
#13928 = VECTOR('',#13929,1.);
#13929 = DIRECTION('',(-1.570092458684E-16,-0.707106781187,
    -0.707106781187));
#13930 = PCURVE('',#13188,#13931);
#13931 = DEFINITIONAL_REPRESENTATION('',(#13932),#13936);
#13932 = LINE('',#13933,#13934);
#13933 = CARTESIAN_POINT('',(10.,6.));
#13934 = VECTOR('',#13935,1.);
#13935 = DIRECTION('',(0.,1.));
#13936 = ( GEOMETRIC_REPRESENTATION_CONTEXT(2) 
PARAMETRIC_REPRESENTATION_CONTEXT() REPRESENTATION_CONTEXT('2D SPACE',''
  ) );
#13937 = PCURVE('',#13573,#13938);
#13938 = DEFINITIONAL_REPRESENTATION('',(#13939),#13943);
#13939 = LINE('',#13940,#13941);
#13940 = CARTESIAN_POINT('',(-1.1932702686E-15,7.6));
#13941 = VECTOR('',#13942,1.);
#13942 = DIRECTION('',(1.,0.));
#13943 = ( GEOMETRIC_REPRESENTATION_CONTEXT(2) 
PARAMETRIC_REPRESENTATION_CONTEXT() REPRESENTATION_CONTEXT('2D SPACE',''
  ) );
#13944 = ADVANCED_FACE('',(#13945),#13160,.F.);
#13945 = FACE_BOUND('',#13946,.F.);
#13946 = EDGE_LOOP('',(#13947,#13948,#13949,#13970));
#13947 = ORIENTED_EDGE('',*,*,#13144,.F.);
#13948 = ORIENTED_EDGE('',*,*,#13259,.T.);
#13949 = ORIENTED_EDGE('',*,*,#13950,.T.);
#13950 = EDGE_CURVE('',#13230,#13638,#13951,.T.);
#13951 = SURFACE_CURVE('',#13952,(#13956,#13963),.PCURVE_S1.);
#13952 = LINE('',#13953,#13954);
#13953 = CARTESIAN_POINT('',(-3.8,-70.,10.857864376269));
#13954 = VECTOR('',#13955,1.);
#13955 = DIRECTION('',(1.,-2.22044604925E-16,0.));
#13956 = PCURVE('',#13160,#13957);
#13957 = DEFINITIONAL_REPRESENTATION('',(#13958),#13962);
#13958 = LINE('',#13959,#13960);
#13959 = CARTESIAN_POINT('',(20.,3.156044841711E-17));
#13960 = VECTOR('',#13961,1.);
#13961 = DIRECTION('',(0.,1.));
#13962 = ( GEOMETRIC_REPRESENTATION_CONTEXT(2) 
PARAMETRIC_REPRESENTATION_CONTEXT() REPRESENTATION_CONTEXT('2D SPACE',''
  ) );
#13963 = PCURVE('',#13247,#13964);
#13964 = DEFINITIONAL_REPRESENTATION('',(#13965),#13969);
#13965 = LINE('',#13966,#13967);
#13966 = CARTESIAN_POINT('',(0.,0.));
#13967 = VECTOR('',#13968,1.);
#13968 = DIRECTION('',(0.,-1.));
#13969 = ( GEOMETRIC_REPRESENTATION_CONTEXT(2) 
PARAMETRIC_REPRESENTATION_CONTEXT() REPRESENTATION_CONTEXT('2D SPACE',''
  ) );
#13970 = ORIENTED_EDGE('',*,*,#13662,.F.);
#13971 = ADVANCED_FACE('',(#13972),#13247,.T.);
#13972 = FACE_BOUND('',#13973,.T.);
#13973 = EDGE_LOOP('',(#13974,#13975,#13976,#13977));
#13974 = ORIENTED_EDGE('',*,*,#13229,.F.);
#13975 = ORIENTED_EDGE('',*,*,#13950,.T.);
#13976 = ORIENTED_EDGE('',*,*,#13637,.T.);
#13977 = ORIENTED_EDGE('',*,*,#13978,.T.);
#13978 = EDGE_CURVE('',#13640,#13232,#13979,.T.);
#13979 = SURFACE_CURVE('',#13980,(#13984,#13991),.PCURVE_S1.);
#13980 = LINE('',#13981,#13982);
#13981 = CARTESIAN_POINT('',(-3.8,-77.07106781186,17.928932188135));
#13982 = VECTOR('',#13983,1.);
#13983 = DIRECTION('',(-1.,2.22044604925E-16,0.));
#13984 = PCURVE('',#13247,#13985);
#13985 = DEFINITIONAL_REPRESENTATION('',(#13986),#13990);
#13986 = LINE('',#13987,#13988);
#13987 = CARTESIAN_POINT('',(10.,2.062643807165E-16));
#13988 = VECTOR('',#13989,1.);
#13989 = DIRECTION('',(0.,1.));
#13990 = ( GEOMETRIC_REPRESENTATION_CONTEXT(2) 
PARAMETRIC_REPRESENTATION_CONTEXT() REPRESENTATION_CONTEXT('2D SPACE',''
  ) );
#13991 = PCURVE('',#13514,#13992);
#13992 = DEFINITIONAL_REPRESENTATION('',(#13993),#13997);
#13993 = LINE('',#13994,#13995);
#13994 = CARTESIAN_POINT('',(14.,-2.231660709303E-17));
#13995 = VECTOR('',#13996,1.);
#13996 = DIRECTION('',(0.,-1.));
#13997 = ( GEOMETRIC_REPRESENTATION_CONTEXT(2) 
PARAMETRIC_REPRESENTATION_CONTEXT() REPRESENTATION_CONTEXT('2D SPACE',''
  ) );
#13998 = ADVANCED_FACE('',(#13999),#13514,.F.);
#13999 = FACE_BOUND('',#14000,.F.);
#14000 = EDGE_LOOP('',(#14001,#14002,#14003,#14004,#14027,#14055,#14083,
    #14111,#14134,#14162,#14190,#14218,#14241,#14269,#14297,#14325));
#14001 = ORIENTED_EDGE('',*,*,#13866,.F.);
#14002 = ORIENTED_EDGE('',*,*,#13978,.T.);
#14003 = ORIENTED_EDGE('',*,*,#13500,.T.);
#14004 = ORIENTED_EDGE('',*,*,#14005,.F.);
#14005 = EDGE_CURVE('',#14006,#13473,#14008,.T.);
#14006 = VERTEX_POINT('',#14007);
#14007 = CARTESIAN_POINT('',(-12.25,-92.91025971044,2.089740289556));
#14008 = SURFACE_CURVE('',#14009,(#14013,#14020),.PCURVE_S1.);
#14009 = LINE('',#14010,#14011);
#14010 = CARTESIAN_POINT('',(-20.,-92.91025971044,2.089740289556));
#14011 = VECTOR('',#14012,1.);
#14012 = DIRECTION('',(1.,-2.22044604925E-16,0.));
#14013 = PCURVE('',#13514,#14014);
#14014 = DEFINITIONAL_REPRESENTATION('',(#14015),#14019);
#14015 = LINE('',#14016,#14017);
#14016 = CARTESIAN_POINT('',(36.4,-16.2));
#14017 = VECTOR('',#14018,1.);
#14018 = DIRECTION('',(0.,1.));
#14019 = ( GEOMETRIC_REPRESENTATION_CONTEXT(2) 
PARAMETRIC_REPRESENTATION_CONTEXT() REPRESENTATION_CONTEXT('2D SPACE',''
  ) );
#14020 = PCURVE('',#13488,#14021);
#14021 = DEFINITIONAL_REPRESENTATION('',(#14022),#14026);
#14022 = LINE('',#14023,#14024);
#14023 = CARTESIAN_POINT('',(0.,0.));
#14024 = VECTOR('',#14025,1.);
#14025 = DIRECTION('',(0.,-1.));
#14026 = ( GEOMETRIC_REPRESENTATION_CONTEXT(2) 
PARAMETRIC_REPRESENTATION_CONTEXT() REPRESENTATION_CONTEXT('2D SPACE',''
  ) );
#14027 = ORIENTED_EDGE('',*,*,#14028,.F.);
#14028 = EDGE_CURVE('',#14029,#14006,#14031,.T.);
#14029 = VERTEX_POINT('',#14030);
#14030 = CARTESIAN_POINT('',(-12.25,-82.72792206135,12.272077938642));
#14031 = SURFACE_CURVE('',#14032,(#14036,#14043),.PCURVE_S1.);
#14032 = LINE('',#14033,#14034);
#14033 = CARTESIAN_POINT('',(-12.25,-82.72792206135,12.272077938642));
#14034 = VECTOR('',#14035,1.);
#14035 = DIRECTION('',(-1.570092458684E-16,-0.707106781187,
    -0.707106781187));
#14036 = PCURVE('',#13514,#14037);
#14037 = DEFINITIONAL_REPRESENTATION('',(#14038),#14042);
#14038 = LINE('',#14039,#14040);
#14039 = CARTESIAN_POINT('',(22.,-8.45));
#14040 = VECTOR('',#14041,1.);
#14041 = DIRECTION('',(1.,0.));
#14042 = ( GEOMETRIC_REPRESENTATION_CONTEXT(2) 
PARAMETRIC_REPRESENTATION_CONTEXT() REPRESENTATION_CONTEXT('2D SPACE',''
  ) );
#14043 = PCURVE('',#14044,#14049);
#14044 = PLANE('',#14045);
#14045 = AXIS2_PLACEMENT_3D('',#14046,#14047,#14048);
#14046 = CARTESIAN_POINT('',(-12.25,-82.72792206135,12.272077938642));
#14047 = DIRECTION('',(1.,-2.22044604925E-16,0.));
#14048 = DIRECTION('',(-1.570092458684E-16,-0.707106781187,
    0.707106781187));
#14049 = DEFINITIONAL_REPRESENTATION('',(#14050),#14054);
#14050 = LINE('',#14051,#14052);
#14051 = CARTESIAN_POINT('',(0.,-0.));
#14052 = VECTOR('',#14053,1.);
#14053 = DIRECTION('',(0.,1.));
#14054 = ( GEOMETRIC_REPRESENTATION_CONTEXT(2) 
PARAMETRIC_REPRESENTATION_CONTEXT() REPRESENTATION_CONTEXT('2D SPACE',''
  ) );
#14055 = ORIENTED_EDGE('',*,*,#14056,.F.);
#14056 = EDGE_CURVE('',#14057,#14029,#14059,.T.);
#14057 = VERTEX_POINT('',#14058);
#14058 = CARTESIAN_POINT('',(-15.75,-82.72792206135,12.272077938642));
#14059 = SURFACE_CURVE('',#14060,(#14064,#14071),.PCURVE_S1.);
#14060 = LINE('',#14061,#14062);
#14061 = CARTESIAN_POINT('',(-15.75,-82.72792206135,12.272077938642));
#14062 = VECTOR('',#14063,1.);
#14063 = DIRECTION('',(1.,-2.22044604925E-16,0.));
#14064 = PCURVE('',#13514,#14065);
#14065 = DEFINITIONAL_REPRESENTATION('',(#14066),#14070);
#14066 = LINE('',#14067,#14068);
#14067 = CARTESIAN_POINT('',(22.,-11.95));
#14068 = VECTOR('',#14069,1.);
#14069 = DIRECTION('',(0.,1.));
#14070 = ( GEOMETRIC_REPRESENTATION_CONTEXT(2) 
PARAMETRIC_REPRESENTATION_CONTEXT() REPRESENTATION_CONTEXT('2D SPACE',''
  ) );
#14071 = PCURVE('',#14072,#14077);
#14072 = PLANE('',#14073);
#14073 = AXIS2_PLACEMENT_3D('',#14074,#14075,#14076);
#14074 = CARTESIAN_POINT('',(-15.75,-82.72792206135,12.272077938642));
#14075 = DIRECTION('',(-1.570092458684E-16,-0.707106781187,
    -0.707106781187));
#14076 = DIRECTION('',(-1.570092458684E-16,-0.707106781187,
    0.707106781187));
#14077 = DEFINITIONAL_REPRESENTATION('',(#14078),#14082);
#14078 = LINE('',#14079,#14080);
#14079 = CARTESIAN_POINT('',(0.,0.));
#14080 = VECTOR('',#14081,1.);
#14081 = DIRECTION('',(0.,-1.));
#14082 = ( GEOMETRIC_REPRESENTATION_CONTEXT(2) 
PARAMETRIC_REPRESENTATION_CONTEXT() REPRESENTATION_CONTEXT('2D SPACE',''
  ) );
#14083 = ORIENTED_EDGE('',*,*,#14084,.T.);
#14084 = EDGE_CURVE('',#14057,#14085,#14087,.T.);
#14085 = VERTEX_POINT('',#14086);
#14086 = CARTESIAN_POINT('',(-15.75,-92.91025971044,2.089740289556));
#14087 = SURFACE_CURVE('',#14088,(#14092,#14099),.PCURVE_S1.);
#14088 = LINE('',#14089,#14090);
#14089 = CARTESIAN_POINT('',(-15.75,-82.72792206135,12.272077938642));
#14090 = VECTOR('',#14091,1.);
#14091 = DIRECTION('',(-1.570092458684E-16,-0.707106781187,
    -0.707106781187));
#14092 = PCURVE('',#13514,#14093);
#14093 = DEFINITIONAL_REPRESENTATION('',(#14094),#14098);
#14094 = LINE('',#14095,#14096);
#14095 = CARTESIAN_POINT('',(22.,-11.95));
#14096 = VECTOR('',#14097,1.);
#14097 = DIRECTION('',(1.,0.));
#14098 = ( GEOMETRIC_REPRESENTATION_CONTEXT(2) 
PARAMETRIC_REPRESENTATION_CONTEXT() REPRESENTATION_CONTEXT('2D SPACE',''
  ) );
#14099 = PCURVE('',#14100,#14105);
#14100 = PLANE('',#14101);
#14101 = AXIS2_PLACEMENT_3D('',#14102,#14103,#14104);
#14102 = CARTESIAN_POINT('',(-15.75,-82.72792206135,12.272077938642));
#14103 = DIRECTION('',(1.,-2.22044604925E-16,0.));
#14104 = DIRECTION('',(-1.570092458684E-16,-0.707106781187,
    0.707106781187));
#14105 = DEFINITIONAL_REPRESENTATION('',(#14106),#14110);
#14106 = LINE('',#14107,#14108);
#14107 = CARTESIAN_POINT('',(0.,-0.));
#14108 = VECTOR('',#14109,1.);
#14109 = DIRECTION('',(0.,1.));
#14110 = ( GEOMETRIC_REPRESENTATION_CONTEXT(2) 
PARAMETRIC_REPRESENTATION_CONTEXT() REPRESENTATION_CONTEXT('2D SPACE',''
  ) );
#14111 = ORIENTED_EDGE('',*,*,#14112,.F.);
#14112 = EDGE_CURVE('',#14113,#14085,#14115,.T.);
#14113 = VERTEX_POINT('',#14114);
#14114 = CARTESIAN_POINT('',(-20.,-92.91025971044,2.089740289556));
#14115 = SURFACE_CURVE('',#14116,(#14120,#14127),.PCURVE_S1.);
#14116 = LINE('',#14117,#14118);
#14117 = CARTESIAN_POINT('',(-20.,-92.91025971044,2.089740289556));
#14118 = VECTOR('',#14119,1.);
#14119 = DIRECTION('',(1.,-2.22044604925E-16,0.));
#14120 = PCURVE('',#13514,#14121);
#14121 = DEFINITIONAL_REPRESENTATION('',(#14122),#14126);
#14122 = LINE('',#14123,#14124);
#14123 = CARTESIAN_POINT('',(36.4,-16.2));
#14124 = VECTOR('',#14125,1.);
#14125 = DIRECTION('',(0.,1.));
#14126 = ( GEOMETRIC_REPRESENTATION_CONTEXT(2) 
PARAMETRIC_REPRESENTATION_CONTEXT() REPRESENTATION_CONTEXT('2D SPACE',''
  ) );
#14127 = PCURVE('',#13376,#14128);
#14128 = DEFINITIONAL_REPRESENTATION('',(#14129),#14133);
#14129 = LINE('',#14130,#14131);
#14130 = CARTESIAN_POINT('',(0.,0.));
#14131 = VECTOR('',#14132,1.);
#14132 = DIRECTION('',(0.,-1.));
#14133 = ( GEOMETRIC_REPRESENTATION_CONTEXT(2) 
PARAMETRIC_REPRESENTATION_CONTEXT() REPRESENTATION_CONTEXT('2D SPACE',''
  ) );
#14134 = ORIENTED_EDGE('',*,*,#14135,.T.);
#14135 = EDGE_CURVE('',#14113,#14136,#14138,.T.);
#14136 = VERTEX_POINT('',#14137);
#14137 = CARTESIAN_POINT('',(-20.,-95.17300141024,-0.173001410241));
#14138 = SURFACE_CURVE('',#14139,(#14143,#14150),.PCURVE_S1.);
#14139 = LINE('',#14140,#14141);
#14140 = CARTESIAN_POINT('',(-20.,-92.91025971044,2.089740289556));
#14141 = VECTOR('',#14142,1.);
#14142 = DIRECTION('',(-1.570092458684E-16,-0.707106781187,
    -0.707106781187));
#14143 = PCURVE('',#13514,#14144);
#14144 = DEFINITIONAL_REPRESENTATION('',(#14145),#14149);
#14145 = LINE('',#14146,#14147);
#14146 = CARTESIAN_POINT('',(36.4,-16.2));
#14147 = VECTOR('',#14148,1.);
#14148 = DIRECTION('',(1.,0.));
#14149 = ( GEOMETRIC_REPRESENTATION_CONTEXT(2) 
PARAMETRIC_REPRESENTATION_CONTEXT() REPRESENTATION_CONTEXT('2D SPACE',''
  ) );
#14150 = PCURVE('',#14151,#14156);
#14151 = PLANE('',#14152);
#14152 = AXIS2_PLACEMENT_3D('',#14153,#14154,#14155);
#14153 = CARTESIAN_POINT('',(-20.,-92.91025971044,2.089740289556));
#14154 = DIRECTION('',(1.,-2.22044604925E-16,0.));
#14155 = DIRECTION('',(-1.570092458684E-16,-0.707106781187,
    0.707106781187));
#14156 = DEFINITIONAL_REPRESENTATION('',(#14157),#14161);
#14157 = LINE('',#14158,#14159);
#14158 = CARTESIAN_POINT('',(0.,-0.));
#14159 = VECTOR('',#14160,1.);
#14160 = DIRECTION('',(0.,1.));
#14161 = ( GEOMETRIC_REPRESENTATION_CONTEXT(2) 
PARAMETRIC_REPRESENTATION_CONTEXT() REPRESENTATION_CONTEXT('2D SPACE',''
  ) );
#14162 = ORIENTED_EDGE('',*,*,#14163,.T.);
#14163 = EDGE_CURVE('',#14136,#14164,#14166,.T.);
#14164 = VERTEX_POINT('',#14165);
#14165 = CARTESIAN_POINT('',(20.,-95.17300141024,-0.173001410241));
#14166 = SURFACE_CURVE('',#14167,(#14171,#14178),.PCURVE_S1.);
#14167 = LINE('',#14168,#14169);
#14168 = CARTESIAN_POINT('',(-20.,-95.17300141024,-0.173001410241));
#14169 = VECTOR('',#14170,1.);
#14170 = DIRECTION('',(1.,-2.22044604925E-16,0.));
#14171 = PCURVE('',#13514,#14172);
#14172 = DEFINITIONAL_REPRESENTATION('',(#14173),#14177);
#14173 = LINE('',#14174,#14175);
#14174 = CARTESIAN_POINT('',(39.6,-16.2));
#14175 = VECTOR('',#14176,1.);
#14176 = DIRECTION('',(0.,1.));
#14177 = ( GEOMETRIC_REPRESENTATION_CONTEXT(2) 
PARAMETRIC_REPRESENTATION_CONTEXT() REPRESENTATION_CONTEXT('2D SPACE',''
  ) );
#14178 = PCURVE('',#14179,#14184);
#14179 = PLANE('',#14180);
#14180 = AXIS2_PLACEMENT_3D('',#14181,#14182,#14183);
#14181 = CARTESIAN_POINT('',(-20.,-95.17300141024,-0.173001410241));
#14182 = DIRECTION('',(-1.570092458684E-16,-0.707106781187,
    -0.707106781187));
#14183 = DIRECTION('',(-1.570092458684E-16,-0.707106781187,
    0.707106781187));
#14184 = DEFINITIONAL_REPRESENTATION('',(#14185),#14189);
#14185 = LINE('',#14186,#14187);
#14186 = CARTESIAN_POINT('',(0.,0.));
#14187 = VECTOR('',#14188,1.);
#14188 = DIRECTION('',(0.,-1.));
#14189 = ( GEOMETRIC_REPRESENTATION_CONTEXT(2) 
PARAMETRIC_REPRESENTATION_CONTEXT() REPRESENTATION_CONTEXT('2D SPACE',''
  ) );
#14190 = ORIENTED_EDGE('',*,*,#14191,.F.);
#14191 = EDGE_CURVE('',#14192,#14164,#14194,.T.);
#14192 = VERTEX_POINT('',#14193);
#14193 = CARTESIAN_POINT('',(20.,-92.91025971044,2.089740289556));
#14194 = SURFACE_CURVE('',#14195,(#14199,#14206),.PCURVE_S1.);
#14195 = LINE('',#14196,#14197);
#14196 = CARTESIAN_POINT('',(20.,-92.91025971044,2.089740289556));
#14197 = VECTOR('',#14198,1.);
#14198 = DIRECTION('',(-1.570092458684E-16,-0.707106781187,
    -0.707106781187));
#14199 = PCURVE('',#13514,#14200);
#14200 = DEFINITIONAL_REPRESENTATION('',(#14201),#14205);
#14201 = LINE('',#14202,#14203);
#14202 = CARTESIAN_POINT('',(36.4,23.8));
#14203 = VECTOR('',#14204,1.);
#14204 = DIRECTION('',(1.,0.));
#14205 = ( GEOMETRIC_REPRESENTATION_CONTEXT(2) 
PARAMETRIC_REPRESENTATION_CONTEXT() REPRESENTATION_CONTEXT('2D SPACE',''
  ) );
#14206 = PCURVE('',#14207,#14212);
#14207 = PLANE('',#14208);
#14208 = AXIS2_PLACEMENT_3D('',#14209,#14210,#14211);
#14209 = CARTESIAN_POINT('',(20.,-92.91025971044,2.089740289556));
#14210 = DIRECTION('',(1.,-2.22044604925E-16,0.));
#14211 = DIRECTION('',(-1.570092458684E-16,-0.707106781187,
    0.707106781187));
#14212 = DEFINITIONAL_REPRESENTATION('',(#14213),#14217);
#14213 = LINE('',#14214,#14215);
#14214 = CARTESIAN_POINT('',(0.,-0.));
#14215 = VECTOR('',#14216,1.);
#14216 = DIRECTION('',(0.,1.));
#14217 = ( GEOMETRIC_REPRESENTATION_CONTEXT(2) 
PARAMETRIC_REPRESENTATION_CONTEXT() REPRESENTATION_CONTEXT('2D SPACE',''
  ) );
#14218 = ORIENTED_EDGE('',*,*,#14219,.F.);
#14219 = EDGE_CURVE('',#14220,#14192,#14222,.T.);
#14220 = VERTEX_POINT('',#14221);
#14221 = CARTESIAN_POINT('',(15.75,-92.91025971044,2.089740289556));
#14222 = SURFACE_CURVE('',#14223,(#14227,#14234),.PCURVE_S1.);
#14223 = LINE('',#14224,#14225);
#14224 = CARTESIAN_POINT('',(-20.,-92.91025971044,2.089740289556));
#14225 = VECTOR('',#14226,1.);
#14226 = DIRECTION('',(1.,-2.22044604925E-16,0.));
#14227 = PCURVE('',#13514,#14228);
#14228 = DEFINITIONAL_REPRESENTATION('',(#14229),#14233);
#14229 = LINE('',#14230,#14231);
#14230 = CARTESIAN_POINT('',(36.4,-16.2));
#14231 = VECTOR('',#14232,1.);
#14232 = DIRECTION('',(0.,1.));
#14233 = ( GEOMETRIC_REPRESENTATION_CONTEXT(2) 
PARAMETRIC_REPRESENTATION_CONTEXT() REPRESENTATION_CONTEXT('2D SPACE',''
  ) );
#14234 = PCURVE('',#13376,#14235);
#14235 = DEFINITIONAL_REPRESENTATION('',(#14236),#14240);
#14236 = LINE('',#14237,#14238);
#14237 = CARTESIAN_POINT('',(0.,0.));
#14238 = VECTOR('',#14239,1.);
#14239 = DIRECTION('',(0.,-1.));
#14240 = ( GEOMETRIC_REPRESENTATION_CONTEXT(2) 
PARAMETRIC_REPRESENTATION_CONTEXT() REPRESENTATION_CONTEXT('2D SPACE',''
  ) );
#14241 = ORIENTED_EDGE('',*,*,#14242,.F.);
#14242 = EDGE_CURVE('',#14243,#14220,#14245,.T.);
#14243 = VERTEX_POINT('',#14244);
#14244 = CARTESIAN_POINT('',(15.75,-82.72792206135,12.272077938642));
#14245 = SURFACE_CURVE('',#14246,(#14250,#14257),.PCURVE_S1.);
#14246 = LINE('',#14247,#14248);
#14247 = CARTESIAN_POINT('',(15.75,-82.72792206135,12.272077938642));
#14248 = VECTOR('',#14249,1.);
#14249 = DIRECTION('',(-1.570092458684E-16,-0.707106781187,
    -0.707106781187));
#14250 = PCURVE('',#13514,#14251);
#14251 = DEFINITIONAL_REPRESENTATION('',(#14252),#14256);
#14252 = LINE('',#14253,#14254);
#14253 = CARTESIAN_POINT('',(22.,19.55));
#14254 = VECTOR('',#14255,1.);
#14255 = DIRECTION('',(1.,0.));
#14256 = ( GEOMETRIC_REPRESENTATION_CONTEXT(2) 
PARAMETRIC_REPRESENTATION_CONTEXT() REPRESENTATION_CONTEXT('2D SPACE',''
  ) );
#14257 = PCURVE('',#14258,#14263);
#14258 = PLANE('',#14259);
#14259 = AXIS2_PLACEMENT_3D('',#14260,#14261,#14262);
#14260 = CARTESIAN_POINT('',(15.75,-82.72792206135,12.272077938642));
#14261 = DIRECTION('',(1.,-2.22044604925E-16,0.));
#14262 = DIRECTION('',(-1.570092458684E-16,-0.707106781187,
    0.707106781187));
#14263 = DEFINITIONAL_REPRESENTATION('',(#14264),#14268);
#14264 = LINE('',#14265,#14266);
#14265 = CARTESIAN_POINT('',(0.,-0.));
#14266 = VECTOR('',#14267,1.);
#14267 = DIRECTION('',(0.,1.));
#14268 = ( GEOMETRIC_REPRESENTATION_CONTEXT(2) 
PARAMETRIC_REPRESENTATION_CONTEXT() REPRESENTATION_CONTEXT('2D SPACE',''
  ) );
#14269 = ORIENTED_EDGE('',*,*,#14270,.F.);
#14270 = EDGE_CURVE('',#14271,#14243,#14273,.T.);
#14271 = VERTEX_POINT('',#14272);
#14272 = CARTESIAN_POINT('',(12.25,-82.72792206135,12.272077938642));
#14273 = SURFACE_CURVE('',#14274,(#14278,#14285),.PCURVE_S1.);
#14274 = LINE('',#14275,#14276);
#14275 = CARTESIAN_POINT('',(12.25,-82.72792206135,12.272077938642));
#14276 = VECTOR('',#14277,1.);
#14277 = DIRECTION('',(1.,-2.22044604925E-16,0.));
#14278 = PCURVE('',#13514,#14279);
#14279 = DEFINITIONAL_REPRESENTATION('',(#14280),#14284);
#14280 = LINE('',#14281,#14282);
#14281 = CARTESIAN_POINT('',(22.,16.05));
#14282 = VECTOR('',#14283,1.);
#14283 = DIRECTION('',(0.,1.));
#14284 = ( GEOMETRIC_REPRESENTATION_CONTEXT(2) 
PARAMETRIC_REPRESENTATION_CONTEXT() REPRESENTATION_CONTEXT('2D SPACE',''
  ) );
#14285 = PCURVE('',#14286,#14291);
#14286 = PLANE('',#14287);
#14287 = AXIS2_PLACEMENT_3D('',#14288,#14289,#14290);
#14288 = CARTESIAN_POINT('',(12.25,-82.72792206135,12.272077938642));
#14289 = DIRECTION('',(-1.570092458684E-16,-0.707106781187,
    -0.707106781187));
#14290 = DIRECTION('',(-1.570092458684E-16,-0.707106781187,
    0.707106781187));
#14291 = DEFINITIONAL_REPRESENTATION('',(#14292),#14296);
#14292 = LINE('',#14293,#14294);
#14293 = CARTESIAN_POINT('',(0.,0.));
#14294 = VECTOR('',#14295,1.);
#14295 = DIRECTION('',(0.,-1.));
#14296 = ( GEOMETRIC_REPRESENTATION_CONTEXT(2) 
PARAMETRIC_REPRESENTATION_CONTEXT() REPRESENTATION_CONTEXT('2D SPACE',''
  ) );
#14297 = ORIENTED_EDGE('',*,*,#14298,.T.);
#14298 = EDGE_CURVE('',#14271,#14299,#14301,.T.);
#14299 = VERTEX_POINT('',#14300);
#14300 = CARTESIAN_POINT('',(12.25,-92.91025971044,2.089740289556));
#14301 = SURFACE_CURVE('',#14302,(#14306,#14313),.PCURVE_S1.);
#14302 = LINE('',#14303,#14304);
#14303 = CARTESIAN_POINT('',(12.25,-82.72792206135,12.272077938642));
#14304 = VECTOR('',#14305,1.);
#14305 = DIRECTION('',(-1.570092458684E-16,-0.707106781187,
    -0.707106781187));
#14306 = PCURVE('',#13514,#14307);
#14307 = DEFINITIONAL_REPRESENTATION('',(#14308),#14312);
#14308 = LINE('',#14309,#14310);
#14309 = CARTESIAN_POINT('',(22.,16.05));
#14310 = VECTOR('',#14311,1.);
#14311 = DIRECTION('',(1.,0.));
#14312 = ( GEOMETRIC_REPRESENTATION_CONTEXT(2) 
PARAMETRIC_REPRESENTATION_CONTEXT() REPRESENTATION_CONTEXT('2D SPACE',''
  ) );
#14313 = PCURVE('',#14314,#14319);
#14314 = PLANE('',#14315);
#14315 = AXIS2_PLACEMENT_3D('',#14316,#14317,#14318);
#14316 = CARTESIAN_POINT('',(12.25,-82.72792206135,12.272077938642));
#14317 = DIRECTION('',(1.,-2.22044604925E-16,0.));
#14318 = DIRECTION('',(-1.570092458684E-16,-0.707106781187,
    0.707106781187));
#14319 = DEFINITIONAL_REPRESENTATION('',(#14320),#14324);
#14320 = LINE('',#14321,#14322);
#14321 = CARTESIAN_POINT('',(0.,-0.));
#14322 = VECTOR('',#14323,1.);
#14323 = DIRECTION('',(0.,1.));
#14324 = ( GEOMETRIC_REPRESENTATION_CONTEXT(2) 
PARAMETRIC_REPRESENTATION_CONTEXT() REPRESENTATION_CONTEXT('2D SPACE',''
  ) );
#14325 = ORIENTED_EDGE('',*,*,#14326,.F.);
#14326 = EDGE_CURVE('',#13839,#14299,#14327,.T.);
#14327 = SURFACE_CURVE('',#14328,(#14332,#14339),.PCURVE_S1.);
#14328 = LINE('',#14329,#14330);
#14329 = CARTESIAN_POINT('',(-20.,-92.91025971044,2.089740289556));
#14330 = VECTOR('',#14331,1.);
#14331 = DIRECTION('',(1.,-2.22044604925E-16,0.));
#14332 = PCURVE('',#13514,#14333);
#14333 = DEFINITIONAL_REPRESENTATION('',(#14334),#14338);
#14334 = LINE('',#14335,#14336);
#14335 = CARTESIAN_POINT('',(36.4,-16.2));
#14336 = VECTOR('',#14337,1.);
#14337 = DIRECTION('',(0.,1.));
#14338 = ( GEOMETRIC_REPRESENTATION_CONTEXT(2) 
PARAMETRIC_REPRESENTATION_CONTEXT() REPRESENTATION_CONTEXT('2D SPACE',''
  ) );
#14339 = PCURVE('',#13854,#14340);
#14340 = DEFINITIONAL_REPRESENTATION('',(#14341),#14345);
#14341 = LINE('',#14342,#14343);
#14342 = CARTESIAN_POINT('',(0.,0.));
#14343 = VECTOR('',#14344,1.);
#14344 = DIRECTION('',(0.,-1.));
#14345 = ( GEOMETRIC_REPRESENTATION_CONTEXT(2) 
PARAMETRIC_REPRESENTATION_CONTEXT() REPRESENTATION_CONTEXT('2D SPACE',''
  ) );
#14346 = ADVANCED_FACE('',(#14347),#13488,.F.);
#14347 = FACE_BOUND('',#14348,.F.);
#14348 = EDGE_LOOP('',(#14349,#14372,#14393,#14394));
#14349 = ORIENTED_EDGE('',*,*,#14350,.T.);
#14350 = EDGE_CURVE('',#13445,#14351,#14353,.T.);
#14351 = VERTEX_POINT('',#14352);
#14352 = CARTESIAN_POINT('',(-12.25,-94.32447327281,3.503953851929));
#14353 = SURFACE_CURVE('',#14354,(#14358,#14365),.PCURVE_S1.);
#14354 = LINE('',#14355,#14356);
#14355 = CARTESIAN_POINT('',(-17.875,-94.32447327281,3.503953851929));
#14356 = VECTOR('',#14357,1.);
#14357 = DIRECTION('',(-1.,2.22044604925E-16,0.));
#14358 = PCURVE('',#13488,#14359);
#14359 = DEFINITIONAL_REPRESENTATION('',(#14360),#14364);
#14360 = LINE('',#14361,#14362);
#14361 = CARTESIAN_POINT('',(2.,-2.125));
#14362 = VECTOR('',#14363,1.);
#14363 = DIRECTION('',(0.,1.));
#14364 = ( GEOMETRIC_REPRESENTATION_CONTEXT(2) 
PARAMETRIC_REPRESENTATION_CONTEXT() REPRESENTATION_CONTEXT('2D SPACE',''
  ) );
#14365 = PCURVE('',#13460,#14366);
#14366 = DEFINITIONAL_REPRESENTATION('',(#14367),#14371);
#14367 = LINE('',#14368,#14369);
#14368 = CARTESIAN_POINT('',(4.4,-2.125));
#14369 = VECTOR('',#14370,1.);
#14370 = DIRECTION('',(0.,-1.));
#14371 = ( GEOMETRIC_REPRESENTATION_CONTEXT(2) 
PARAMETRIC_REPRESENTATION_CONTEXT() REPRESENTATION_CONTEXT('2D SPACE',''
  ) );
#14372 = ORIENTED_EDGE('',*,*,#14373,.F.);
#14373 = EDGE_CURVE('',#14006,#14351,#14374,.T.);
#14374 = SURFACE_CURVE('',#14375,(#14379,#14386),.PCURVE_S1.);
#14375 = LINE('',#14376,#14377);
#14376 = CARTESIAN_POINT('',(-12.25,-92.91025971044,2.089740289556));
#14377 = VECTOR('',#14378,1.);
#14378 = DIRECTION('',(-1.570092458684E-16,-0.707106781187,
    0.707106781187));
#14379 = PCURVE('',#13488,#14380);
#14380 = DEFINITIONAL_REPRESENTATION('',(#14381),#14385);
#14381 = LINE('',#14382,#14383);
#14382 = CARTESIAN_POINT('',(-1.844858638953E-15,-7.75));
#14383 = VECTOR('',#14384,1.);
#14384 = DIRECTION('',(1.,0.));
#14385 = ( GEOMETRIC_REPRESENTATION_CONTEXT(2) 
PARAMETRIC_REPRESENTATION_CONTEXT() REPRESENTATION_CONTEXT('2D SPACE',''
  ) );
#14386 = PCURVE('',#14044,#14387);
#14387 = DEFINITIONAL_REPRESENTATION('',(#14388),#14392);
#14388 = LINE('',#14389,#14390);
#14389 = CARTESIAN_POINT('',(-4.440892098501E-15,14.4));
#14390 = VECTOR('',#14391,1.);
#14391 = DIRECTION('',(1.,0.));
#14392 = ( GEOMETRIC_REPRESENTATION_CONTEXT(2) 
PARAMETRIC_REPRESENTATION_CONTEXT() REPRESENTATION_CONTEXT('2D SPACE',''
  ) );
#14393 = ORIENTED_EDGE('',*,*,#14005,.T.);
#14394 = ORIENTED_EDGE('',*,*,#13472,.F.);
#14395 = ADVANCED_FACE('',(#14396),#13460,.F.);
#14396 = FACE_BOUND('',#14397,.F.);
#14397 = EDGE_LOOP('',(#14398,#14421,#14442,#14443));
#14398 = ORIENTED_EDGE('',*,*,#14399,.F.);
#14399 = EDGE_CURVE('',#14400,#13417,#14402,.T.);
#14400 = VERTEX_POINT('',#14401);
#14401 = CARTESIAN_POINT('',(-12.25,-91.21320343559,6.61522368915));
#14402 = SURFACE_CURVE('',#14403,(#14407,#14414),.PCURVE_S1.);
#14403 = LINE('',#14404,#14405);
#14404 = CARTESIAN_POINT('',(-15.75,-91.21320343559,6.61522368915));
#14405 = VECTOR('',#14406,1.);
#14406 = DIRECTION('',(1.,-2.22044604925E-16,0.));
#14407 = PCURVE('',#13460,#14408);
#14408 = DEFINITIONAL_REPRESENTATION('',(#14409),#14413);
#14409 = LINE('',#14410,#14411);
#14410 = CARTESIAN_POINT('',(-0.,0.));
#14411 = VECTOR('',#14412,1.);
#14412 = DIRECTION('',(0.,1.));
#14413 = ( GEOMETRIC_REPRESENTATION_CONTEXT(2) 
PARAMETRIC_REPRESENTATION_CONTEXT() REPRESENTATION_CONTEXT('2D SPACE',''
  ) );
#14414 = PCURVE('',#13432,#14415);
#14415 = DEFINITIONAL_REPRESENTATION('',(#14416),#14420);
#14416 = LINE('',#14417,#14418);
#14417 = CARTESIAN_POINT('',(0.,0.));
#14418 = VECTOR('',#14419,1.);
#14419 = DIRECTION('',(0.,-1.));
#14420 = ( GEOMETRIC_REPRESENTATION_CONTEXT(2) 
PARAMETRIC_REPRESENTATION_CONTEXT() REPRESENTATION_CONTEXT('2D SPACE',''
  ) );
#14421 = ORIENTED_EDGE('',*,*,#14422,.T.);
#14422 = EDGE_CURVE('',#14400,#14351,#14423,.T.);
#14423 = SURFACE_CURVE('',#14424,(#14428,#14435),.PCURVE_S1.);
#14424 = LINE('',#14425,#14426);
#14425 = CARTESIAN_POINT('',(-12.25,-87.67766952966,10.150757595083));
#14426 = VECTOR('',#14427,1.);
#14427 = DIRECTION('',(-1.570092458684E-16,-0.707106781187,
    -0.707106781187));
#14428 = PCURVE('',#13460,#14429);
#14429 = DEFINITIONAL_REPRESENTATION('',(#14430),#14434);
#14430 = LINE('',#14431,#14432);
#14431 = CARTESIAN_POINT('',(-5.,3.5));
#14432 = VECTOR('',#14433,1.);
#14433 = DIRECTION('',(1.,0.));
#14434 = ( GEOMETRIC_REPRESENTATION_CONTEXT(2) 
PARAMETRIC_REPRESENTATION_CONTEXT() REPRESENTATION_CONTEXT('2D SPACE',''
  ) );
#14435 = PCURVE('',#14044,#14436);
#14436 = DEFINITIONAL_REPRESENTATION('',(#14437),#14441);
#14437 = LINE('',#14438,#14439);
#14438 = CARTESIAN_POINT('',(2.,5.));
#14439 = VECTOR('',#14440,1.);
#14440 = DIRECTION('',(0.,1.));
#14441 = ( GEOMETRIC_REPRESENTATION_CONTEXT(2) 
PARAMETRIC_REPRESENTATION_CONTEXT() REPRESENTATION_CONTEXT('2D SPACE',''
  ) );
#14442 = ORIENTED_EDGE('',*,*,#14350,.F.);
#14443 = ORIENTED_EDGE('',*,*,#13444,.F.);
#14444 = ADVANCED_FACE('',(#14445),#13432,.F.);
#14445 = FACE_BOUND('',#14446,.F.);
#14446 = EDGE_LOOP('',(#14447,#14470,#14491,#14492));
#14447 = ORIENTED_EDGE('',*,*,#14448,.F.);
#14448 = EDGE_CURVE('',#14449,#13389,#14451,.T.);
#14449 = VERTEX_POINT('',#14450);
#14450 = CARTESIAN_POINT('',(-12.25,-94.04163056034,9.443650813896));
#14451 = SURFACE_CURVE('',#14452,(#14456,#14463),.PCURVE_S1.);
#14452 = LINE('',#14453,#14454);
#14453 = CARTESIAN_POINT('',(-15.75,-94.04163056034,9.443650813896));
#14454 = VECTOR('',#14455,1.);
#14455 = DIRECTION('',(1.,-2.22044604925E-16,0.));
#14456 = PCURVE('',#13432,#14457);
#14457 = DEFINITIONAL_REPRESENTATION('',(#14458),#14462);
#14458 = LINE('',#14459,#14460);
#14459 = CARTESIAN_POINT('',(4.,-6.280369834735E-16));
#14460 = VECTOR('',#14461,1.);
#14461 = DIRECTION('',(0.,-1.));
#14462 = ( GEOMETRIC_REPRESENTATION_CONTEXT(2) 
PARAMETRIC_REPRESENTATION_CONTEXT() REPRESENTATION_CONTEXT('2D SPACE',''
  ) );
#14463 = PCURVE('',#13404,#14464);
#14464 = DEFINITIONAL_REPRESENTATION('',(#14465),#14469);
#14465 = LINE('',#14466,#14467);
#14466 = CARTESIAN_POINT('',(-0.,0.));
#14467 = VECTOR('',#14468,1.);
#14468 = DIRECTION('',(0.,1.));
#14469 = ( GEOMETRIC_REPRESENTATION_CONTEXT(2) 
PARAMETRIC_REPRESENTATION_CONTEXT() REPRESENTATION_CONTEXT('2D SPACE',''
  ) );
#14470 = ORIENTED_EDGE('',*,*,#14471,.T.);
#14471 = EDGE_CURVE('',#14449,#14400,#14472,.T.);
#14472 = SURFACE_CURVE('',#14473,(#14477,#14484),.PCURVE_S1.);
#14473 = LINE('',#14474,#14475);
#14474 = CARTESIAN_POINT('',(-12.25,-90.50609665441,5.908116907963));
#14475 = VECTOR('',#14476,1.);
#14476 = DIRECTION('',(1.570092458684E-16,0.707106781187,-0.707106781187
    ));
#14477 = PCURVE('',#13432,#14478);
#14478 = DEFINITIONAL_REPRESENTATION('',(#14479),#14483);
#14479 = LINE('',#14480,#14481);
#14480 = CARTESIAN_POINT('',(-1.,-3.5));
#14481 = VECTOR('',#14482,1.);
#14482 = DIRECTION('',(-1.,0.));
#14483 = ( GEOMETRIC_REPRESENTATION_CONTEXT(2) 
PARAMETRIC_REPRESENTATION_CONTEXT() REPRESENTATION_CONTEXT('2D SPACE',''
  ) );
#14484 = PCURVE('',#14044,#14485);
#14485 = DEFINITIONAL_REPRESENTATION('',(#14486),#14490);
#14486 = LINE('',#14487,#14488);
#14487 = CARTESIAN_POINT('',(1.,10.));
#14488 = VECTOR('',#14489,1.);
#14489 = DIRECTION('',(-1.,0.));
#14490 = ( GEOMETRIC_REPRESENTATION_CONTEXT(2) 
PARAMETRIC_REPRESENTATION_CONTEXT() REPRESENTATION_CONTEXT('2D SPACE',''
  ) );
#14491 = ORIENTED_EDGE('',*,*,#14399,.T.);
#14492 = ORIENTED_EDGE('',*,*,#13416,.F.);
#14493 = ADVANCED_FACE('',(#14494),#13404,.T.);
#14494 = FACE_BOUND('',#14495,.T.);
#14495 = EDGE_LOOP('',(#14496,#14497,#14520,#14541));
#14496 = ORIENTED_EDGE('',*,*,#14448,.F.);
#14497 = ORIENTED_EDGE('',*,*,#14498,.T.);
#14498 = EDGE_CURVE('',#14449,#14499,#14501,.T.);
#14499 = VERTEX_POINT('',#14500);
#14500 = CARTESIAN_POINT('',(-12.25,-97.15290039756,6.332380976675));
#14501 = SURFACE_CURVE('',#14502,(#14506,#14513),.PCURVE_S1.);
#14502 = LINE('',#14503,#14504);
#14503 = CARTESIAN_POINT('',(-12.25,-90.50609665441,12.979184719829));
#14504 = VECTOR('',#14505,1.);
#14505 = DIRECTION('',(-1.570092458684E-16,-0.707106781187,
    -0.707106781187));
#14506 = PCURVE('',#13404,#14507);
#14507 = DEFINITIONAL_REPRESENTATION('',(#14508),#14512);
#14508 = LINE('',#14509,#14510);
#14509 = CARTESIAN_POINT('',(-5.,3.5));
#14510 = VECTOR('',#14511,1.);
#14511 = DIRECTION('',(1.,0.));
#14512 = ( GEOMETRIC_REPRESENTATION_CONTEXT(2) 
PARAMETRIC_REPRESENTATION_CONTEXT() REPRESENTATION_CONTEXT('2D SPACE',''
  ) );
#14513 = PCURVE('',#14044,#14514);
#14514 = DEFINITIONAL_REPRESENTATION('',(#14515),#14519);
#14515 = LINE('',#14516,#14517);
#14516 = CARTESIAN_POINT('',(6.,5.));
#14517 = VECTOR('',#14518,1.);
#14518 = DIRECTION('',(0.,1.));
#14519 = ( GEOMETRIC_REPRESENTATION_CONTEXT(2) 
PARAMETRIC_REPRESENTATION_CONTEXT() REPRESENTATION_CONTEXT('2D SPACE',''
  ) );
#14520 = ORIENTED_EDGE('',*,*,#14521,.F.);
#14521 = EDGE_CURVE('',#13361,#14499,#14522,.T.);
#14522 = SURFACE_CURVE('',#14523,(#14527,#14534),.PCURVE_S1.);
#14523 = LINE('',#14524,#14525);
#14524 = CARTESIAN_POINT('',(-17.875,-97.15290039756,6.332380976675));
#14525 = VECTOR('',#14526,1.);
#14526 = DIRECTION('',(-1.,2.22044604925E-16,0.));
#14527 = PCURVE('',#13404,#14528);
#14528 = DEFINITIONAL_REPRESENTATION('',(#14529),#14533);
#14529 = LINE('',#14530,#14531);
#14530 = CARTESIAN_POINT('',(4.4,-2.125));
#14531 = VECTOR('',#14532,1.);
#14532 = DIRECTION('',(0.,-1.));
#14533 = ( GEOMETRIC_REPRESENTATION_CONTEXT(2) 
PARAMETRIC_REPRESENTATION_CONTEXT() REPRESENTATION_CONTEXT('2D SPACE',''
  ) );
#14534 = PCURVE('',#13376,#14535);
#14535 = DEFINITIONAL_REPRESENTATION('',(#14536),#14540);
#14536 = LINE('',#14537,#14538);
#14537 = CARTESIAN_POINT('',(6.,-2.125));
#14538 = VECTOR('',#14539,1.);
#14539 = DIRECTION('',(0.,1.));
#14540 = ( GEOMETRIC_REPRESENTATION_CONTEXT(2) 
PARAMETRIC_REPRESENTATION_CONTEXT() REPRESENTATION_CONTEXT('2D SPACE',''
  ) );
#14541 = ORIENTED_EDGE('',*,*,#13388,.F.);
#14542 = ADVANCED_FACE('',(#14543,#14912),#13376,.F.);
#14543 = FACE_BOUND('',#14544,.F.);
#14544 = EDGE_LOOP('',(#14545,#14568,#14596,#14617,#14618,#14641,#14669,
    #14692,#14720,#14741,#14742,#14743,#14764,#14765,#14788,#14811,
    #14839,#14862,#14890,#14911));
#14545 = ORIENTED_EDGE('',*,*,#14546,.T.);
#14546 = EDGE_CURVE('',#14192,#14547,#14549,.T.);
#14547 = VERTEX_POINT('',#14548);
#14548 = CARTESIAN_POINT('',(20.,-121.1945309579,30.374011537018));
#14549 = SURFACE_CURVE('',#14550,(#14554,#14561),.PCURVE_S1.);
#14550 = LINE('',#14551,#14552);
#14551 = CARTESIAN_POINT('',(20.,-92.91025971044,2.089740289556));
#14552 = VECTOR('',#14553,1.);
#14553 = DIRECTION('',(-1.570092458684E-16,-0.707106781187,
    0.707106781187));
#14554 = PCURVE('',#13376,#14555);
#14555 = DEFINITIONAL_REPRESENTATION('',(#14556),#14560);
#14556 = LINE('',#14557,#14558);
#14557 = CARTESIAN_POINT('',(-9.420554752103E-15,-40.));
#14558 = VECTOR('',#14559,1.);
#14559 = DIRECTION('',(1.,0.));
#14560 = ( GEOMETRIC_REPRESENTATION_CONTEXT(2) 
PARAMETRIC_REPRESENTATION_CONTEXT() REPRESENTATION_CONTEXT('2D SPACE',''
  ) );
#14561 = PCURVE('',#14207,#14562);
#14562 = DEFINITIONAL_REPRESENTATION('',(#14563),#14567);
#14563 = LINE('',#14564,#14565);
#14564 = CARTESIAN_POINT('',(0.,-0.));
#14565 = VECTOR('',#14566,1.);
#14566 = DIRECTION('',(1.,0.));
#14567 = ( GEOMETRIC_REPRESENTATION_CONTEXT(2) 
PARAMETRIC_REPRESENTATION_CONTEXT() REPRESENTATION_CONTEXT('2D SPACE',''
  ) );
#14568 = ORIENTED_EDGE('',*,*,#14569,.F.);
#14569 = EDGE_CURVE('',#14570,#14547,#14572,.T.);
#14570 = VERTEX_POINT('',#14571);
#14571 = CARTESIAN_POINT('',(-20.,-121.1945309579,30.374011537018));
#14572 = SURFACE_CURVE('',#14573,(#14577,#14584),.PCURVE_S1.);
#14573 = LINE('',#14574,#14575);
#14574 = CARTESIAN_POINT('',(-20.,-121.1945309579,30.374011537018));
#14575 = VECTOR('',#14576,1.);
#14576 = DIRECTION('',(1.,-2.22044604925E-16,0.));
#14577 = PCURVE('',#13376,#14578);
#14578 = DEFINITIONAL_REPRESENTATION('',(#14579),#14583);
#14579 = LINE('',#14580,#14581);
#14580 = CARTESIAN_POINT('',(40.,8.250575228659E-16));
#14581 = VECTOR('',#14582,1.);
#14582 = DIRECTION('',(0.,-1.));
#14583 = ( GEOMETRIC_REPRESENTATION_CONTEXT(2) 
PARAMETRIC_REPRESENTATION_CONTEXT() REPRESENTATION_CONTEXT('2D SPACE',''
  ) );
#14584 = PCURVE('',#14585,#14590);
#14585 = PLANE('',#14586);
#14586 = AXIS2_PLACEMENT_3D('',#14587,#14588,#14589);
#14587 = CARTESIAN_POINT('',(-20.,-121.1945309579,30.374011537018));
#14588 = DIRECTION('',(-1.570092458684E-16,-0.707106781187,
    0.707106781187));
#14589 = DIRECTION('',(-1.570092458684E-16,-0.707106781187,
    -0.707106781187));
#14590 = DEFINITIONAL_REPRESENTATION('',(#14591),#14595);
#14591 = LINE('',#14592,#14593);
#14592 = CARTESIAN_POINT('',(-0.,0.));
#14593 = VECTOR('',#14594,1.);
#14594 = DIRECTION('',(0.,1.));
#14595 = ( GEOMETRIC_REPRESENTATION_CONTEXT(2) 
PARAMETRIC_REPRESENTATION_CONTEXT() REPRESENTATION_CONTEXT('2D SPACE',''
  ) );
#14596 = ORIENTED_EDGE('',*,*,#14597,.F.);
#14597 = EDGE_CURVE('',#14113,#14570,#14598,.T.);
#14598 = SURFACE_CURVE('',#14599,(#14603,#14610),.PCURVE_S1.);
#14599 = LINE('',#14600,#14601);
#14600 = CARTESIAN_POINT('',(-20.,-92.91025971044,2.089740289556));
#14601 = VECTOR('',#14602,1.);
#14602 = DIRECTION('',(-1.570092458684E-16,-0.707106781187,
    0.707106781187));
#14603 = PCURVE('',#13376,#14604);
#14604 = DEFINITIONAL_REPRESENTATION('',(#14605),#14609);
#14605 = LINE('',#14606,#14607);
#14606 = CARTESIAN_POINT('',(0.,0.));
#14607 = VECTOR('',#14608,1.);
#14608 = DIRECTION('',(1.,0.));
#14609 = ( GEOMETRIC_REPRESENTATION_CONTEXT(2) 
PARAMETRIC_REPRESENTATION_CONTEXT() REPRESENTATION_CONTEXT('2D SPACE',''
  ) );
#14610 = PCURVE('',#14151,#14611);
#14611 = DEFINITIONAL_REPRESENTATION('',(#14612),#14616);
#14612 = LINE('',#14613,#14614);
#14613 = CARTESIAN_POINT('',(0.,-0.));
#14614 = VECTOR('',#14615,1.);
#14615 = DIRECTION('',(1.,0.));
#14616 = ( GEOMETRIC_REPRESENTATION_CONTEXT(2) 
PARAMETRIC_REPRESENTATION_CONTEXT() REPRESENTATION_CONTEXT('2D SPACE',''
  ) );
#14617 = ORIENTED_EDGE('',*,*,#14112,.T.);
#14618 = ORIENTED_EDGE('',*,*,#14619,.T.);
#14619 = EDGE_CURVE('',#14085,#14620,#14622,.T.);
#14620 = VERTEX_POINT('',#14621);
#14621 = CARTESIAN_POINT('',(-15.75,-94.32447327281,3.503953851929));
#14622 = SURFACE_CURVE('',#14623,(#14627,#14634),.PCURVE_S1.);
#14623 = LINE('',#14624,#14625);
#14624 = CARTESIAN_POINT('',(-15.75,-92.91025971044,2.089740289556));
#14625 = VECTOR('',#14626,1.);
#14626 = DIRECTION('',(-1.570092458684E-16,-0.707106781187,
    0.707106781187));
#14627 = PCURVE('',#13376,#14628);
#14628 = DEFINITIONAL_REPRESENTATION('',(#14629),#14633);
#14629 = LINE('',#14630,#14631);
#14630 = CARTESIAN_POINT('',(-9.813077866774E-16,-4.25));
#14631 = VECTOR('',#14632,1.);
#14632 = DIRECTION('',(1.,0.));
#14633 = ( GEOMETRIC_REPRESENTATION_CONTEXT(2) 
PARAMETRIC_REPRESENTATION_CONTEXT() REPRESENTATION_CONTEXT('2D SPACE',''
  ) );
#14634 = PCURVE('',#14100,#14635);
#14635 = DEFINITIONAL_REPRESENTATION('',(#14636),#14640);
#14636 = LINE('',#14637,#14638);
#14637 = CARTESIAN_POINT('',(-4.440892098501E-15,14.4));
#14638 = VECTOR('',#14639,1.);
#14639 = DIRECTION('',(1.,0.));
#14640 = ( GEOMETRIC_REPRESENTATION_CONTEXT(2) 
PARAMETRIC_REPRESENTATION_CONTEXT() REPRESENTATION_CONTEXT('2D SPACE',''
  ) );
#14641 = ORIENTED_EDGE('',*,*,#14642,.T.);
#14642 = EDGE_CURVE('',#14620,#14643,#14645,.T.);
#14643 = VERTEX_POINT('',#14644);
#14644 = CARTESIAN_POINT('',(-15.75,-97.15290039756,6.332380976675));
#14645 = SURFACE_CURVE('',#14646,(#14650,#14657),.PCURVE_S1.);
#14646 = LINE('',#14647,#14648);
#14647 = CARTESIAN_POINT('',(-15.75,-92.91025971044,2.089740289556));
#14648 = VECTOR('',#14649,1.);
#14649 = DIRECTION('',(-1.570092458684E-16,-0.707106781187,
    0.707106781187));
#14650 = PCURVE('',#13376,#14651);
#14651 = DEFINITIONAL_REPRESENTATION('',(#14652),#14656);
#14652 = LINE('',#14653,#14654);
#14653 = CARTESIAN_POINT('',(-9.813077866774E-16,-4.25));
#14654 = VECTOR('',#14655,1.);
#14655 = DIRECTION('',(1.,0.));
#14656 = ( GEOMETRIC_REPRESENTATION_CONTEXT(2) 
PARAMETRIC_REPRESENTATION_CONTEXT() REPRESENTATION_CONTEXT('2D SPACE',''
  ) );
#14657 = PCURVE('',#14658,#14663);
#14658 = PLANE('',#14659);
#14659 = AXIS2_PLACEMENT_3D('',#14660,#14661,#14662);
#14660 = CARTESIAN_POINT('',(-15.75,-82.72792206135,12.272077938642));
#14661 = DIRECTION('',(1.,-2.22044604925E-16,0.));
#14662 = DIRECTION('',(-1.570092458684E-16,-0.707106781187,
    0.707106781187));
#14663 = DEFINITIONAL_REPRESENTATION('',(#14664),#14668);
#14664 = LINE('',#14665,#14666);
#14665 = CARTESIAN_POINT('',(-4.440892098501E-15,14.4));
#14666 = VECTOR('',#14667,1.);
#14667 = DIRECTION('',(1.,0.));
#14668 = ( GEOMETRIC_REPRESENTATION_CONTEXT(2) 
PARAMETRIC_REPRESENTATION_CONTEXT() REPRESENTATION_CONTEXT('2D SPACE',''
  ) );
#14669 = ORIENTED_EDGE('',*,*,#14670,.T.);
#14670 = EDGE_CURVE('',#14643,#14671,#14673,.T.);
#14671 = VERTEX_POINT('',#14672);
#14672 = CARTESIAN_POINT('',(-15.75,-109.8808224589,19.060303038033));
#14673 = SURFACE_CURVE('',#14674,(#14678,#14685),.PCURVE_S1.);
#14674 = LINE('',#14675,#14676);
#14675 = CARTESIAN_POINT('',(-15.75,-92.91025971044,2.089740289556));
#14676 = VECTOR('',#14677,1.);
#14677 = DIRECTION('',(-1.570092458684E-16,-0.707106781187,
    0.707106781187));
#14678 = PCURVE('',#13376,#14679);
#14679 = DEFINITIONAL_REPRESENTATION('',(#14680),#14684);
#14680 = LINE('',#14681,#14682);
#14681 = CARTESIAN_POINT('',(-9.813077866774E-16,-4.25));
#14682 = VECTOR('',#14683,1.);
#14683 = DIRECTION('',(1.,0.));
#14684 = ( GEOMETRIC_REPRESENTATION_CONTEXT(2) 
PARAMETRIC_REPRESENTATION_CONTEXT() REPRESENTATION_CONTEXT('2D SPACE',''
  ) );
#14685 = PCURVE('',#14100,#14686);
#14686 = DEFINITIONAL_REPRESENTATION('',(#14687),#14691);
#14687 = LINE('',#14688,#14689);
#14688 = CARTESIAN_POINT('',(-4.440892098501E-15,14.4));
#14689 = VECTOR('',#14690,1.);
#14690 = DIRECTION('',(1.,0.));
#14691 = ( GEOMETRIC_REPRESENTATION_CONTEXT(2) 
PARAMETRIC_REPRESENTATION_CONTEXT() REPRESENTATION_CONTEXT('2D SPACE',''
  ) );
#14692 = ORIENTED_EDGE('',*,*,#14693,.F.);
#14693 = EDGE_CURVE('',#14694,#14671,#14696,.T.);
#14694 = VERTEX_POINT('',#14695);
#14695 = CARTESIAN_POINT('',(-12.25,-109.8808224589,19.060303038033));
#14696 = SURFACE_CURVE('',#14697,(#14701,#14708),.PCURVE_S1.);
#14697 = LINE('',#14698,#14699);
#14698 = CARTESIAN_POINT('',(-17.875,-109.8808224589,19.060303038033));
#14699 = VECTOR('',#14700,1.);
#14700 = DIRECTION('',(-1.,2.22044604925E-16,0.));
#14701 = PCURVE('',#13376,#14702);
#14702 = DEFINITIONAL_REPRESENTATION('',(#14703),#14707);
#14703 = LINE('',#14704,#14705);
#14704 = CARTESIAN_POINT('',(24.,-2.125));
#14705 = VECTOR('',#14706,1.);
#14706 = DIRECTION('',(0.,1.));
#14707 = ( GEOMETRIC_REPRESENTATION_CONTEXT(2) 
PARAMETRIC_REPRESENTATION_CONTEXT() REPRESENTATION_CONTEXT('2D SPACE',''
  ) );
#14708 = PCURVE('',#14709,#14714);
#14709 = PLANE('',#14710);
#14710 = AXIS2_PLACEMENT_3D('',#14711,#14712,#14713);
#14711 = CARTESIAN_POINT('',(-15.75,-99.69848480983,29.242640687119));
#14712 = DIRECTION('',(-1.570092458684E-16,-0.707106781187,
    0.707106781187));
#14713 = DIRECTION('',(-1.570092458684E-16,-0.707106781187,
    -0.707106781187));
#14714 = DEFINITIONAL_REPRESENTATION('',(#14715),#14719);
#14715 = LINE('',#14716,#14717);
#14716 = CARTESIAN_POINT('',(14.4,-2.125));
#14717 = VECTOR('',#14718,1.);
#14718 = DIRECTION('',(0.,-1.));
#14719 = ( GEOMETRIC_REPRESENTATION_CONTEXT(2) 
PARAMETRIC_REPRESENTATION_CONTEXT() REPRESENTATION_CONTEXT('2D SPACE',''
  ) );
#14720 = ORIENTED_EDGE('',*,*,#14721,.F.);
#14721 = EDGE_CURVE('',#14499,#14694,#14722,.T.);
#14722 = SURFACE_CURVE('',#14723,(#14727,#14734),.PCURVE_S1.);
#14723 = LINE('',#14724,#14725);
#14724 = CARTESIAN_POINT('',(-12.25,-92.91025971044,2.089740289556));
#14725 = VECTOR('',#14726,1.);
#14726 = DIRECTION('',(-1.570092458684E-16,-0.707106781187,
    0.707106781187));
#14727 = PCURVE('',#13376,#14728);
#14728 = DEFINITIONAL_REPRESENTATION('',(#14729),#14733);
#14729 = LINE('',#14730,#14731);
#14730 = CARTESIAN_POINT('',(-1.844858638953E-15,-7.75));
#14731 = VECTOR('',#14732,1.);
#14732 = DIRECTION('',(1.,0.));
#14733 = ( GEOMETRIC_REPRESENTATION_CONTEXT(2) 
PARAMETRIC_REPRESENTATION_CONTEXT() REPRESENTATION_CONTEXT('2D SPACE',''
  ) );
#14734 = PCURVE('',#14044,#14735);
#14735 = DEFINITIONAL_REPRESENTATION('',(#14736),#14740);
#14736 = LINE('',#14737,#14738);
#14737 = CARTESIAN_POINT('',(-4.440892098501E-15,14.4));
#14738 = VECTOR('',#14739,1.);
#14739 = DIRECTION('',(1.,0.));
#14740 = ( GEOMETRIC_REPRESENTATION_CONTEXT(2) 
PARAMETRIC_REPRESENTATION_CONTEXT() REPRESENTATION_CONTEXT('2D SPACE',''
  ) );
#14741 = ORIENTED_EDGE('',*,*,#14521,.F.);
#14742 = ORIENTED_EDGE('',*,*,#13360,.F.);
#14743 = ORIENTED_EDGE('',*,*,#14744,.T.);
#14744 = EDGE_CURVE('',#13333,#13709,#14745,.T.);
#14745 = SURFACE_CURVE('',#14746,(#14750,#14757),.PCURVE_S1.);
#14746 = LINE('',#14747,#14748);
#14747 = CARTESIAN_POINT('',(-11.9,-98.56711395993,7.746594539048));
#14748 = VECTOR('',#14749,1.);
#14749 = DIRECTION('',(1.,-2.22044604925E-16,0.));
#14750 = PCURVE('',#13376,#14751);
#14751 = DEFINITIONAL_REPRESENTATION('',(#14752),#14756);
#14752 = LINE('',#14753,#14754);
#14753 = CARTESIAN_POINT('',(8.,-8.1));
#14754 = VECTOR('',#14755,1.);
#14755 = DIRECTION('',(0.,-1.));
#14756 = ( GEOMETRIC_REPRESENTATION_CONTEXT(2) 
PARAMETRIC_REPRESENTATION_CONTEXT() REPRESENTATION_CONTEXT('2D SPACE',''
  ) );
#14757 = PCURVE('',#13348,#14758);
#14758 = DEFINITIONAL_REPRESENTATION('',(#14759),#14763);
#14759 = LINE('',#14760,#14761);
#14760 = CARTESIAN_POINT('',(36.4,-8.1));
#14761 = VECTOR('',#14762,1.);
#14762 = DIRECTION('',(0.,1.));
#14763 = ( GEOMETRIC_REPRESENTATION_CONTEXT(2) 
PARAMETRIC_REPRESENTATION_CONTEXT() REPRESENTATION_CONTEXT('2D SPACE',''
  ) );
#14764 = ORIENTED_EDGE('',*,*,#13731,.T.);
#14765 = ORIENTED_EDGE('',*,*,#14766,.F.);
#14766 = EDGE_CURVE('',#14767,#13732,#14769,.T.);
#14767 = VERTEX_POINT('',#14768);
#14768 = CARTESIAN_POINT('',(12.25,-97.15290039756,6.332380976675));
#14769 = SURFACE_CURVE('',#14770,(#14774,#14781),.PCURVE_S1.);
#14770 = LINE('',#14771,#14772);
#14771 = CARTESIAN_POINT('',(-17.875,-97.15290039756,6.332380976675));
#14772 = VECTOR('',#14773,1.);
#14773 = DIRECTION('',(-1.,2.22044604925E-16,0.));
#14774 = PCURVE('',#13376,#14775);
#14775 = DEFINITIONAL_REPRESENTATION('',(#14776),#14780);
#14776 = LINE('',#14777,#14778);
#14777 = CARTESIAN_POINT('',(6.,-2.125));
#14778 = VECTOR('',#14779,1.);
#14779 = DIRECTION('',(0.,1.));
#14780 = ( GEOMETRIC_REPRESENTATION_CONTEXT(2) 
PARAMETRIC_REPRESENTATION_CONTEXT() REPRESENTATION_CONTEXT('2D SPACE',''
  ) );
#14781 = PCURVE('',#13770,#14782);
#14782 = DEFINITIONAL_REPRESENTATION('',(#14783),#14787);
#14783 = LINE('',#14784,#14785);
#14784 = CARTESIAN_POINT('',(4.4,-2.125));
#14785 = VECTOR('',#14786,1.);
#14786 = DIRECTION('',(0.,-1.));
#14787 = ( GEOMETRIC_REPRESENTATION_CONTEXT(2) 
PARAMETRIC_REPRESENTATION_CONTEXT() REPRESENTATION_CONTEXT('2D SPACE',''
  ) );
#14788 = ORIENTED_EDGE('',*,*,#14789,.T.);
#14789 = EDGE_CURVE('',#14767,#14790,#14792,.T.);
#14790 = VERTEX_POINT('',#14791);
#14791 = CARTESIAN_POINT('',(12.25,-109.8808224589,19.060303038033));
#14792 = SURFACE_CURVE('',#14793,(#14797,#14804),.PCURVE_S1.);
#14793 = LINE('',#14794,#14795);
#14794 = CARTESIAN_POINT('',(12.25,-92.91025971044,2.089740289556));
#14795 = VECTOR('',#14796,1.);
#14796 = DIRECTION('',(-1.570092458684E-16,-0.707106781187,
    0.707106781187));
#14797 = PCURVE('',#13376,#14798);
#14798 = DEFINITIONAL_REPRESENTATION('',(#14799),#14803);
#14799 = LINE('',#14800,#14801);
#14800 = CARTESIAN_POINT('',(-7.575696113149E-15,-32.25));
#14801 = VECTOR('',#14802,1.);
#14802 = DIRECTION('',(1.,0.));
#14803 = ( GEOMETRIC_REPRESENTATION_CONTEXT(2) 
PARAMETRIC_REPRESENTATION_CONTEXT() REPRESENTATION_CONTEXT('2D SPACE',''
  ) );
#14804 = PCURVE('',#14314,#14805);
#14805 = DEFINITIONAL_REPRESENTATION('',(#14806),#14810);
#14806 = LINE('',#14807,#14808);
#14807 = CARTESIAN_POINT('',(-4.440892098501E-15,14.4));
#14808 = VECTOR('',#14809,1.);
#14809 = DIRECTION('',(1.,0.));
#14810 = ( GEOMETRIC_REPRESENTATION_CONTEXT(2) 
PARAMETRIC_REPRESENTATION_CONTEXT() REPRESENTATION_CONTEXT('2D SPACE',''
  ) );
#14811 = ORIENTED_EDGE('',*,*,#14812,.F.);
#14812 = EDGE_CURVE('',#14813,#14790,#14815,.T.);
#14813 = VERTEX_POINT('',#14814);
#14814 = CARTESIAN_POINT('',(15.75,-109.8808224589,19.060303038033));
#14815 = SURFACE_CURVE('',#14816,(#14820,#14827),.PCURVE_S1.);
#14816 = LINE('',#14817,#14818);
#14817 = CARTESIAN_POINT('',(-3.875,-109.8808224589,19.060303038033));
#14818 = VECTOR('',#14819,1.);
#14819 = DIRECTION('',(-1.,2.22044604925E-16,0.));
#14820 = PCURVE('',#13376,#14821);
#14821 = DEFINITIONAL_REPRESENTATION('',(#14822),#14826);
#14822 = LINE('',#14823,#14824);
#14823 = CARTESIAN_POINT('',(24.,-16.125));
#14824 = VECTOR('',#14825,1.);
#14825 = DIRECTION('',(0.,1.));
#14826 = ( GEOMETRIC_REPRESENTATION_CONTEXT(2) 
PARAMETRIC_REPRESENTATION_CONTEXT() REPRESENTATION_CONTEXT('2D SPACE',''
  ) );
#14827 = PCURVE('',#14828,#14833);
#14828 = PLANE('',#14829);
#14829 = AXIS2_PLACEMENT_3D('',#14830,#14831,#14832);
#14830 = CARTESIAN_POINT('',(12.25,-99.69848480983,29.242640687119));
#14831 = DIRECTION('',(-1.570092458684E-16,-0.707106781187,
    0.707106781187));
#14832 = DIRECTION('',(-1.570092458684E-16,-0.707106781187,
    -0.707106781187));
#14833 = DEFINITIONAL_REPRESENTATION('',(#14834),#14838);
#14834 = LINE('',#14835,#14836);
#14835 = CARTESIAN_POINT('',(14.4,-16.125));
#14836 = VECTOR('',#14837,1.);
#14837 = DIRECTION('',(0.,-1.));
#14838 = ( GEOMETRIC_REPRESENTATION_CONTEXT(2) 
PARAMETRIC_REPRESENTATION_CONTEXT() REPRESENTATION_CONTEXT('2D SPACE',''
  ) );
#14839 = ORIENTED_EDGE('',*,*,#14840,.F.);
#14840 = EDGE_CURVE('',#14841,#14813,#14843,.T.);
#14841 = VERTEX_POINT('',#14842);
#14842 = CARTESIAN_POINT('',(15.75,-97.15290039756,6.332380976675));
#14843 = SURFACE_CURVE('',#14844,(#14848,#14855),.PCURVE_S1.);
#14844 = LINE('',#14845,#14846);
#14845 = CARTESIAN_POINT('',(15.75,-92.91025971044,2.089740289556));
#14846 = VECTOR('',#14847,1.);
#14847 = DIRECTION('',(-1.570092458684E-16,-0.707106781187,
    0.707106781187));
#14848 = PCURVE('',#13376,#14849);
#14849 = DEFINITIONAL_REPRESENTATION('',(#14850),#14854);
#14850 = LINE('',#14851,#14852);
#14851 = CARTESIAN_POINT('',(-8.439246965425E-15,-35.75));
#14852 = VECTOR('',#14853,1.);
#14853 = DIRECTION('',(1.,0.));
#14854 = ( GEOMETRIC_REPRESENTATION_CONTEXT(2) 
PARAMETRIC_REPRESENTATION_CONTEXT() REPRESENTATION_CONTEXT('2D SPACE',''
  ) );
#14855 = PCURVE('',#14258,#14856);
#14856 = DEFINITIONAL_REPRESENTATION('',(#14857),#14861);
#14857 = LINE('',#14858,#14859);
#14858 = CARTESIAN_POINT('',(-4.440892098501E-15,14.4));
#14859 = VECTOR('',#14860,1.);
#14860 = DIRECTION('',(1.,0.));
#14861 = ( GEOMETRIC_REPRESENTATION_CONTEXT(2) 
PARAMETRIC_REPRESENTATION_CONTEXT() REPRESENTATION_CONTEXT('2D SPACE',''
  ) );
#14862 = ORIENTED_EDGE('',*,*,#14863,.F.);
#14863 = EDGE_CURVE('',#14864,#14841,#14866,.T.);
#14864 = VERTEX_POINT('',#14865);
#14865 = CARTESIAN_POINT('',(15.75,-94.32447327281,3.503953851929));
#14866 = SURFACE_CURVE('',#14867,(#14871,#14878),.PCURVE_S1.);
#14867 = LINE('',#14868,#14869);
#14868 = CARTESIAN_POINT('',(15.75,-92.91025971044,2.089740289556));
#14869 = VECTOR('',#14870,1.);
#14870 = DIRECTION('',(-1.570092458684E-16,-0.707106781187,
    0.707106781187));
#14871 = PCURVE('',#13376,#14872);
#14872 = DEFINITIONAL_REPRESENTATION('',(#14873),#14877);
#14873 = LINE('',#14874,#14875);
#14874 = CARTESIAN_POINT('',(-8.439246965425E-15,-35.75));
#14875 = VECTOR('',#14876,1.);
#14876 = DIRECTION('',(1.,0.));
#14877 = ( GEOMETRIC_REPRESENTATION_CONTEXT(2) 
PARAMETRIC_REPRESENTATION_CONTEXT() REPRESENTATION_CONTEXT('2D SPACE',''
  ) );
#14878 = PCURVE('',#14879,#14884);
#14879 = PLANE('',#14880);
#14880 = AXIS2_PLACEMENT_3D('',#14881,#14882,#14883);
#14881 = CARTESIAN_POINT('',(15.75,-82.72792206135,12.272077938642));
#14882 = DIRECTION('',(1.,-2.22044604925E-16,0.));
#14883 = DIRECTION('',(-1.570092458684E-16,-0.707106781187,
    0.707106781187));
#14884 = DEFINITIONAL_REPRESENTATION('',(#14885),#14889);
#14885 = LINE('',#14886,#14887);
#14886 = CARTESIAN_POINT('',(-4.440892098501E-15,14.4));
#14887 = VECTOR('',#14888,1.);
#14888 = DIRECTION('',(1.,0.));
#14889 = ( GEOMETRIC_REPRESENTATION_CONTEXT(2) 
PARAMETRIC_REPRESENTATION_CONTEXT() REPRESENTATION_CONTEXT('2D SPACE',''
  ) );
#14890 = ORIENTED_EDGE('',*,*,#14891,.F.);
#14891 = EDGE_CURVE('',#14220,#14864,#14892,.T.);
#14892 = SURFACE_CURVE('',#14893,(#14897,#14904),.PCURVE_S1.);
#14893 = LINE('',#14894,#14895);
#14894 = CARTESIAN_POINT('',(15.75,-92.91025971044,2.089740289556));
#14895 = VECTOR('',#14896,1.);
#14896 = DIRECTION('',(-1.570092458684E-16,-0.707106781187,
    0.707106781187));
#14897 = PCURVE('',#13376,#14898);
#14898 = DEFINITIONAL_REPRESENTATION('',(#14899),#14903);
#14899 = LINE('',#14900,#14901);
#14900 = CARTESIAN_POINT('',(-8.439246965425E-15,-35.75));
#14901 = VECTOR('',#14902,1.);
#14902 = DIRECTION('',(1.,0.));
#14903 = ( GEOMETRIC_REPRESENTATION_CONTEXT(2) 
PARAMETRIC_REPRESENTATION_CONTEXT() REPRESENTATION_CONTEXT('2D SPACE',''
  ) );
#14904 = PCURVE('',#14258,#14905);
#14905 = DEFINITIONAL_REPRESENTATION('',(#14906),#14910);
#14906 = LINE('',#14907,#14908);
#14907 = CARTESIAN_POINT('',(-4.440892098501E-15,14.4));
#14908 = VECTOR('',#14909,1.);
#14909 = DIRECTION('',(1.,0.));
#14910 = ( GEOMETRIC_REPRESENTATION_CONTEXT(2) 
PARAMETRIC_REPRESENTATION_CONTEXT() REPRESENTATION_CONTEXT('2D SPACE',''
  ) );
#14911 = ORIENTED_EDGE('',*,*,#14219,.T.);
#14912 = FACE_BOUND('',#14913,.F.);
#14913 = EDGE_LOOP('',(#14914));
#14914 = ORIENTED_EDGE('',*,*,#14915,.F.);
#14915 = EDGE_CURVE('',#14916,#14916,#14918,.T.);
#14916 = VERTEX_POINT('',#14917);
#14917 = CARTESIAN_POINT('',(9.4,-107.0523953341,16.231875913287));
#14918 = SURFACE_CURVE('',#14919,(#14924,#14931),.PCURVE_S1.);
#14919 = CIRCLE('',#14920,9.4);
#14920 = AXIS2_PLACEMENT_3D('',#14921,#14922,#14923);
#14921 = CARTESIAN_POINT('',(-2.108607587455E-14,-107.0523953341,
    16.231875913287));
#14922 = DIRECTION('',(-1.570092458684E-16,-0.707106781187,
    -0.707106781187));
#14923 = DIRECTION('',(1.,-2.22044604925E-16,0.));
#14924 = PCURVE('',#13376,#14925);
#14925 = DEFINITIONAL_REPRESENTATION('',(#14926),#14930);
#14926 = CIRCLE('',#14927,9.4);
#14927 = AXIS2_PLACEMENT_2D('',#14928,#14929);
#14928 = CARTESIAN_POINT('',(20.,-20.));
#14929 = DIRECTION('',(0.,-1.));
#14930 = ( GEOMETRIC_REPRESENTATION_CONTEXT(2) 
PARAMETRIC_REPRESENTATION_CONTEXT() REPRESENTATION_CONTEXT('2D SPACE',''
  ) );
#14931 = PCURVE('',#14932,#14937);
#14932 = CYLINDRICAL_SURFACE('',#14933,9.4);
#14933 = AXIS2_PLACEMENT_3D('',#14934,#14935,#14936);
#14934 = CARTESIAN_POINT('',(-2.133729066794E-14,-108.183766184,
    15.100505063388));
#14935 = DIRECTION('',(-1.570092458684E-16,-0.707106781187,
    -0.707106781187));
#14936 = DIRECTION('',(1.,-2.22044604925E-16,0.));
#14937 = DEFINITIONAL_REPRESENTATION('',(#14938),#14942);
#14938 = LINE('',#14939,#14940);
#14939 = CARTESIAN_POINT('',(0.,-1.6));
#14940 = VECTOR('',#14941,1.);
#14941 = DIRECTION('',(1.,0.));
#14942 = ( GEOMETRIC_REPRESENTATION_CONTEXT(2) 
PARAMETRIC_REPRESENTATION_CONTEXT() REPRESENTATION_CONTEXT('2D SPACE',''
  ) );
#14943 = ADVANCED_FACE('',(#14944),#13348,.T.);
#14944 = FACE_BOUND('',#14945,.T.);
#14945 = EDGE_LOOP('',(#14946,#14947,#14968,#14969));
#14946 = ORIENTED_EDGE('',*,*,#13708,.F.);
#14947 = ORIENTED_EDGE('',*,*,#14948,.T.);
#14948 = EDGE_CURVE('',#13686,#13305,#14949,.T.);
#14949 = SURFACE_CURVE('',#14950,(#14954,#14961),.PCURVE_S1.);
#14950 = LINE('',#14951,#14952);
#14951 = CARTESIAN_POINT('',(-3.8,-82.72792206135,23.585786437627));
#14952 = VECTOR('',#14953,1.);
#14953 = DIRECTION('',(-1.,2.22044604925E-16,0.));
#14954 = PCURVE('',#13348,#14955);
#14955 = DEFINITIONAL_REPRESENTATION('',(#14956),#14960);
#14956 = LINE('',#14957,#14958);
#14957 = CARTESIAN_POINT('',(14.,-2.231660709303E-17));
#14958 = VECTOR('',#14959,1.);
#14959 = DIRECTION('',(0.,-1.));
#14960 = ( GEOMETRIC_REPRESENTATION_CONTEXT(2) 
PARAMETRIC_REPRESENTATION_CONTEXT() REPRESENTATION_CONTEXT('2D SPACE',''
  ) );
#14961 = PCURVE('',#13320,#14962);
#14962 = DEFINITIONAL_REPRESENTATION('',(#14963),#14967);
#14963 = LINE('',#14964,#14965);
#14964 = CARTESIAN_POINT('',(18.,-1.616311665304E-16));
#14965 = VECTOR('',#14966,1.);
#14966 = DIRECTION('',(0.,1.));
#14967 = ( GEOMETRIC_REPRESENTATION_CONTEXT(2) 
PARAMETRIC_REPRESENTATION_CONTEXT() REPRESENTATION_CONTEXT('2D SPACE',''
  ) );
#14968 = ORIENTED_EDGE('',*,*,#13332,.T.);
#14969 = ORIENTED_EDGE('',*,*,#14744,.T.);
#14970 = ADVANCED_FACE('',(#14971),#13320,.T.);
#14971 = FACE_BOUND('',#14972,.T.);
#14972 = EDGE_LOOP('',(#14973,#14974,#14975,#14976));
#14973 = ORIENTED_EDGE('',*,*,#13304,.F.);
#14974 = ORIENTED_EDGE('',*,*,#14948,.F.);
#14975 = ORIENTED_EDGE('',*,*,#13685,.T.);
#14976 = ORIENTED_EDGE('',*,*,#13590,.F.);
#14977 = ADVANCED_FACE('',(#14978),#13547,.F.);
#14978 = FACE_BOUND('',#14979,.T.);
#14979 = EDGE_LOOP('',(#14980,#15003,#15027,#15048));
#14980 = ORIENTED_EDGE('',*,*,#14981,.F.);
#14981 = EDGE_CURVE('',#14982,#13529,#14984,.T.);
#14982 = VERTEX_POINT('',#14983);
#14983 = CARTESIAN_POINT('',(-1.320421173196E-14,-71.55563491861,
    23.44436508139));
#14984 = SURFACE_CURVE('',#14985,(#14989,#14996),.PCURVE_S1.);
#14985 = LINE('',#14986,#14987);
#14986 = CARTESIAN_POINT('',(-1.320421173196E-14,-71.55563491861,
    23.44436508139));
#14987 = VECTOR('',#14988,1.);
#14988 = DIRECTION('',(-1.,2.22044604925E-16,0.));
#14989 = PCURVE('',#13547,#14990);
#14990 = DEFINITIONAL_REPRESENTATION('',(#14991),#14995);
#14991 = LINE('',#14992,#14993);
#14992 = CARTESIAN_POINT('',(-6.28318530718,0.));
#14993 = VECTOR('',#14994,1.);
#14994 = DIRECTION('',(-0.,-1.));
#14995 = ( GEOMETRIC_REPRESENTATION_CONTEXT(2) 
PARAMETRIC_REPRESENTATION_CONTEXT() REPRESENTATION_CONTEXT('2D SPACE',''
  ) );
#14996 = PCURVE('',#13573,#14997);
#14997 = DEFINITIONAL_REPRESENTATION('',(#14998),#15002);
#14998 = LINE('',#14999,#15000);
#14999 = CARTESIAN_POINT('',(6.2,3.8));
#15000 = VECTOR('',#15001,1.);
#15001 = DIRECTION('',(0.,-1.));
#15002 = ( GEOMETRIC_REPRESENTATION_CONTEXT(2) 
PARAMETRIC_REPRESENTATION_CONTEXT() REPRESENTATION_CONTEXT('2D SPACE',''
  ) );
#15003 = ORIENTED_EDGE('',*,*,#15004,.F.);
#15004 = EDGE_CURVE('',#15005,#14982,#15007,.T.);
#15005 = VERTEX_POINT('',#15006);
#15006 = CARTESIAN_POINT('',(-1.251337105014E-14,-68.44436508139,
    26.55563491861));
#15007 = SURFACE_CURVE('',#15008,(#15013,#15020),.PCURVE_S1.);
#15008 = CIRCLE('',#15009,2.2);
#15009 = AXIS2_PLACEMENT_3D('',#15010,#15011,#15012);
#15010 = CARTESIAN_POINT('',(-1.285879139105E-14,-70.,25.));
#15011 = DIRECTION('',(-1.,2.22044604925E-16,0.));
#15012 = DIRECTION('',(-1.570092458684E-16,-0.707106781187,
    -0.707106781187));
#15013 = PCURVE('',#13547,#15014);
#15014 = DEFINITIONAL_REPRESENTATION('',(#15015),#15019);
#15015 = LINE('',#15016,#15017);
#15016 = CARTESIAN_POINT('',(-0.,0.));
#15017 = VECTOR('',#15018,1.);
#15018 = DIRECTION('',(-1.,0.));
#15019 = ( GEOMETRIC_REPRESENTATION_CONTEXT(2) 
PARAMETRIC_REPRESENTATION_CONTEXT() REPRESENTATION_CONTEXT('2D SPACE',''
  ) );
#15020 = PCURVE('',#13912,#15021);
#15021 = DEFINITIONAL_REPRESENTATION('',(#15022),#15026);
#15022 = LINE('',#15023,#15024);
#15023 = CARTESIAN_POINT('',(0.,0.));
#15024 = VECTOR('',#15025,1.);
#15025 = DIRECTION('',(1.,0.));
#15026 = ( GEOMETRIC_REPRESENTATION_CONTEXT(2) 
PARAMETRIC_REPRESENTATION_CONTEXT() REPRESENTATION_CONTEXT('2D SPACE',''
  ) );
#15027 = ORIENTED_EDGE('',*,*,#15028,.F.);
#15028 = EDGE_CURVE('',#13531,#15005,#15029,.T.);
#15029 = SURFACE_CURVE('',#15030,(#15034,#15041),.PCURVE_S1.);
#15030 = LINE('',#15031,#15032);
#15031 = CARTESIAN_POINT('',(-1.251337105014E-14,-68.44436508139,
    26.55563491861));
#15032 = VECTOR('',#15033,1.);
#15033 = DIRECTION('',(1.,-2.22044604925E-16,0.));
#15034 = PCURVE('',#13547,#15035);
#15035 = DEFINITIONAL_REPRESENTATION('',(#15036),#15040);
#15036 = LINE('',#15037,#15038);
#15037 = CARTESIAN_POINT('',(-3.14159265359,0.));
#15038 = VECTOR('',#15039,1.);
#15039 = DIRECTION('',(-0.,1.));
#15040 = ( GEOMETRIC_REPRESENTATION_CONTEXT(2) 
PARAMETRIC_REPRESENTATION_CONTEXT() REPRESENTATION_CONTEXT('2D SPACE',''
  ) );
#15041 = PCURVE('',#13573,#15042);
#15042 = DEFINITIONAL_REPRESENTATION('',(#15043),#15047);
#15043 = LINE('',#15044,#15045);
#15044 = CARTESIAN_POINT('',(1.8,3.8));
#15045 = VECTOR('',#15046,1.);
#15046 = DIRECTION('',(0.,1.));
#15047 = ( GEOMETRIC_REPRESENTATION_CONTEXT(2) 
PARAMETRIC_REPRESENTATION_CONTEXT() REPRESENTATION_CONTEXT('2D SPACE',''
  ) );
#15048 = ORIENTED_EDGE('',*,*,#13528,.F.);
#15049 = ADVANCED_FACE('',(#15050),#13573,.F.);
#15050 = FACE_BOUND('',#15051,.F.);
#15051 = EDGE_LOOP('',(#15052,#15053,#15074,#15075,#15076,#15077));
#15052 = ORIENTED_EDGE('',*,*,#13924,.F.);
#15053 = ORIENTED_EDGE('',*,*,#15054,.T.);
#15054 = EDGE_CURVE('',#13890,#15005,#15055,.T.);
#15055 = SURFACE_CURVE('',#15056,(#15060,#15067),.PCURVE_S1.);
#15056 = LINE('',#15057,#15058);
#15057 = CARTESIAN_POINT('',(-1.251337105014E-14,-68.44436508139,
    26.55563491861));
#15058 = VECTOR('',#15059,1.);
#15059 = DIRECTION('',(-1.,2.22044604925E-16,0.));
#15060 = PCURVE('',#13573,#15061);
#15061 = DEFINITIONAL_REPRESENTATION('',(#15062),#15066);
#15062 = LINE('',#15063,#15064);
#15063 = CARTESIAN_POINT('',(1.8,3.8));
#15064 = VECTOR('',#15065,1.);
#15065 = DIRECTION('',(0.,-1.));
#15066 = ( GEOMETRIC_REPRESENTATION_CONTEXT(2) 
PARAMETRIC_REPRESENTATION_CONTEXT() REPRESENTATION_CONTEXT('2D SPACE',''
  ) );
#15067 = PCURVE('',#13912,#15068);
#15068 = DEFINITIONAL_REPRESENTATION('',(#15069),#15073);
#15069 = LINE('',#15070,#15071);
#15070 = CARTESIAN_POINT('',(3.14159265359,0.));
#15071 = VECTOR('',#15072,1.);
#15072 = DIRECTION('',(0.,1.));
#15073 = ( GEOMETRIC_REPRESENTATION_CONTEXT(2) 
PARAMETRIC_REPRESENTATION_CONTEXT() REPRESENTATION_CONTEXT('2D SPACE',''
  ) );
#15074 = ORIENTED_EDGE('',*,*,#15028,.F.);
#15075 = ORIENTED_EDGE('',*,*,#13559,.T.);
#15076 = ORIENTED_EDGE('',*,*,#14981,.F.);
#15077 = ORIENTED_EDGE('',*,*,#15078,.T.);
#15078 = EDGE_CURVE('',#14982,#13892,#15079,.T.);
#15079 = SURFACE_CURVE('',#15080,(#15084,#15091),.PCURVE_S1.);
#15080 = LINE('',#15081,#15082);
#15081 = CARTESIAN_POINT('',(-1.320421173196E-14,-71.55563491861,
    23.44436508139));
#15082 = VECTOR('',#15083,1.);
#15083 = DIRECTION('',(1.,-2.22044604925E-16,0.));
#15084 = PCURVE('',#13573,#15085);
#15085 = DEFINITIONAL_REPRESENTATION('',(#15086),#15090);
#15086 = LINE('',#15087,#15088);
#15087 = CARTESIAN_POINT('',(6.2,3.8));
#15088 = VECTOR('',#15089,1.);
#15089 = DIRECTION('',(0.,1.));
#15090 = ( GEOMETRIC_REPRESENTATION_CONTEXT(2) 
PARAMETRIC_REPRESENTATION_CONTEXT() REPRESENTATION_CONTEXT('2D SPACE',''
  ) );
#15091 = PCURVE('',#13912,#15092);
#15092 = DEFINITIONAL_REPRESENTATION('',(#15093),#15097);
#15093 = LINE('',#15094,#15095);
#15094 = CARTESIAN_POINT('',(6.28318530718,0.));
#15095 = VECTOR('',#15096,1.);
#15096 = DIRECTION('',(0.,-1.));
#15097 = ( GEOMETRIC_REPRESENTATION_CONTEXT(2) 
PARAMETRIC_REPRESENTATION_CONTEXT() REPRESENTATION_CONTEXT('2D SPACE',''
  ) );
#15098 = ADVANCED_FACE('',(#15099),#13854,.F.);
#15099 = FACE_BOUND('',#15100,.F.);
#15100 = EDGE_LOOP('',(#15101,#15124,#15145,#15146));
#15101 = ORIENTED_EDGE('',*,*,#15102,.T.);
#15102 = EDGE_CURVE('',#14299,#15103,#15105,.T.);
#15103 = VERTEX_POINT('',#15104);
#15104 = CARTESIAN_POINT('',(12.25,-94.32447327281,3.503953851929));
#15105 = SURFACE_CURVE('',#15106,(#15110,#15117),.PCURVE_S1.);
#15106 = LINE('',#15107,#15108);
#15107 = CARTESIAN_POINT('',(12.25,-92.91025971044,2.089740289556));
#15108 = VECTOR('',#15109,1.);
#15109 = DIRECTION('',(-1.570092458684E-16,-0.707106781187,
    0.707106781187));
#15110 = PCURVE('',#13854,#15111);
#15111 = DEFINITIONAL_REPRESENTATION('',(#15112),#15116);
#15112 = LINE('',#15113,#15114);
#15113 = CARTESIAN_POINT('',(-7.575696113149E-15,-32.25));
#15114 = VECTOR('',#15115,1.);
#15115 = DIRECTION('',(1.,0.));
#15116 = ( GEOMETRIC_REPRESENTATION_CONTEXT(2) 
PARAMETRIC_REPRESENTATION_CONTEXT() REPRESENTATION_CONTEXT('2D SPACE',''
  ) );
#15117 = PCURVE('',#14314,#15118);
#15118 = DEFINITIONAL_REPRESENTATION('',(#15119),#15123);
#15119 = LINE('',#15120,#15121);
#15120 = CARTESIAN_POINT('',(-4.440892098501E-15,14.4));
#15121 = VECTOR('',#15122,1.);
#15122 = DIRECTION('',(1.,0.));
#15123 = ( GEOMETRIC_REPRESENTATION_CONTEXT(2) 
PARAMETRIC_REPRESENTATION_CONTEXT() REPRESENTATION_CONTEXT('2D SPACE',''
  ) );
#15124 = ORIENTED_EDGE('',*,*,#15125,.T.);
#15125 = EDGE_CURVE('',#15103,#13811,#15126,.T.);
#15126 = SURFACE_CURVE('',#15127,(#15131,#15138),.PCURVE_S1.);
#15127 = LINE('',#15128,#15129);
#15128 = CARTESIAN_POINT('',(-17.875,-94.32447327281,3.503953851929));
#15129 = VECTOR('',#15130,1.);
#15130 = DIRECTION('',(-1.,2.22044604925E-16,0.));
#15131 = PCURVE('',#13854,#15132);
#15132 = DEFINITIONAL_REPRESENTATION('',(#15133),#15137);
#15133 = LINE('',#15134,#15135);
#15134 = CARTESIAN_POINT('',(2.,-2.125));
#15135 = VECTOR('',#15136,1.);
#15136 = DIRECTION('',(0.,1.));
#15137 = ( GEOMETRIC_REPRESENTATION_CONTEXT(2) 
PARAMETRIC_REPRESENTATION_CONTEXT() REPRESENTATION_CONTEXT('2D SPACE',''
  ) );
#15138 = PCURVE('',#13826,#15139);
#15139 = DEFINITIONAL_REPRESENTATION('',(#15140),#15144);
#15140 = LINE('',#15141,#15142);
#15141 = CARTESIAN_POINT('',(4.4,-2.125));
#15142 = VECTOR('',#15143,1.);
#15143 = DIRECTION('',(0.,-1.));
#15144 = ( GEOMETRIC_REPRESENTATION_CONTEXT(2) 
PARAMETRIC_REPRESENTATION_CONTEXT() REPRESENTATION_CONTEXT('2D SPACE',''
  ) );
#15145 = ORIENTED_EDGE('',*,*,#13838,.T.);
#15146 = ORIENTED_EDGE('',*,*,#14326,.T.);
#15147 = ADVANCED_FACE('',(#15148),#13826,.F.);
#15148 = FACE_BOUND('',#15149,.F.);
#15149 = EDGE_LOOP('',(#15150,#15173,#15174,#15175));
#15150 = ORIENTED_EDGE('',*,*,#15151,.F.);
#15151 = EDGE_CURVE('',#13783,#15152,#15154,.T.);
#15152 = VERTEX_POINT('',#15153);
#15153 = CARTESIAN_POINT('',(12.25,-91.21320343559,6.61522368915));
#15154 = SURFACE_CURVE('',#15155,(#15159,#15166),.PCURVE_S1.);
#15155 = LINE('',#15156,#15157);
#15156 = CARTESIAN_POINT('',(-15.75,-91.21320343559,6.61522368915));
#15157 = VECTOR('',#15158,1.);
#15158 = DIRECTION('',(1.,-2.22044604925E-16,0.));
#15159 = PCURVE('',#13826,#15160);
#15160 = DEFINITIONAL_REPRESENTATION('',(#15161),#15165);
#15161 = LINE('',#15162,#15163);
#15162 = CARTESIAN_POINT('',(-0.,0.));
#15163 = VECTOR('',#15164,1.);
#15164 = DIRECTION('',(0.,1.));
#15165 = ( GEOMETRIC_REPRESENTATION_CONTEXT(2) 
PARAMETRIC_REPRESENTATION_CONTEXT() REPRESENTATION_CONTEXT('2D SPACE',''
  ) );
#15166 = PCURVE('',#13798,#15167);
#15167 = DEFINITIONAL_REPRESENTATION('',(#15168),#15172);
#15168 = LINE('',#15169,#15170);
#15169 = CARTESIAN_POINT('',(0.,0.));
#15170 = VECTOR('',#15171,1.);
#15171 = DIRECTION('',(0.,-1.));
#15172 = ( GEOMETRIC_REPRESENTATION_CONTEXT(2) 
PARAMETRIC_REPRESENTATION_CONTEXT() REPRESENTATION_CONTEXT('2D SPACE',''
  ) );
#15173 = ORIENTED_EDGE('',*,*,#13810,.T.);
#15174 = ORIENTED_EDGE('',*,*,#15125,.F.);
#15175 = ORIENTED_EDGE('',*,*,#15176,.F.);
#15176 = EDGE_CURVE('',#15152,#15103,#15177,.T.);
#15177 = SURFACE_CURVE('',#15178,(#15182,#15189),.PCURVE_S1.);
#15178 = LINE('',#15179,#15180);
#15179 = CARTESIAN_POINT('',(12.25,-87.67766952966,10.150757595083));
#15180 = VECTOR('',#15181,1.);
#15181 = DIRECTION('',(-1.570092458684E-16,-0.707106781187,
    -0.707106781187));
#15182 = PCURVE('',#13826,#15183);
#15183 = DEFINITIONAL_REPRESENTATION('',(#15184),#15188);
#15184 = LINE('',#15185,#15186);
#15185 = CARTESIAN_POINT('',(-5.,28.));
#15186 = VECTOR('',#15187,1.);
#15187 = DIRECTION('',(1.,0.));
#15188 = ( GEOMETRIC_REPRESENTATION_CONTEXT(2) 
PARAMETRIC_REPRESENTATION_CONTEXT() REPRESENTATION_CONTEXT('2D SPACE',''
  ) );
#15189 = PCURVE('',#14314,#15190);
#15190 = DEFINITIONAL_REPRESENTATION('',(#15191),#15195);
#15191 = LINE('',#15192,#15193);
#15192 = CARTESIAN_POINT('',(2.,5.));
#15193 = VECTOR('',#15194,1.);
#15194 = DIRECTION('',(0.,1.));
#15195 = ( GEOMETRIC_REPRESENTATION_CONTEXT(2) 
PARAMETRIC_REPRESENTATION_CONTEXT() REPRESENTATION_CONTEXT('2D SPACE',''
  ) );
#15196 = ADVANCED_FACE('',(#15197),#13798,.F.);
#15197 = FACE_BOUND('',#15198,.F.);
#15198 = EDGE_LOOP('',(#15199,#15222,#15223,#15224));
#15199 = ORIENTED_EDGE('',*,*,#15200,.F.);
#15200 = EDGE_CURVE('',#13755,#15201,#15203,.T.);
#15201 = VERTEX_POINT('',#15202);
#15202 = CARTESIAN_POINT('',(12.25,-94.04163056034,9.443650813896));
#15203 = SURFACE_CURVE('',#15204,(#15208,#15215),.PCURVE_S1.);
#15204 = LINE('',#15205,#15206);
#15205 = CARTESIAN_POINT('',(-15.75,-94.04163056034,9.443650813896));
#15206 = VECTOR('',#15207,1.);
#15207 = DIRECTION('',(1.,-2.22044604925E-16,0.));
#15208 = PCURVE('',#13798,#15209);
#15209 = DEFINITIONAL_REPRESENTATION('',(#15210),#15214);
#15210 = LINE('',#15211,#15212);
#15211 = CARTESIAN_POINT('',(4.,-6.280369834735E-16));
#15212 = VECTOR('',#15213,1.);
#15213 = DIRECTION('',(0.,-1.));
#15214 = ( GEOMETRIC_REPRESENTATION_CONTEXT(2) 
PARAMETRIC_REPRESENTATION_CONTEXT() REPRESENTATION_CONTEXT('2D SPACE',''
  ) );
#15215 = PCURVE('',#13770,#15216);
#15216 = DEFINITIONAL_REPRESENTATION('',(#15217),#15221);
#15217 = LINE('',#15218,#15219);
#15218 = CARTESIAN_POINT('',(-0.,0.));
#15219 = VECTOR('',#15220,1.);
#15220 = DIRECTION('',(0.,1.));
#15221 = ( GEOMETRIC_REPRESENTATION_CONTEXT(2) 
PARAMETRIC_REPRESENTATION_CONTEXT() REPRESENTATION_CONTEXT('2D SPACE',''
  ) );
#15222 = ORIENTED_EDGE('',*,*,#13782,.T.);
#15223 = ORIENTED_EDGE('',*,*,#15151,.T.);
#15224 = ORIENTED_EDGE('',*,*,#15225,.F.);
#15225 = EDGE_CURVE('',#15201,#15152,#15226,.T.);
#15226 = SURFACE_CURVE('',#15227,(#15231,#15238),.PCURVE_S1.);
#15227 = LINE('',#15228,#15229);
#15228 = CARTESIAN_POINT('',(12.25,-90.50609665441,5.908116907963));
#15229 = VECTOR('',#15230,1.);
#15230 = DIRECTION('',(1.570092458684E-16,0.707106781187,-0.707106781187
    ));
#15231 = PCURVE('',#13798,#15232);
#15232 = DEFINITIONAL_REPRESENTATION('',(#15233),#15237);
#15233 = LINE('',#15234,#15235);
#15234 = CARTESIAN_POINT('',(-1.,-28.));
#15235 = VECTOR('',#15236,1.);
#15236 = DIRECTION('',(-1.,0.));
#15237 = ( GEOMETRIC_REPRESENTATION_CONTEXT(2) 
PARAMETRIC_REPRESENTATION_CONTEXT() REPRESENTATION_CONTEXT('2D SPACE',''
  ) );
#15238 = PCURVE('',#14314,#15239);
#15239 = DEFINITIONAL_REPRESENTATION('',(#15240),#15244);
#15240 = LINE('',#15241,#15242);
#15241 = CARTESIAN_POINT('',(1.,10.));
#15242 = VECTOR('',#15243,1.);
#15243 = DIRECTION('',(-1.,0.));
#15244 = ( GEOMETRIC_REPRESENTATION_CONTEXT(2) 
PARAMETRIC_REPRESENTATION_CONTEXT() REPRESENTATION_CONTEXT('2D SPACE',''
  ) );
#15245 = ADVANCED_FACE('',(#15246),#13770,.T.);
#15246 = FACE_BOUND('',#15247,.T.);
#15247 = EDGE_LOOP('',(#15248,#15249,#15250,#15251));
#15248 = ORIENTED_EDGE('',*,*,#15200,.F.);
#15249 = ORIENTED_EDGE('',*,*,#13754,.T.);
#15250 = ORIENTED_EDGE('',*,*,#14766,.F.);
#15251 = ORIENTED_EDGE('',*,*,#15252,.F.);
#15252 = EDGE_CURVE('',#15201,#14767,#15253,.T.);
#15253 = SURFACE_CURVE('',#15254,(#15258,#15265),.PCURVE_S1.);
#15254 = LINE('',#15255,#15256);
#15255 = CARTESIAN_POINT('',(12.25,-90.50609665441,12.979184719829));
#15256 = VECTOR('',#15257,1.);
#15257 = DIRECTION('',(-1.570092458684E-16,-0.707106781187,
    -0.707106781187));
#15258 = PCURVE('',#13770,#15259);
#15259 = DEFINITIONAL_REPRESENTATION('',(#15260),#15264);
#15260 = LINE('',#15261,#15262);
#15261 = CARTESIAN_POINT('',(-5.,28.));
#15262 = VECTOR('',#15263,1.);
#15263 = DIRECTION('',(1.,0.));
#15264 = ( GEOMETRIC_REPRESENTATION_CONTEXT(2) 
PARAMETRIC_REPRESENTATION_CONTEXT() REPRESENTATION_CONTEXT('2D SPACE',''
  ) );
#15265 = PCURVE('',#14314,#15266);
#15266 = DEFINITIONAL_REPRESENTATION('',(#15267),#15271);
#15267 = LINE('',#15268,#15269);
#15268 = CARTESIAN_POINT('',(6.,5.));
#15269 = VECTOR('',#15270,1.);
#15270 = DIRECTION('',(0.,1.));
#15271 = ( GEOMETRIC_REPRESENTATION_CONTEXT(2) 
PARAMETRIC_REPRESENTATION_CONTEXT() REPRESENTATION_CONTEXT('2D SPACE',''
  ) );
#15272 = ADVANCED_FACE('',(#15273),#13912,.F.);
#15273 = FACE_BOUND('',#15274,.F.);
#15274 = EDGE_LOOP('',(#15275,#15276,#15277,#15278));
#15275 = ORIENTED_EDGE('',*,*,#15078,.F.);
#15276 = ORIENTED_EDGE('',*,*,#15004,.F.);
#15277 = ORIENTED_EDGE('',*,*,#15054,.F.);
#15278 = ORIENTED_EDGE('',*,*,#13889,.T.);
#15279 = ADVANCED_FACE('',(#15280),#14044,.T.);
#15280 = FACE_BOUND('',#15281,.T.);
#15281 = EDGE_LOOP('',(#15282,#15283,#15306,#15327,#15328,#15329,#15330,
    #15331));
#15282 = ORIENTED_EDGE('',*,*,#14028,.F.);
#15283 = ORIENTED_EDGE('',*,*,#15284,.T.);
#15284 = EDGE_CURVE('',#14029,#15285,#15287,.T.);
#15285 = VERTEX_POINT('',#15286);
#15286 = CARTESIAN_POINT('',(-12.25,-99.69848480983,29.242640687119));
#15287 = SURFACE_CURVE('',#15288,(#15292,#15299),.PCURVE_S1.);
#15288 = LINE('',#15289,#15290);
#15289 = CARTESIAN_POINT('',(-12.25,-82.72792206135,12.272077938642));
#15290 = VECTOR('',#15291,1.);
#15291 = DIRECTION('',(-1.570092458684E-16,-0.707106781187,
    0.707106781187));
#15292 = PCURVE('',#14044,#15293);
#15293 = DEFINITIONAL_REPRESENTATION('',(#15294),#15298);
#15294 = LINE('',#15295,#15296);
#15295 = CARTESIAN_POINT('',(0.,-0.));
#15296 = VECTOR('',#15297,1.);
#15297 = DIRECTION('',(1.,0.));
#15298 = ( GEOMETRIC_REPRESENTATION_CONTEXT(2) 
PARAMETRIC_REPRESENTATION_CONTEXT() REPRESENTATION_CONTEXT('2D SPACE',''
  ) );
#15299 = PCURVE('',#14072,#15300);
#15300 = DEFINITIONAL_REPRESENTATION('',(#15301),#15305);
#15301 = LINE('',#15302,#15303);
#15302 = CARTESIAN_POINT('',(-5.495323605393E-16,-3.5));
#15303 = VECTOR('',#15304,1.);
#15304 = DIRECTION('',(1.,0.));
#15305 = ( GEOMETRIC_REPRESENTATION_CONTEXT(2) 
PARAMETRIC_REPRESENTATION_CONTEXT() REPRESENTATION_CONTEXT('2D SPACE',''
  ) );
#15306 = ORIENTED_EDGE('',*,*,#15307,.T.);
#15307 = EDGE_CURVE('',#15285,#14694,#15308,.T.);
#15308 = SURFACE_CURVE('',#15309,(#15313,#15320),.PCURVE_S1.);
#15309 = LINE('',#15310,#15311);
#15310 = CARTESIAN_POINT('',(-12.25,-99.69848480983,29.242640687119));
#15311 = VECTOR('',#15312,1.);
#15312 = DIRECTION('',(-1.570092458684E-16,-0.707106781187,
    -0.707106781187));
#15313 = PCURVE('',#14044,#15314);
#15314 = DEFINITIONAL_REPRESENTATION('',(#15315),#15319);
#15315 = LINE('',#15316,#15317);
#15316 = CARTESIAN_POINT('',(24.,-3.552713678801E-15));
#15317 = VECTOR('',#15318,1.);
#15318 = DIRECTION('',(0.,1.));
#15319 = ( GEOMETRIC_REPRESENTATION_CONTEXT(2) 
PARAMETRIC_REPRESENTATION_CONTEXT() REPRESENTATION_CONTEXT('2D SPACE',''
  ) );
#15320 = PCURVE('',#14709,#15321);
#15321 = DEFINITIONAL_REPRESENTATION('',(#15322),#15326);
#15322 = LINE('',#15323,#15324);
#15323 = CARTESIAN_POINT('',(-5.495323605393E-16,3.5));
#15324 = VECTOR('',#15325,1.);
#15325 = DIRECTION('',(1.,0.));
#15326 = ( GEOMETRIC_REPRESENTATION_CONTEXT(2) 
PARAMETRIC_REPRESENTATION_CONTEXT() REPRESENTATION_CONTEXT('2D SPACE',''
  ) );
#15327 = ORIENTED_EDGE('',*,*,#14721,.F.);
#15328 = ORIENTED_EDGE('',*,*,#14498,.F.);
#15329 = ORIENTED_EDGE('',*,*,#14471,.T.);
#15330 = ORIENTED_EDGE('',*,*,#14422,.T.);
#15331 = ORIENTED_EDGE('',*,*,#14373,.F.);
#15332 = ADVANCED_FACE('',(#15333),#14072,.F.);
#15333 = FACE_BOUND('',#15334,.F.);
#15334 = EDGE_LOOP('',(#15335,#15358,#15359,#15360));
#15335 = ORIENTED_EDGE('',*,*,#15336,.F.);
#15336 = EDGE_CURVE('',#14057,#15337,#15339,.T.);
#15337 = VERTEX_POINT('',#15338);
#15338 = CARTESIAN_POINT('',(-15.75,-99.69848480983,29.242640687119));
#15339 = SURFACE_CURVE('',#15340,(#15344,#15351),.PCURVE_S1.);
#15340 = LINE('',#15341,#15342);
#15341 = CARTESIAN_POINT('',(-15.75,-82.72792206135,12.272077938642));
#15342 = VECTOR('',#15343,1.);
#15343 = DIRECTION('',(-1.570092458684E-16,-0.707106781187,
    0.707106781187));
#15344 = PCURVE('',#14072,#15345);
#15345 = DEFINITIONAL_REPRESENTATION('',(#15346),#15350);
#15346 = LINE('',#15347,#15348);
#15347 = CARTESIAN_POINT('',(0.,0.));
#15348 = VECTOR('',#15349,1.);
#15349 = DIRECTION('',(1.,0.));
#15350 = ( GEOMETRIC_REPRESENTATION_CONTEXT(2) 
PARAMETRIC_REPRESENTATION_CONTEXT() REPRESENTATION_CONTEXT('2D SPACE',''
  ) );
#15351 = PCURVE('',#14100,#15352);
#15352 = DEFINITIONAL_REPRESENTATION('',(#15353),#15357);
#15353 = LINE('',#15354,#15355);
#15354 = CARTESIAN_POINT('',(0.,-0.));
#15355 = VECTOR('',#15356,1.);
#15356 = DIRECTION('',(1.,0.));
#15357 = ( GEOMETRIC_REPRESENTATION_CONTEXT(2) 
PARAMETRIC_REPRESENTATION_CONTEXT() REPRESENTATION_CONTEXT('2D SPACE',''
  ) );
#15358 = ORIENTED_EDGE('',*,*,#14056,.T.);
#15359 = ORIENTED_EDGE('',*,*,#15284,.T.);
#15360 = ORIENTED_EDGE('',*,*,#15361,.F.);
#15361 = EDGE_CURVE('',#15337,#15285,#15362,.T.);
#15362 = SURFACE_CURVE('',#15363,(#15367,#15374),.PCURVE_S1.);
#15363 = LINE('',#15364,#15365);
#15364 = CARTESIAN_POINT('',(-15.75,-99.69848480983,29.242640687119));
#15365 = VECTOR('',#15366,1.);
#15366 = DIRECTION('',(1.,-2.22044604925E-16,0.));
#15367 = PCURVE('',#14072,#15368);
#15368 = DEFINITIONAL_REPRESENTATION('',(#15369),#15373);
#15369 = LINE('',#15370,#15371);
#15370 = CARTESIAN_POINT('',(24.,-2.155082220406E-16));
#15371 = VECTOR('',#15372,1.);
#15372 = DIRECTION('',(0.,-1.));
#15373 = ( GEOMETRIC_REPRESENTATION_CONTEXT(2) 
PARAMETRIC_REPRESENTATION_CONTEXT() REPRESENTATION_CONTEXT('2D SPACE',''
  ) );
#15374 = PCURVE('',#14709,#15375);
#15375 = DEFINITIONAL_REPRESENTATION('',(#15376),#15380);
#15376 = LINE('',#15377,#15378);
#15377 = CARTESIAN_POINT('',(-0.,0.));
#15378 = VECTOR('',#15379,1.);
#15379 = DIRECTION('',(0.,1.));
#15380 = ( GEOMETRIC_REPRESENTATION_CONTEXT(2) 
PARAMETRIC_REPRESENTATION_CONTEXT() REPRESENTATION_CONTEXT('2D SPACE',''
  ) );
#15381 = ADVANCED_FACE('',(#15382),#14100,.F.);
#15382 = FACE_BOUND('',#15383,.F.);
#15383 = EDGE_LOOP('',(#15384,#15385,#15386,#15407,#15408,#15431,#15454,
    #15475));
#15384 = ORIENTED_EDGE('',*,*,#14084,.F.);
#15385 = ORIENTED_EDGE('',*,*,#15336,.T.);
#15386 = ORIENTED_EDGE('',*,*,#15387,.T.);
#15387 = EDGE_CURVE('',#15337,#14671,#15388,.T.);
#15388 = SURFACE_CURVE('',#15389,(#15393,#15400),.PCURVE_S1.);
#15389 = LINE('',#15390,#15391);
#15390 = CARTESIAN_POINT('',(-15.75,-99.69848480983,29.242640687119));
#15391 = VECTOR('',#15392,1.);
#15392 = DIRECTION('',(-1.570092458684E-16,-0.707106781187,
    -0.707106781187));
#15393 = PCURVE('',#14100,#15394);
#15394 = DEFINITIONAL_REPRESENTATION('',(#15395),#15399);
#15395 = LINE('',#15396,#15397);
#15396 = CARTESIAN_POINT('',(24.,-3.552713678801E-15));
#15397 = VECTOR('',#15398,1.);
#15398 = DIRECTION('',(0.,1.));
#15399 = ( GEOMETRIC_REPRESENTATION_CONTEXT(2) 
PARAMETRIC_REPRESENTATION_CONTEXT() REPRESENTATION_CONTEXT('2D SPACE',''
  ) );
#15400 = PCURVE('',#14709,#15401);
#15401 = DEFINITIONAL_REPRESENTATION('',(#15402),#15406);
#15402 = LINE('',#15403,#15404);
#15403 = CARTESIAN_POINT('',(-0.,0.));
#15404 = VECTOR('',#15405,1.);
#15405 = DIRECTION('',(1.,0.));
#15406 = ( GEOMETRIC_REPRESENTATION_CONTEXT(2) 
PARAMETRIC_REPRESENTATION_CONTEXT() REPRESENTATION_CONTEXT('2D SPACE',''
  ) );
#15407 = ORIENTED_EDGE('',*,*,#14670,.F.);
#15408 = ORIENTED_EDGE('',*,*,#15409,.F.);
#15409 = EDGE_CURVE('',#15410,#14643,#15412,.T.);
#15410 = VERTEX_POINT('',#15411);
#15411 = CARTESIAN_POINT('',(-15.75,-94.04163056034,9.443650813896));
#15412 = SURFACE_CURVE('',#15413,(#15417,#15424),.PCURVE_S1.);
#15413 = LINE('',#15414,#15415);
#15414 = CARTESIAN_POINT('',(-15.75,-94.04163056034,9.443650813896));
#15415 = VECTOR('',#15416,1.);
#15416 = DIRECTION('',(-1.570092458684E-16,-0.707106781187,
    -0.707106781187));
#15417 = PCURVE('',#14100,#15418);
#15418 = DEFINITIONAL_REPRESENTATION('',(#15419),#15423);
#15419 = LINE('',#15420,#15421);
#15420 = CARTESIAN_POINT('',(6.,10.));
#15421 = VECTOR('',#15422,1.);
#15422 = DIRECTION('',(0.,1.));
#15423 = ( GEOMETRIC_REPRESENTATION_CONTEXT(2) 
PARAMETRIC_REPRESENTATION_CONTEXT() REPRESENTATION_CONTEXT('2D SPACE',''
  ) );
#15424 = PCURVE('',#14658,#15425);
#15425 = DEFINITIONAL_REPRESENTATION('',(#15426),#15430);
#15426 = LINE('',#15427,#15428);
#15427 = CARTESIAN_POINT('',(6.,10.));
#15428 = VECTOR('',#15429,1.);
#15429 = DIRECTION('',(0.,1.));
#15430 = ( GEOMETRIC_REPRESENTATION_CONTEXT(2) 
PARAMETRIC_REPRESENTATION_CONTEXT() REPRESENTATION_CONTEXT('2D SPACE',''
  ) );
#15431 = ORIENTED_EDGE('',*,*,#15432,.F.);
#15432 = EDGE_CURVE('',#15433,#15410,#15435,.T.);
#15433 = VERTEX_POINT('',#15434);
#15434 = CARTESIAN_POINT('',(-15.75,-91.21320343559,6.61522368915));
#15435 = SURFACE_CURVE('',#15436,(#15440,#15447),.PCURVE_S1.);
#15436 = LINE('',#15437,#15438);
#15437 = CARTESIAN_POINT('',(-15.75,-91.21320343559,6.61522368915));
#15438 = VECTOR('',#15439,1.);
#15439 = DIRECTION('',(-1.570092458684E-16,-0.707106781187,
    0.707106781187));
#15440 = PCURVE('',#14100,#15441);
#15441 = DEFINITIONAL_REPRESENTATION('',(#15442),#15446);
#15442 = LINE('',#15443,#15444);
#15443 = CARTESIAN_POINT('',(2.,10.));
#15444 = VECTOR('',#15445,1.);
#15445 = DIRECTION('',(1.,0.));
#15446 = ( GEOMETRIC_REPRESENTATION_CONTEXT(2) 
PARAMETRIC_REPRESENTATION_CONTEXT() REPRESENTATION_CONTEXT('2D SPACE',''
  ) );
#15447 = PCURVE('',#14658,#15448);
#15448 = DEFINITIONAL_REPRESENTATION('',(#15449),#15453);
#15449 = LINE('',#15450,#15451);
#15450 = CARTESIAN_POINT('',(2.,10.));
#15451 = VECTOR('',#15452,1.);
#15452 = DIRECTION('',(1.,0.));
#15453 = ( GEOMETRIC_REPRESENTATION_CONTEXT(2) 
PARAMETRIC_REPRESENTATION_CONTEXT() REPRESENTATION_CONTEXT('2D SPACE',''
  ) );
#15454 = ORIENTED_EDGE('',*,*,#15455,.T.);
#15455 = EDGE_CURVE('',#15433,#14620,#15456,.T.);
#15456 = SURFACE_CURVE('',#15457,(#15461,#15468),.PCURVE_S1.);
#15457 = LINE('',#15458,#15459);
#15458 = CARTESIAN_POINT('',(-15.75,-91.21320343559,6.61522368915));
#15459 = VECTOR('',#15460,1.);
#15460 = DIRECTION('',(-1.570092458684E-16,-0.707106781187,
    -0.707106781187));
#15461 = PCURVE('',#14100,#15462);
#15462 = DEFINITIONAL_REPRESENTATION('',(#15463),#15467);
#15463 = LINE('',#15464,#15465);
#15464 = CARTESIAN_POINT('',(2.,10.));
#15465 = VECTOR('',#15466,1.);
#15466 = DIRECTION('',(0.,1.));
#15467 = ( GEOMETRIC_REPRESENTATION_CONTEXT(2) 
PARAMETRIC_REPRESENTATION_CONTEXT() REPRESENTATION_CONTEXT('2D SPACE',''
  ) );
#15468 = PCURVE('',#14658,#15469);
#15469 = DEFINITIONAL_REPRESENTATION('',(#15470),#15474);
#15470 = LINE('',#15471,#15472);
#15471 = CARTESIAN_POINT('',(2.,10.));
#15472 = VECTOR('',#15473,1.);
#15473 = DIRECTION('',(0.,1.));
#15474 = ( GEOMETRIC_REPRESENTATION_CONTEXT(2) 
PARAMETRIC_REPRESENTATION_CONTEXT() REPRESENTATION_CONTEXT('2D SPACE',''
  ) );
#15475 = ORIENTED_EDGE('',*,*,#14619,.F.);
#15476 = ADVANCED_FACE('',(#15477),#14151,.F.);
#15477 = FACE_BOUND('',#15478,.F.);
#15478 = EDGE_LOOP('',(#15479,#15480,#15481,#15504));
#15479 = ORIENTED_EDGE('',*,*,#14135,.F.);
#15480 = ORIENTED_EDGE('',*,*,#14597,.T.);
#15481 = ORIENTED_EDGE('',*,*,#15482,.T.);
#15482 = EDGE_CURVE('',#14570,#15483,#15485,.T.);
#15483 = VERTEX_POINT('',#15484);
#15484 = CARTESIAN_POINT('',(-20.,-123.4572726577,28.111269837221));
#15485 = SURFACE_CURVE('',#15486,(#15490,#15497),.PCURVE_S1.);
#15486 = LINE('',#15487,#15488);
#15487 = CARTESIAN_POINT('',(-20.,-121.1945309579,30.374011537018));
#15488 = VECTOR('',#15489,1.);
#15489 = DIRECTION('',(-1.570092458684E-16,-0.707106781187,
    -0.707106781187));
#15490 = PCURVE('',#14151,#15491);
#15491 = DEFINITIONAL_REPRESENTATION('',(#15492),#15496);
#15492 = LINE('',#15493,#15494);
#15493 = CARTESIAN_POINT('',(40.,3.552713678801E-15));
#15494 = VECTOR('',#15495,1.);
#15495 = DIRECTION('',(0.,1.));
#15496 = ( GEOMETRIC_REPRESENTATION_CONTEXT(2) 
PARAMETRIC_REPRESENTATION_CONTEXT() REPRESENTATION_CONTEXT('2D SPACE',''
  ) );
#15497 = PCURVE('',#14585,#15498);
#15498 = DEFINITIONAL_REPRESENTATION('',(#15499),#15503);
#15499 = LINE('',#15500,#15501);
#15500 = CARTESIAN_POINT('',(-0.,0.));
#15501 = VECTOR('',#15502,1.);
#15502 = DIRECTION('',(1.,0.));
#15503 = ( GEOMETRIC_REPRESENTATION_CONTEXT(2) 
PARAMETRIC_REPRESENTATION_CONTEXT() REPRESENTATION_CONTEXT('2D SPACE',''
  ) );
#15504 = ORIENTED_EDGE('',*,*,#15505,.F.);
#15505 = EDGE_CURVE('',#14136,#15483,#15506,.T.);
#15506 = SURFACE_CURVE('',#15507,(#15511,#15518),.PCURVE_S1.);
#15507 = LINE('',#15508,#15509);
#15508 = CARTESIAN_POINT('',(-20.,-95.17300141024,-0.173001410241));
#15509 = VECTOR('',#15510,1.);
#15510 = DIRECTION('',(-1.570092458684E-16,-0.707106781187,
    0.707106781187));
#15511 = PCURVE('',#14151,#15512);
#15512 = DEFINITIONAL_REPRESENTATION('',(#15513),#15517);
#15513 = LINE('',#15514,#15515);
#15514 = CARTESIAN_POINT('',(-5.329070518201E-15,3.2));
#15515 = VECTOR('',#15516,1.);
#15516 = DIRECTION('',(1.,0.));
#15517 = ( GEOMETRIC_REPRESENTATION_CONTEXT(2) 
PARAMETRIC_REPRESENTATION_CONTEXT() REPRESENTATION_CONTEXT('2D SPACE',''
  ) );
#15518 = PCURVE('',#14179,#15519);
#15519 = DEFINITIONAL_REPRESENTATION('',(#15520),#15524);
#15520 = LINE('',#15521,#15522);
#15521 = CARTESIAN_POINT('',(0.,0.));
#15522 = VECTOR('',#15523,1.);
#15523 = DIRECTION('',(1.,0.));
#15524 = ( GEOMETRIC_REPRESENTATION_CONTEXT(2) 
PARAMETRIC_REPRESENTATION_CONTEXT() REPRESENTATION_CONTEXT('2D SPACE',''
  ) );
#15525 = ADVANCED_FACE('',(#15526,#15574),#14179,.T.);
#15526 = FACE_BOUND('',#15527,.T.);
#15527 = EDGE_LOOP('',(#15528,#15529,#15530,#15553));
#15528 = ORIENTED_EDGE('',*,*,#15505,.F.);
#15529 = ORIENTED_EDGE('',*,*,#14163,.T.);
#15530 = ORIENTED_EDGE('',*,*,#15531,.T.);
#15531 = EDGE_CURVE('',#14164,#15532,#15534,.T.);
#15532 = VERTEX_POINT('',#15533);
#15533 = CARTESIAN_POINT('',(20.,-123.4572726577,28.111269837221));
#15534 = SURFACE_CURVE('',#15535,(#15539,#15546),.PCURVE_S1.);
#15535 = LINE('',#15536,#15537);
#15536 = CARTESIAN_POINT('',(20.,-95.17300141024,-0.173001410241));
#15537 = VECTOR('',#15538,1.);
#15538 = DIRECTION('',(-1.570092458684E-16,-0.707106781187,
    0.707106781187));
#15539 = PCURVE('',#14179,#15540);
#15540 = DEFINITIONAL_REPRESENTATION('',(#15541),#15545);
#15541 = LINE('',#15542,#15543);
#15542 = CARTESIAN_POINT('',(5.652332851262E-15,-40.));
#15543 = VECTOR('',#15544,1.);
#15544 = DIRECTION('',(1.,0.));
#15545 = ( GEOMETRIC_REPRESENTATION_CONTEXT(2) 
PARAMETRIC_REPRESENTATION_CONTEXT() REPRESENTATION_CONTEXT('2D SPACE',''
  ) );
#15546 = PCURVE('',#14207,#15547);
#15547 = DEFINITIONAL_REPRESENTATION('',(#15548),#15552);
#15548 = LINE('',#15549,#15550);
#15549 = CARTESIAN_POINT('',(4.662936703426E-15,3.2));
#15550 = VECTOR('',#15551,1.);
#15551 = DIRECTION('',(1.,0.));
#15552 = ( GEOMETRIC_REPRESENTATION_CONTEXT(2) 
PARAMETRIC_REPRESENTATION_CONTEXT() REPRESENTATION_CONTEXT('2D SPACE',''
  ) );
#15553 = ORIENTED_EDGE('',*,*,#15554,.F.);
#15554 = EDGE_CURVE('',#15483,#15532,#15555,.T.);
#15555 = SURFACE_CURVE('',#15556,(#15560,#15567),.PCURVE_S1.);
#15556 = LINE('',#15557,#15558);
#15557 = CARTESIAN_POINT('',(-20.,-123.4572726577,28.111269837221));
#15558 = VECTOR('',#15559,1.);
#15559 = DIRECTION('',(1.,-2.22044604925E-16,0.));
#15560 = PCURVE('',#14179,#15561);
#15561 = DEFINITIONAL_REPRESENTATION('',(#15562),#15566);
#15562 = LINE('',#15563,#15564);
#15563 = CARTESIAN_POINT('',(40.,-2.727656155935E-15));
#15564 = VECTOR('',#15565,1.);
#15565 = DIRECTION('',(0.,-1.));
#15566 = ( GEOMETRIC_REPRESENTATION_CONTEXT(2) 
PARAMETRIC_REPRESENTATION_CONTEXT() REPRESENTATION_CONTEXT('2D SPACE',''
  ) );
#15567 = PCURVE('',#14585,#15568);
#15568 = DEFINITIONAL_REPRESENTATION('',(#15569),#15573);
#15569 = LINE('',#15570,#15571);
#15570 = CARTESIAN_POINT('',(3.2,5.024295867788E-16));
#15571 = VECTOR('',#15572,1.);
#15572 = DIRECTION('',(0.,1.));
#15573 = ( GEOMETRIC_REPRESENTATION_CONTEXT(2) 
PARAMETRIC_REPRESENTATION_CONTEXT() REPRESENTATION_CONTEXT('2D SPACE',''
  ) );
#15574 = FACE_BOUND('',#15575,.T.);
#15575 = EDGE_LOOP('',(#15576));
#15576 = ORIENTED_EDGE('',*,*,#15577,.T.);
#15577 = EDGE_CURVE('',#15578,#15578,#15580,.T.);
#15578 = VERTEX_POINT('',#15579);
#15579 = CARTESIAN_POINT('',(9.4,-109.3151370339,13.96913421349));
#15580 = SURFACE_CURVE('',#15581,(#15586,#15597),.PCURVE_S1.);
#15581 = CIRCLE('',#15582,9.4);
#15582 = AXIS2_PLACEMENT_3D('',#15583,#15584,#15585);
#15583 = CARTESIAN_POINT('',(-2.158850546133E-14,-109.3151370339,
    13.96913421349));
#15584 = DIRECTION('',(1.570092458684E-16,0.707106781187,0.707106781187)
  );
#15585 = DIRECTION('',(1.,-2.22044604925E-16,0.));
#15586 = PCURVE('',#14179,#15587);
#15587 = DEFINITIONAL_REPRESENTATION('',(#15588),#15596);
#15588 = ( BOUNDED_CURVE() B_SPLINE_CURVE(2,(#15589,#15590,#15591,#15592
    ,#15593,#15594,#15595),.UNSPECIFIED.,.T.,.F.) 
B_SPLINE_CURVE_WITH_KNOTS((1,2,2,2,2,1),(-2.094395102393,0.,
    2.094395102393,4.188790204786,6.28318530718,8.377580409573),
.UNSPECIFIED.) CURVE() GEOMETRIC_REPRESENTATION_ITEM() 
RATIONAL_B_SPLINE_CURVE((1.,0.5,1.,0.5,1.,0.5,1.)) REPRESENTATION_ITEM(
  '') );
#15589 = CARTESIAN_POINT('',(20.,-29.4));
#15590 = CARTESIAN_POINT('',(3.718722408853,-29.4));
#15591 = CARTESIAN_POINT('',(11.859361204426,-15.3));
#15592 = CARTESIAN_POINT('',(20.,-1.2));
#15593 = CARTESIAN_POINT('',(28.140638795574,-15.3));
#15594 = CARTESIAN_POINT('',(36.281277591147,-29.4));
#15595 = CARTESIAN_POINT('',(20.,-29.4));
#15596 = ( GEOMETRIC_REPRESENTATION_CONTEXT(2) 
PARAMETRIC_REPRESENTATION_CONTEXT() REPRESENTATION_CONTEXT('2D SPACE',''
  ) );
#15597 = PCURVE('',#14932,#15598);
#15598 = DEFINITIONAL_REPRESENTATION('',(#15599),#15603);
#15599 = LINE('',#15600,#15601);
#15600 = CARTESIAN_POINT('',(6.28318530718,1.6));
#15601 = VECTOR('',#15602,1.);
#15602 = DIRECTION('',(-1.,-0.));
#15603 = ( GEOMETRIC_REPRESENTATION_CONTEXT(2) 
PARAMETRIC_REPRESENTATION_CONTEXT() REPRESENTATION_CONTEXT('2D SPACE',''
  ) );
#15604 = ADVANCED_FACE('',(#15605),#14207,.T.);
#15605 = FACE_BOUND('',#15606,.T.);
#15606 = EDGE_LOOP('',(#15607,#15608,#15609,#15630));
#15607 = ORIENTED_EDGE('',*,*,#14191,.F.);
#15608 = ORIENTED_EDGE('',*,*,#14546,.T.);
#15609 = ORIENTED_EDGE('',*,*,#15610,.T.);
#15610 = EDGE_CURVE('',#14547,#15532,#15611,.T.);
#15611 = SURFACE_CURVE('',#15612,(#15616,#15623),.PCURVE_S1.);
#15612 = LINE('',#15613,#15614);
#15613 = CARTESIAN_POINT('',(20.,-121.1945309579,30.374011537018));
#15614 = VECTOR('',#15615,1.);
#15615 = DIRECTION('',(-1.570092458684E-16,-0.707106781187,
    -0.707106781187));
#15616 = PCURVE('',#14207,#15617);
#15617 = DEFINITIONAL_REPRESENTATION('',(#15618),#15622);
#15618 = LINE('',#15619,#15620);
#15619 = CARTESIAN_POINT('',(40.,3.552713678801E-15));
#15620 = VECTOR('',#15621,1.);
#15621 = DIRECTION('',(0.,1.));
#15622 = ( GEOMETRIC_REPRESENTATION_CONTEXT(2) 
PARAMETRIC_REPRESENTATION_CONTEXT() REPRESENTATION_CONTEXT('2D SPACE',''
  ) );
#15623 = PCURVE('',#14585,#15624);
#15624 = DEFINITIONAL_REPRESENTATION('',(#15625),#15629);
#15625 = LINE('',#15626,#15627);
#15626 = CARTESIAN_POINT('',(-8.792517768629E-15,40.));
#15627 = VECTOR('',#15628,1.);
#15628 = DIRECTION('',(1.,0.));
#15629 = ( GEOMETRIC_REPRESENTATION_CONTEXT(2) 
PARAMETRIC_REPRESENTATION_CONTEXT() REPRESENTATION_CONTEXT('2D SPACE',''
  ) );
#15630 = ORIENTED_EDGE('',*,*,#15531,.F.);
#15631 = ADVANCED_FACE('',(#15632),#14258,.T.);
#15632 = FACE_BOUND('',#15633,.T.);
#15633 = EDGE_LOOP('',(#15634,#15635,#15658,#15679,#15680,#15703,#15726,
    #15747));
#15634 = ORIENTED_EDGE('',*,*,#14242,.F.);
#15635 = ORIENTED_EDGE('',*,*,#15636,.T.);
#15636 = EDGE_CURVE('',#14243,#15637,#15639,.T.);
#15637 = VERTEX_POINT('',#15638);
#15638 = CARTESIAN_POINT('',(15.75,-99.69848480983,29.242640687119));
#15639 = SURFACE_CURVE('',#15640,(#15644,#15651),.PCURVE_S1.);
#15640 = LINE('',#15641,#15642);
#15641 = CARTESIAN_POINT('',(15.75,-82.72792206135,12.272077938642));
#15642 = VECTOR('',#15643,1.);
#15643 = DIRECTION('',(-1.570092458684E-16,-0.707106781187,
    0.707106781187));
#15644 = PCURVE('',#14258,#15645);
#15645 = DEFINITIONAL_REPRESENTATION('',(#15646),#15650);
#15646 = LINE('',#15647,#15648);
#15647 = CARTESIAN_POINT('',(0.,-0.));
#15648 = VECTOR('',#15649,1.);
#15649 = DIRECTION('',(1.,0.));
#15650 = ( GEOMETRIC_REPRESENTATION_CONTEXT(2) 
PARAMETRIC_REPRESENTATION_CONTEXT() REPRESENTATION_CONTEXT('2D SPACE',''
  ) );
#15651 = PCURVE('',#14286,#15652);
#15652 = DEFINITIONAL_REPRESENTATION('',(#15653),#15657);
#15653 = LINE('',#15654,#15655);
#15654 = CARTESIAN_POINT('',(-5.495323605393E-16,-3.5));
#15655 = VECTOR('',#15656,1.);
#15656 = DIRECTION('',(1.,0.));
#15657 = ( GEOMETRIC_REPRESENTATION_CONTEXT(2) 
PARAMETRIC_REPRESENTATION_CONTEXT() REPRESENTATION_CONTEXT('2D SPACE',''
  ) );
#15658 = ORIENTED_EDGE('',*,*,#15659,.T.);
#15659 = EDGE_CURVE('',#15637,#14813,#15660,.T.);
#15660 = SURFACE_CURVE('',#15661,(#15665,#15672),.PCURVE_S1.);
#15661 = LINE('',#15662,#15663);
#15662 = CARTESIAN_POINT('',(15.75,-99.69848480983,29.242640687119));
#15663 = VECTOR('',#15664,1.);
#15664 = DIRECTION('',(-1.570092458684E-16,-0.707106781187,
    -0.707106781187));
#15665 = PCURVE('',#14258,#15666);
#15666 = DEFINITIONAL_REPRESENTATION('',(#15667),#15671);
#15667 = LINE('',#15668,#15669);
#15668 = CARTESIAN_POINT('',(24.,-3.552713678801E-15));
#15669 = VECTOR('',#15670,1.);
#15670 = DIRECTION('',(0.,1.));
#15671 = ( GEOMETRIC_REPRESENTATION_CONTEXT(2) 
PARAMETRIC_REPRESENTATION_CONTEXT() REPRESENTATION_CONTEXT('2D SPACE',''
  ) );
#15672 = PCURVE('',#14828,#15673);
#15673 = DEFINITIONAL_REPRESENTATION('',(#15674),#15678);
#15674 = LINE('',#15675,#15676);
#15675 = CARTESIAN_POINT('',(-5.495323605393E-16,3.5));
#15676 = VECTOR('',#15677,1.);
#15677 = DIRECTION('',(1.,0.));
#15678 = ( GEOMETRIC_REPRESENTATION_CONTEXT(2) 
PARAMETRIC_REPRESENTATION_CONTEXT() REPRESENTATION_CONTEXT('2D SPACE',''
  ) );
#15679 = ORIENTED_EDGE('',*,*,#14840,.F.);
#15680 = ORIENTED_EDGE('',*,*,#15681,.F.);
#15681 = EDGE_CURVE('',#15682,#14841,#15684,.T.);
#15682 = VERTEX_POINT('',#15683);
#15683 = CARTESIAN_POINT('',(15.75,-94.04163056034,9.443650813896));
#15684 = SURFACE_CURVE('',#15685,(#15689,#15696),.PCURVE_S1.);
#15685 = LINE('',#15686,#15687);
#15686 = CARTESIAN_POINT('',(15.75,-94.04163056034,9.443650813896));
#15687 = VECTOR('',#15688,1.);
#15688 = DIRECTION('',(-1.570092458684E-16,-0.707106781187,
    -0.707106781187));
#15689 = PCURVE('',#14258,#15690);
#15690 = DEFINITIONAL_REPRESENTATION('',(#15691),#15695);
#15691 = LINE('',#15692,#15693);
#15692 = CARTESIAN_POINT('',(6.,10.));
#15693 = VECTOR('',#15694,1.);
#15694 = DIRECTION('',(0.,1.));
#15695 = ( GEOMETRIC_REPRESENTATION_CONTEXT(2) 
PARAMETRIC_REPRESENTATION_CONTEXT() REPRESENTATION_CONTEXT('2D SPACE',''
  ) );
#15696 = PCURVE('',#14879,#15697);
#15697 = DEFINITIONAL_REPRESENTATION('',(#15698),#15702);
#15698 = LINE('',#15699,#15700);
#15699 = CARTESIAN_POINT('',(6.,10.));
#15700 = VECTOR('',#15701,1.);
#15701 = DIRECTION('',(0.,1.));
#15702 = ( GEOMETRIC_REPRESENTATION_CONTEXT(2) 
PARAMETRIC_REPRESENTATION_CONTEXT() REPRESENTATION_CONTEXT('2D SPACE',''
  ) );
#15703 = ORIENTED_EDGE('',*,*,#15704,.F.);
#15704 = EDGE_CURVE('',#15705,#15682,#15707,.T.);
#15705 = VERTEX_POINT('',#15706);
#15706 = CARTESIAN_POINT('',(15.75,-91.21320343559,6.61522368915));
#15707 = SURFACE_CURVE('',#15708,(#15712,#15719),.PCURVE_S1.);
#15708 = LINE('',#15709,#15710);
#15709 = CARTESIAN_POINT('',(15.75,-91.21320343559,6.61522368915));
#15710 = VECTOR('',#15711,1.);
#15711 = DIRECTION('',(-1.570092458684E-16,-0.707106781187,
    0.707106781187));
#15712 = PCURVE('',#14258,#15713);
#15713 = DEFINITIONAL_REPRESENTATION('',(#15714),#15718);
#15714 = LINE('',#15715,#15716);
#15715 = CARTESIAN_POINT('',(2.,10.));
#15716 = VECTOR('',#15717,1.);
#15717 = DIRECTION('',(1.,0.));
#15718 = ( GEOMETRIC_REPRESENTATION_CONTEXT(2) 
PARAMETRIC_REPRESENTATION_CONTEXT() REPRESENTATION_CONTEXT('2D SPACE',''
  ) );
#15719 = PCURVE('',#14879,#15720);
#15720 = DEFINITIONAL_REPRESENTATION('',(#15721),#15725);
#15721 = LINE('',#15722,#15723);
#15722 = CARTESIAN_POINT('',(2.,10.));
#15723 = VECTOR('',#15724,1.);
#15724 = DIRECTION('',(1.,0.));
#15725 = ( GEOMETRIC_REPRESENTATION_CONTEXT(2) 
PARAMETRIC_REPRESENTATION_CONTEXT() REPRESENTATION_CONTEXT('2D SPACE',''
  ) );
#15726 = ORIENTED_EDGE('',*,*,#15727,.T.);
#15727 = EDGE_CURVE('',#15705,#14864,#15728,.T.);
#15728 = SURFACE_CURVE('',#15729,(#15733,#15740),.PCURVE_S1.);
#15729 = LINE('',#15730,#15731);
#15730 = CARTESIAN_POINT('',(15.75,-91.21320343559,6.61522368915));
#15731 = VECTOR('',#15732,1.);
#15732 = DIRECTION('',(-1.570092458684E-16,-0.707106781187,
    -0.707106781187));
#15733 = PCURVE('',#14258,#15734);
#15734 = DEFINITIONAL_REPRESENTATION('',(#15735),#15739);
#15735 = LINE('',#15736,#15737);
#15736 = CARTESIAN_POINT('',(2.,10.));
#15737 = VECTOR('',#15738,1.);
#15738 = DIRECTION('',(0.,1.));
#15739 = ( GEOMETRIC_REPRESENTATION_CONTEXT(2) 
PARAMETRIC_REPRESENTATION_CONTEXT() REPRESENTATION_CONTEXT('2D SPACE',''
  ) );
#15740 = PCURVE('',#14879,#15741);
#15741 = DEFINITIONAL_REPRESENTATION('',(#15742),#15746);
#15742 = LINE('',#15743,#15744);
#15743 = CARTESIAN_POINT('',(2.,10.));
#15744 = VECTOR('',#15745,1.);
#15745 = DIRECTION('',(0.,1.));
#15746 = ( GEOMETRIC_REPRESENTATION_CONTEXT(2) 
PARAMETRIC_REPRESENTATION_CONTEXT() REPRESENTATION_CONTEXT('2D SPACE',''
  ) );
#15747 = ORIENTED_EDGE('',*,*,#14891,.F.);
#15748 = ADVANCED_FACE('',(#15749),#14286,.F.);
#15749 = FACE_BOUND('',#15750,.F.);
#15750 = EDGE_LOOP('',(#15751,#15774,#15775,#15776));
#15751 = ORIENTED_EDGE('',*,*,#15752,.F.);
#15752 = EDGE_CURVE('',#14271,#15753,#15755,.T.);
#15753 = VERTEX_POINT('',#15754);
#15754 = CARTESIAN_POINT('',(12.25,-99.69848480983,29.242640687119));
#15755 = SURFACE_CURVE('',#15756,(#15760,#15767),.PCURVE_S1.);
#15756 = LINE('',#15757,#15758);
#15757 = CARTESIAN_POINT('',(12.25,-82.72792206135,12.272077938642));
#15758 = VECTOR('',#15759,1.);
#15759 = DIRECTION('',(-1.570092458684E-16,-0.707106781187,
    0.707106781187));
#15760 = PCURVE('',#14286,#15761);
#15761 = DEFINITIONAL_REPRESENTATION('',(#15762),#15766);
#15762 = LINE('',#15763,#15764);
#15763 = CARTESIAN_POINT('',(0.,0.));
#15764 = VECTOR('',#15765,1.);
#15765 = DIRECTION('',(1.,0.));
#15766 = ( GEOMETRIC_REPRESENTATION_CONTEXT(2) 
PARAMETRIC_REPRESENTATION_CONTEXT() REPRESENTATION_CONTEXT('2D SPACE',''
  ) );
#15767 = PCURVE('',#14314,#15768);
#15768 = DEFINITIONAL_REPRESENTATION('',(#15769),#15773);
#15769 = LINE('',#15770,#15771);
#15770 = CARTESIAN_POINT('',(0.,-0.));
#15771 = VECTOR('',#15772,1.);
#15772 = DIRECTION('',(1.,0.));
#15773 = ( GEOMETRIC_REPRESENTATION_CONTEXT(2) 
PARAMETRIC_REPRESENTATION_CONTEXT() REPRESENTATION_CONTEXT('2D SPACE',''
  ) );
#15774 = ORIENTED_EDGE('',*,*,#14270,.T.);
#15775 = ORIENTED_EDGE('',*,*,#15636,.T.);
#15776 = ORIENTED_EDGE('',*,*,#15777,.F.);
#15777 = EDGE_CURVE('',#15753,#15637,#15778,.T.);
#15778 = SURFACE_CURVE('',#15779,(#15783,#15790),.PCURVE_S1.);
#15779 = LINE('',#15780,#15781);
#15780 = CARTESIAN_POINT('',(12.25,-99.69848480983,29.242640687119));
#15781 = VECTOR('',#15782,1.);
#15782 = DIRECTION('',(1.,-2.22044604925E-16,0.));
#15783 = PCURVE('',#14286,#15784);
#15784 = DEFINITIONAL_REPRESENTATION('',(#15785),#15789);
#15785 = LINE('',#15786,#15787);
#15786 = CARTESIAN_POINT('',(24.,-2.155082220406E-16));
#15787 = VECTOR('',#15788,1.);
#15788 = DIRECTION('',(0.,-1.));
#15789 = ( GEOMETRIC_REPRESENTATION_CONTEXT(2) 
PARAMETRIC_REPRESENTATION_CONTEXT() REPRESENTATION_CONTEXT('2D SPACE',''
  ) );
#15790 = PCURVE('',#14828,#15791);
#15791 = DEFINITIONAL_REPRESENTATION('',(#15792),#15796);
#15792 = LINE('',#15793,#15794);
#15793 = CARTESIAN_POINT('',(-0.,0.));
#15794 = VECTOR('',#15795,1.);
#15795 = DIRECTION('',(0.,1.));
#15796 = ( GEOMETRIC_REPRESENTATION_CONTEXT(2) 
PARAMETRIC_REPRESENTATION_CONTEXT() REPRESENTATION_CONTEXT('2D SPACE',''
  ) );
#15797 = ADVANCED_FACE('',(#15798),#14314,.F.);
#15798 = FACE_BOUND('',#15799,.F.);
#15799 = EDGE_LOOP('',(#15800,#15801,#15802,#15823,#15824,#15825,#15826,
    #15827));
#15800 = ORIENTED_EDGE('',*,*,#14298,.F.);
#15801 = ORIENTED_EDGE('',*,*,#15752,.T.);
#15802 = ORIENTED_EDGE('',*,*,#15803,.T.);
#15803 = EDGE_CURVE('',#15753,#14790,#15804,.T.);
#15804 = SURFACE_CURVE('',#15805,(#15809,#15816),.PCURVE_S1.);
#15805 = LINE('',#15806,#15807);
#15806 = CARTESIAN_POINT('',(12.25,-99.69848480983,29.242640687119));
#15807 = VECTOR('',#15808,1.);
#15808 = DIRECTION('',(-1.570092458684E-16,-0.707106781187,
    -0.707106781187));
#15809 = PCURVE('',#14314,#15810);
#15810 = DEFINITIONAL_REPRESENTATION('',(#15811),#15815);
#15811 = LINE('',#15812,#15813);
#15812 = CARTESIAN_POINT('',(24.,-3.552713678801E-15));
#15813 = VECTOR('',#15814,1.);
#15814 = DIRECTION('',(0.,1.));
#15815 = ( GEOMETRIC_REPRESENTATION_CONTEXT(2) 
PARAMETRIC_REPRESENTATION_CONTEXT() REPRESENTATION_CONTEXT('2D SPACE',''
  ) );
#15816 = PCURVE('',#14828,#15817);
#15817 = DEFINITIONAL_REPRESENTATION('',(#15818),#15822);
#15818 = LINE('',#15819,#15820);
#15819 = CARTESIAN_POINT('',(-0.,0.));
#15820 = VECTOR('',#15821,1.);
#15821 = DIRECTION('',(1.,0.));
#15822 = ( GEOMETRIC_REPRESENTATION_CONTEXT(2) 
PARAMETRIC_REPRESENTATION_CONTEXT() REPRESENTATION_CONTEXT('2D SPACE',''
  ) );
#15823 = ORIENTED_EDGE('',*,*,#14789,.F.);
#15824 = ORIENTED_EDGE('',*,*,#15252,.F.);
#15825 = ORIENTED_EDGE('',*,*,#15225,.T.);
#15826 = ORIENTED_EDGE('',*,*,#15176,.T.);
#15827 = ORIENTED_EDGE('',*,*,#15102,.F.);
#15828 = ADVANCED_FACE('',(#15829),#14879,.T.);
#15829 = FACE_BOUND('',#15830,.T.);
#15830 = EDGE_LOOP('',(#15831,#15832,#15833,#15834));
#15831 = ORIENTED_EDGE('',*,*,#14863,.F.);
#15832 = ORIENTED_EDGE('',*,*,#15727,.F.);
#15833 = ORIENTED_EDGE('',*,*,#15704,.T.);
#15834 = ORIENTED_EDGE('',*,*,#15681,.T.);
#15835 = ADVANCED_FACE('',(#15836),#14828,.T.);
#15836 = FACE_BOUND('',#15837,.T.);
#15837 = EDGE_LOOP('',(#15838,#15839,#15840,#15841));
#15838 = ORIENTED_EDGE('',*,*,#15659,.F.);
#15839 = ORIENTED_EDGE('',*,*,#15777,.F.);
#15840 = ORIENTED_EDGE('',*,*,#15803,.T.);
#15841 = ORIENTED_EDGE('',*,*,#14812,.F.);
#15842 = ADVANCED_FACE('',(#15843),#14709,.T.);
#15843 = FACE_BOUND('',#15844,.T.);
#15844 = EDGE_LOOP('',(#15845,#15846,#15847,#15848));
#15845 = ORIENTED_EDGE('',*,*,#15307,.F.);
#15846 = ORIENTED_EDGE('',*,*,#15361,.F.);
#15847 = ORIENTED_EDGE('',*,*,#15387,.T.);
#15848 = ORIENTED_EDGE('',*,*,#14693,.F.);
#15849 = ADVANCED_FACE('',(#15850),#14658,.F.);
#15850 = FACE_BOUND('',#15851,.F.);
#15851 = EDGE_LOOP('',(#15852,#15853,#15854,#15855));
#15852 = ORIENTED_EDGE('',*,*,#14642,.F.);
#15853 = ORIENTED_EDGE('',*,*,#15455,.F.);
#15854 = ORIENTED_EDGE('',*,*,#15432,.T.);
#15855 = ORIENTED_EDGE('',*,*,#15409,.T.);
#15856 = ADVANCED_FACE('',(#15857),#14585,.T.);
#15857 = FACE_BOUND('',#15858,.T.);
#15858 = EDGE_LOOP('',(#15859,#15860,#15861,#15862));
#15859 = ORIENTED_EDGE('',*,*,#14569,.F.);
#15860 = ORIENTED_EDGE('',*,*,#15482,.T.);
#15861 = ORIENTED_EDGE('',*,*,#15554,.T.);
#15862 = ORIENTED_EDGE('',*,*,#15610,.F.);
#15863 = ADVANCED_FACE('',(#15864),#14932,.F.);
#15864 = FACE_BOUND('',#15865,.F.);
#15865 = EDGE_LOOP('',(#15866,#15867,#15888,#15889));
#15866 = ORIENTED_EDGE('',*,*,#14915,.T.);
#15867 = ORIENTED_EDGE('',*,*,#15868,.F.);
#15868 = EDGE_CURVE('',#15578,#14916,#15869,.T.);
#15869 = SEAM_CURVE('',#15870,(#15874,#15881),.PCURVE_S1.);
#15870 = LINE('',#15871,#15872);
#15871 = CARTESIAN_POINT('',(9.4,-109.3151370339,13.96913421349));
#15872 = VECTOR('',#15873,1.);
#15873 = DIRECTION('',(1.570092458684E-16,0.707106781187,0.707106781187)
  );
#15874 = PCURVE('',#14932,#15875);
#15875 = DEFINITIONAL_REPRESENTATION('',(#15876),#15880);
#15876 = LINE('',#15877,#15878);
#15877 = CARTESIAN_POINT('',(6.28318530718,1.6));
#15878 = VECTOR('',#15879,1.);
#15879 = DIRECTION('',(0.,-1.));
#15880 = ( GEOMETRIC_REPRESENTATION_CONTEXT(2) 
PARAMETRIC_REPRESENTATION_CONTEXT() REPRESENTATION_CONTEXT('2D SPACE',''
  ) );
#15881 = PCURVE('',#14932,#15882);
#15882 = DEFINITIONAL_REPRESENTATION('',(#15883),#15887);
#15883 = LINE('',#15884,#15885);
#15884 = CARTESIAN_POINT('',(0.,1.6));
#15885 = VECTOR('',#15886,1.);
#15886 = DIRECTION('',(0.,-1.));
#15887 = ( GEOMETRIC_REPRESENTATION_CONTEXT(2) 
PARAMETRIC_REPRESENTATION_CONTEXT() REPRESENTATION_CONTEXT('2D SPACE',''
  ) );
#15888 = ORIENTED_EDGE('',*,*,#15577,.T.);
#15889 = ORIENTED_EDGE('',*,*,#15868,.T.);
#15890 = ( GEOMETRIC_REPRESENTATION_CONTEXT(3) 
GLOBAL_UNCERTAINTY_ASSIGNED_CONTEXT((#15894)) 
GLOBAL_UNIT_ASSIGNED_CONTEXT((#15891,#15892,#15893)) 
REPRESENTATION_CONTEXT('Context #1',
  '3D Context with UNIT and UNCERTAINTY') );
#15891 = ( LENGTH_UNIT() NAMED_UNIT(*) SI_UNIT(.MILLI.,.METRE.) );
#15892 = ( NAMED_UNIT(*) PLANE_ANGLE_UNIT() SI_UNIT($,.RADIAN.) );
#15893 = ( NAMED_UNIT(*) SI_UNIT($,.STERADIAN.) SOLID_ANGLE_UNIT() );
#15894 = UNCERTAINTY_MEASURE_WITH_UNIT(LENGTH_MEASURE(1.E-07),#15891,
  'distance_accuracy_value','confusion accuracy');
#15895 = CONTEXT_DEPENDENT_SHAPE_REPRESENTATION(#15896,#15898);
#15896 = ( REPRESENTATION_RELATIONSHIP('','',#13102,#10) 
REPRESENTATION_RELATIONSHIP_WITH_TRANSFORMATION(#15897) 
SHAPE_REPRESENTATION_RELATIONSHIP() );
#15897 = ITEM_DEFINED_TRANSFORMATION('','',#11,#43);
#15898 = PRODUCT_DEFINITION_SHAPE('Placement','Placement of an item',
  #15899);
#15899 = NEXT_ASSEMBLY_USAGE_OCCURRENCE('8','left_analog_carrier','',#5,
  #13097,$);
#15900 = PRODUCT_RELATED_PRODUCT_CATEGORY('part',$,(#13099));
#15901 = SHAPE_DEFINITION_REPRESENTATION(#15902,#15908);
#15902 = PRODUCT_DEFINITION_SHAPE('','',#15903);
#15903 = PRODUCT_DEFINITION('design','',#15904,#15907);
#15904 = PRODUCT_DEFINITION_FORMATION('','',#15905);
#15905 = PRODUCT('left_analog_camera_reference',
  'left_analog_camera_reference','',(#15906));
#15906 = PRODUCT_CONTEXT('',#2,'mechanical');
#15907 = PRODUCT_DEFINITION_CONTEXT('part definition',#2,'design');
#15908 = ADVANCED_BREP_SHAPE_REPRESENTATION('',(#11,#15909),#16097);
#15909 = MANIFOLD_SOLID_BREP('',#15910);
#15910 = CLOSED_SHELL('',(#15911,#15999,#16034,#16038,#16093));
#15911 = ADVANCED_FACE('',(#15912),#15926,.T.);
#15912 = FACE_BOUND('',#15913,.F.);
#15913 = EDGE_LOOP('',(#15914,#15944,#15971,#15972));
#15914 = ORIENTED_EDGE('',*,*,#15915,.T.);
#15915 = EDGE_CURVE('',#15916,#15918,#15920,.T.);
#15916 = VERTEX_POINT('',#15917);
#15917 = CARTESIAN_POINT('',(11.5,-109.3151370339,13.96913421349));
#15918 = VERTEX_POINT('',#15919);
#15919 = CARTESIAN_POINT('',(11.5,-111.4364573775,11.84781386993));
#15920 = SEAM_CURVE('',#15921,(#15925,#15937),.PCURVE_S1.);
#15921 = LINE('',#15922,#15923);
#15922 = CARTESIAN_POINT('',(11.5,-109.3151370339,13.96913421349));
#15923 = VECTOR('',#15924,1.);
#15924 = DIRECTION('',(-1.570092458684E-16,-0.707106781187,
    -0.707106781187));
#15925 = PCURVE('',#15926,#15931);
#15926 = CYLINDRICAL_SURFACE('',#15927,11.5);
#15927 = AXIS2_PLACEMENT_3D('',#15928,#15929,#15930);
#15928 = CARTESIAN_POINT('',(-2.158850546133E-14,-109.3151370339,
    13.96913421349));
#15929 = DIRECTION('',(1.570092458684E-16,0.707106781187,0.707106781187)
  );
#15930 = DIRECTION('',(1.,-2.22044604925E-16,0.));
#15931 = DEFINITIONAL_REPRESENTATION('',(#15932),#15936);
#15932 = LINE('',#15933,#15934);
#15933 = CARTESIAN_POINT('',(-0.,0.));
#15934 = VECTOR('',#15935,1.);
#15935 = DIRECTION('',(-0.,-1.));
#15936 = ( GEOMETRIC_REPRESENTATION_CONTEXT(2) 
PARAMETRIC_REPRESENTATION_CONTEXT() REPRESENTATION_CONTEXT('2D SPACE',''
  ) );
#15937 = PCURVE('',#15926,#15938);
#15938 = DEFINITIONAL_REPRESENTATION('',(#15939),#15943);
#15939 = LINE('',#15940,#15941);
#15940 = CARTESIAN_POINT('',(-6.28318530718,0.));
#15941 = VECTOR('',#15942,1.);
#15942 = DIRECTION('',(-0.,-1.));
#15943 = ( GEOMETRIC_REPRESENTATION_CONTEXT(2) 
PARAMETRIC_REPRESENTATION_CONTEXT() REPRESENTATION_CONTEXT('2D SPACE',''
  ) );
#15944 = ORIENTED_EDGE('',*,*,#15945,.T.);
#15945 = EDGE_CURVE('',#15918,#15918,#15946,.T.);
#15946 = SURFACE_CURVE('',#15947,(#15952,#15959),.PCURVE_S1.);
#15947 = CIRCLE('',#15948,11.5);
#15948 = AXIS2_PLACEMENT_3D('',#15949,#15950,#15951);
#15949 = CARTESIAN_POINT('',(-2.205953319893E-14,-111.4364573775,
    11.84781386993));
#15950 = DIRECTION('',(-1.570092458684E-16,-0.707106781187,
    -0.707106781187));
#15951 = DIRECTION('',(1.,-2.22044604925E-16,0.));
#15952 = PCURVE('',#15926,#15953);
#15953 = DEFINITIONAL_REPRESENTATION('',(#15954),#15958);
#15954 = LINE('',#15955,#15956);
#15955 = CARTESIAN_POINT('',(-0.,-3.));
#15956 = VECTOR('',#15957,1.);
#15957 = DIRECTION('',(-1.,0.));
#15958 = ( GEOMETRIC_REPRESENTATION_CONTEXT(2) 
PARAMETRIC_REPRESENTATION_CONTEXT() REPRESENTATION_CONTEXT('2D SPACE',''
  ) );
#15959 = PCURVE('',#15960,#15965);
#15960 = PLANE('',#15961);
#15961 = AXIS2_PLACEMENT_3D('',#15962,#15963,#15964);
#15962 = CARTESIAN_POINT('',(-2.277298022461E-14,-111.4364573775,
    11.84781386993));
#15963 = DIRECTION('',(-1.570092458684E-16,-0.707106781187,
    -0.707106781187));
#15964 = DIRECTION('',(-1.570092458684E-16,-0.707106781187,
    0.707106781187));
#15965 = DEFINITIONAL_REPRESENTATION('',(#15966),#15970);
#15966 = CIRCLE('',#15967,11.5);
#15967 = AXIS2_PLACEMENT_2D('',#15968,#15969);
#15968 = CARTESIAN_POINT('',(-1.256073966947E-15,-7.134470256727E-16));
#15969 = DIRECTION('',(0.,-1.));
#15970 = ( GEOMETRIC_REPRESENTATION_CONTEXT(2) 
PARAMETRIC_REPRESENTATION_CONTEXT() REPRESENTATION_CONTEXT('2D SPACE',''
  ) );
#15971 = ORIENTED_EDGE('',*,*,#15915,.F.);
#15972 = ORIENTED_EDGE('',*,*,#15973,.F.);
#15973 = EDGE_CURVE('',#15916,#15916,#15974,.T.);
#15974 = SURFACE_CURVE('',#15975,(#15980,#15987),.PCURVE_S1.);
#15975 = CIRCLE('',#15976,11.5);
#15976 = AXIS2_PLACEMENT_3D('',#15977,#15978,#15979);
#15977 = CARTESIAN_POINT('',(-2.158850546133E-14,-109.3151370339,
    13.96913421349));
#15978 = DIRECTION('',(-1.570092458684E-16,-0.707106781187,
    -0.707106781187));
#15979 = DIRECTION('',(1.,-2.22044604925E-16,0.));
#15980 = PCURVE('',#15926,#15981);
#15981 = DEFINITIONAL_REPRESENTATION('',(#15982),#15986);
#15982 = LINE('',#15983,#15984);
#15983 = CARTESIAN_POINT('',(-0.,0.));
#15984 = VECTOR('',#15985,1.);
#15985 = DIRECTION('',(-1.,0.));
#15986 = ( GEOMETRIC_REPRESENTATION_CONTEXT(2) 
PARAMETRIC_REPRESENTATION_CONTEXT() REPRESENTATION_CONTEXT('2D SPACE',''
  ) );
#15987 = PCURVE('',#15988,#15993);
#15988 = PLANE('',#15989);
#15989 = AXIS2_PLACEMENT_3D('',#15990,#15991,#15992);
#15990 = CARTESIAN_POINT('',(-2.2301952487E-14,-109.3151370339,
    13.96913421349));
#15991 = DIRECTION('',(-1.570092458684E-16,-0.707106781187,
    -0.707106781187));
#15992 = DIRECTION('',(-1.570092458684E-16,-0.707106781187,
    0.707106781187));
#15993 = DEFINITIONAL_REPRESENTATION('',(#15994),#15998);
#15994 = CIRCLE('',#15995,11.5);
#15995 = AXIS2_PLACEMENT_2D('',#15996,#15997);
#15996 = CARTESIAN_POINT('',(-1.632896157031E-14,-7.134470256727E-16));
#15997 = DIRECTION('',(0.,-1.));
#15998 = ( GEOMETRIC_REPRESENTATION_CONTEXT(2) 
PARAMETRIC_REPRESENTATION_CONTEXT() REPRESENTATION_CONTEXT('2D SPACE',''
  ) );
#15999 = ADVANCED_FACE('',(#16000,#16003),#15988,.F.);
#16000 = FACE_BOUND('',#16001,.F.);
#16001 = EDGE_LOOP('',(#16002));
#16002 = ORIENTED_EDGE('',*,*,#15973,.T.);
#16003 = FACE_BOUND('',#16004,.F.);
#16004 = EDGE_LOOP('',(#16005));
#16005 = ORIENTED_EDGE('',*,*,#16006,.F.);
#16006 = EDGE_CURVE('',#16007,#16007,#16009,.T.);
#16007 = VERTEX_POINT('',#16008);
#16008 = CARTESIAN_POINT('',(9.25,-109.3151370339,13.96913421349));
#16009 = SURFACE_CURVE('',#16010,(#16015,#16022),.PCURVE_S1.);
#16010 = CIRCLE('',#16011,9.25);
#16011 = AXIS2_PLACEMENT_3D('',#16012,#16013,#16014);
#16012 = CARTESIAN_POINT('',(-2.158850546133E-14,-109.3151370339,
    13.96913421349));
#16013 = DIRECTION('',(-1.570092458684E-16,-0.707106781187,
    -0.707106781187));
#16014 = DIRECTION('',(1.,-2.22044604925E-16,0.));
#16015 = PCURVE('',#15988,#16016);
#16016 = DEFINITIONAL_REPRESENTATION('',(#16017),#16021);
#16017 = CIRCLE('',#16018,9.25);
#16018 = AXIS2_PLACEMENT_2D('',#16019,#16020);
#16019 = CARTESIAN_POINT('',(-1.632896157031E-14,-7.134470256727E-16));
#16020 = DIRECTION('',(0.,-1.));
#16021 = ( GEOMETRIC_REPRESENTATION_CONTEXT(2) 
PARAMETRIC_REPRESENTATION_CONTEXT() REPRESENTATION_CONTEXT('2D SPACE',''
  ) );
#16022 = PCURVE('',#16023,#16028);
#16023 = CYLINDRICAL_SURFACE('',#16024,9.25);
#16024 = AXIS2_PLACEMENT_3D('',#16025,#16026,#16027);
#16025 = CARTESIAN_POINT('',(-2.158850546133E-14,-109.3151370339,
    13.96913421349));
#16026 = DIRECTION('',(-1.570092458684E-16,-0.707106781187,
    -0.707106781187));
#16027 = DIRECTION('',(1.,-2.22044604925E-16,0.));
#16028 = DEFINITIONAL_REPRESENTATION('',(#16029),#16033);
#16029 = LINE('',#16030,#16031);
#16030 = CARTESIAN_POINT('',(0.,0.));
#16031 = VECTOR('',#16032,1.);
#16032 = DIRECTION('',(1.,0.));
#16033 = ( GEOMETRIC_REPRESENTATION_CONTEXT(2) 
PARAMETRIC_REPRESENTATION_CONTEXT() REPRESENTATION_CONTEXT('2D SPACE',''
  ) );
#16034 = ADVANCED_FACE('',(#16035),#15960,.T.);
#16035 = FACE_BOUND('',#16036,.T.);
#16036 = EDGE_LOOP('',(#16037));
#16037 = ORIENTED_EDGE('',*,*,#15945,.T.);
#16038 = ADVANCED_FACE('',(#16039),#16023,.T.);
#16039 = FACE_BOUND('',#16040,.T.);
#16040 = EDGE_LOOP('',(#16041,#16064,#16091,#16092));
#16041 = ORIENTED_EDGE('',*,*,#16042,.T.);
#16042 = EDGE_CURVE('',#16007,#16043,#16045,.T.);
#16043 = VERTEX_POINT('',#16044);
#16044 = CARTESIAN_POINT('',(9.25,-93.05168106668,30.23259018078));
#16045 = SEAM_CURVE('',#16046,(#16050,#16057),.PCURVE_S1.);
#16046 = LINE('',#16047,#16048);
#16047 = CARTESIAN_POINT('',(9.25,-109.3151370339,13.96913421349));
#16048 = VECTOR('',#16049,1.);
#16049 = DIRECTION('',(1.570092458684E-16,0.707106781187,0.707106781187)
  );
#16050 = PCURVE('',#16023,#16051);
#16051 = DEFINITIONAL_REPRESENTATION('',(#16052),#16056);
#16052 = LINE('',#16053,#16054);
#16053 = CARTESIAN_POINT('',(0.,0.));
#16054 = VECTOR('',#16055,1.);
#16055 = DIRECTION('',(0.,-1.));
#16056 = ( GEOMETRIC_REPRESENTATION_CONTEXT(2) 
PARAMETRIC_REPRESENTATION_CONTEXT() REPRESENTATION_CONTEXT('2D SPACE',''
  ) );
#16057 = PCURVE('',#16023,#16058);
#16058 = DEFINITIONAL_REPRESENTATION('',(#16059),#16063);
#16059 = LINE('',#16060,#16061);
#16060 = CARTESIAN_POINT('',(6.28318530718,0.));
#16061 = VECTOR('',#16062,1.);
#16062 = DIRECTION('',(0.,-1.));
#16063 = ( GEOMETRIC_REPRESENTATION_CONTEXT(2) 
PARAMETRIC_REPRESENTATION_CONTEXT() REPRESENTATION_CONTEXT('2D SPACE',''
  ) );
#16064 = ORIENTED_EDGE('',*,*,#16065,.T.);
#16065 = EDGE_CURVE('',#16043,#16043,#16066,.T.);
#16066 = SURFACE_CURVE('',#16067,(#16072,#16079),.PCURVE_S1.);
#16067 = CIRCLE('',#16068,9.25);
#16068 = AXIS2_PLACEMENT_3D('',#16069,#16070,#16071);
#16069 = CARTESIAN_POINT('',(-1.797729280636E-14,-93.05168106668,
    30.23259018078));
#16070 = DIRECTION('',(-1.570092458684E-16,-0.707106781187,
    -0.707106781187));
#16071 = DIRECTION('',(1.,-2.22044604925E-16,0.));
#16072 = PCURVE('',#16023,#16073);
#16073 = DEFINITIONAL_REPRESENTATION('',(#16074),#16078);
#16074 = LINE('',#16075,#16076);
#16075 = CARTESIAN_POINT('',(0.,-23.));
#16076 = VECTOR('',#16077,1.);
#16077 = DIRECTION('',(1.,0.));
#16078 = ( GEOMETRIC_REPRESENTATION_CONTEXT(2) 
PARAMETRIC_REPRESENTATION_CONTEXT() REPRESENTATION_CONTEXT('2D SPACE',''
  ) );
#16079 = PCURVE('',#16080,#16085);
#16080 = PLANE('',#16081);
#16081 = AXIS2_PLACEMENT_3D('',#16082,#16083,#16084);
#16082 = CARTESIAN_POINT('',(-1.827295553772E-14,-93.05168106668,
    30.23259018078));
#16083 = DIRECTION('',(-1.570092458684E-16,-0.707106781187,
    -0.707106781187));
#16084 = DIRECTION('',(-1.570092458684E-16,-0.707106781187,
    0.707106781187));
#16085 = DEFINITIONAL_REPRESENTATION('',(#16086),#16090);
#16086 = CIRCLE('',#16087,9.25);
#16087 = AXIS2_PLACEMENT_2D('',#16088,#16089);
#16088 = CARTESIAN_POINT('',(-2.512147933894E-15,-2.956627313599E-16));
#16089 = DIRECTION('',(0.,-1.));
#16090 = ( GEOMETRIC_REPRESENTATION_CONTEXT(2) 
PARAMETRIC_REPRESENTATION_CONTEXT() REPRESENTATION_CONTEXT('2D SPACE',''
  ) );
#16091 = ORIENTED_EDGE('',*,*,#16042,.F.);
#16092 = ORIENTED_EDGE('',*,*,#16006,.F.);
#16093 = ADVANCED_FACE('',(#16094),#16080,.F.);
#16094 = FACE_BOUND('',#16095,.F.);
#16095 = EDGE_LOOP('',(#16096));
#16096 = ORIENTED_EDGE('',*,*,#16065,.T.);
#16097 = ( GEOMETRIC_REPRESENTATION_CONTEXT(3) 
GLOBAL_UNCERTAINTY_ASSIGNED_CONTEXT((#16101)) 
GLOBAL_UNIT_ASSIGNED_CONTEXT((#16098,#16099,#16100)) 
REPRESENTATION_CONTEXT('Context #1',
  '3D Context with UNIT and UNCERTAINTY') );
#16098 = ( LENGTH_UNIT() NAMED_UNIT(*) SI_UNIT(.MILLI.,.METRE.) );
#16099 = ( NAMED_UNIT(*) PLANE_ANGLE_UNIT() SI_UNIT($,.RADIAN.) );
#16100 = ( NAMED_UNIT(*) SI_UNIT($,.STERADIAN.) SOLID_ANGLE_UNIT() );
#16101 = UNCERTAINTY_MEASURE_WITH_UNIT(LENGTH_MEASURE(1.E-07),#16098,
  'distance_accuracy_value','confusion accuracy');
#16102 = CONTEXT_DEPENDENT_SHAPE_REPRESENTATION(#16103,#16105);
#16103 = ( REPRESENTATION_RELATIONSHIP('','',#15908,#10) 
REPRESENTATION_RELATIONSHIP_WITH_TRANSFORMATION(#16104) 
SHAPE_REPRESENTATION_RELATIONSHIP() );
#16104 = ITEM_DEFINED_TRANSFORMATION('','',#11,#47);
#16105 = PRODUCT_DEFINITION_SHAPE('Placement','Placement of an item',
  #16106);
#16106 = NEXT_ASSEMBLY_USAGE_OCCURRENCE('9',
  'left_analog_camera_reference','',#5,#15903,$);
#16107 = PRODUCT_RELATED_PRODUCT_CATEGORY('part',$,(#15905));
#16108 = MECHANICAL_DESIGN_GEOMETRIC_PRESENTATION_REPRESENTATION('',(
    #16109),#15890);
#16109 = STYLED_ITEM('color',(#16110),#13103);
#16110 = PRESENTATION_STYLE_ASSIGNMENT((#16111));
#16111 = SURFACE_STYLE_USAGE(.BOTH.,#16112);
#16112 = SURFACE_SIDE_STYLE('',(#16113));
#16113 = SURFACE_STYLE_FILL_AREA(#16114);
#16114 = FILL_AREA_STYLE('',(#16115));
#16115 = FILL_AREA_STYLE_COLOUR('',#16116);
#16116 = COLOUR_RGB('',0.180000002302,0.45000000386,0.720000003324);
#16117 = MECHANICAL_DESIGN_GEOMETRIC_PRESENTATION_REPRESENTATION('',(
    #16118),#10982);
#16118 = STYLED_ITEM('color',(#16119),#8195);
#16119 = PRESENTATION_STYLE_ASSIGNMENT((#16120));
#16120 = SURFACE_STYLE_USAGE(.BOTH.,#16121);
#16121 = SURFACE_SIDE_STYLE('',(#16122));
#16122 = SURFACE_STYLE_FILL_AREA(#16123);
#16123 = FILL_AREA_STYLE('',(#16124));
#16124 = FILL_AREA_STYLE_COLOUR('',#16116);
#16125 = MECHANICAL_DESIGN_GEOMETRIC_PRESENTATION_REPRESENTATION('',(
    #16126),#16097);
#16126 = STYLED_ITEM('color',(#16127),#15909);
#16127 = PRESENTATION_STYLE_ASSIGNMENT((#16128));
#16128 = SURFACE_STYLE_USAGE(.BOTH.,#16129);
#16129 = SURFACE_SIDE_STYLE('',(#16130,#16134));
#16130 = SURFACE_STYLE_FILL_AREA(#16131);
#16131 = FILL_AREA_STYLE('',(#16132));
#16132 = FILL_AREA_STYLE_COLOUR('',#16133);
#16133 = COLOUR_RGB('',0.120000001395,0.120000001395,0.120000001395);
#16134 = SURFACE_STYLE_RENDERING_WITH_PROPERTIES(.NORMAL_SHADING.,#16133
  ,(#16135));
#16135 = SURFACE_STYLE_TRANSPARENT(0.449999988079);
#16136 = MECHANICAL_DESIGN_GEOMETRIC_PRESENTATION_REPRESENTATION('',(
    #16137),#12645);
#16137 = STYLED_ITEM('color',(#16138),#11208);
#16138 = PRESENTATION_STYLE_ASSIGNMENT((#16139));
#16139 = SURFACE_STYLE_USAGE(.BOTH.,#16140);
#16140 = SURFACE_SIDE_STYLE('',(#16141));
#16141 = SURFACE_STYLE_FILL_AREA(#16142);
#16142 = FILL_AREA_STYLE('',(#16143));
#16143 = FILL_AREA_STYLE_COLOUR('',#16116);
#16144 = MECHANICAL_DESIGN_GEOMETRIC_PRESENTATION_REPRESENTATION('',(
    #16145),#6281);
#16145 = STYLED_ITEM('color',(#16146),#65);
#16146 = PRESENTATION_STYLE_ASSIGNMENT((#16147));
#16147 = SURFACE_STYLE_USAGE(.BOTH.,#16148);
#16148 = SURFACE_SIDE_STYLE('',(#16149));
#16149 = SURFACE_STYLE_FILL_AREA(#16150);
#16150 = FILL_AREA_STYLE('',(#16151));
#16151 = FILL_AREA_STYLE_COLOUR('',#16152);
#16152 = COLOUR_RGB('',0.180000002302,0.219999994989,0.259999998834);
#16153 = MECHANICAL_DESIGN_GEOMETRIC_PRESENTATION_REPRESENTATION('',(
    #16154),#8176);
#16154 = STYLED_ITEM('color',(#16155),#7756);
#16155 = PRESENTATION_STYLE_ASSIGNMENT((#16156));
#16156 = SURFACE_STYLE_USAGE(.BOTH.,#16157);
#16157 = SURFACE_SIDE_STYLE('',(#16158,#16161));
#16158 = SURFACE_STYLE_FILL_AREA(#16159);
#16159 = FILL_AREA_STYLE('',(#16160));
#16160 = FILL_AREA_STYLE_COLOUR('',#16133);
#16161 = SURFACE_STYLE_RENDERING_WITH_PROPERTIES(.NORMAL_SHADING.,#16133
  ,(#16162));
#16162 = SURFACE_STYLE_TRANSPARENT(0.449999988079);
#16163 = MECHANICAL_DESIGN_GEOMETRIC_PRESENTATION_REPRESENTATION('',(
    #16164),#13084);
#16164 = STYLED_ITEM('color',(#16165),#12664);
#16165 = PRESENTATION_STYLE_ASSIGNMENT((#16166));
#16166 = SURFACE_STYLE_USAGE(.BOTH.,#16167);
#16167 = SURFACE_SIDE_STYLE('',(#16168,#16171));
#16168 = SURFACE_STYLE_FILL_AREA(#16169);
#16169 = FILL_AREA_STYLE('',(#16170));
#16170 = FILL_AREA_STYLE_COLOUR('',#16133);
#16171 = SURFACE_STYLE_RENDERING_WITH_PROPERTIES(.NORMAL_SHADING.,#16133
  ,(#16172));
#16172 = SURFACE_STYLE_TRANSPARENT(0.449999988079);
#16173 = MECHANICAL_DESIGN_GEOMETRIC_PRESENTATION_REPRESENTATION('',(
    #16174),#11189);
#16174 = STYLED_ITEM('color',(#16175),#11001);
#16175 = PRESENTATION_STYLE_ASSIGNMENT((#16176));
#16176 = SURFACE_STYLE_USAGE(.BOTH.,#16177);
#16177 = SURFACE_SIDE_STYLE('',(#16178,#16181));
#16178 = SURFACE_STYLE_FILL_AREA(#16179);
#16179 = FILL_AREA_STYLE('',(#16180));
#16180 = FILL_AREA_STYLE_COLOUR('',#16133);
#16181 = SURFACE_STYLE_RENDERING_WITH_PROPERTIES(.NORMAL_SHADING.,#16133
  ,(#16182));
#16182 = SURFACE_STYLE_TRANSPARENT(0.449999988079);
#16183 = MECHANICAL_DESIGN_GEOMETRIC_PRESENTATION_REPRESENTATION('',(
    #16184),#7737);
#16184 = STYLED_ITEM('color',(#16185),#6300);
#16185 = PRESENTATION_STYLE_ASSIGNMENT((#16186));
#16186 = SURFACE_STYLE_USAGE(.BOTH.,#16187);
#16187 = SURFACE_SIDE_STYLE('',(#16188));
#16188 = SURFACE_STYLE_FILL_AREA(#16189);
#16189 = FILL_AREA_STYLE('',(#16190));
#16190 = FILL_AREA_STYLE_COLOUR('',#16116);
ENDSEC;
END-ISO-10303-21;
